fingerprint,family,params,status,pump_id,pump_label,pump_sym_class,pump_te_fraction,sh_label,sh_te_fraction,sh_track,wavelength_sh,wavelength_sh_corrected,n_eff_pump,n_eff_sh,delta_n_residual,eta_pct_per_W_cm2,A_shg_um2,overlap_shape,overlap_linear_emode,A_eff_pump_um2,A_eff_sh_um2,pump_scattering_dB_per_m,pump_absorption_dB_per_m,sh_scattering_dB_per_m,sh_absorption_dB_per_m,L_opt_mm,L_eff_mm,peak_efficiency_pct_per_W,cerenkov_allowed_any,eta_screen_pct_per_W_cm2,overlap_shape_screen,sh_label_screen,export_path,pump_identify_similarity,sh_identify_similarity,overlap_abs,nce_d33_only_pct_per_W_cm2,nce_d31_only_pct_per_W_cm2,nce_d15_only_pct_per_W_cm2,share_d33,share_d31,share_d15,pump_power_in_core,sh_power_in_core
77784674c2a3,loaded,"{""etch_depth"": 0.0, ""w_rib"": 500.0, ""sidewall_angle"": 5.0, ""strip_material"": ""TiO2"", ""strip_eq"": ""(0.5+0.747358*x**2/(x**2-0.0840076)+1.03335*x**2/(x**2-0.0662413)+1.02325*x**2/(x**2-0.0448956)+1.70043*x**2/(x**2-0.0225))**0.5"", ""strip_chi2"": null, ""strip_sidewall"": 5.0, ""strip_offset"": 0.0, ""substrate_height"": 1000.0, ""topclad_height"": 800.0, ""substrate_material"": ""Al2O3"", ""topclad_material"": ""SiO2"", ""core_eq_o"": ""(1+2.8032/(1-0.015287/x**2)+0.36335/(1-0.036095/x**2)-33508000/(1+367200000/x**2))**0.5"", ""core_eq_e"": ""(1+0.017061/(1-0.043855/x**2)+3.1976/(1-0.022642/x**2)-57269000/(1-74226000/x**2))**0.5"", ""core_chi2"": ""AlN"", ""t_film"": 354.0, ""h_s"": 70.0, ""w_s"": 500.0}",refined,0,TM00,A,0.0028667518258518815,TM124?,0.023460773005697953,70,221.13420642916114,221.11833410493415,2.156235881580616,2.155944217306189,0.0002916642744272835,15.544809708048877,215.59004462900086,0.03266702859769429,0.0017780305865287638,0.1893097649604082,0.5707723553985184,161.7626629083486,318.48530475169787,508.01169054534824,0,12.23093885,4.423344505606453,3.041493832366431,True,22.429805649555558,0.038981409836587266,TM244?,runs\loaded_smoke2\exports\77784674c2a3_x00.npz,0.9999282532314167,0.9393597446839261,0.0020910254675873983,15.59570245899698,3.98458711742552e-06,1.9826059968710888e-05,1.0016356316036552,-0.0005062895439076504,-0.0011293420597474307,0.8286295026756078,0.9276770710242099
77784674c2a3,loaded,"{""etch_depth"": 0.0, ""w_rib"": 500.0, ""sidewall_angle"": 5.0, ""strip_material"": ""TiO2"", ""strip_eq"": ""(0.5+0.747358*x**2/(x**2-0.0840076)+1.03335*x**2/(x**2-0.0662413)+1.02325*x**2/(x**2-0.0448956)+1.70043*x**2/(x**2-0.0225))**0.5"", ""strip_chi2"": null, ""strip_sidewall"": 5.0, ""strip_offset"": 0.0, ""substrate_height"": 1000.0, ""topclad_height"": 800.0, ""substrate_material"": ""Al2O3"", ""topclad_material"": ""SiO2"", ""core_eq_o"": ""(1+2.8032/(1-0.015287/x**2)+0.36335/(1-0.036095/x**2)-33508000/(1+367200000/x**2))**0.5"", ""core_eq_e"": ""(1+0.017061/(1-0.043855/x**2)+3.1976/(1-0.022642/x**2)-57269000/(1-74226000/x**2))**0.5"", ""core_chi2"": ""AlN"", ""t_film"": 354.0, ""h_s"": 70.0, ""w_s"": 500.0}",refined,0,TM00,A,0.003288962071151603,TE74,0.617020495418079,32,217.50110913085743,217.32324990149112,2.163557932240742,2.1611418049124134,0.002416127328328521,0.10595659696371831,32395.504621735607,0.0026161224991691936,9.483217615378194e-06,0.1783115795842778,0.6055860190251547,183.61017518635475,276.89187698170065,16762.092121285445,0,1.59099205,0.4377493899966985,0.00020303882928542603,True,6.454414505292053,0.02115906387334801,TE74?,runs\loaded_smoke2\exports\77784674c2a3_x01.npz,0.9996068057819274,0.7951442380391903,0.00016979940608293637,0.09991774812021242,3.543159480696188e-08,8.507902088832368e-05,0.9710851616309565,0.0005782709153483021,0.02833656745369528,0.8113015830778675,0.9101190320554846
77784674c2a3,loaded,"{""etch_depth"": 0.0, ""w_rib"": 500.0, ""sidewall_angle"": 5.0, ""strip_material"": ""TiO2"", ""strip_eq"": ""(0.5+0.747358*x**2/(x**2-0.0840076)+1.03335*x**2/(x**2-0.0662413)+1.02325*x**2/(x**2-0.0448956)+1.70043*x**2/(x**2-0.0225))**0.5"", ""strip_chi2"": null, ""strip_sidewall"": 5.0, ""strip_offset"": 0.0, ""substrate_height"": 1000.0, ""topclad_height"": 800.0, ""substrate_material"": ""Al2O3"", ""topclad_material"": ""SiO2"", ""core_eq_o"": ""(1+2.8032/(1-0.015287/x**2)+0.36335/(1-0.036095/x**2)-33508000/(1+367200000/x**2))**0.5"", ""core_eq_e"": ""(1+0.017061/(1-0.043855/x**2)+3.1976/(1-0.022642/x**2)-57269000/(1-74226000/x**2))**0.5"", ""core_chi2"": ""AlN"", ""t_film"": 354.0, ""h_s"": 70.0, ""w_s"": 500.0}",refined,0,TM00,A,0.0025268809312688424,TM165?,0.021791250751043295,113,225.38240782953164,225.2645684426338,2.148574095726196,2.1465237298536506,0.0020503658725452567,33.42582221305668,97.63320181933751,0.05110733509030016,0.0004388645778005546,0.2011004956427896,0.3575872677920693,141.07864712961577,364.58083755650057,489.35648198478196,0,12.0809396,4.348677615446485,6.32115623696778,True,3.9977648216167765,0.017167451629693055,TM183,runs\loaded_smoke2\exports\77784674c2a3_x02.npz,0.9999939543371874,0.8113817875120377,0.003125156379713896,33.53795845176088,1.305984831568186e-05,3.691628378109035e-05,1.0016759849218824,-0.0006250690808243954,-0.001050915841057894,0.8449707052381619,0.8755963734323368
77784674c2a3,loaded,"{""etch_depth"": 0.0, ""w_rib"": 500.0, ""sidewall_angle"": 5.0, ""strip_material"": ""TiO2"", ""strip_eq"": ""(0.5+0.747358*x**2/(x**2-0.0840076)+1.03335*x**2/(x**2-0.0662413)+1.02325*x**2/(x**2-0.0448956)+1.70043*x**2/(x**2-0.0225))**0.5"", ""strip_chi2"": null, ""strip_sidewall"": 5.0, ""strip_offset"": 0.0, ""substrate_height"": 1000.0, ""topclad_height"": 800.0, ""substrate_material"": ""Al2O3"", ""topclad_material"": ""SiO2"", ""core_eq_o"": ""(1+2.8032/(1-0.015287/x**2)+0.36335/(1-0.036095/x**2)-33508000/(1+367200000/x**2))**0.5"", ""core_eq_e"": ""(1+0.017061/(1-0.043855/x**2)+3.1976/(1-0.022642/x**2)-57269000/(1-74226000/x**2))**0.5"", ""core_chi2"": ""AlN"", ""t_film"": 354.0, ""h_s"": 70.0, ""w_s"": 500.0}",refined,0,TM00,A,0.002923573181501643,TM282?,0.06503769026446816,71,220.56076218260816,220.59632308502478,2.157340280404616,2.1584664797733066,-0.001126199368690628,0.015126012774867144,222224.75706553747,0.000999296894263743,3.5832516963781466e-06,0.18763118411092725,0.4783983988748266,164.9281902251209,312.04273199118313,1050.1062209789202,0,8.67095665,3.1901302883517615,0.0015393639219717318,True,3.412460034402606,0.015522139299646341,TM262?,runs\loaded_smoke2\exports\77784674c2a3_x03.npz,0.9999821300033447,0.8782215404455245,6.505807000192723e-05,0.015370430725994666,1.5058619536194812e-08,1.2374305879638465e-06,1.0080470140524558,0.0009977697865847512,-0.00904478383904033,0.8261182504770708,0.9393408757679571
77784674c2a3,loaded,"{""etch_depth"": 0.0, ""w_rib"": 500.0, ""sidewall_angle"": 5.0, ""strip_material"": ""TiO2"", ""strip_eq"": ""(0.5+0.747358*x**2/(x**2-0.0840076)+1.03335*x**2/(x**2-0.0662413)+1.02325*x**2/(x**2-0.0448956)+1.70043*x**2/(x**2-0.0225))**0.5"", ""strip_chi2"": null, ""strip_sidewall"": 5.0, ""strip_offset"": 0.0, ""substrate_height"": 1000.0, ""topclad_height"": 800.0, ""substrate_material"": ""Al2O3"", ""topclad_material"": ""SiO2"", ""core_eq_o"": ""(1+2.8032/(1-0.015287/x**2)+0.36335/(1-0.036095/x**2)-33508000/(1+367200000/x**2))**0.5"", ""core_eq_e"": ""(1+0.017061/(1-0.043855/x**2)+3.1976/(1-0.022642/x**2)-57269000/(1-74226000/x**2))**0.5"", ""core_chi2"": ""AlN"", ""t_film"": 354.0, ""h_s"": 70.0, ""w_s"": 500.0}",refined,0,TM00,A,0.0028427726803539888,TM321?,0.04265349260673265,81,221.3859621120328,221.3270613727414,2.1557567127556982,2.154673335120374,0.0010833776353242897,1.2645177217408015,2646.9760644965863,0.009107442401840016,0.0001827911671207195,0.1900399777568161,0.45021856519539893,160.40352724948565,321.2979512351677,1228.9260215489687,0,7.960960200000001,2.922204108781787,0.107980669119515,True,2.5162002593214896,0.013072230411956822,TM321?,runs\loaded_smoke2\exports\77784674c2a3_x04.npz,0.9998937538914264,0.8624378504292154,0.0005970672215218177,1.2687827906095728,3.465980461315361e-07,1.7058808378538426e-06,1.0016850212751125,-0.0005235408755682538,-0.001161480399544021,0.8297073238357144,0.9665002416264085
77784674c2a3,loaded,"{""etch_depth"": 0.0, ""w_rib"": 500.0, ""sidewall_angle"": 5.0, ""strip_material"": ""TiO2"", ""strip_eq"": ""(0.5+0.747358*x**2/(x**2-0.0840076)+1.03335*x**2/(x**2-0.0662413)+1.02325*x**2/(x**2-0.0448956)+1.70043*x**2/(x**2-0.0225))**0.5"", ""strip_chi2"": null, ""strip_sidewall"": 5.0, ""strip_offset"": 0.0, ""substrate_height"": 1000.0, ""topclad_height"": 800.0, ""substrate_material"": ""Al2O3"", ""topclad_material"": ""SiO2"", ""core_eq_o"": ""(1+2.8032/(1-0.015287/x**2)+0.36335/(1-0.036095/x**2)-33508000/(1+367200000/x**2))**0.5"", ""core_eq_e"": ""(1+0.017061/(1-0.043855/x**2)+3.1976/(1-0.022642/x**2)-57269000/(1-74226000/x**2))**0.5"", ""core_chi2"": ""AlN"", ""t_film"": 354.0, ""h_s"": 70.0, ""w_s"": 500.0}",refined,2,TM20,A,0.0007220401599683398,TM64?,0.008370542315747173,105,227.26323016386425,227.24661980786823,2.100870647299734,2.100670098604647,0.0002005486950866775,1.0893155421577767,3149.107552471829,0.013496685565621443,0.006410642521180838,0.4910597885121381,0.5502459534882161,2.835183920682586,1055.5442740198969,52.02840888048665,0,15.590922050000001,3.7375536363938813,0.1521698342971088,True,1.1340811059999203,0.013778073196981502,TM64?,runs\loaded_smoke2\exports\77784674c2a3_x05.npz,0.9999119658421642,0.994462739702445,0.0005688748255863032,0.949498259998359,0.0004987686269108501,0.0022040829484757333,0.9336201933866197,0.02139797688199581,0.044981829731384385,0.9624066137313333,0.9017305652582718
77784674c2a3,loaded,"{""etch_depth"": 0.0, ""w_rib"": 500.0, ""sidewall_angle"": 5.0, ""strip_material"": ""TiO2"", ""strip_eq"": ""(0.5+0.747358*x**2/(x**2-0.0840076)+1.03335*x**2/(x**2-0.0662413)+1.02325*x**2/(x**2-0.0448956)+1.70043*x**2/(x**2-0.0225))**0.5"", ""strip_chi2"": null, ""strip_sidewall"": 5.0, ""strip_offset"": 0.0, ""substrate_height"": 1000.0, ""topclad_height"": 800.0, ""substrate_material"": ""Al2O3"", ""topclad_material"": ""SiO2"", ""core_eq_o"": ""(1+2.8032/(1-0.015287/x**2)+0.36335/(1-0.036095/x**2)-33508000/(1+367200000/x**2))**0.5"", ""core_eq_e"": ""(1+0.017061/(1-0.043855/x**2)+3.1976/(1-0.022642/x**2)-57269000/(1-74226000/x**2))**0.5"", ""core_chi2"": ""AlN"", ""t_film"": 354.0, ""h_s"": 70.0, ""w_s"": 500.0}",refined,1,TM10,S,0.002140570446597628,TM144?,0.2148668903424705,84,221.54565329703703,221.5413395686101,2.1150850549261,2.1149680577581536,0.00011699716794666415,0.042951347880188936,82355.6262242519,0.0028261244055843887,5.843539493327039e-11,0.5815698373413855,0.6072211027025112,88.90136986716901,910.9408857751204,849.5946236815839,0,6.4609677,2.3079889517502576,0.0022879379831589855,True,1.0852743967766487,0.01452987862053859,TM104?,runs\loaded_smoke2\exports\77784674c2a3_x06.npz,0.9998300512972511,0.6754753173281792,0.00011011901610843,0.042491307210503024,2.3871805829434175e-06,1.8677763954936778e-07,0.994630213278598,0.007455113127658865,-0.0020853264062568604,0.9527054775696617,0.9173295837856732
77784674c2a3,loaded,"{""etch_depth"": 0.0, ""w_rib"": 500.0, ""sidewall_angle"": 5.0, ""strip_material"": ""TiO2"", ""strip_eq"": ""(0.5+0.747358*x**2/(x**2-0.0840076)+1.03335*x**2/(x**2-0.0662413)+1.02325*x**2/(x**2-0.0448956)+1.70043*x**2/(x**2-0.0225))**0.5"", ""strip_chi2"": null, ""strip_sidewall"": 5.0, ""strip_offset"": 0.0, ""substrate_height"": 1000.0, ""topclad_height"": 800.0, ""substrate_material"": ""Al2O3"", ""topclad_material"": ""SiO2"", ""core_eq_o"": ""(1+2.8032/(1-0.015287/x**2)+0.36335/(1-0.036095/x**2)-33508000/(1+367200000/x**2))**0.5"", ""core_eq_e"": ""(1+0.017061/(1-0.043855/x**2)+3.1976/(1-0.022642/x**2)-57269000/(1-74226000/x**2))**0.5"", ""core_chi2"": ""AlN"", ""t_film"": 354.0, ""h_s"": 70.0, ""w_s"": 500.0}",refined,1,TM10,S,0.0021689334974430035,TM147?,0.1654686382885117,55,218.44519797812208,218.400842613461,2.119514836227455,2.1166747142983477,0.002840121929107209,0.16048385784051647,22558.624771582618,0.0054641586125683955,3.1949259655306986e-12,0.569210914174417,0.3138169188628013,107.83299276266435,877.7617102545961,6943.386845892653,0,2.2009890000000003,0.7593660350676676,0.0009254089425912007,True,0.8634213421157311,0.012892826797018192,TM47?,runs\loaded_smoke2\exports\77784674c2a3_x07.npz,0.9997864756555226,0.5797309865534895,0.00020987894390266484,0.16006988898150118,3.3106649091902454e-07,1.1933329891059179e-06,0.9987094148654387,-0.0014362893325619531,0.0027268744671231876,0.949437759968517,0.8698444359021341
77784674c2a3,loaded,"{""etch_depth"": 0.0, ""w_rib"": 500.0, ""sidewall_angle"": 5.0, ""strip_material"": ""TiO2"", ""strip_eq"": ""(0.5+0.747358*x**2/(x**2-0.0840076)+1.03335*x**2/(x**2-0.0662413)+1.02325*x**2/(x**2-0.0448956)+1.70043*x**2/(x**2-0.0225))**0.5"", ""strip_chi2"": null, ""strip_sidewall"": 5.0, ""strip_offset"": 0.0, ""substrate_height"": 1000.0, ""topclad_height"": 800.0, ""substrate_material"": ""Al2O3"", ""topclad_material"": ""SiO2"", ""core_eq_o"": ""(1+2.8032/(1-0.015287/x**2)+0.36335/(1-0.036095/x**2)-33508000/(1+367200000/x**2))**0.5"", ""core_eq_e"": ""(1+0.017061/(1-0.043855/x**2)+3.1976/(1-0.022642/x**2)-57269000/(1-74226000/x**2))**0.5"", ""core_chi2"": ""AlN"", ""t_film"": 354.0, ""h_s"": 70.0, ""w_s"": 500.0}",screened,0,TM00,A,,TM301,0.026329648870064514,102,224.90674717387918,,2.1494009179550617,2.1494009179550617,,0.6824705051597183,4791.978693070698,0.006884865611397316,,,,,,,,,,,,0.6824705051597183,0.006884865611397316,TM301,,,,0.000445610194610584,0.6804181612525784,7.21922985341188e-09,1.3412676479387345e-06,0.9984952542401886,0.00010284980943131386,0.0014018959503800709,,
77784674c2a3,loaded,"{""etch_depth"": 0.0, ""w_rib"": 500.0, ""sidewall_angle"": 5.0, ""strip_material"": ""TiO2"", ""strip_eq"": ""(0.5+0.747358*x**2/(x**2-0.0840076)+1.03335*x**2/(x**2-0.0662413)+1.02325*x**2/(x**2-0.0448956)+1.70043*x**2/(x**2-0.0225))**0.5"", ""strip_chi2"": null, ""strip_sidewall"": 5.0, ""strip_offset"": 0.0, ""substrate_height"": 1000.0, ""topclad_height"": 800.0, ""substrate_material"": ""Al2O3"", ""topclad_material"": ""SiO2"", ""core_eq_o"": ""(1+2.8032/(1-0.015287/x**2)+0.36335/(1-0.036095/x**2)-33508000/(1+367200000/x**2))**0.5"", ""core_eq_e"": ""(1+0.017061/(1-0.043855/x**2)+3.1976/(1-0.022642/x**2)-57269000/(1-74226000/x**2))**0.5"", ""core_chi2"": ""AlN"", ""t_film"": 354.0, ""h_s"": 70.0, ""w_s"": 500.0}",screened,0,TM00,A,,TM262?,0.11214339641834398,42,218.1680512374943,,2.1623437590851156,2.1623437590851156,,0.6206630783619459,5499.758211044919,0.006278564745517232,,,,,,,,,,,,0.6206630783619459,0.006278564745517232,TM262?,,,,0.00041222070154093974,0.6229403867779664,6.799160435720556e-07,3.836886435659962e-07,1.0018328972433614,-0.001046645689022493,-0.0007862515543390601,,
77784674c2a3,loaded,"{""etch_depth"": 0.0, ""w_rib"": 500.0, ""sidewall_angle"": 5.0, ""strip_material"": ""TiO2"", ""strip_eq"": ""(0.5+0.747358*x**2/(x**2-0.0840076)+1.03335*x**2/(x**2-0.0662413)+1.02325*x**2/(x**2-0.0448956)+1.70043*x**2/(x**2-0.0225))**0.5"", ""strip_chi2"": null, ""strip_sidewall"": 5.0, ""strip_offset"": 0.0, ""substrate_height"": 1000.0, ""topclad_height"": 800.0, ""substrate_material"": ""Al2O3"", ""topclad_material"": ""SiO2"", ""core_eq_o"": ""(1+2.8032/(1-0.015287/x**2)+0.36335/(1-0.036095/x**2)-33508000/(1+367200000/x**2))**0.5"", ""core_eq_e"": ""(1+0.017061/(1-0.043855/x**2)+3.1976/(1-0.022642/x**2)-57269000/(1-74226000/x**2))**0.5"", ""core_chi2"": ""AlN"", ""t_film"": 354.0, ""h_s"": 70.0, ""w_s"": 500.0}",screened,0,TM00,A,,TM163,0.04579498909373089,134,229.1003568864278,,2.1425887627934532,2.1425887627934532,,0.44248908929495,7190.9365646952965,0.005884512333941575,,,,,,,,,,,,0.44248908929495,0.005884512333941575,TM163,,,,0.0003655003011603601,0.43847259309934206,1.2135285555724113e-07,7.169249832685987e-06,0.9954511281960582,0.0005236893196888276,0.004025182484252988,,
77784674c2a3,loaded,"{""etch_depth"": 0.0, ""w_rib"": 500.0, ""sidewall_angle"": 5.0, ""strip_material"": ""TiO2"", ""strip_eq"": ""(0.5+0.747358*x**2/(x**2-0.0840076)+1.03335*x**2/(x**2-0.0662413)+1.02325*x**2/(x**2-0.0448956)+1.70043*x**2/(x**2-0.0225))**0.5"", ""strip_chi2"": null, ""strip_sidewall"": 5.0, ""strip_offset"": 0.0, ""substrate_height"": 1000.0, ""topclad_height"": 800.0, ""substrate_material"": ""Al2O3"", ""topclad_material"": ""SiO2"", ""core_eq_o"": ""(1+2.8032/(1-0.015287/x**2)+0.36335/(1-0.036095/x**2)-33508000/(1+367200000/x**2))**0.5"", ""core_eq_e"": ""(1+0.017061/(1-0.043855/x**2)+3.1976/(1-0.022642/x**2)-57269000/(1-74226000/x**2))**0.5"", ""core_chi2"": ""AlN"", ""t_film"": 354.0, ""h_s"": 70.0, ""w_s"": 500.0}",screened,1,TM10,S,,TM64?,0.00430931087841584,105,226.7235681964397,,2.108248025079991,2.108248025079991,,0.42150291424821473,8090.903103337083,0.009250026449716273,,,,,,,,,,,,0.42150291424821473,0.009250026449716273,TM64?,,,,0.0003530267779233916,0.3593997805483827,0.00026266370487541395,0.0011239957901448892,0.9233973268305224,0.024963170443815758,0.05163950272566164,,
77784674c2a3,loaded,"{""etch_depth"": 0.0, ""w_rib"": 500.0, ""sidewall_angle"": 5.0, ""strip_material"": ""TiO2"", ""strip_eq"": ""(0.5+0.747358*x**2/(x**2-0.0840076)+1.03335*x**2/(x**2-0.0662413)+1.02325*x**2/(x**2-0.0448956)+1.70043*x**2/(x**2-0.0225))**0.5"", ""strip_chi2"": null, ""strip_sidewall"": 5.0, ""strip_offset"": 0.0, ""substrate_height"": 1000.0, ""topclad_height"": 800.0, ""substrate_material"": ""Al2O3"", ""topclad_material"": ""SiO2"", ""core_eq_o"": ""(1+2.8032/(1-0.015287/x**2)+0.36335/(1-0.036095/x**2)-33508000/(1+367200000/x**2))**0.5"", ""core_eq_e"": ""(1+0.017061/(1-0.043855/x**2)+3.1976/(1-0.022642/x**2)-57269000/(1-74226000/x**2))**0.5"", ""core_chi2"": ""AlN"", ""t_film"": 354.0, ""h_s"": 70.0, ""w_s"": 500.0}",screened,0,TM00,A,,TM262,0.03526124496601202,103,224.50322675195997,,2.150144106491917,2.150144106491917,,0.42129460800806756,7782.555817912316,0.0055097131797209485,,,,,,,,,,,,0.42129460800806756,0.0055097131797209485,TM262,,,,0.0003494831391349068,0.41781729343634216,6.155768351438923e-08,8.598616383610796e-06,0.9958645095327231,-0.0003822506070988187,0.004517741074375686,,
77784674c2a3,loaded,"{""etch_depth"": 0.0, ""w_rib"": 500.0, ""sidewall_angle"": 5.0, ""strip_material"": ""TiO2"", ""strip_eq"": ""(0.5+0.747358*x**2/(x**2-0.0840076)+1.03335*x**2/(x**2-0.0662413)+1.02325*x**2/(x**2-0.0448956)+1.70043*x**2/(x**2-0.0225))**0.5"", ""strip_chi2"": null, ""strip_sidewall"": 5.0, ""strip_offset"": 0.0, ""substrate_height"": 1000.0, ""topclad_height"": 800.0, ""substrate_material"": ""Al2O3"", ""topclad_material"": ""SiO2"", ""core_eq_o"": ""(1+2.8032/(1-0.015287/x**2)+0.36335/(1-0.036095/x**2)-33508000/(1+367200000/x**2))**0.5"", ""core_eq_e"": ""(1+0.017061/(1-0.043855/x**2)+3.1976/(1-0.022642/x**2)-57269000/(1-74226000/x**2))**0.5"", ""core_chi2"": ""AlN"", ""t_film"": 354.0, ""h_s"": 70.0, ""w_s"": 500.0}",screened,2,TM20,A,,TM45?,0.04257685946136372,116,226.6334471894419,,2.1017145225267293,2.1017145225267293,,0.41948988397580633,8212.310232369302,0.008693808518669261,,,,,,,,,,,,0.41948988397580633,0.008693808518669261,TM45?,,,,0.00035204277923975015,0.4012453045734561,1.9929974728392396e-05,9.558621912237135e-05,0.9780121170725068,0.006892751602274545,0.015095131325218645,,
77784674c2a3,loaded,"{""etch_depth"": 0.0, ""w_rib"": 500.0, ""sidewall_angle"": 5.0, ""strip_material"": ""TiO2"", ""strip_eq"": ""(0.5+0.747358*x**2/(x**2-0.0840076)+1.03335*x**2/(x**2-0.0662413)+1.02325*x**2/(x**2-0.0448956)+1.70043*x**2/(x**2-0.0225))**0.5"", ""strip_chi2"": null, ""strip_sidewall"": 5.0, ""strip_offset"": 0.0, ""substrate_height"": 1000.0, ""topclad_height"": 800.0, ""substrate_material"": ""Al2O3"", ""topclad_material"": ""SiO2"", ""core_eq_o"": ""(1+2.8032/(1-0.015287/x**2)+0.36335/(1-0.036095/x**2)-33508000/(1+367200000/x**2))**0.5"", ""core_eq_e"": ""(1+0.017061/(1-0.043855/x**2)+3.1976/(1-0.022642/x**2)-57269000/(1-74226000/x**2))**0.5"", ""core_chi2"": ""AlN"", ""t_film"": 354.0, ""h_s"": 70.0, ""w_s"": 500.0}",screened,1,TM10,S,,TM205?,0.04257685946136372,116,226.4407249096557,,2.1086056529723103,2.1086056529723103,,0.41323358832083407,8269.233152678311,0.009507368490704758,,,,,,,,,,,,0.41323358832083407,0.009507368490704758,TM205?,,,,0.00034911059877810113,0.43732464380714864,2.5160022001137674e-05,0.00018108568159067576,1.0287365456050257,-0.00780292982311217,-0.02093361578191352,,
77784674c2a3,loaded,"{""etch_depth"": 0.0, ""w_rib"": 500.0, ""sidewall_angle"": 5.0, ""strip_material"": ""TiO2"", ""strip_eq"": ""(0.5+0.747358*x**2/(x**2-0.0840076)+1.03335*x**2/(x**2-0.0662413)+1.02325*x**2/(x**2-0.0448956)+1.70043*x**2/(x**2-0.0225))**0.5"", ""strip_chi2"": null, ""strip_sidewall"": 5.0, ""strip_offset"": 0.0, ""substrate_height"": 1000.0, ""topclad_height"": 800.0, ""substrate_material"": ""Al2O3"", ""topclad_material"": ""SiO2"", ""core_eq_o"": ""(1+2.8032/(1-0.015287/x**2)+0.36335/(1-0.036095/x**2)-33508000/(1+367200000/x**2))**0.5"", ""core_eq_e"": ""(1+0.017061/(1-0.043855/x**2)+3.1976/(1-0.022642/x**2)-57269000/(1-74226000/x**2))**0.5"", ""core_chi2"": ""AlN"", ""t_film"": 354.0, ""h_s"": 70.0, ""w_s"": 500.0}",screened,1,TM10,S,,TM184?,0.04507475365997566,119,228.79550586797754,,2.105628260931037,2.105628260931037,,0.3904295391754958,8609.407695117136,0.00943027385231414,,,,,,,,,,,,0.3904295391754958,0.00943027385231414,TM184?,,,,0.0003428700207970359,0.35933357507304003,4.633824240392568e-05,0.00034566258523312194,0.9593510717640894,0.010894277776165803,0.029754650459744805,,
77784674c2a3,loaded,"{""etch_depth"": 0.0, ""w_rib"": 500.0, ""sidewall_angle"": 5.0, ""strip_material"": ""TiO2"", ""strip_eq"": ""(0.5+0.747358*x**2/(x**2-0.0840076)+1.03335*x**2/(x**2-0.0662413)+1.02325*x**2/(x**2-0.0448956)+1.70043*x**2/(x**2-0.0225))**0.5"", ""strip_chi2"": null, ""strip_sidewall"": 5.0, ""strip_offset"": 0.0, ""substrate_height"": 1000.0, ""topclad_height"": 800.0, ""substrate_material"": ""Al2O3"", ""topclad_material"": ""SiO2"", ""core_eq_o"": ""(1+2.8032/(1-0.015287/x**2)+0.36335/(1-0.036095/x**2)-33508000/(1+367200000/x**2))**0.5"", ""core_eq_e"": ""(1+0.017061/(1-0.043855/x**2)+3.1976/(1-0.022642/x**2)-57269000/(1-74226000/x**2))**0.5"", ""core_chi2"": ""AlN"", ""t_film"": 354.0, ""h_s"": 70.0, ""w_s"": 500.0}",screened,1,TM10,S,,TM124?,0.48338975193061845,95,222.3048683927921,,2.1141107693093013,2.1141107693093013,,0.3303674538819811,10648.234453193547,0.007941357952891468,,,,,,,,,,,,0.3303674538819811,0.007941357952891468,TM124?,,,,0.0003064490589028694,0.33430744593212036,3.6773023482426086e-07,7.900872934929339e-06,1.005945371373559,-0.0010550329937192183,-0.004890338379839922,,
77784674c2a3,loaded,"{""etch_depth"": 0.0, ""w_rib"": 500.0, ""sidewall_angle"": 5.0, ""strip_material"": ""TiO2"", ""strip_eq"": ""(0.5+0.747358*x**2/(x**2-0.0840076)+1.03335*x**2/(x**2-0.0662413)+1.02325*x**2/(x**2-0.0448956)+1.70043*x**2/(x**2-0.0225))**0.5"", ""strip_chi2"": null, ""strip_sidewall"": 5.0, ""strip_offset"": 0.0, ""substrate_height"": 1000.0, ""topclad_height"": 800.0, ""substrate_material"": ""Al2O3"", ""topclad_material"": ""SiO2"", ""core_eq_o"": ""(1+2.8032/(1-0.015287/x**2)+0.36335/(1-0.036095/x**2)-33508000/(1+367200000/x**2))**0.5"", ""core_eq_e"": ""(1+0.017061/(1-0.043855/x**2)+3.1976/(1-0.022642/x**2)-57269000/(1-74226000/x**2))**0.5"", ""core_chi2"": ""AlN"", ""t_film"": 354.0, ""h_s"": 70.0, ""w_s"": 500.0}",screened,0,TM00,A,,TM242,0.03353272755860113,126,228.65125230010744,,2.1433160742737662,2.1433160742737662,,0.3176488591926092,10046.224809496338,0.004880128145720672,,,,,,,,,,,,0.3176488591926092,0.004880128145720672,TM242,,,,0.0003090707631092096,0.31712274025649556,8.637253003630789e-07,2.1384070992081917e-07,0.9991715113198246,0.0016489753768149005,-0.0008204866966396643,,
77784674c2a3,loaded,"{""etch_depth"": 0.0, ""w_rib"": 500.0, ""sidewall_angle"": 5.0, ""strip_material"": ""TiO2"", ""strip_eq"": ""(0.5+0.747358*x**2/(x**2-0.0840076)+1.03335*x**2/(x**2-0.0662413)+1.02325*x**2/(x**2-0.0448956)+1.70043*x**2/(x**2-0.0225))**0.5"", ""strip_chi2"": null, ""strip_sidewall"": 5.0, ""strip_offset"": 0.0, ""substrate_height"": 1000.0, ""topclad_height"": 800.0, ""substrate_material"": ""Al2O3"", ""topclad_material"": ""SiO2"", ""core_eq_o"": ""(1+2.8032/(1-0.015287/x**2)+0.36335/(1-0.036095/x**2)-33508000/(1+367200000/x**2))**0.5"", ""core_eq_e"": ""(1+0.017061/(1-0.043855/x**2)+3.1976/(1-0.022642/x**2)-57269000/(1-74226000/x**2))**0.5"", ""core_chi2"": ""AlN"", ""t_film"": 354.0, ""h_s"": 70.0, ""w_s"": 500.0}",screened,0,TM00,A,,TM144,0.37182349783535085,46,217.22910964485217,,2.164345616591158,2.164345616591158,,0.2936850748339221,11691.177790299289,0.004354781549618321,,,,,,,,,,,,0.2936850748339221,0.004354781549618321,TM144,,,,0.00028233820569410653,0.29307157802082406,2.62744313360567e-06,4.784138649266337e-06,0.9989549732118111,-0.002991064129608304,0.004036090917797117,,
77784674c2a3,loaded,"{""etch_depth"": 0.0, ""w_rib"": 500.0, ""sidewall_angle"": 5.0, ""strip_material"": ""TiO2"", ""strip_eq"": ""(0.5+0.747358*x**2/(x**2-0.0840076)+1.03335*x**2/(x**2-0.0662413)+1.02325*x**2/(x**2-0.0448956)+1.70043*x**2/(x**2-0.0225))**0.5"", ""strip_chi2"": null, ""strip_sidewall"": 5.0, ""strip_offset"": 0.0, ""substrate_height"": 1000.0, ""topclad_height"": 800.0, ""substrate_material"": ""Al2O3"", ""topclad_material"": ""SiO2"", ""core_eq_o"": ""(1+2.8032/(1-0.015287/x**2)+0.36335/(1-0.036095/x**2)-33508000/(1+367200000/x**2))**0.5"", ""core_eq_e"": ""(1+0.017061/(1-0.043855/x**2)+3.1976/(1-0.022642/x**2)-57269000/(1-74226000/x**2))**0.5"", ""core_chi2"": ""AlN"", ""t_film"": 354.0, ""h_s"": 70.0, ""w_s"": 500.0}",screened,1,TM10,S,,TM144,0.12289171251922429,42,219.85071002924758,,2.117485485067733,2.117485485067733,,0.26044981776426335,13744.055337012336,0.006978177487142411,,,,,,,,,,,,0.26044981776426335,0.006978177487142411,TM144,,,,0.0002690918792431844,0.25876880534425883,2.2450557621907405e-06,2.2879375149742967e-08,0.9967676429021142,0.002935969483756816,0.00029638761412886176,,
77784674c2a3,loaded,"{""etch_depth"": 0.0, ""w_rib"": 500.0, ""sidewall_angle"": 5.0, ""strip_material"": ""TiO2"", ""strip_eq"": ""(0.5+0.747358*x**2/(x**2-0.0840076)+1.03335*x**2/(x**2-0.0662413)+1.02325*x**2/(x**2-0.0448956)+1.70043*x**2/(x**2-0.0225))**0.5"", ""strip_chi2"": null, ""strip_sidewall"": 5.0, ""strip_offset"": 0.0, ""substrate_height"": 1000.0, ""topclad_height"": 800.0, ""substrate_material"": ""Al2O3"", ""topclad_material"": ""SiO2"", ""core_eq_o"": ""(1+2.8032/(1-0.015287/x**2)+0.36335/(1-0.036095/x**2)-33508000/(1+367200000/x**2))**0.5"", ""core_eq_e"": ""(1+0.017061/(1-0.043855/x**2)+3.1976/(1-0.022642/x**2)-57269000/(1-74226000/x**2))**0.5"", ""core_chi2"": ""AlN"", ""t_film"": 354.0, ""h_s"": 70.0, ""w_s"": 500.0}",screened,1,TM10,S,,TM143,0.03345959755154145,137,234.4782434442714,,2.098803695938523,2.098803695938523,,0.2578301845529691,12534.34660192191,0.007372911948150469,,,,,,,,,,,,0.2578301845529691,0.007372911948150469,TM143,,,,0.000285548656980712,0.2566561164015385,2.836075476488502e-07,3.904671480080623e-07,0.9977205776374591,0.001048798391286444,0.0012306239712543874,,
77784674c2a3,loaded,"{""etch_depth"": 0.0, ""w_rib"": 500.0, ""sidewall_angle"": 5.0, ""strip_material"": ""TiO2"", ""strip_eq"": ""(0.5+0.747358*x**2/(x**2-0.0840076)+1.03335*x**2/(x**2-0.0662413)+1.02325*x**2/(x**2-0.0448956)+1.70043*x**2/(x**2-0.0225))**0.5"", ""strip_chi2"": null, ""strip_sidewall"": 5.0, ""strip_offset"": 0.0, ""substrate_height"": 1000.0, ""topclad_height"": 800.0, ""substrate_material"": ""Al2O3"", ""topclad_material"": ""SiO2"", ""core_eq_o"": ""(1+2.8032/(1-0.015287/x**2)+0.36335/(1-0.036095/x**2)-33508000/(1+367200000/x**2))**0.5"", ""core_eq_e"": ""(1+0.017061/(1-0.043855/x**2)+3.1976/(1-0.022642/x**2)-57269000/(1-74226000/x**2))**0.5"", ""core_chi2"": ""AlN"", ""t_film"": 354.0, ""h_s"": 70.0, ""w_s"": 500.0}",screened,1,TM10,S,,TM184?,0.0979990705216691,16,215.61805880868232,,2.123854234620484,2.123854234620484,,0.24646914107887213,14964.047865667353,0.006536649527023048,,,,,,,,,,,,0.24646914107887213,0.006536649527023048,TM184?,,,,0.0002567302819518047,0.2446292292264481,1.7798008268901905e-09,3.2917847239233313e-06,0.996260467956666,8.497759315844823e-05,0.0036545544501754377,,
77784674c2a3,loaded,"{""etch_depth"": 0.0, ""w_rib"": 500.0, ""sidewall_angle"": 5.0, ""strip_material"": ""TiO2"", ""strip_eq"": ""(0.5+0.747358*x**2/(x**2-0.0840076)+1.03335*x**2/(x**2-0.0662413)+1.02325*x**2/(x**2-0.0448956)+1.70043*x**2/(x**2-0.0225))**0.5"", ""strip_chi2"": null, ""strip_sidewall"": 5.0, ""strip_offset"": 0.0, ""substrate_height"": 1000.0, ""topclad_height"": 800.0, ""substrate_material"": ""Al2O3"", ""topclad_material"": ""SiO2"", ""core_eq_o"": ""(1+2.8032/(1-0.015287/x**2)+0.36335/(1-0.036095/x**2)-33508000/(1+367200000/x**2))**0.5"", ""core_eq_e"": ""(1+0.017061/(1-0.043855/x**2)+3.1976/(1-0.022642/x**2)-57269000/(1-74226000/x**2))**0.5"", ""core_chi2"": ""AlN"", ""t_film"": 354.0, ""h_s"": 70.0, ""w_s"": 500.0}",screened,1,TM10,S,,TM44?,0.01590486177266348,97,226.14350289746403,,2.108981461367764,2.108981461367764,,0.1915994654481173,17872.08472308927,0.006264017011556506,,,,,,,,,,,,0.1915994654481173,0.006264017011556506,TM44?,,,,0.00023740614263646084,0.17093042958317528,6.16581983227756e-05,0.0002699828210385568,0.9445230166409285,0.017939001600490136,0.03753798175858144,,
77784674c2a3,loaded,"{""etch_depth"": 0.0, ""w_rib"": 500.0, ""sidewall_angle"": 5.0, ""strip_material"": ""TiO2"", ""strip_eq"": ""(0.5+0.747358*x**2/(x**2-0.0840076)+1.03335*x**2/(x**2-0.0662413)+1.02325*x**2/(x**2-0.0448956)+1.70043*x**2/(x**2-0.0225))**0.5"", ""strip_chi2"": null, ""strip_sidewall"": 5.0, ""strip_offset"": 0.0, ""substrate_height"": 1000.0, ""topclad_height"": 800.0, ""substrate_material"": ""Al2O3"", ""topclad_material"": ""SiO2"", ""core_eq_o"": ""(1+2.8032/(1-0.015287/x**2)+0.36335/(1-0.036095/x**2)-33508000/(1+367200000/x**2))**0.5"", ""core_eq_e"": ""(1+0.017061/(1-0.043855/x**2)+3.1976/(1-0.022642/x**2)-57269000/(1-74226000/x**2))**0.5"", ""core_chi2"": ""AlN"", ""t_film"": 354.0, ""h_s"": 70.0, ""w_s"": 500.0}",screened,0,TM00,A,,TM341,0.025127424774188785,54,218.2288363261922,,2.1622141630729472,2.1622141630729472,,0.18790795828823767,18158.938314610175,0.0034540145075218835,,,,,,,,,,,,0.18790795828823767,0.0034540145075218835,TM341,,,,0.0002268795822742033,0.18835434456418532,1.5181036071570956e-07,1.561218540035683e-08,1.0011870744866125,-0.000898831158795648,-0.0002882433278169012,,
77784674c2a3,loaded,"{""etch_depth"": 0.0, ""w_rib"": 500.0, ""sidewall_angle"": 5.0, ""strip_material"": ""TiO2"", ""strip_eq"": ""(0.5+0.747358*x**2/(x**2-0.0840076)+1.03335*x**2/(x**2-0.0662413)+1.02325*x**2/(x**2-0.0448956)+1.70043*x**2/(x**2-0.0225))**0.5"", ""strip_chi2"": null, ""strip_sidewall"": 5.0, ""strip_offset"": 0.0, ""substrate_height"": 1000.0, ""topclad_height"": 800.0, ""substrate_material"": ""Al2O3"", ""topclad_material"": ""SiO2"", ""core_eq_o"": ""(1+2.8032/(1-0.015287/x**2)+0.36335/(1-0.036095/x**2)-33508000/(1+367200000/x**2))**0.5"", ""core_eq_e"": ""(1+0.017061/(1-0.043855/x**2)+3.1976/(1-0.022642/x**2)-57269000/(1-74226000/x**2))**0.5"", ""core_chi2"": ""AlN"", ""t_film"": 354.0, ""h_s"": 70.0, ""w_s"": 500.0}",screened,0,TM00,A,,TM84?,0.014110305015203495,92,222.16063854184875,,2.1544585961924554,2.1544585961924554,,0.17272846556725455,19268.301001203774,0.0034475628713982317,,,,,,,,,,,,0.17272846556725455,0.0034475628713982317,TM84?,,,,0.00022144188142072483,0.17595309867029035,2.2999017078194588e-06,5.49880068946453e-06,1.0092912362475486,-0.003648990060350554,-0.005642246187197798,,
77784674c2a3,loaded,"{""etch_depth"": 0.0, ""w_rib"": 500.0, ""sidewall_angle"": 5.0, ""strip_material"": ""TiO2"", ""strip_eq"": ""(0.5+0.747358*x**2/(x**2-0.0840076)+1.03335*x**2/(x**2-0.0662413)+1.02325*x**2/(x**2-0.0448956)+1.70043*x**2/(x**2-0.0225))**0.5"", ""strip_chi2"": null, ""strip_sidewall"": 5.0, ""strip_offset"": 0.0, ""substrate_height"": 1000.0, ""topclad_height"": 800.0, ""substrate_material"": ""Al2O3"", ""topclad_material"": ""SiO2"", ""core_eq_o"": ""(1+2.8032/(1-0.015287/x**2)+0.36335/(1-0.036095/x**2)-33508000/(1+367200000/x**2))**0.5"", ""core_eq_e"": ""(1+0.017061/(1-0.043855/x**2)+3.1976/(1-0.022642/x**2)-57269000/(1-74226000/x**2))**0.5"", ""core_chi2"": ""AlN"", ""t_film"": 354.0, ""h_s"": 70.0, ""w_s"": 500.0}",screened,0,TM00,A,,TE134?,0.9990578739628672,8,216.01534934967242,,2.166933397531402,2.166933397531402,,0.16645689428246876,20784.918394180644,0.0031824637334480787,,,,,,,,,,,,0.16645689428246876,0.0031824637334480787,TE134?,,,,0.0002113713862430612,0.17980813604091206,5.653308373146606e-09,0.0002550860707724927,1.0393307479330116,-0.00018428943737559944,-0.03914645849563589,,
77784674c2a3,loaded,"{""etch_depth"": 0.0, ""w_rib"": 500.0, ""sidewall_angle"": 5.0, ""strip_material"": ""TiO2"", ""strip_eq"": ""(0.5+0.747358*x**2/(x**2-0.0840076)+1.03335*x**2/(x**2-0.0662413)+1.02325*x**2/(x**2-0.0448956)+1.70043*x**2/(x**2-0.0225))**0.5"", ""strip_chi2"": null, ""strip_sidewall"": 5.0, ""strip_offset"": 0.0, ""substrate_height"": 1000.0, ""topclad_height"": 800.0, ""substrate_material"": ""Al2O3"", ""topclad_material"": ""SiO2"", ""core_eq_o"": ""(1+2.8032/(1-0.015287/x**2)+0.36335/(1-0.036095/x**2)-33508000/(1+367200000/x**2))**0.5"", ""core_eq_e"": ""(1+0.017061/(1-0.043855/x**2)+3.1976/(1-0.022642/x**2)-57269000/(1-74226000/x**2))**0.5"", ""core_chi2"": ""AlN"", ""t_film"": 354.0, ""h_s"": 70.0, ""w_s"": 500.0}",screened,0,TM00,A,,TM282?,0.059705579039047496,90,222.20410470695785,,2.154378541865845,2.154378541865845,,0.14890499809250224,22344.804021587,0.0031829278784855385,,,,,,,,,,,,0.14890499809250224,0.0031829278784855385,TM282?,,,,0.00020564464508126447,0.15006533290876595,4.694631668642262e-10,2.3171935587773816e-06,1.0038886643592413,5.6149529870680794e-05,-0.003944813889111979,,
77784674c2a3,loaded,"{""etch_depth"": 0.0, ""w_rib"": 500.0, ""sidewall_angle"": 5.0, ""strip_material"": ""TiO2"", ""strip_eq"": ""(0.5+0.747358*x**2/(x**2-0.0840076)+1.03335*x**2/(x**2-0.0662413)+1.02325*x**2/(x**2-0.0448956)+1.70043*x**2/(x**2-0.0225))**0.5"", ""strip_chi2"": null, ""strip_sidewall"": 5.0, ""strip_offset"": 0.0, ""substrate_height"": 1000.0, ""topclad_height"": 800.0, ""substrate_material"": ""Al2O3"", ""topclad_material"": ""SiO2"", ""core_eq_o"": ""(1+2.8032/(1-0.015287/x**2)+0.36335/(1-0.036095/x**2)-33508000/(1+367200000/x**2))**0.5"", ""core_eq_e"": ""(1+0.017061/(1-0.043855/x**2)+3.1976/(1-0.022642/x**2)-57269000/(1-74226000/x**2))**0.5"", ""core_chi2"": ""AlN"", ""t_film"": 354.0, ""h_s"": 70.0, ""w_s"": 500.0}",screened,0,TM00,A,,TM143,0.03171475670484594,137,231.43199741328405,,2.139062544737244,2.139062544737244,,0.1451717528242756,21585.228308484435,0.003391228012262816,,,,,,,,,,,,0.1451717528242756,0.003391228012262816,TM143,,,,0.00021148284981957035,0.14525359441529306,8.156321259669591e-07,1.0211266020415446e-06,1.0002818387805585,0.002370315199329206,-0.0026521539798876476,,
77784674c2a3,loaded,"{""etch_depth"": 0.0, ""w_rib"": 500.0, ""sidewall_angle"": 5.0, ""strip_material"": ""TiO2"", ""strip_eq"": ""(0.5+0.747358*x**2/(x**2-0.0840076)+1.03335*x**2/(x**2-0.0662413)+1.02325*x**2/(x**2-0.0448956)+1.70043*x**2/(x**2-0.0225))**0.5"", ""strip_chi2"": null, ""strip_sidewall"": 5.0, ""strip_offset"": 0.0, ""substrate_height"": 1000.0, ""topclad_height"": 800.0, ""substrate_material"": ""Al2O3"", ""topclad_material"": ""SiO2"", ""core_eq_o"": ""(1+2.8032/(1-0.015287/x**2)+0.36335/(1-0.036095/x**2)-33508000/(1+367200000/x**2))**0.5"", ""core_eq_e"": ""(1+0.017061/(1-0.043855/x**2)+3.1976/(1-0.022642/x**2)-57269000/(1-74226000/x**2))**0.5"", ""core_chi2"": ""AlN"", ""t_film"": 354.0, ""h_s"": 70.0, ""w_s"": 500.0}",screened,2,TM20,A,,TM104?,0.045387526461767656,84,221.7928037806324,,2.108107384067184,2.108107384067184,,0.14348597442250724,24841.252096956574,0.004832516589266513,,,,,,,,,,,,0.14348597442250724,0.004832516589266513,TM104?,,,,0.00020149434726007438,0.14419021134858315,5.8763147385159935e-08,4.7063071237809143e-07,1.0024510232959523,-0.000639952586497912,-0.0018110707094542492,,
77784674c2a3,loaded,"{""etch_depth"": 0.0, ""w_rib"": 500.0, ""sidewall_angle"": 5.0, ""strip_material"": ""TiO2"", ""strip_eq"": ""(0.5+0.747358*x**2/(x**2-0.0840076)+1.03335*x**2/(x**2-0.0662413)+1.02325*x**2/(x**2-0.0448956)+1.70043*x**2/(x**2-0.0225))**0.5"", ""strip_chi2"": null, ""strip_sidewall"": 5.0, ""strip_offset"": 0.0, ""substrate_height"": 1000.0, ""topclad_height"": 800.0, ""substrate_material"": ""Al2O3"", ""topclad_material"": ""SiO2"", ""core_eq_o"": ""(1+2.8032/(1-0.015287/x**2)+0.36335/(1-0.036095/x**2)-33508000/(1+367200000/x**2))**0.5"", ""core_eq_e"": ""(1+0.017061/(1-0.043855/x**2)+3.1976/(1-0.022642/x**2)-57269000/(1-74226000/x**2))**0.5"", ""core_chi2"": ""AlN"", ""t_film"": 354.0, ""h_s"": 70.0, ""w_s"": 500.0}",screened,0,TM00,A,,TE301?,0.5109918097476821,114,226.40178955953408,,2.146959012078432,2.146959012078432,,0.1360764453650296,23798.089717183917,0.003221115291004675,,,,,,,,,,,,0.1360764453650296,0.003221115291004675,TE301?,,,,0.00020030049542623415,0.13783536920187872,1.763842550013123e-07,7.8200342392828e-06,1.0064422476353043,0.0011385141420186715,-0.007580761777322807,,
77784674c2a3,loaded,"{""etch_depth"": 0.0, ""w_rib"": 500.0, ""sidewall_angle"": 5.0, ""strip_material"": ""TiO2"", ""strip_eq"": ""(0.5+0.747358*x**2/(x**2-0.0840076)+1.03335*x**2/(x**2-0.0662413)+1.02325*x**2/(x**2-0.0448956)+1.70043*x**2/(x**2-0.0225))**0.5"", ""strip_chi2"": null, ""strip_sidewall"": 5.0, ""strip_offset"": 0.0, ""substrate_height"": 1000.0, ""topclad_height"": 800.0, ""substrate_material"": ""Al2O3"", ""topclad_material"": ""SiO2"", ""core_eq_o"": ""(1+2.8032/(1-0.015287/x**2)+0.36335/(1-0.036095/x**2)-33508000/(1+367200000/x**2))**0.5"", ""core_eq_e"": ""(1+0.017061/(1-0.043855/x**2)+3.1976/(1-0.022642/x**2)-57269000/(1-74226000/x**2))**0.5"", ""core_chi2"": ""AlN"", ""t_film"": 354.0, ""h_s"": 70.0, ""w_s"": 500.0}",screened,0,TM00,A,,TM184,0.062056981244708966,9,215.39298232876922,,2.1682603065767263,2.1682603065767263,,0.13266687173815866,26181.599673602155,0.0028973540807659924,,,,,,,,,,,,0.13266687173815866,0.0028973540807659924,TM184,,,,0.00018815834481746485,0.13844935744981338,1.1055362523430878e-06,4.626383739366895e-05,1.0215608196977275,-0.0028867239131239297,-0.0186740957846036,,
77784674c2a3,loaded,"{""etch_depth"": 0.0, ""w_rib"": 500.0, ""sidewall_angle"": 5.0, ""strip_material"": ""TiO2"", ""strip_eq"": ""(0.5+0.747358*x**2/(x**2-0.0840076)+1.03335*x**2/(x**2-0.0662413)+1.02325*x**2/(x**2-0.0448956)+1.70043*x**2/(x**2-0.0225))**0.5"", ""strip_chi2"": null, ""strip_sidewall"": 5.0, ""strip_offset"": 0.0, ""substrate_height"": 1000.0, ""topclad_height"": 800.0, ""substrate_material"": ""Al2O3"", ""topclad_material"": ""SiO2"", ""core_eq_o"": ""(1+2.8032/(1-0.015287/x**2)+0.36335/(1-0.036095/x**2)-33508000/(1+367200000/x**2))**0.5"", ""core_eq_e"": ""(1+0.017061/(1-0.043855/x**2)+3.1976/(1-0.022642/x**2)-57269000/(1-74226000/x**2))**0.5"", ""core_chi2"": ""AlN"", ""t_film"": 354.0, ""h_s"": 70.0, ""w_s"": 500.0}",screened,2,TM20,A,,TE192?,0.6717956203161045,124,227.507202304237,,2.1006021519007017,2.1006021519007017,,0.11137029909429927,30744.322010910277,0.004248424025477458,,,,,,,,,,,,0.11137029909429927,0.004248424025477458,TE192?,,,,0.00018209186039655072,0.09687773129665102,5.214004562789472e-05,0.0002325382478506259,0.9326684523347137,0.021637197559556943,0.04569435010572909,,
77784674c2a3,loaded,"{""etch_depth"": 0.0, ""w_rib"": 500.0, ""sidewall_angle"": 5.0, ""strip_material"": ""TiO2"", ""strip_eq"": ""(0.5+0.747358*x**2/(x**2-0.0840076)+1.03335*x**2/(x**2-0.0662413)+1.02325*x**2/(x**2-0.0448956)+1.70043*x**2/(x**2-0.0225))**0.5"", ""strip_chi2"": null, ""strip_sidewall"": 5.0, ""strip_offset"": 0.0, ""substrate_height"": 1000.0, ""topclad_height"": 800.0, ""substrate_material"": ""Al2O3"", ""topclad_material"": ""SiO2"", ""core_eq_o"": ""(1+2.8032/(1-0.015287/x**2)+0.36335/(1-0.036095/x**2)-33508000/(1+367200000/x**2))**0.5"", ""core_eq_e"": ""(1+0.017061/(1-0.043855/x**2)+3.1976/(1-0.022642/x**2)-57269000/(1-74226000/x**2))**0.5"", ""core_chi2"": ""AlN"", ""t_film"": 354.0, ""h_s"": 70.0, ""w_s"": 500.0}",screened,1,TM10,S,,TM163,0.038652821583638766,129,231.7876852490842,,2.1019889316012152,2.1019889316012152,,0.1001950202127826,32857.75564346625,0.004505619851646366,,,,,,,,,,,,0.1001950202127826,0.004505619851646366,TM163,,,,0.00017596411807426277,0.10049577434817573,1.6742183652214186e-08,1.1924829560042743e-07,1.0014997191495691,-0.00040877373400751836,-0.0010909454155616373,,
77784674c2a3,loaded,"{""etch_depth"": 0.0, ""w_rib"": 500.0, ""sidewall_angle"": 5.0, ""strip_material"": ""TiO2"", ""strip_eq"": ""(0.5+0.747358*x**2/(x**2-0.0840076)+1.03335*x**2/(x**2-0.0662413)+1.02325*x**2/(x**2-0.0448956)+1.70043*x**2/(x**2-0.0225))**0.5"", ""strip_chi2"": null, ""strip_sidewall"": 5.0, ""strip_offset"": 0.0, ""substrate_height"": 1000.0, ""topclad_height"": 800.0, ""substrate_material"": ""Al2O3"", ""topclad_material"": ""SiO2"", ""core_eq_o"": ""(1+2.8032/(1-0.015287/x**2)+0.36335/(1-0.036095/x**2)-33508000/(1+367200000/x**2))**0.5"", ""core_eq_e"": ""(1+0.017061/(1-0.043855/x**2)+3.1976/(1-0.022642/x**2)-57269000/(1-74226000/x**2))**0.5"", ""core_chi2"": ""AlN"", ""t_film"": 354.0, ""h_s"": 70.0, ""w_s"": 500.0}",screened,1,TM10,S,,TM262?,0.03642643710918676,113,227.6768387249106,,2.107042706991012,2.107042706991012,,0.09245802944828774,36639.84863783834,0.004191035565855906,,,,,,,,,,,,0.09245802944828774,0.004191035565855906,TM262?,,,,0.00016603584599529707,0.08912633122073518,2.8364993025751473e-06,1.4780904583500528e-05,0.981817340725508,0.005538842603061466,0.012643816671430363,,
77784674c2a3,loaded,"{""etch_depth"": 0.0, ""w_rib"": 500.0, ""sidewall_angle"": 5.0, ""strip_material"": ""TiO2"", ""strip_eq"": ""(0.5+0.747358*x**2/(x**2-0.0840076)+1.03335*x**2/(x**2-0.0662413)+1.02325*x**2/(x**2-0.0448956)+1.70043*x**2/(x**2-0.0225))**0.5"", ""strip_chi2"": null, ""strip_sidewall"": 5.0, ""strip_offset"": 0.0, ""substrate_height"": 1000.0, ""topclad_height"": 800.0, ""substrate_material"": ""Al2O3"", ""topclad_material"": ""SiO2"", ""core_eq_o"": ""(1+2.8032/(1-0.015287/x**2)+0.36335/(1-0.036095/x**2)-33508000/(1+367200000/x**2))**0.5"", ""core_eq_e"": ""(1+0.017061/(1-0.043855/x**2)+3.1976/(1-0.022642/x**2)-57269000/(1-74226000/x**2))**0.5"", ""core_chi2"": ""AlN"", ""t_film"": 354.0, ""h_s"": 70.0, ""w_s"": 500.0}",screened,0,TM00,A,,TM123,0.025657273578654372,141,233.86164126443816,,2.1355516472588016,2.1355516472588016,,0.08839952489996394,34886.53763276335,0.002715356536025647,,,,,,,,,,,,0.08839952489996394,0.002715356536025647,TM123,,,,0.00016676106072263381,0.08894663028893865,1.5660280522524599e-06,1.1073577462113161e-07,1.003089730906874,-0.004208960046119983,0.0011192291392459481,,
77784674c2a3,loaded,"{""etch_depth"": 0.0, ""w_rib"": 500.0, ""sidewall_angle"": 5.0, ""strip_material"": ""TiO2"", ""strip_eq"": ""(0.5+0.747358*x**2/(x**2-0.0840076)+1.03335*x**2/(x**2-0.0662413)+1.02325*x**2/(x**2-0.0448956)+1.70043*x**2/(x**2-0.0225))**0.5"", ""strip_chi2"": null, ""strip_sidewall"": 5.0, ""strip_offset"": 0.0, ""substrate_height"": 1000.0, ""topclad_height"": 800.0, ""substrate_material"": ""Al2O3"", ""topclad_material"": ""SiO2"", ""core_eq_o"": ""(1+2.8032/(1-0.015287/x**2)+0.36335/(1-0.036095/x**2)-33508000/(1+367200000/x**2))**0.5"", ""core_eq_e"": ""(1+0.017061/(1-0.043855/x**2)+3.1976/(1-0.022642/x**2)-57269000/(1-74226000/x**2))**0.5"", ""core_chi2"": ""AlN"", ""t_film"": 354.0, ""h_s"": 70.0, ""w_s"": 500.0}",screened,1,TM10,S,,TM291?,0.2243980401114461,18,215.49017025158057,,2.1240466648842595,2.1240466648842595,,0.08765521253027322,42114.45518969016,0.003901821326079338,,,,,,,,,,,,0.08765521253027322,0.003901821326079338,TM291?,,,,0.0001530125412314627,0.08953991364172986,6.316928822589492e-11,1.0073798830607977e-05,1.0106934753078909,2.6845043878965563e-05,-0.010720320351770094,,
77784674c2a3,loaded,"{""etch_depth"": 0.0, ""w_rib"": 500.0, ""sidewall_angle"": 5.0, ""strip_material"": ""TiO2"", ""strip_eq"": ""(0.5+0.747358*x**2/(x**2-0.0840076)+1.03335*x**2/(x**2-0.0662413)+1.02325*x**2/(x**2-0.0448956)+1.70043*x**2/(x**2-0.0225))**0.5"", ""strip_chi2"": null, ""strip_sidewall"": 5.0, ""strip_offset"": 0.0, ""substrate_height"": 1000.0, ""topclad_height"": 800.0, ""substrate_material"": ""Al2O3"", ""topclad_material"": ""SiO2"", ""core_eq_o"": ""(1+2.8032/(1-0.015287/x**2)+0.36335/(1-0.036095/x**2)-33508000/(1+367200000/x**2))**0.5"", ""core_eq_e"": ""(1+0.017061/(1-0.043855/x**2)+3.1976/(1-0.022642/x**2)-57269000/(1-74226000/x**2))**0.5"", ""core_chi2"": ""AlN"", ""t_film"": 354.0, ""h_s"": 70.0, ""w_s"": 500.0}",screened,1,TM10,S,,TE114?,0.6136937730917336,10,217.967050122503,,2.120319774396919,2.120319774396919,,0.08636898335676543,41996.4356494428,0.004044942782061834,,,,,,,,,,,,0.08636898335676543,0.004044942782061834,TE114?,,,,0.00015363156005044227,0.08669455324917717,5.504257135131455e-07,3.554082802622352e-08,1.0018829888106564,-0.0025244713904175593,0.0006414825797609572,,
77784674c2a3,loaded,"{""etch_depth"": 0.0, ""w_rib"": 500.0, ""sidewall_angle"": 5.0, ""strip_material"": ""TiO2"", ""strip_eq"": ""(0.5+0.747358*x**2/(x**2-0.0840076)+1.03335*x**2/(x**2-0.0662413)+1.02325*x**2/(x**2-0.0448956)+1.70043*x**2/(x**2-0.0225))**0.5"", ""strip_chi2"": null, ""strip_sidewall"": 5.0, ""strip_offset"": 0.0, ""substrate_height"": 1000.0, ""topclad_height"": 800.0, ""substrate_material"": ""Al2O3"", ""topclad_material"": ""SiO2"", ""core_eq_o"": ""(1+2.8032/(1-0.015287/x**2)+0.36335/(1-0.036095/x**2)-33508000/(1+367200000/x**2))**0.5"", ""core_eq_e"": ""(1+0.017061/(1-0.043855/x**2)+3.1976/(1-0.022642/x**2)-57269000/(1-74226000/x**2))**0.5"", ""core_chi2"": ""AlN"", ""t_film"": 354.0, ""h_s"": 70.0, ""w_s"": 500.0}",screened,1,TM10,S,,TM84,0.26793782349771433,91,224.52785531736635,,2.1110725940160733,2.1110725940160733,,0.07882421011682848,43938.62249078433,0.003962164037289645,,,,,,,,,,,,0.07882421011682848,0.003962164037289645,TM84,,,,0.00015118570585581238,0.0793651870155407,6.021386960701646e-07,3.019795247754814e-06,1.0034256726292796,0.0027638753663702174,-0.006189547995649923,,
77784674c2a3,loaded,"{""etch_depth"": 0.0, ""w_rib"": 500.0, ""sidewall_angle"": 5.0, ""strip_material"": ""TiO2"", ""strip_eq"": ""(0.5+0.747358*x**2/(x**2-0.0840076)+1.03335*x**2/(x**2-0.0662413)+1.02325*x**2/(x**2-0.0448956)+1.70043*x**2/(x**2-0.0225))**0.5"", ""strip_chi2"": null, ""strip_sidewall"": 5.0, ""strip_offset"": 0.0, ""substrate_height"": 1000.0, ""topclad_height"": 800.0, ""substrate_material"": ""Al2O3"", ""topclad_material"": ""SiO2"", ""core_eq_o"": ""(1+2.8032/(1-0.015287/x**2)+0.36335/(1-0.036095/x**2)-33508000/(1+367200000/x**2))**0.5"", ""core_eq_e"": ""(1+0.017061/(1-0.043855/x**2)+3.1976/(1-0.022642/x**2)-57269000/(1-74226000/x**2))**0.5"", ""core_chi2"": ""AlN"", ""t_film"": 354.0, ""h_s"": 70.0, ""w_s"": 500.0}",screened,0,TM00,A,,TE213?,0.9375734453112424,0,216.54139652203995,,2.165811845894124,2.165811845894124,,0.07028984587342713,49059.07915618535,0.0020819534850811915,,,,,,,,,,,,0.07028984587342713,0.0020819534850811915,TE213?,,,,0.00013768857935288385,0.06522148257160888,1.1528224471965732e-08,9.691856482608823e-05,0.9632722245764297,-0.00040498125008606357,0.03713275667365633,,
77784674c2a3,loaded,"{""etch_depth"": 0.0, ""w_rib"": 500.0, ""sidewall_angle"": 5.0, ""strip_material"": ""TiO2"", ""strip_eq"": ""(0.5+0.747358*x**2/(x**2-0.0840076)+1.03335*x**2/(x**2-0.0662413)+1.02325*x**2/(x**2-0.0448956)+1.70043*x**2/(x**2-0.0225))**0.5"", ""strip_chi2"": null, ""strip_sidewall"": 5.0, ""strip_offset"": 0.0, ""substrate_height"": 1000.0, ""topclad_height"": 800.0, ""substrate_material"": ""Al2O3"", ""topclad_material"": ""SiO2"", ""core_eq_o"": ""(1+2.8032/(1-0.015287/x**2)+0.36335/(1-0.036095/x**2)-33508000/(1+367200000/x**2))**0.5"", ""core_eq_e"": ""(1+0.017061/(1-0.043855/x**2)+3.1976/(1-0.022642/x**2)-57269000/(1-74226000/x**2))**0.5"", ""core_chi2"": ""AlN"", ""t_film"": 354.0, ""h_s"": 70.0, ""w_s"": 500.0}",screened,0,TM00,A,,TM44,0.025732558078529928,97,223.62079749873055,,2.1517693310653523,2.1517693310653523,,0.06815999171542464,48374.33094107735,0.0022777013925301816,,,,,,,,,,,,0.06815999171542464,0.0022777013925301816,TM44,,,,0.00014001921761179492,0.06409311029465217,5.702177751413999e-07,5.117094735052863e-05,0.9697078453000255,0.002892381740193023,0.02739977295978116,,
77784674c2a3,loaded,"{""etch_depth"": 0.0, ""w_rib"": 500.0, ""sidewall_angle"": 5.0, ""strip_material"": ""TiO2"", ""strip_eq"": ""(0.5+0.747358*x**2/(x**2-0.0840076)+1.03335*x**2/(x**2-0.0662413)+1.02325*x**2/(x**2-0.0448956)+1.70043*x**2/(x**2-0.0225))**0.5"", ""strip_chi2"": null, ""strip_sidewall"": 5.0, ""strip_offset"": 0.0, ""substrate_height"": 1000.0, ""topclad_height"": 800.0, ""substrate_material"": ""Al2O3"", ""topclad_material"": ""SiO2"", ""core_eq_o"": ""(1+2.8032/(1-0.015287/x**2)+0.36335/(1-0.036095/x**2)-33508000/(1+367200000/x**2))**0.5"", ""core_eq_e"": ""(1+0.017061/(1-0.043855/x**2)+3.1976/(1-0.022642/x**2)-57269000/(1-74226000/x**2))**0.5"", ""core_chi2"": ""AlN"", ""t_film"": 354.0, ""h_s"": 70.0, ""w_s"": 500.0}",screened,0,TM00,A,,TM223,0.052576469214497344,74,220.1751873689181,,2.1581153245067,2.1581153245067,,0.0664790764720767,50711.954773677266,0.0020917667195554696,,,,,,,,,,,,0.0664790764720767,0.0020917667195554696,TM223,,,,0.00013615122511325667,0.06531816810189643,5.115419771732883e-07,2.389968868276939e-06,0.9912301633829018,0.0027739469427840234,0.005995889674314307,,
77784674c2a3,loaded,"{""etch_depth"": 0.0, ""w_rib"": 500.0, ""sidewall_angle"": 5.0, ""strip_material"": ""TiO2"", ""strip_eq"": ""(0.5+0.747358*x**2/(x**2-0.0840076)+1.03335*x**2/(x**2-0.0662413)+1.02325*x**2/(x**2-0.0448956)+1.70043*x**2/(x**2-0.0225))**0.5"", ""strip_chi2"": null, ""strip_sidewall"": 5.0, ""strip_offset"": 0.0, ""substrate_height"": 1000.0, ""topclad_height"": 800.0, ""substrate_material"": ""Al2O3"", ""topclad_material"": ""SiO2"", ""core_eq_o"": ""(1+2.8032/(1-0.015287/x**2)+0.36335/(1-0.036095/x**2)-33508000/(1+367200000/x**2))**0.5"", ""core_eq_e"": ""(1+0.017061/(1-0.043855/x**2)+3.1976/(1-0.022642/x**2)-57269000/(1-74226000/x**2))**0.5"", ""core_chi2"": ""AlN"", ""t_film"": 354.0, ""h_s"": 70.0, ""w_s"": 500.0}",screened,0,TM00,A,,TE232?,0.9754708625159915,91,222.28885771236742,,2.1542224470100138,2.1542224470100138,,0.0594386317516926,55947.43642630755,0.001979803379462924,,,,,,,,,,,,0.0594386317516926,0.001979803379462924,TE232?,,,,0.00012997588586139127,0.0605222459372913,3.103640475582915e-08,4.145824930100328e-06,1.009074232332361,-0.0007226055646976464,-0.008351626767663236,,
77784674c2a3,loaded,"{""etch_depth"": 0.0, ""w_rib"": 500.0, ""sidewall_angle"": 5.0, ""strip_material"": ""TiO2"", ""strip_eq"": ""(0.5+0.747358*x**2/(x**2-0.0840076)+1.03335*x**2/(x**2-0.0662413)+1.02325*x**2/(x**2-0.0448956)+1.70043*x**2/(x**2-0.0225))**0.5"", ""strip_chi2"": null, ""strip_sidewall"": 5.0, ""strip_offset"": 0.0, ""substrate_height"": 1000.0, ""topclad_height"": 800.0, ""substrate_material"": ""Al2O3"", ""topclad_material"": ""SiO2"", ""core_eq_o"": ""(1+2.8032/(1-0.015287/x**2)+0.36335/(1-0.036095/x**2)-33508000/(1+367200000/x**2))**0.5"", ""core_eq_e"": ""(1+0.017061/(1-0.043855/x**2)+3.1976/(1-0.022642/x**2)-57269000/(1-74226000/x**2))**0.5"", ""core_chi2"": ""AlN"", ""t_film"": 354.0, ""h_s"": 70.0, ""w_s"": 500.0}",screened,0,TM00,A,,TM164?,0.05766582634528213,119,227.47787335186243,,2.145216326477397,2.145216326477397,,0.05807753705474203,55367.66823351786,0.0021157768783680035,,,,,,,,,,,,0.05807753705474203,0.0021157768783680035,TM164?,,,,0.00013147825908124325,0.06204649205077852,2.986048865002235e-06,4.0583252684348855e-05,1.0336048084170686,-0.007170416122701181,-0.026434392294367476,,
77784674c2a3,loaded,"{""etch_depth"": 0.0, ""w_rib"": 500.0, ""sidewall_angle"": 5.0, ""strip_material"": ""TiO2"", ""strip_eq"": ""(0.5+0.747358*x**2/(x**2-0.0840076)+1.03335*x**2/(x**2-0.0662413)+1.02325*x**2/(x**2-0.0448956)+1.70043*x**2/(x**2-0.0225))**0.5"", ""strip_chi2"": null, ""strip_sidewall"": 5.0, ""strip_offset"": 0.0, ""substrate_height"": 1000.0, ""topclad_height"": 800.0, ""substrate_material"": ""Al2O3"", ""topclad_material"": ""SiO2"", ""core_eq_o"": ""(1+2.8032/(1-0.015287/x**2)+0.36335/(1-0.036095/x**2)-33508000/(1+367200000/x**2))**0.5"", ""core_eq_e"": ""(1+0.017061/(1-0.043855/x**2)+3.1976/(1-0.022642/x**2)-57269000/(1-74226000/x**2))**0.5"", ""core_chi2"": ""AlN"", ""t_film"": 354.0, ""h_s"": 70.0, ""w_s"": 500.0}",screened,0,TM00,A,,TM243,0.23848715801570386,45,217.39093068074976,,2.164000608277664,2.164000608277664,,0.05434282095682179,63118.81922791374,0.001819599260160493,,,,,,,,,,,,0.05434282095682179,0.001819599260160493,TM243,,,,0.0001215411108937626,0.05508478885423109,4.618085354083209e-07,8.216640294171546e-07,1.0068035889487463,-0.0029151431654677092,-0.003888445783278606,,
77784674c2a3,loaded,"{""etch_depth"": 0.0, ""w_rib"": 500.0, ""sidewall_angle"": 5.0, ""strip_material"": ""TiO2"", ""strip_eq"": ""(0.5+0.747358*x**2/(x**2-0.0840076)+1.03335*x**2/(x**2-0.0662413)+1.02325*x**2/(x**2-0.0448956)+1.70043*x**2/(x**2-0.0225))**0.5"", ""strip_chi2"": null, ""strip_sidewall"": 5.0, ""strip_offset"": 0.0, ""substrate_height"": 1000.0, ""topclad_height"": 800.0, ""substrate_material"": ""Al2O3"", ""topclad_material"": ""SiO2"", ""core_eq_o"": ""(1+2.8032/(1-0.015287/x**2)+0.36335/(1-0.036095/x**2)-33508000/(1+367200000/x**2))**0.5"", ""core_eq_e"": ""(1+0.017061/(1-0.043855/x**2)+3.1976/(1-0.022642/x**2)-57269000/(1-74226000/x**2))**0.5"", ""core_chi2"": ""AlN"", ""t_film"": 354.0, ""h_s"": 70.0, ""w_s"": 500.0}",screened,0,TM00,A,,TM183?,0.19566238892752041,122,227.0833861217008,,2.145855186778701,2.145855186778701,,0.050112611135517876,64333.479055000076,0.001937667163088785,,,,,,,,,,,,0.050112611135517876,0.001937667163088785,TM183?,,,,0.00012191848795860573,0.051421226982405394,7.74475391061433e-09,8.952256964391695e-06,1.0129726074835848,0.0003931246671733977,-0.013365732150758071,,
77784674c2a3,loaded,"{""etch_depth"": 0.0, ""w_rib"": 500.0, ""sidewall_angle"": 5.0, ""strip_material"": ""TiO2"", ""strip_eq"": ""(0.5+0.747358*x**2/(x**2-0.0840076)+1.03335*x**2/(x**2-0.0662413)+1.02325*x**2/(x**2-0.0448956)+1.70043*x**2/(x**2-0.0225))**0.5"", ""strip_chi2"": null, ""strip_sidewall"": 5.0, ""strip_offset"": 0.0, ""substrate_height"": 1000.0, ""topclad_height"": 800.0, ""substrate_material"": ""Al2O3"", ""topclad_material"": ""SiO2"", ""core_eq_o"": ""(1+2.8032/(1-0.015287/x**2)+0.36335/(1-0.036095/x**2)-33508000/(1+367200000/x**2))**0.5"", ""core_eq_e"": ""(1+0.017061/(1-0.043855/x**2)+3.1976/(1-0.022642/x**2)-57269000/(1-74226000/x**2))**0.5"", ""core_chi2"": ""AlN"", ""t_film"": 354.0, ""h_s"": 70.0, ""w_s"": 500.0}",screened,2,TM20,A,,TM04,0.01238802169748843,134,230.98650585193997,,2.09623606010993,2.09623606010993,,0.04772049828724811,70041.7958803314,0.003048110613129174,,,,,,,,,,,,0.04772049828724811,0.003048110613129174,TM04,,,,0.00012101794791310854,0.048197086401994604,2.4555275305658805e-07,3.5117040213956505e-07,1.0049811308224665,-0.002268401464062882,-0.0027127293584037686,,
77784674c2a3,loaded,"{""etch_depth"": 0.0, ""w_rib"": 500.0, ""sidewall_angle"": 5.0, ""strip_material"": ""TiO2"", ""strip_eq"": ""(0.5+0.747358*x**2/(x**2-0.0840076)+1.03335*x**2/(x**2-0.0662413)+1.02325*x**2/(x**2-0.0448956)+1.70043*x**2/(x**2-0.0225))**0.5"", ""strip_chi2"": null, ""strip_sidewall"": 5.0, ""strip_offset"": 0.0, ""substrate_height"": 1000.0, ""topclad_height"": 800.0, ""substrate_material"": ""Al2O3"", ""topclad_material"": ""SiO2"", ""core_eq_o"": ""(1+2.8032/(1-0.015287/x**2)+0.36335/(1-0.036095/x**2)-33508000/(1+367200000/x**2))**0.5"", ""core_eq_e"": ""(1+0.017061/(1-0.043855/x**2)+3.1976/(1-0.022642/x**2)-57269000/(1-74226000/x**2))**0.5"", ""core_chi2"": ""AlN"", ""t_film"": 354.0, ""h_s"": 70.0, ""w_s"": 500.0}",screened,2,TM20,A,,TM24,0.01590486177266348,97,226.66943481966473,,2.101668706963441,2.101668706963441,,0.040131506831110574,85820.66206166384,0.0025971081179280223,,,,,,,,,,,,0.040131506831110574,0.0025971081179280223,TM24,,,,0.00010890464037352519,0.03829760095846829,2.1068232059195806e-06,1.0107813430194845e-05,0.9768841237421209,0.007245549258676273,0.0158703269992028,,
77784674c2a3,loaded,"{""etch_depth"": 0.0, ""w_rib"": 500.0, ""sidewall_angle"": 5.0, ""strip_material"": ""TiO2"", ""strip_eq"": ""(0.5+0.747358*x**2/(x**2-0.0840076)+1.03335*x**2/(x**2-0.0662413)+1.02325*x**2/(x**2-0.0448956)+1.70043*x**2/(x**2-0.0225))**0.5"", ""strip_chi2"": null, ""strip_sidewall"": 5.0, ""strip_offset"": 0.0, ""substrate_height"": 1000.0, ""topclad_height"": 800.0, ""substrate_material"": ""Al2O3"", ""topclad_material"": ""SiO2"", ""core_eq_o"": ""(1+2.8032/(1-0.015287/x**2)+0.36335/(1-0.036095/x**2)-33508000/(1+367200000/x**2))**0.5"", ""core_eq_e"": ""(1+0.017061/(1-0.043855/x**2)+3.1976/(1-0.022642/x**2)-57269000/(1-74226000/x**2))**0.5"", ""core_chi2"": ""AlN"", ""t_film"": 354.0, ""h_s"": 70.0, ""w_s"": 500.0}",screened,0,TM00,A,,TM261,0.01967890910635867,145,234.23820479104134,,2.1350075033360634,2.1350075033360634,,0.03773567486991358,81524.89044398112,0.0017238319429951623,,,,,,,,,,,,0.03773567486991358,0.0017238319429951623,TM261,,,,0.00010913008206511923,0.03792278027794138,5.211233167616565e-08,5.030765429714004e-07,1.0024760925827922,0.0011751524003140543,-0.0036512449831062432,,
77784674c2a3,loaded,"{""etch_depth"": 0.0, ""w_rib"": 500.0, ""sidewall_angle"": 5.0, ""strip_material"": ""TiO2"", ""strip_eq"": ""(0.5+0.747358*x**2/(x**2-0.0840076)+1.03335*x**2/(x**2-0.0662413)+1.02325*x**2/(x**2-0.0448956)+1.70043*x**2/(x**2-0.0225))**0.5"", ""strip_chi2"": null, ""strip_sidewall"": 5.0, ""strip_offset"": 0.0, ""substrate_height"": 1000.0, ""topclad_height"": 800.0, ""substrate_material"": ""Al2O3"", ""topclad_material"": ""SiO2"", ""core_eq_o"": ""(1+2.8032/(1-0.015287/x**2)+0.36335/(1-0.036095/x**2)-33508000/(1+367200000/x**2))**0.5"", ""core_eq_e"": ""(1+0.017061/(1-0.043855/x**2)+3.1976/(1-0.022642/x**2)-57269000/(1-74226000/x**2))**0.5"", ""core_chi2"": ""AlN"", ""t_film"": 354.0, ""h_s"": 70.0, ""w_s"": 500.0}",screened,1,TM10,S,,TM242,0.03864684071487312,126,231.40274422161286,,2.102444646660986,2.102444646660986,,0.036209756854297795,91163.22788024107,0.0026596953501868653,,,,,,,,,,,,0.036209756854297795,0.0026596953501868653,TM242,,,,0.00010560682825336695,0.036979167948225054,1.885029400840899e-09,4.220908438230582e-06,1.0105685147566594,0.00022816354708004877,-0.010796678303739442,,
77784674c2a3,loaded,"{""etch_depth"": 0.0, ""w_rib"": 500.0, ""sidewall_angle"": 5.0, ""strip_material"": ""TiO2"", ""strip_eq"": ""(0.5+0.747358*x**2/(x**2-0.0840076)+1.03335*x**2/(x**2-0.0662413)+1.02325*x**2/(x**2-0.0448956)+1.70043*x**2/(x**2-0.0225))**0.5"", ""strip_chi2"": null, ""strip_sidewall"": 5.0, ""strip_offset"": 0.0, ""substrate_height"": 1000.0, ""topclad_height"": 800.0, ""substrate_material"": ""Al2O3"", ""topclad_material"": ""SiO2"", ""core_eq_o"": ""(1+2.8032/(1-0.015287/x**2)+0.36335/(1-0.036095/x**2)-33508000/(1+367200000/x**2))**0.5"", ""core_eq_e"": ""(1+0.017061/(1-0.043855/x**2)+3.1976/(1-0.022642/x**2)-57269000/(1-74226000/x**2))**0.5"", ""core_chi2"": ""AlN"", ""t_film"": 354.0, ""h_s"": 70.0, ""w_s"": 500.0}",screened,1,TM10,S,,TM242?,0.05718223727078248,103,225.9160871733178,,2.1092690064851727,2.1092690064851727,,0.032287854636772154,106224.96731539833,0.0025627357738599115,,,,,,,,,,,,0.032287854636772154,0.0025627357738599115,TM242?,,,,9.735929991828387e-05,0.028816116292907697,1.7647491007899123e-05,3.288127276553126e-05,0.9447091666890363,0.023378782466335405,0.03191205084462818,,
77784674c2a3,loaded,"{""etch_depth"": 0.0, ""w_rib"": 500.0, ""sidewall_angle"": 5.0, ""strip_material"": ""TiO2"", ""strip_eq"": ""(0.5+0.747358*x**2/(x**2-0.0840076)+1.03335*x**2/(x**2-0.0662413)+1.02325*x**2/(x**2-0.0448956)+1.70043*x**2/(x**2-0.0225))**0.5"", ""strip_chi2"": null, ""strip_sidewall"": 5.0, ""strip_offset"": 0.0, ""substrate_height"": 1000.0, ""topclad_height"": 800.0, ""substrate_material"": ""Al2O3"", ""topclad_material"": ""SiO2"", ""core_eq_o"": ""(1+2.8032/(1-0.015287/x**2)+0.36335/(1-0.036095/x**2)-33508000/(1+367200000/x**2))**0.5"", ""core_eq_e"": ""(1+0.017061/(1-0.043855/x**2)+3.1976/(1-0.022642/x**2)-57269000/(1-74226000/x**2))**0.5"", ""core_chi2"": ""AlN"", ""t_film"": 354.0, ""h_s"": 70.0, ""w_s"": 500.0}",screened,2,TM20,A,,TM124?,0.030332204528046008,86,221.12100504113846,,2.109010880920547,2.109010880920547,,0.03138672807611255,114107.32353658442,0.002217356572529451,,,,,,,,,,,,0.03138672807611255,0.002217356572529451,TM124?,,,,9.39536620248468e-05,0.031356911039768016,8.683471808948254e-12,7.589579003289112e-09,0.999524892797051,-1.6633118321175135e-05,0.0004917403212701657,,
77784674c2a3,loaded,"{""etch_depth"": 0.0, ""w_rib"": 500.0, ""sidewall_angle"": 5.0, ""strip_material"": ""TiO2"", ""strip_eq"": ""(0.5+0.747358*x**2/(x**2-0.0840076)+1.03335*x**2/(x**2-0.0662413)+1.02325*x**2/(x**2-0.0448956)+1.70043*x**2/(x**2-0.0225))**0.5"", ""strip_chi2"": null, ""strip_sidewall"": 5.0, ""strip_offset"": 0.0, ""substrate_height"": 1000.0, ""topclad_height"": 800.0, ""substrate_material"": ""Al2O3"", ""topclad_material"": ""SiO2"", ""core_eq_o"": ""(1+2.8032/(1-0.015287/x**2)+0.36335/(1-0.036095/x**2)-33508000/(1+367200000/x**2))**0.5"", ""core_eq_e"": ""(1+0.017061/(1-0.043855/x**2)+3.1976/(1-0.022642/x**2)-57269000/(1-74226000/x**2))**0.5"", ""core_chi2"": ""AlN"", ""t_film"": 354.0, ""h_s"": 70.0, ""w_s"": 500.0}",screened,0,TM00,A,,TM341?,0.02599218460615512,4,215.69413846900653,,2.167618230770788,2.167618230770788,,0.030956868115154752,111988.63101432887,0.0013342359984414162,,,,,,,,,,,,0.030956868115154752,0.0013342359984414162,TM341?,,,,9.101805315546034e-05,0.03184222196561548,9.213200831327188e-08,4.816787258212792e-06,1.0141989911770843,-0.0017251495950990142,-0.01247384158198549,,
77784674c2a3,loaded,"{""etch_depth"": 0.0, ""w_rib"": 500.0, ""sidewall_angle"": 5.0, ""strip_material"": ""TiO2"", ""strip_eq"": ""(0.5+0.747358*x**2/(x**2-0.0840076)+1.03335*x**2/(x**2-0.0662413)+1.02325*x**2/(x**2-0.0448956)+1.70043*x**2/(x**2-0.0225))**0.5"", ""strip_chi2"": null, ""strip_sidewall"": 5.0, ""strip_offset"": 0.0, ""substrate_height"": 1000.0, ""topclad_height"": 800.0, ""substrate_material"": ""Al2O3"", ""topclad_material"": ""SiO2"", ""core_eq_o"": ""(1+2.8032/(1-0.015287/x**2)+0.36335/(1-0.036095/x**2)-33508000/(1+367200000/x**2))**0.5"", ""core_eq_e"": ""(1+0.017061/(1-0.043855/x**2)+3.1976/(1-0.022642/x**2)-57269000/(1-74226000/x**2))**0.5"", ""core_chi2"": ""AlN"", ""t_film"": 354.0, ""h_s"": 70.0, ""w_s"": 500.0}",screened,1,TM10,S,,TM263,0.16042567191058194,45,218.58025922052684,,2.119397096159268,2.119397096159268,,0.030267041284963353,119323.8278166495,0.002327344235150961,,,,,,,,,,,,0.030267041284963353,0.002327344235150961,TM263,,,,9.120247232768407e-05,0.03026804293562849,8.672155842276433e-08,8.503437096182824e-08,1.0000165467507836,-0.00169269438001445,0.0016761476292310627,,
77784674c2a3,loaded,"{""etch_depth"": 0.0, ""w_rib"": 500.0, ""sidewall_angle"": 5.0, ""strip_material"": ""TiO2"", ""strip_eq"": ""(0.5+0.747358*x**2/(x**2-0.0840076)+1.03335*x**2/(x**2-0.0662413)+1.02325*x**2/(x**2-0.0448956)+1.70043*x**2/(x**2-0.0225))**0.5"", ""strip_chi2"": null, ""strip_sidewall"": 5.0, ""strip_offset"": 0.0, ""substrate_height"": 1000.0, ""topclad_height"": 800.0, ""substrate_material"": ""Al2O3"", ""topclad_material"": ""SiO2"", ""core_eq_o"": ""(1+2.8032/(1-0.015287/x**2)+0.36335/(1-0.036095/x**2)-33508000/(1+367200000/x**2))**0.5"", ""core_eq_e"": ""(1+0.017061/(1-0.043855/x**2)+3.1976/(1-0.022642/x**2)-57269000/(1-74226000/x**2))**0.5"", ""core_chi2"": ""AlN"", ""t_film"": 354.0, ""h_s"": 70.0, ""w_s"": 500.0}",screened,2,TM20,A,,TM223?,0.34702168379604426,102,227.39687006694746,,2.1007426149867388,2.1007426149867388,,0.02842885710042378,120533.87584115686,0.0021475071574926837,,,,,,,,,,,,0.02842885710042378,0.0021475071574926837,TM223?,,,,9.195489929036554e-05,0.02419667670250477,1.7639521886933122e-05,7.84258724629407e-05,0.92256751985255,0.024909425113135677,0.05252305503431418,,
77784674c2a3,loaded,"{""etch_depth"": 0.0, ""w_rib"": 500.0, ""sidewall_angle"": 5.0, ""strip_material"": ""TiO2"", ""strip_eq"": ""(0.5+0.747358*x**2/(x**2-0.0840076)+1.03335*x**2/(x**2-0.0662413)+1.02325*x**2/(x**2-0.0448956)+1.70043*x**2/(x**2-0.0225))**0.5"", ""strip_chi2"": null, ""strip_sidewall"": 5.0, ""strip_offset"": 0.0, ""substrate_height"": 1000.0, ""topclad_height"": 800.0, ""substrate_material"": ""Al2O3"", ""topclad_material"": ""SiO2"", ""core_eq_o"": ""(1+2.8032/(1-0.015287/x**2)+0.36335/(1-0.036095/x**2)-33508000/(1+367200000/x**2))**0.5"", ""core_eq_e"": ""(1+0.017061/(1-0.043855/x**2)+3.1976/(1-0.022642/x**2)-57269000/(1-74226000/x**2))**0.5"", ""core_chi2"": ""AlN"", ""t_film"": 354.0, ""h_s"": 70.0, ""w_s"": 500.0}",screened,1,TM10,S,,TM104,0.024300091658866117,81,223.53617349225465,,2.112427934070705,2.112427934070705,,0.02815543081872903,123866.11512754903,0.0023497730749661144,,,,,,,,,,,,0.02815543081872903,0.0023497730749661144,TM104,,,,8.995795850770189e-05,0.02609992604839906,6.0486738739590045e-06,1.4301106877274828e-05,0.9628054719976054,0.014657131900798205,0.022537396101596455,,
77784674c2a3,loaded,"{""etch_depth"": 0.0, ""w_rib"": 500.0, ""sidewall_angle"": 5.0, ""strip_material"": ""TiO2"", ""strip_eq"": ""(0.5+0.747358*x**2/(x**2-0.0840076)+1.03335*x**2/(x**2-0.0662413)+1.02325*x**2/(x**2-0.0448956)+1.70043*x**2/(x**2-0.0225))**0.5"", ""strip_chi2"": null, ""strip_sidewall"": 5.0, ""strip_offset"": 0.0, ""substrate_height"": 1000.0, ""topclad_height"": 800.0, ""substrate_material"": ""Al2O3"", ""topclad_material"": ""SiO2"", ""core_eq_o"": ""(1+2.8032/(1-0.015287/x**2)+0.36335/(1-0.036095/x**2)-33508000/(1+367200000/x**2))**0.5"", ""core_eq_e"": ""(1+0.017061/(1-0.043855/x**2)+3.1976/(1-0.022642/x**2)-57269000/(1-74226000/x**2))**0.5"", ""core_chi2"": ""AlN"", ""t_film"": 354.0, ""h_s"": 70.0, ""w_s"": 500.0}",screened,0,TM00,A,,TE114?,0.9577951278281047,10,215.1486079306292,,2.168781321650544,2.168781321650544,,0.02629870548126066,132280.94200207843,0.0012840165073334238,,,,,,,,,,,,0.02629870548126066,0.0012840165073334238,TE114?,,,,8.367898742922222e-05,0.023000024432486464,2.814850023195439e-07,0.00012191954412752595,0.9351837740147431,-0.003271601845097066,0.06808782783035411,,
77784674c2a3,loaded,"{""etch_depth"": 0.0, ""w_rib"": 500.0, ""sidewall_angle"": 5.0, ""strip_material"": ""TiO2"", ""strip_eq"": ""(0.5+0.747358*x**2/(x**2-0.0840076)+1.03335*x**2/(x**2-0.0662413)+1.02325*x**2/(x**2-0.0448956)+1.70043*x**2/(x**2-0.0225))**0.5"", ""strip_chi2"": null, ""strip_sidewall"": 5.0, ""strip_offset"": 0.0, ""substrate_height"": 1000.0, ""topclad_height"": 800.0, ""substrate_material"": ""Al2O3"", ""topclad_material"": ""SiO2"", ""core_eq_o"": ""(1+2.8032/(1-0.015287/x**2)+0.36335/(1-0.036095/x**2)-33508000/(1+367200000/x**2))**0.5"", ""core_eq_e"": ""(1+0.017061/(1-0.043855/x**2)+3.1976/(1-0.022642/x**2)-57269000/(1-74226000/x**2))**0.5"", ""core_chi2"": ""AlN"", ""t_film"": 354.0, ""h_s"": 70.0, ""w_s"": 500.0}",screened,1,TM10,S,,TE154?,0.9780831501156851,0,219.04485044828593,,2.1186980389915933,2.1186980389915933,,0.025742868205809327,139838.1924024295,0.00216746030736532,,,,,,,,,,,,0.025742868205809327,0.00216746030736532,TE154?,,,,8.428925291341283e-05,0.025637853118383805,2.9601115241162795e-07,7.597976769036494e-07,0.9979582227424368,-0.003390982669535717,0.005432759927098887,,
77784674c2a3,loaded,"{""etch_depth"": 0.0, ""w_rib"": 500.0, ""sidewall_angle"": 5.0, ""strip_material"": ""TiO2"", ""strip_eq"": ""(0.5+0.747358*x**2/(x**2-0.0840076)+1.03335*x**2/(x**2-0.0662413)+1.02325*x**2/(x**2-0.0448956)+1.70043*x**2/(x**2-0.0225))**0.5"", ""strip_chi2"": null, ""strip_sidewall"": 5.0, ""strip_offset"": 0.0, ""substrate_height"": 1000.0, ""topclad_height"": 800.0, ""substrate_material"": ""Al2O3"", ""topclad_material"": ""SiO2"", ""core_eq_o"": ""(1+2.8032/(1-0.015287/x**2)+0.36335/(1-0.036095/x**2)-33508000/(1+367200000/x**2))**0.5"", ""core_eq_e"": ""(1+0.017061/(1-0.043855/x**2)+3.1976/(1-0.022642/x**2)-57269000/(1-74226000/x**2))**0.5"", ""core_chi2"": ""AlN"", ""t_film"": 354.0, ""h_s"": 70.0, ""w_s"": 500.0}",screened,1,TM10,S,,TE272,0.9557468704634074,56,219.16737987005453,,2.118513672465881,2.118513672465881,,0.02198287166833143,163616.0691247462,0.001981678340409839,,,,,,,,,,,,0.02198287166833143,0.001981678340409839,TE272,,,,7.793433215645425e-05,0.022864912854901637,1.952927426480032e-07,6.2667391070548955e-06,1.0198647068048656,-0.00298058039146361,-0.01688412641340206,,
77784674c2a3,loaded,"{""etch_depth"": 0.0, ""w_rib"": 500.0, ""sidewall_angle"": 5.0, ""strip_material"": ""TiO2"", ""strip_eq"": ""(0.5+0.747358*x**2/(x**2-0.0840076)+1.03335*x**2/(x**2-0.0662413)+1.02325*x**2/(x**2-0.0448956)+1.70043*x**2/(x**2-0.0225))**0.5"", ""strip_chi2"": null, ""strip_sidewall"": 5.0, ""strip_offset"": 0.0, ""substrate_height"": 1000.0, ""topclad_height"": 800.0, ""substrate_material"": ""Al2O3"", ""topclad_material"": ""SiO2"", ""core_eq_o"": ""(1+2.8032/(1-0.015287/x**2)+0.36335/(1-0.036095/x**2)-33508000/(1+367200000/x**2))**0.5"", ""core_eq_e"": ""(1+0.017061/(1-0.043855/x**2)+3.1976/(1-0.022642/x**2)-57269000/(1-74226000/x**2))**0.5"", ""core_chi2"": ""AlN"", ""t_film"": 354.0, ""h_s"": 70.0, ""w_s"": 500.0}",screened,1,TM10,S,,TM301,0.06896337137080041,110,228.1714977105274,,2.1064172586996475,2.1064172586996475,,0.020372270629910427,165714.52935006682,0.0019855939419510475,,,,,,,,,,,,0.020372270629910427,0.0019855939419510475,TM301,,,,7.810733169292942e-05,0.01897147674238761,6.808698633161065e-07,1.7383321237584753e-05,0.9650078595045567,0.005781124702994689,0.029211015792448728,,
77784674c2a3,loaded,"{""etch_depth"": 0.0, ""w_rib"": 500.0, ""sidewall_angle"": 5.0, ""strip_material"": ""TiO2"", ""strip_eq"": ""(0.5+0.747358*x**2/(x**2-0.0840076)+1.03335*x**2/(x**2-0.0662413)+1.02325*x**2/(x**2-0.0448956)+1.70043*x**2/(x**2-0.0225))**0.5"", ""strip_chi2"": null, ""strip_sidewall"": 5.0, ""strip_offset"": 0.0, ""substrate_height"": 1000.0, ""topclad_height"": 800.0, ""substrate_material"": ""Al2O3"", ""topclad_material"": ""SiO2"", ""core_eq_o"": ""(1+2.8032/(1-0.015287/x**2)+0.36335/(1-0.036095/x**2)-33508000/(1+367200000/x**2))**0.5"", ""core_eq_e"": ""(1+0.017061/(1-0.043855/x**2)+3.1976/(1-0.022642/x**2)-57269000/(1-74226000/x**2))**0.5"", ""core_chi2"": ""AlN"", ""t_film"": 354.0, ""h_s"": 70.0, ""w_s"": 500.0}",screened,3,TE00,S,,TM183,0.033201030361299885,113,225.2453531064842,,2.1512165327036423,2.1512165327036423,,0.019666909410453105,165369.6647151151,0.06088731142899067,,,,,,,,,,,,0.019666909410453105,0.06088731142899067,TM183,,,,7.575906200797001e-05,0.0004485805281576962,0.014071896575047947,1.8836795414317184e-07,0.15102614962251795,0.8458790299711686,0.0030948204063132975,,
77784674c2a3,loaded,"{""etch_depth"": 0.0, ""w_rib"": 500.0, ""sidewall_angle"": 5.0, ""strip_material"": ""TiO2"", ""strip_eq"": ""(0.5+0.747358*x**2/(x**2-0.0840076)+1.03335*x**2/(x**2-0.0662413)+1.02325*x**2/(x**2-0.0448956)+1.70043*x**2/(x**2-0.0225))**0.5"", ""strip_chi2"": null, ""strip_sidewall"": 5.0, ""strip_offset"": 0.0, ""substrate_height"": 1000.0, ""topclad_height"": 800.0, ""substrate_material"": ""Al2O3"", ""topclad_material"": ""SiO2"", ""core_eq_o"": ""(1+2.8032/(1-0.015287/x**2)+0.36335/(1-0.036095/x**2)-33508000/(1+367200000/x**2))**0.5"", ""core_eq_e"": ""(1+0.017061/(1-0.043855/x**2)+3.1976/(1-0.022642/x**2)-57269000/(1-74226000/x**2))**0.5"", ""core_chi2"": ""AlN"", ""t_film"": 354.0, ""h_s"": 70.0, ""w_s"": 500.0}",screened,0,TM00,A,,TE173?,0.943787966926039,62,219.3220901268687,,2.1598833063465617,2.1598833063465617,,0.01858078100421328,182404.87611222186,0.0012427697363277853,,,,,,,,,,,,0.01858078100421328,0.0012427697363277853,TE173?,,,,7.170097289223241e-05,0.018086654024886545,2.1512584363666395e-07,1.8520229476179793e-06,0.9866136806836069,0.00340262674186835,0.009983692574524831,,
77784674c2a3,loaded,"{""etch_depth"": 0.0, ""w_rib"": 500.0, ""sidewall_angle"": 5.0, ""strip_material"": ""TiO2"", ""strip_eq"": ""(0.5+0.747358*x**2/(x**2-0.0840076)+1.03335*x**2/(x**2-0.0662413)+1.02325*x**2/(x**2-0.0448956)+1.70043*x**2/(x**2-0.0225))**0.5"", ""strip_chi2"": null, ""strip_sidewall"": 5.0, ""strip_offset"": 0.0, ""substrate_height"": 1000.0, ""topclad_height"": 800.0, ""substrate_material"": ""Al2O3"", ""topclad_material"": ""SiO2"", ""core_eq_o"": ""(1+2.8032/(1-0.015287/x**2)+0.36335/(1-0.036095/x**2)-33508000/(1+367200000/x**2))**0.5"", ""core_eq_e"": ""(1+0.017061/(1-0.043855/x**2)+3.1976/(1-0.022642/x**2)-57269000/(1-74226000/x**2))**0.5"", ""core_chi2"": ""AlN"", ""t_film"": 354.0, ""h_s"": 70.0, ""w_s"": 500.0}",screened,1,TM10,S,,TM64,0.0338107311263322,100,225.219838432327,,2.110149345462285,2.110149345462285,,0.01750763737127905,196868.2205280026,0.0018896483920995497,,,,,,,,,,,,0.01750763737127905,0.0018896483920995497,TM64,,,,7.147120495592355e-05,0.01882130020454015,1.178026801264562e-06,1.4356107911839674e-05,1.0368383197566335,-0.008202831948780147,-0.028635487807853334,,
77784674c2a3,loaded,"{""etch_depth"": 0.0, ""w_rib"": 500.0, ""sidewall_angle"": 5.0, ""strip_material"": ""TiO2"", ""strip_eq"": ""(0.5+0.747358*x**2/(x**2-0.0840076)+1.03335*x**2/(x**2-0.0662413)+1.02325*x**2/(x**2-0.0448956)+1.70043*x**2/(x**2-0.0225))**0.5"", ""strip_chi2"": null, ""strip_sidewall"": 5.0, ""strip_offset"": 0.0, ""substrate_height"": 1000.0, ""topclad_height"": 800.0, ""substrate_material"": ""Al2O3"", ""topclad_material"": ""SiO2"", ""core_eq_o"": ""(1+2.8032/(1-0.015287/x**2)+0.36335/(1-0.036095/x**2)-33508000/(1+367200000/x**2))**0.5"", ""core_eq_e"": ""(1+0.017061/(1-0.043855/x**2)+3.1976/(1-0.022642/x**2)-57269000/(1-74226000/x**2))**0.5"", ""core_chi2"": ""AlN"", ""t_film"": 354.0, ""h_s"": 70.0, ""w_s"": 500.0}",screened,1,TM10,S,,TE94,0.9772316468073684,32,219.77779147149462,,2.1175952035415393,2.1175952035415393,,0.017184928779318404,208406.7801935615,0.0017802527584538173,,,,,,,,,,,,0.017184928779318404,0.0017802527584538173,TE94,,,,6.909845920345103e-05,0.016904773452262198,5.04090206889599e-08,7.198194405159018e-07,0.9918153128932546,0.0017126959149856623,0.006471991191759615,,
77784674c2a3,loaded,"{""etch_depth"": 0.0, ""w_rib"": 500.0, ""sidewall_angle"": 5.0, ""strip_material"": ""TiO2"", ""strip_eq"": ""(0.5+0.747358*x**2/(x**2-0.0840076)+1.03335*x**2/(x**2-0.0662413)+1.02325*x**2/(x**2-0.0448956)+1.70043*x**2/(x**2-0.0225))**0.5"", ""strip_chi2"": null, ""strip_sidewall"": 5.0, ""strip_offset"": 0.0, ""substrate_height"": 1000.0, ""topclad_height"": 800.0, ""substrate_material"": ""Al2O3"", ""topclad_material"": ""SiO2"", ""core_eq_o"": ""(1+2.8032/(1-0.015287/x**2)+0.36335/(1-0.036095/x**2)-33508000/(1+367200000/x**2))**0.5"", ""core_eq_e"": ""(1+0.017061/(1-0.043855/x**2)+3.1976/(1-0.022642/x**2)-57269000/(1-74226000/x**2))**0.5"", ""core_chi2"": ""AlN"", ""t_film"": 354.0, ""h_s"": 70.0, ""w_s"": 500.0}",screened,1,TM10,S,,TE173,0.840739488310772,92,224.6275510541481,,2.1109363389976643,2.1109363389976643,,0.016258915947467603,212869.27692729005,0.00178001663483196,,,,,,,,,,,,0.016258915947467603,0.00178001663483196,TE173,,,,6.869411067628682e-05,0.014670075660468445,8.979905626493768e-07,2.9623449856239127e-05,0.9498835876793708,0.007431732913304918,0.042684679407324164,,
77784674c2a3,loaded,"{""etch_depth"": 0.0, ""w_rib"": 500.0, ""sidewall_angle"": 5.0, ""strip_material"": ""TiO2"", ""strip_eq"": ""(0.5+0.747358*x**2/(x**2-0.0840076)+1.03335*x**2/(x**2-0.0662413)+1.02325*x**2/(x**2-0.0448956)+1.70043*x**2/(x**2-0.0225))**0.5"", ""strip_chi2"": null, ""strip_sidewall"": 5.0, ""strip_offset"": 0.0, ""substrate_height"": 1000.0, ""topclad_height"": 800.0, ""substrate_material"": ""Al2O3"", ""topclad_material"": ""SiO2"", ""core_eq_o"": ""(1+2.8032/(1-0.015287/x**2)+0.36335/(1-0.036095/x**2)-33508000/(1+367200000/x**2))**0.5"", ""core_eq_e"": ""(1+0.017061/(1-0.043855/x**2)+3.1976/(1-0.022642/x**2)-57269000/(1-74226000/x**2))**0.5"", ""core_chi2"": ""AlN"", ""t_film"": 354.0, ""h_s"": 70.0, ""w_s"": 500.0}",screened,1,TM10,S,,TM282,0.040780231053654664,90,223.93689288574188,,2.1118802674392225,2.1118802674392225,,0.015079377340622794,230628.74829951182,0.0016738163028426956,,,,,,,,,,,,0.015079377340622794,0.0016738163028426956,TM282,,,,6.595201103088718e-05,0.015067562524624213,1.056991147405e-10,3.4102213436444945e-09,0.9996081691276087,-8.372284360402768e-05,0.0004755537159951038,,
77784674c2a3,loaded,"{""etch_depth"": 0.0, ""w_rib"": 500.0, ""sidewall_angle"": 5.0, ""strip_material"": ""TiO2"", ""strip_eq"": ""(0.5+0.747358*x**2/(x**2-0.0840076)+1.03335*x**2/(x**2-0.0662413)+1.02325*x**2/(x**2-0.0448956)+1.70043*x**2/(x**2-0.0225))**0.5"", ""strip_chi2"": null, ""strip_sidewall"": 5.0, ""strip_offset"": 0.0, ""substrate_height"": 1000.0, ""topclad_height"": 800.0, ""substrate_material"": ""Al2O3"", ""topclad_material"": ""SiO2"", ""core_eq_o"": ""(1+2.8032/(1-0.015287/x**2)+0.36335/(1-0.036095/x**2)-33508000/(1+367200000/x**2))**0.5"", ""core_eq_e"": ""(1+0.017061/(1-0.043855/x**2)+3.1976/(1-0.022642/x**2)-57269000/(1-74226000/x**2))**0.5"", ""core_chi2"": ""AlN"", ""t_film"": 354.0, ""h_s"": 70.0, ""w_s"": 500.0}",screened,0,TM00,A,,TE251?,0.9192942849541947,88,222.8999573638552,,2.1530969469579917,2.1530969469579917,,0.014789314222799414,223973.8222529415,0.0010133928833677237,,,,,,,,,,,,0.014789314222799414,0.0010133928833677237,TE251?,,,,6.501217470139107e-05,0.01393189618313156,1.024377960108715e-10,1.2728837102336005e-05,0.9705794607647958,8.322543902185009e-05,0.02933731379618244,,
77784674c2a3,loaded,"{""etch_depth"": 0.0, ""w_rib"": 500.0, ""sidewall_angle"": 5.0, ""strip_material"": ""TiO2"", ""strip_eq"": ""(0.5+0.747358*x**2/(x**2-0.0840076)+1.03335*x**2/(x**2-0.0662413)+1.02325*x**2/(x**2-0.0448956)+1.70043*x**2/(x**2-0.0225))**0.5"", ""strip_chi2"": null, ""strip_sidewall"": 5.0, ""strip_offset"": 0.0, ""substrate_height"": 1000.0, ""topclad_height"": 800.0, ""substrate_material"": ""Al2O3"", ""topclad_material"": ""SiO2"", ""core_eq_o"": ""(1+2.8032/(1-0.015287/x**2)+0.36335/(1-0.036095/x**2)-33508000/(1+367200000/x**2))**0.5"", ""core_eq_e"": ""(1+0.017061/(1-0.043855/x**2)+3.1976/(1-0.022642/x**2)-57269000/(1-74226000/x**2))**0.5"", ""core_chi2"": ""AlN"", ""t_film"": 354.0, ""h_s"": 70.0, ""w_s"": 500.0}",screened,2,TM20,A,,TM164?,0.0338107311263322,100,225.5504159573207,,2.103093320898588,2.103093320898588,,0.014653453408802057,236893.4971060006,0.0015456010662246215,,,,,,,,,,,,0.014653453408802057,0.0015456010662246215,TM164?,,,,6.548235899199385e-05,0.012941225544137756,6.149006199222586e-06,2.3157489854344163e-05,0.9397616304953519,0.020484835064415587,0.03975353444023238,,
77784674c2a3,loaded,"{""etch_depth"": 0.0, ""w_rib"": 500.0, ""sidewall_angle"": 5.0, ""strip_material"": ""TiO2"", ""strip_eq"": ""(0.5+0.747358*x**2/(x**2-0.0840076)+1.03335*x**2/(x**2-0.0662413)+1.02325*x**2/(x**2-0.0448956)+1.70043*x**2/(x**2-0.0225))**0.5"", ""strip_chi2"": null, ""strip_sidewall"": 5.0, ""strip_offset"": 0.0, ""substrate_height"": 1000.0, ""topclad_height"": 800.0, ""substrate_material"": ""Al2O3"", ""topclad_material"": ""SiO2"", ""core_eq_o"": ""(1+2.8032/(1-0.015287/x**2)+0.36335/(1-0.036095/x**2)-33508000/(1+367200000/x**2))**0.5"", ""core_eq_e"": ""(1+0.017061/(1-0.043855/x**2)+3.1976/(1-0.022642/x**2)-57269000/(1-74226000/x**2))**0.5"", ""core_chi2"": ""AlN"", ""t_film"": 354.0, ""h_s"": 70.0, ""w_s"": 500.0}",screened,1,TM10,S,,TE292,0.93717570635471,15,216.10630687864395,,2.123119581677172,2.123119581677172,,0.012083095695715262,304172.22758070915,0.0014348999758527915,,,,,,,,,,,,0.012083095695715262,0.0014348999758527915,TE292,,,,5.6972757407100453e-05,0.011592265275993479,5.166550522114262e-07,8.847888252915601e-06,0.9794788168158808,-0.006538998425297025,0.02706018160941612,,
77784674c2a3,loaded,"{""etch_depth"": 0.0, ""w_rib"": 500.0, ""sidewall_angle"": 5.0, ""strip_material"": ""TiO2"", ""strip_eq"": ""(0.5+0.747358*x**2/(x**2-0.0840076)+1.03335*x**2/(x**2-0.0662413)+1.02325*x**2/(x**2-0.0448956)+1.70043*x**2/(x**2-0.0225))**0.5"", ""strip_chi2"": null, ""strip_sidewall"": 5.0, ""strip_offset"": 0.0, ""substrate_height"": 1000.0, ""topclad_height"": 800.0, ""substrate_material"": ""Al2O3"", ""topclad_material"": ""SiO2"", ""core_eq_o"": ""(1+2.8032/(1-0.015287/x**2)+0.36335/(1-0.036095/x**2)-33508000/(1+367200000/x**2))**0.5"", ""core_eq_e"": ""(1+0.017061/(1-0.043855/x**2)+3.1976/(1-0.022642/x**2)-57269000/(1-74226000/x**2))**0.5"", ""core_chi2"": ""AlN"", ""t_film"": 354.0, ""h_s"": 70.0, ""w_s"": 500.0}",screened,0,TM00,A,,TE124,0.5923322269152071,63,219.22021154021488,,2.160100515185744,2.160100515185744,,0.011737246689893111,288939.3723814534,0.0009354837732612478,,,,,,,,,,,,0.011737246689893111,0.0009354837732612478,TE124,,,,5.6960579485557186e-05,0.011924866331065785,1.138583206542833e-06,3.7229938466558158e-06,1.0079608022843973,0.009849161770077493,-0.017809964054474735,,
77784674c2a3,loaded,"{""etch_depth"": 0.0, ""w_rib"": 500.0, ""sidewall_angle"": 5.0, ""strip_material"": ""TiO2"", ""strip_eq"": ""(0.5+0.747358*x**2/(x**2-0.0840076)+1.03335*x**2/(x**2-0.0662413)+1.02325*x**2/(x**2-0.0448956)+1.70043*x**2/(x**2-0.0225))**0.5"", ""strip_chi2"": null, ""strip_sidewall"": 5.0, ""strip_offset"": 0.0, ""substrate_height"": 1000.0, ""topclad_height"": 800.0, ""substrate_material"": ""Al2O3"", ""topclad_material"": ""SiO2"", ""core_eq_o"": ""(1+2.8032/(1-0.015287/x**2)+0.36335/(1-0.036095/x**2)-33508000/(1+367200000/x**2))**0.5"", ""core_eq_e"": ""(1+0.017061/(1-0.043855/x**2)+3.1976/(1-0.022642/x**2)-57269000/(1-74226000/x**2))**0.5"", ""core_chi2"": ""AlN"", ""t_film"": 354.0, ""h_s"": 70.0, ""w_s"": 500.0}",screened,0,TM00,A,,TM281,0.019524937533337797,133,229.5695669313155,,2.141828891122756,2.141828891122756,,0.011614059056376637,273142.3532561028,0.00092199619007748,,,,,,,,,,,,0.011614059056376637,0.00092199619007748,TM281,,,,5.9335829782033836e-05,0.012142867433152484,3.1909901663252595e-07,3.464241461528763e-06,1.022512466975855,-0.005241682580089804,-0.017270784395765144,,
77784674c2a3,loaded,"{""etch_depth"": 0.0, ""w_rib"": 500.0, ""sidewall_angle"": 5.0, ""strip_material"": ""TiO2"", ""strip_eq"": ""(0.5+0.747358*x**2/(x**2-0.0840076)+1.03335*x**2/(x**2-0.0662413)+1.02325*x**2/(x**2-0.0448956)+1.70043*x**2/(x**2-0.0225))**0.5"", ""strip_chi2"": null, ""strip_sidewall"": 5.0, ""strip_offset"": 0.0, ""substrate_height"": 1000.0, ""topclad_height"": 800.0, ""substrate_material"": ""Al2O3"", ""topclad_material"": ""SiO2"", ""core_eq_o"": ""(1+2.8032/(1-0.015287/x**2)+0.36335/(1-0.036095/x**2)-33508000/(1+367200000/x**2))**0.5"", ""core_eq_e"": ""(1+0.017061/(1-0.043855/x**2)+3.1976/(1-0.022642/x**2)-57269000/(1-74226000/x**2))**0.5"", ""core_chi2"": ""AlN"", ""t_film"": 354.0, ""h_s"": 70.0, ""w_s"": 500.0}",screened,2,TM20,A,,TM84,0.26793782349771433,91,224.90657298617114,,2.103919700295371,2.103919700295371,,0.011002226766387525,316944.81795865286,0.001343278591343209,,,,,,,,,,,,0.011002226766387525,0.001343278591343209,TM84,,,,5.657872210238483e-05,0.010479729463527888,7.495141595740706e-07,2.7397046765690272e-06,0.9759661155905792,0.008253717970222419,0.015780166439198398,,
77784674c2a3,loaded,"{""etch_depth"": 0.0, ""w_rib"": 500.0, ""sidewall_angle"": 5.0, ""strip_material"": ""TiO2"", ""strip_eq"": ""(0.5+0.747358*x**2/(x**2-0.0840076)+1.03335*x**2/(x**2-0.0662413)+1.02325*x**2/(x**2-0.0448956)+1.70043*x**2/(x**2-0.0225))**0.5"", ""strip_chi2"": null, ""strip_sidewall"": 5.0, ""strip_offset"": 0.0, ""substrate_height"": 1000.0, ""topclad_height"": 800.0, ""substrate_material"": ""Al2O3"", ""topclad_material"": ""SiO2"", ""core_eq_o"": ""(1+2.8032/(1-0.015287/x**2)+0.36335/(1-0.036095/x**2)-33508000/(1+367200000/x**2))**0.5"", ""core_eq_e"": ""(1+0.017061/(1-0.043855/x**2)+3.1976/(1-0.022642/x**2)-57269000/(1-74226000/x**2))**0.5"", ""core_chi2"": ""AlN"", ""t_film"": 354.0, ""h_s"": 70.0, ""w_s"": 500.0}",screened,1,TM10,S,,TE153,0.946009482034961,112,228.08535594650533,,2.1065261766020598,2.1065261766020598,,0.010237117078222972,329976.4667781017,0.001435317047370539,,,,,,,,,,,,0.010237117078222972,0.001435317047370539,TE153,,,,5.5347362224735595e-05,0.009546414405964872,3.960028122875704e-07,8.086047776936557e-06,0.9656757073951158,0.006219569139414766,0.028104723465469578,,
77784674c2a3,loaded,"{""etch_depth"": 0.0, ""w_rib"": 500.0, ""sidewall_angle"": 5.0, ""strip_material"": ""TiO2"", ""strip_eq"": ""(0.5+0.747358*x**2/(x**2-0.0840076)+1.03335*x**2/(x**2-0.0662413)+1.02325*x**2/(x**2-0.0448956)+1.70043*x**2/(x**2-0.0225))**0.5"", ""strip_chi2"": null, ""strip_sidewall"": 5.0, ""strip_offset"": 0.0, ""substrate_height"": 1000.0, ""topclad_height"": 800.0, ""substrate_material"": ""Al2O3"", ""topclad_material"": ""SiO2"", ""core_eq_o"": ""(1+2.8032/(1-0.015287/x**2)+0.36335/(1-0.036095/x**2)-33508000/(1+367200000/x**2))**0.5"", ""core_eq_e"": ""(1+0.017061/(1-0.043855/x**2)+3.1976/(1-0.022642/x**2)-57269000/(1-74226000/x**2))**0.5"", ""core_chi2"": ""AlN"", ""t_film"": 354.0, ""h_s"": 70.0, ""w_s"": 500.0}",screened,1,TM10,S,,TM183,0.04536705264482906,122,229.24958139447892,,2.1050541264859777,2.1050541264859777,,0.009558546432999504,350555.88780287444,0.0013902238550442874,,,,,,,,,,,,0.009558546432999504,0.0013902238550442874,TM183,,,,5.375454232780333e-05,0.009217237785802808,7.533982685184021e-07,7.981407656489853e-07,0.9819841289460542,0.008878025370974006,0.009137845682971888,,
77784674c2a3,loaded,"{""etch_depth"": 0.0, ""w_rib"": 500.0, ""sidewall_angle"": 5.0, ""strip_material"": ""TiO2"", ""strip_eq"": ""(0.5+0.747358*x**2/(x**2-0.0840076)+1.03335*x**2/(x**2-0.0662413)+1.02325*x**2/(x**2-0.0448956)+1.70043*x**2/(x**2-0.0225))**0.5"", ""strip_chi2"": null, ""strip_sidewall"": 5.0, ""strip_offset"": 0.0, ""substrate_height"": 1000.0, ""topclad_height"": 800.0, ""substrate_material"": ""Al2O3"", ""topclad_material"": ""SiO2"", ""core_eq_o"": ""(1+2.8032/(1-0.015287/x**2)+0.36335/(1-0.036095/x**2)-33508000/(1+367200000/x**2))**0.5"", ""core_eq_e"": ""(1+0.017061/(1-0.043855/x**2)+3.1976/(1-0.022642/x**2)-57269000/(1-74226000/x**2))**0.5"", ""core_chi2"": ""AlN"", ""t_film"": 354.0, ""h_s"": 70.0, ""w_s"": 500.0}",screened,1,TM10,S,,TE154,0.9575692022072916,20,215.14773297685812,,2.1245619204833126,2.1245619204833126,,0.008200296553077902,451278.5983111503,0.0011673196408122318,,,,,,,,,,,,0.008200296553077902,0.0011673196408122318,TE154,,,,4.672639151878579e-05,0.007266461077108663,3.094730409345086e-08,3.011668935455897e-05,0.9413403971412412,-0.0019426592575070673,0.06060226211626597,,
77784674c2a3,loaded,"{""etch_depth"": 0.0, ""w_rib"": 500.0, ""sidewall_angle"": 5.0, ""strip_material"": ""TiO2"", ""strip_eq"": ""(0.5+0.747358*x**2/(x**2-0.0840076)+1.03335*x**2/(x**2-0.0662413)+1.02325*x**2/(x**2-0.0448956)+1.70043*x**2/(x**2-0.0225))**0.5"", ""strip_chi2"": null, ""strip_sidewall"": 5.0, ""strip_offset"": 0.0, ""substrate_height"": 1000.0, ""topclad_height"": 800.0, ""substrate_material"": ""Al2O3"", ""topclad_material"": ""SiO2"", ""core_eq_o"": ""(1+2.8032/(1-0.015287/x**2)+0.36335/(1-0.036095/x**2)-33508000/(1+367200000/x**2))**0.5"", ""core_eq_e"": ""(1+0.017061/(1-0.043855/x**2)+3.1976/(1-0.022642/x**2)-57269000/(1-74226000/x**2))**0.5"", ""core_chi2"": ""AlN"", ""t_film"": 354.0, ""h_s"": 70.0, ""w_s"": 500.0}",screened,1,TM10,S,,TM243?,0.06535601998419197,74,221.816730453147,,2.1147779116174825,2.1147779116174825,,0.007984073297542369,442128.6037279844,0.0012057006654899514,,,,,,,,,,,,0.007984073297542369,0.0012057006654899514,TM243?,,,,4.75354103576305e-05,0.007960654139919608,3.4450562073443257e-07,2.0775563547429337e-07,0.9985323057885618,0.006568797870410198,-0.005101103658972081,,
77784674c2a3,loaded,"{""etch_depth"": 0.0, ""w_rib"": 500.0, ""sidewall_angle"": 5.0, ""strip_material"": ""TiO2"", ""strip_eq"": ""(0.5+0.747358*x**2/(x**2-0.0840076)+1.03335*x**2/(x**2-0.0662413)+1.02325*x**2/(x**2-0.0448956)+1.70043*x**2/(x**2-0.0225))**0.5"", ""strip_chi2"": null, ""strip_sidewall"": 5.0, ""strip_offset"": 0.0, ""substrate_height"": 1000.0, ""topclad_height"": 800.0, ""substrate_material"": ""Al2O3"", ""topclad_material"": ""SiO2"", ""core_eq_o"": ""(1+2.8032/(1-0.015287/x**2)+0.36335/(1-0.036095/x**2)-33508000/(1+367200000/x**2))**0.5"", ""core_eq_e"": ""(1+0.017061/(1-0.043855/x**2)+3.1976/(1-0.022642/x**2)-57269000/(1-74226000/x**2))**0.5"", ""core_chi2"": ""AlN"", ""t_film"": 354.0, ""h_s"": 70.0, ""w_s"": 500.0}",screened,1,TM10,S,,TE213,0.9832295600695529,67,219.52059148738027,,2.117982205020857,2.117982205020857,,0.007764320197982572,462099.11600560177,0.0011640947732594103,,,,,,,,,,,,0.007764320197982572,0.0011640947732594103,TE213,,,,4.639142073741336e-05,0.008236113691314356,5.479865622402368e-08,5.7771278677145135e-06,1.0299341248276115,-0.0026566432324479396,-0.027277481595163515,,
77784674c2a3,loaded,"{""etch_depth"": 0.0, ""w_rib"": 500.0, ""sidewall_angle"": 5.0, ""strip_material"": ""TiO2"", ""strip_eq"": ""(0.5+0.747358*x**2/(x**2-0.0840076)+1.03335*x**2/(x**2-0.0662413)+1.02325*x**2/(x**2-0.0448956)+1.70043*x**2/(x**2-0.0225))**0.5"", ""strip_chi2"": null, ""strip_sidewall"": 5.0, ""strip_offset"": 0.0, ""substrate_height"": 1000.0, ""topclad_height"": 800.0, ""substrate_material"": ""Al2O3"", ""topclad_material"": ""SiO2"", ""core_eq_o"": ""(1+2.8032/(1-0.015287/x**2)+0.36335/(1-0.036095/x**2)-33508000/(1+367200000/x**2))**0.5"", ""core_eq_e"": ""(1+0.017061/(1-0.043855/x**2)+3.1976/(1-0.022642/x**2)-57269000/(1-74226000/x**2))**0.5"", ""core_chi2"": ""AlN"", ""t_film"": 354.0, ""h_s"": 70.0, ""w_s"": 500.0}",screened,1,TM10,S,,TM361?,0.03553749812305945,40,220.4382140168443,,2.1166619418525623,2.1166619418525623,,0.0076441995610011335,466332.5571570792,0.0011532793520256308,,,,,,,,,,,,0.0076441995610011335,0.0011532793520256308,TM361?,,,,4.622358038727926e-05,0.007481576666592116,3.260048352448231e-08,1.2444773713000232e-06,0.989305804470419,-0.0020651234231188103,0.012759318952699729,,
77784674c2a3,loaded,"{""etch_depth"": 0.0, ""w_rib"": 500.0, ""sidewall_angle"": 5.0, ""strip_material"": ""TiO2"", ""strip_eq"": ""(0.5+0.747358*x**2/(x**2-0.0840076)+1.03335*x**2/(x**2-0.0662413)+1.02325*x**2/(x**2-0.0448956)+1.70043*x**2/(x**2-0.0225))**0.5"", ""strip_chi2"": null, ""strip_sidewall"": 5.0, ""strip_offset"": 0.0, ""substrate_height"": 1000.0, ""topclad_height"": 800.0, ""substrate_material"": ""Al2O3"", ""topclad_material"": ""SiO2"", ""core_eq_o"": ""(1+2.8032/(1-0.015287/x**2)+0.36335/(1-0.036095/x**2)-33508000/(1+367200000/x**2))**0.5"", ""core_eq_e"": ""(1+0.017061/(1-0.043855/x**2)+3.1976/(1-0.022642/x**2)-57269000/(1-74226000/x**2))**0.5"", ""core_chi2"": ""AlN"", ""t_film"": 354.0, ""h_s"": 70.0, ""w_s"": 500.0}",screened,1,TM10,S,,TM282?,0.12525600183347405,12,217.17101725976673,,2.1215175423381787,2.1215175423381787,,0.007569819179595476,481866.689699689,0.0011187217150112857,,,,,,,,,,,,0.007569819179595476,0.0011187217150112857,TM282?,,,,4.531639029954165e-05,0.0075738918012163365,4.0799223270793467e-07,3.786448404308631e-07,1.000268967718781,-0.0073414728114794495,0.007072505092698265,,
77784674c2a3,loaded,"{""etch_depth"": 0.0, ""w_rib"": 500.0, ""sidewall_angle"": 5.0, ""strip_material"": ""TiO2"", ""strip_eq"": ""(0.5+0.747358*x**2/(x**2-0.0840076)+1.03335*x**2/(x**2-0.0662413)+1.02325*x**2/(x**2-0.0448956)+1.70043*x**2/(x**2-0.0225))**0.5"", ""strip_chi2"": null, ""strip_sidewall"": 5.0, ""strip_offset"": 0.0, ""substrate_height"": 1000.0, ""topclad_height"": 800.0, ""substrate_material"": ""Al2O3"", ""topclad_material"": ""SiO2"", ""core_eq_o"": ""(1+2.8032/(1-0.015287/x**2)+0.36335/(1-0.036095/x**2)-33508000/(1+367200000/x**2))**0.5"", ""core_eq_e"": ""(1+0.017061/(1-0.043855/x**2)+3.1976/(1-0.022642/x**2)-57269000/(1-74226000/x**2))**0.5"", ""core_chi2"": ""AlN"", ""t_film"": 354.0, ""h_s"": 70.0, ""w_s"": 500.0}",screened,3,TE00,S,,TM123?,0.02263319351855578,129,229.8475147145353,,2.1349676991391044,2.1349676991391044,,0.007456256080830154,428530.42164601316,0.03680499343098159,,,,,,,,,,,,0.007456256080830154,0.03680499343098159,TM123?,,,,4.760043372588532e-05,1.421377855532952e-05,0.007355152178752097,1.8988225214399178e-05,-0.04366106901265058,0.9931970564844127,0.05046401252823784,,
77784674c2a3,loaded,"{""etch_depth"": 0.0, ""w_rib"": 500.0, ""sidewall_angle"": 5.0, ""strip_material"": ""TiO2"", ""strip_eq"": ""(0.5+0.747358*x**2/(x**2-0.0840076)+1.03335*x**2/(x**2-0.0662413)+1.02325*x**2/(x**2-0.0448956)+1.70043*x**2/(x**2-0.0225))**0.5"", ""strip_chi2"": null, ""strip_sidewall"": 5.0, ""strip_offset"": 0.0, ""substrate_height"": 1000.0, ""topclad_height"": 800.0, ""substrate_material"": ""Al2O3"", ""topclad_material"": ""SiO2"", ""core_eq_o"": ""(1+2.8032/(1-0.015287/x**2)+0.36335/(1-0.036095/x**2)-33508000/(1+367200000/x**2))**0.5"", ""core_eq_e"": ""(1+0.017061/(1-0.043855/x**2)+3.1976/(1-0.022642/x**2)-57269000/(1-74226000/x**2))**0.5"", ""core_chi2"": ""AlN"", ""t_film"": 354.0, ""h_s"": 70.0, ""w_s"": 500.0}",screened,2,TM20,A,,TM223?,0.16289375641912826,77,220.25442159734848,,2.1101763421943067,2.1101763421943067,,0.006557669805827831,549542.0868095431,0.0010218264756150287,,,,,,,,,,,,0.006557669805827831,0.0010218264756150287,TM223?,,,,4.27769777986957e-05,0.0065428825879643515,1.3339145736290716e-09,1.6352430147996992e-08,0.9988718886568685,-0.00045101318276835037,0.0015791245258997924,,
77784674c2a3,loaded,"{""etch_depth"": 0.0, ""w_rib"": 500.0, ""sidewall_angle"": 5.0, ""strip_material"": ""TiO2"", ""strip_eq"": ""(0.5+0.747358*x**2/(x**2-0.0840076)+1.03335*x**2/(x**2-0.0662413)+1.02325*x**2/(x**2-0.0448956)+1.70043*x**2/(x**2-0.0225))**0.5"", ""strip_chi2"": null, ""strip_sidewall"": 5.0, ""strip_offset"": 0.0, ""substrate_height"": 1000.0, ""topclad_height"": 800.0, ""substrate_material"": ""Al2O3"", ""topclad_material"": ""SiO2"", ""core_eq_o"": ""(1+2.8032/(1-0.015287/x**2)+0.36335/(1-0.036095/x**2)-33508000/(1+367200000/x**2))**0.5"", ""core_eq_e"": ""(1+0.017061/(1-0.043855/x**2)+3.1976/(1-0.022642/x**2)-57269000/(1-74226000/x**2))**0.5"", ""core_chi2"": ""AlN"", ""t_film"": 354.0, ""h_s"": 70.0, ""w_s"": 500.0}",screened,0,TM00,A,,TE311?,0.985981733498093,3,215.80288723595402,,2.16738637445822,2.16738637445822,,0.006118530266634089,566220.2450106976,0.0005972456683568145,,,,,,,,,,,,0.006118530266634089,0.0005972456683568145,TE311?,,,,4.0484753314950025e-05,0.006749007194177662,9.099899223594271e-09,1.4714230894247213e-05,1.050258945235679,-0.0012195363090867423,-0.04903940892659223,,
77784674c2a3,loaded,"{""etch_depth"": 0.0, ""w_rib"": 500.0, ""sidewall_angle"": 5.0, ""strip_material"": ""TiO2"", ""strip_eq"": ""(0.5+0.747358*x**2/(x**2-0.0840076)+1.03335*x**2/(x**2-0.0662413)+1.02325*x**2/(x**2-0.0448956)+1.70043*x**2/(x**2-0.0225))**0.5"", ""strip_chi2"": null, ""strip_sidewall"": 5.0, ""strip_offset"": 0.0, ""substrate_height"": 1000.0, ""topclad_height"": 800.0, ""substrate_material"": ""Al2O3"", ""topclad_material"": ""SiO2"", ""core_eq_o"": ""(1+2.8032/(1-0.015287/x**2)+0.36335/(1-0.036095/x**2)-33508000/(1+367200000/x**2))**0.5"", ""core_eq_e"": ""(1+0.017061/(1-0.043855/x**2)+3.1976/(1-0.022642/x**2)-57269000/(1-74226000/x**2))**0.5"", ""core_chi2"": ""AlN"", ""t_film"": 354.0, ""h_s"": 70.0, ""w_s"": 500.0}",screened,0,TM00,A,,TE252?,0.8157855825846447,64,219.2124739893977,,2.1601170119245223,2.1601170119245223,,0.0049171754327120365,689728.167782932,0.0005802080208471486,,,,,,,,,,,,0.0049171754327120365,0.0005802080208471486,TE252?,,,,3.686666097277498e-05,0.005304862240790345,1.1175429004377275e-07,5.653049236684743e-06,1.038673863944387,-0.004767319407710998,-0.03390654453667603,,
77784674c2a3,loaded,"{""etch_depth"": 0.0, ""w_rib"": 500.0, ""sidewall_angle"": 5.0, ""strip_material"": ""TiO2"", ""strip_eq"": ""(0.5+0.747358*x**2/(x**2-0.0840076)+1.03335*x**2/(x**2-0.0662413)+1.02325*x**2/(x**2-0.0448956)+1.70043*x**2/(x**2-0.0225))**0.5"", ""strip_chi2"": null, ""strip_sidewall"": 5.0, ""strip_offset"": 0.0, ""substrate_height"": 1000.0, ""topclad_height"": 800.0, ""substrate_material"": ""Al2O3"", ""topclad_material"": ""SiO2"", ""core_eq_o"": ""(1+2.8032/(1-0.015287/x**2)+0.36335/(1-0.036095/x**2)-33508000/(1+367200000/x**2))**0.5"", ""core_eq_e"": ""(1+0.017061/(1-0.043855/x**2)+3.1976/(1-0.022642/x**2)-57269000/(1-74226000/x**2))**0.5"", ""core_chi2"": ""AlN"", ""t_film"": 354.0, ""h_s"": 70.0, ""w_s"": 500.0}",screened,1,TM10,S,,TE311?,0.9189255519481395,3,218.23629677602312,,2.1199146466377843,2.1199146466377843,,0.004887123129580844,740787.5070477184,0.0009091533399455707,,,,,,,,,,,,0.004887123129580844,0.0009091533399455707,TE311?,,,,3.659016047961459e-05,0.004725371443136579,2.142215106150917e-09,1.2551629584556876e-06,0.983311992031557,0.0006620715074125577,0.016025936461030243,,
77784674c2a3,loaded,"{""etch_depth"": 0.0, ""w_rib"": 500.0, ""sidewall_angle"": 5.0, ""strip_material"": ""TiO2"", ""strip_eq"": ""(0.5+0.747358*x**2/(x**2-0.0840076)+1.03335*x**2/(x**2-0.0662413)+1.02325*x**2/(x**2-0.0448956)+1.70043*x**2/(x**2-0.0225))**0.5"", ""strip_chi2"": null, ""strip_sidewall"": 5.0, ""strip_offset"": 0.0, ""substrate_height"": 1000.0, ""topclad_height"": 800.0, ""substrate_material"": ""Al2O3"", ""topclad_material"": ""SiO2"", ""core_eq_o"": ""(1+2.8032/(1-0.015287/x**2)+0.36335/(1-0.036095/x**2)-33508000/(1+367200000/x**2))**0.5"", ""core_eq_e"": ""(1+0.017061/(1-0.043855/x**2)+3.1976/(1-0.022642/x**2)-57269000/(1-74226000/x**2))**0.5"", ""core_chi2"": ""AlN"", ""t_film"": 354.0, ""h_s"": 70.0, ""w_s"": 500.0}",screened,1,TM10,S,,TM204?,0.04173954940419439,98,225.50188509064083,,2.109792724829371,2.109792724829371,,0.004721104472590498,728605.9079221323,0.0009664508471119219,,,,,,,,,,,,0.004721104472590498,0.0009664508471119219,TM204?,,,,3.716059613386119e-05,0.0054071986393740105,2.3838374053809107e-06,1.0754429251231191e-05,1.0701985459883538,-0.022470695236708693,-0.04772785075164518,,
77784674c2a3,loaded,"{""etch_depth"": 0.0, ""w_rib"": 500.0, ""sidewall_angle"": 5.0, ""strip_material"": ""TiO2"", ""strip_eq"": ""(0.5+0.747358*x**2/(x**2-0.0840076)+1.03335*x**2/(x**2-0.0662413)+1.02325*x**2/(x**2-0.0448956)+1.70043*x**2/(x**2-0.0225))**0.5"", ""strip_chi2"": null, ""strip_sidewall"": 5.0, ""strip_offset"": 0.0, ""substrate_height"": 1000.0, ""topclad_height"": 800.0, ""substrate_material"": ""Al2O3"", ""topclad_material"": ""SiO2"", ""core_eq_o"": ""(1+2.8032/(1-0.015287/x**2)+0.36335/(1-0.036095/x**2)-33508000/(1+367200000/x**2))**0.5"", ""core_eq_e"": ""(1+0.017061/(1-0.043855/x**2)+3.1976/(1-0.022642/x**2)-57269000/(1-74226000/x**2))**0.5"", ""core_chi2"": ""AlN"", ""t_film"": 354.0, ""h_s"": 70.0, ""w_s"": 500.0}",screened,1,TM10,S,,TM281,0.021468168344470382,133,232.4900752081526,,2.101157402459514,2.101157402459514,,0.004556679784283843,718990.1078705655,0.0009369545594942979,,,,,,,,,,,,0.004556679784283843,0.0009369545594942979,TM281,,,,3.7639111513524085e-05,0.004659131385641181,5.254307656654152e-08,2.76070312941928e-07,1.0111794238935656,-0.0033957326798796056,-0.007783691213685956,,
77784674c2a3,loaded,"{""etch_depth"": 0.0, ""w_rib"": 500.0, ""sidewall_angle"": 5.0, ""strip_material"": ""TiO2"", ""strip_eq"": ""(0.5+0.747358*x**2/(x**2-0.0840076)+1.03335*x**2/(x**2-0.0662413)+1.02325*x**2/(x**2-0.0448956)+1.70043*x**2/(x**2-0.0225))**0.5"", ""strip_chi2"": null, ""strip_sidewall"": 5.0, ""strip_offset"": 0.0, ""substrate_height"": 1000.0, ""topclad_height"": 800.0, ""substrate_material"": ""Al2O3"", ""topclad_material"": ""SiO2"", ""core_eq_o"": ""(1+2.8032/(1-0.015287/x**2)+0.36335/(1-0.036095/x**2)-33508000/(1+367200000/x**2))**0.5"", ""core_eq_e"": ""(1+0.017061/(1-0.043855/x**2)+3.1976/(1-0.022642/x**2)-57269000/(1-74226000/x**2))**0.5"", ""core_chi2"": ""AlN"", ""t_film"": 354.0, ""h_s"": 70.0, ""w_s"": 500.0}",screened,3,TE00,S,,TE301?,0.5109918097476821,114,226.39181128075708,,2.147168737417646,2.147168737417646,,0.004452642700739655,727140.3137598298,0.02948018980834256,,,,,,,,,,,,0.004452642700739655,0.02948018980834256,TE301?,,,,3.6231000558436156e-05,0.0024192852939360614,0.00028362065494588957,4.911959555464319e-07,0.737113931245742,0.25238294536192246,0.010503123392335556,,
77784674c2a3,loaded,"{""etch_depth"": 0.0, ""w_rib"": 500.0, ""sidewall_angle"": 5.0, ""strip_material"": ""TiO2"", ""strip_eq"": ""(0.5+0.747358*x**2/(x**2-0.0840076)+1.03335*x**2/(x**2-0.0662413)+1.02325*x**2/(x**2-0.0448956)+1.70043*x**2/(x**2-0.0225))**0.5"", ""strip_chi2"": null, ""strip_sidewall"": 5.0, ""strip_offset"": 0.0, ""substrate_height"": 1000.0, ""topclad_height"": 800.0, ""substrate_material"": ""Al2O3"", ""topclad_material"": ""SiO2"", ""core_eq_o"": ""(1+2.8032/(1-0.015287/x**2)+0.36335/(1-0.036095/x**2)-33508000/(1+367200000/x**2))**0.5"", ""core_eq_e"": ""(1+0.017061/(1-0.043855/x**2)+3.1976/(1-0.022642/x**2)-57269000/(1-74226000/x**2))**0.5"", ""core_chi2"": ""AlN"", ""t_film"": 354.0, ""h_s"": 70.0, ""w_s"": 500.0}",screened,2,TM20,A,,TE173,0.9950479057788024,92,225.02980305283447,,2.103756109010126,2.103756109010126,,0.004442086205663417,784337.1596570605,0.0008443840402576706,,,,,,,,,,,,0.004442086205663417,0.0008443840402576706,TE173,,,,3.597031337868244e-05,0.004145909531715468,5.539979084679279e-07,2.2980424184801137e-06,0.9660874030280429,0.011167618547501278,0.02274497842445595,,
77784674c2a3,loaded,"{""etch_depth"": 0.0, ""w_rib"": 500.0, ""sidewall_angle"": 5.0, ""strip_material"": ""TiO2"", ""strip_eq"": ""(0.5+0.747358*x**2/(x**2-0.0840076)+1.03335*x**2/(x**2-0.0662413)+1.02325*x**2/(x**2-0.0448956)+1.70043*x**2/(x**2-0.0225))**0.5"", ""strip_chi2"": null, ""strip_sidewall"": 5.0, ""strip_offset"": 0.0, ""substrate_height"": 1000.0, ""topclad_height"": 800.0, ""substrate_material"": ""Al2O3"", ""topclad_material"": ""SiO2"", ""core_eq_o"": ""(1+2.8032/(1-0.015287/x**2)+0.36335/(1-0.036095/x**2)-33508000/(1+367200000/x**2))**0.5"", ""core_eq_e"": ""(1+0.017061/(1-0.043855/x**2)+3.1976/(1-0.022642/x**2)-57269000/(1-74226000/x**2))**0.5"", ""core_chi2"": ""AlN"", ""t_film"": 354.0, ""h_s"": 70.0, ""w_s"": 500.0}",screened,1,TM10,S,,TE192?,0.6717956203161045,124,227.1917641865703,,2.1076560366787582,2.1076560366787582,,0.004419911634279131,769056.1674012422,0.0009631420555244772,,,,,,,,,,,,0.004419911634279131,0.0009631420555244772,TE192?,,,,3.622513957370668e-05,0.004852675927075551,4.830654201304497e-06,9.620860784146774e-07,1.0478131660618764,-0.03305949244112824,-0.014753673620747788,,
77784674c2a3,loaded,"{""etch_depth"": 0.0, ""w_rib"": 500.0, ""sidewall_angle"": 5.0, ""strip_material"": ""TiO2"", ""strip_eq"": ""(0.5+0.747358*x**2/(x**2-0.0840076)+1.03335*x**2/(x**2-0.0662413)+1.02325*x**2/(x**2-0.0448956)+1.70043*x**2/(x**2-0.0225))**0.5"", ""strip_chi2"": null, ""strip_sidewall"": 5.0, ""strip_offset"": 0.0, ""substrate_height"": 1000.0, ""topclad_height"": 800.0, ""substrate_material"": ""Al2O3"", ""topclad_material"": ""SiO2"", ""core_eq_o"": ""(1+2.8032/(1-0.015287/x**2)+0.36335/(1-0.036095/x**2)-33508000/(1+367200000/x**2))**0.5"", ""core_eq_e"": ""(1+0.017061/(1-0.043855/x**2)+3.1976/(1-0.022642/x**2)-57269000/(1-74226000/x**2))**0.5"", ""core_chi2"": ""AlN"", ""t_film"": 354.0, ""h_s"": 70.0, ""w_s"": 500.0}",screened,1,TM10,S,,TM340,0.020044638292887846,80,224.32853803134168,,2.1113450026601455,2.1113450026601455,,0.004332004792762162,800608.9295488332,0.0008776634349938749,,,,,,,,,,,,0.004332004792762162,0.0008776634349938749,TM340,,,,3.5411121414128904e-05,0.0045264981456325385,7.05921174553984e-09,1.896869155737232e-06,1.0222019595896599,-0.001276537685133299,-0.020925421904526637,,
77784674c2a3,loaded,"{""etch_depth"": 0.0, ""w_rib"": 500.0, ""sidewall_angle"": 5.0, ""strip_material"": ""TiO2"", ""strip_eq"": ""(0.5+0.747358*x**2/(x**2-0.0840076)+1.03335*x**2/(x**2-0.0662413)+1.02325*x**2/(x**2-0.0448956)+1.70043*x**2/(x**2-0.0225))**0.5"", ""strip_chi2"": null, ""strip_sidewall"": 5.0, ""strip_offset"": 0.0, ""substrate_height"": 1000.0, ""topclad_height"": 800.0, ""substrate_material"": ""Al2O3"", ""topclad_material"": ""SiO2"", ""core_eq_o"": ""(1+2.8032/(1-0.015287/x**2)+0.36335/(1-0.036095/x**2)-33508000/(1+367200000/x**2))**0.5"", ""core_eq_e"": ""(1+0.017061/(1-0.043855/x**2)+3.1976/(1-0.022642/x**2)-57269000/(1-74226000/x**2))**0.5"", ""core_chi2"": ""AlN"", ""t_film"": 354.0, ""h_s"": 70.0, ""w_s"": 500.0}",screened,4,TE10,A,,TM14,0.046231006184717205,52,226.29082476096153,,2.0580198535684873,2.0580198535684873,,0.00430877330162801,854121.8032089416,0.031573163650690184,,,,,,,,,,,,0.00430877330162801,0.031573163650690184,TM14,,,,3.562496595621596e-05,0.0009295830102273337,0.0014128120210806336,5.930240976903272e-06,0.46448026501229134,0.572618491083421,-0.03709875609571256,,
77784674c2a3,loaded,"{""etch_depth"": 0.0, ""w_rib"": 500.0, ""sidewall_angle"": 5.0, ""strip_material"": ""TiO2"", ""strip_eq"": ""(0.5+0.747358*x**2/(x**2-0.0840076)+1.03335*x**2/(x**2-0.0662413)+1.02325*x**2/(x**2-0.0448956)+1.70043*x**2/(x**2-0.0225))**0.5"", ""strip_chi2"": null, ""strip_sidewall"": 5.0, ""strip_offset"": 0.0, ""substrate_height"": 1000.0, ""topclad_height"": 800.0, ""substrate_material"": ""Al2O3"", ""topclad_material"": ""SiO2"", ""core_eq_o"": ""(1+2.8032/(1-0.015287/x**2)+0.36335/(1-0.036095/x**2)-33508000/(1+367200000/x**2))**0.5"", ""core_eq_e"": ""(1+0.017061/(1-0.043855/x**2)+3.1976/(1-0.022642/x**2)-57269000/(1-74226000/x**2))**0.5"", ""core_chi2"": ""AlN"", ""t_film"": 354.0, ""h_s"": 70.0, ""w_s"": 500.0}",screened,2,TM20,A,,TM184?,0.0979990705216691,16,215.91626228699278,,2.116340360326809,2.116340360326809,,0.004246034360328533,875478.0654271055,0.0008015826561327847,,,,,,,,,,,,0.004246034360328533,0.0008015826561327847,TM184?,,,,3.3743318862002034e-05,0.0042771969590192005,9.342343922423606e-10,7.249336703769304e-08,1.0036629037339786,0.00046906839655493803,-0.004131972130533498,,
77784674c2a3,loaded,"{""etch_depth"": 0.0, ""w_rib"": 500.0, ""sidewall_angle"": 5.0, ""strip_material"": ""TiO2"", ""strip_eq"": ""(0.5+0.747358*x**2/(x**2-0.0840076)+1.03335*x**2/(x**2-0.0662413)+1.02325*x**2/(x**2-0.0448956)+1.70043*x**2/(x**2-0.0225))**0.5"", ""strip_chi2"": null, ""strip_sidewall"": 5.0, ""strip_offset"": 0.0, ""substrate_height"": 1000.0, ""topclad_height"": 800.0, ""substrate_material"": ""Al2O3"", ""topclad_material"": ""SiO2"", ""core_eq_o"": ""(1+2.8032/(1-0.015287/x**2)+0.36335/(1-0.036095/x**2)-33508000/(1+367200000/x**2))**0.5"", ""core_eq_e"": ""(1+0.017061/(1-0.043855/x**2)+3.1976/(1-0.022642/x**2)-57269000/(1-74226000/x**2))**0.5"", ""core_chi2"": ""AlN"", ""t_film"": 354.0, ""h_s"": 70.0, ""w_s"": 500.0}",screened,3,TE00,S,,TM244?,0.08912071877203516,70,220.40673937621634,,2.1706249191831013,2.1706249191831013,,0.003924114155406584,842578.3547365863,0.02851747766912959,,,,,,,,,,,,0.003924114155406584,0.02851747766912959,TM244?,,,,3.3113598323845025e-05,0.0009226706869787803,0.008836077331528263,9.64650584704683e-07,-0.48490040324841804,1.5005792530423712,-0.0156788497939533,,
77784674c2a3,loaded,"{""etch_depth"": 0.0, ""w_rib"": 500.0, ""sidewall_angle"": 5.0, ""strip_material"": ""TiO2"", ""strip_eq"": ""(0.5+0.747358*x**2/(x**2-0.0840076)+1.03335*x**2/(x**2-0.0662413)+1.02325*x**2/(x**2-0.0448956)+1.70043*x**2/(x**2-0.0225))**0.5"", ""strip_chi2"": null, ""strip_sidewall"": 5.0, ""strip_offset"": 0.0, ""substrate_height"": 1000.0, ""topclad_height"": 800.0, ""substrate_material"": ""Al2O3"", ""topclad_material"": ""SiO2"", ""core_eq_o"": ""(1+2.8032/(1-0.015287/x**2)+0.36335/(1-0.036095/x**2)-33508000/(1+367200000/x**2))**0.5"", ""core_eq_e"": ""(1+0.017061/(1-0.043855/x**2)+3.1976/(1-0.022642/x**2)-57269000/(1-74226000/x**2))**0.5"", ""core_chi2"": ""AlN"", ""t_film"": 354.0, ""h_s"": 70.0, ""w_s"": 500.0}",screened,1,TM10,S,,TE173?,0.9998787420608545,83,223.21276346035683,,2.1128699413347296,2.1128699413347296,,0.0038408388964176823,910067.4690012078,0.0008577662936406532,,,,,,,,,,,,0.0038408388964176823,0.0008577662936406532,TE173?,,,,3.3177431405971626e-05,0.004418341850621439,2.4827415842590154e-07,2.494381267302909e-05,1.0725476896639852,0.00803993825853554,-0.08058762792252076,,
77784674c2a3,loaded,"{""etch_depth"": 0.0, ""w_rib"": 500.0, ""sidewall_angle"": 5.0, ""strip_material"": ""TiO2"", ""strip_eq"": ""(0.5+0.747358*x**2/(x**2-0.0840076)+1.03335*x**2/(x**2-0.0662413)+1.02325*x**2/(x**2-0.0448956)+1.70043*x**2/(x**2-0.0225))**0.5"", ""strip_chi2"": null, ""strip_sidewall"": 5.0, ""strip_offset"": 0.0, ""substrate_height"": 1000.0, ""topclad_height"": 800.0, ""substrate_material"": ""Al2O3"", ""topclad_material"": ""SiO2"", ""core_eq_o"": ""(1+2.8032/(1-0.015287/x**2)+0.36335/(1-0.036095/x**2)-33508000/(1+367200000/x**2))**0.5"", ""core_eq_e"": ""(1+0.017061/(1-0.043855/x**2)+3.1976/(1-0.022642/x**2)-57269000/(1-74226000/x**2))**0.5"", ""core_chi2"": ""AlN"", ""t_film"": 354.0, ""h_s"": 70.0, ""w_s"": 500.0}",screened,2,TM20,A,,TM340,0.020044638292887846,80,224.7364185981696,,2.104148539596649,2.104148539596649,,0.003765575989469859,927146.8169564622,0.0007418813657599065,,,,,,,,,,,,0.003765575989469859,0.0007418813657599065,TM340,,,,3.307500007701362e-05,0.0037368233614676455,2.1128091035526373e-09,3.563102059387845e-08,0.9961748581226245,0.0007490562321179413,0.0030760856452573936,,
77784674c2a3,loaded,"{""etch_depth"": 0.0, ""w_rib"": 500.0, ""sidewall_angle"": 5.0, ""strip_material"": ""TiO2"", ""strip_eq"": ""(0.5+0.747358*x**2/(x**2-0.0840076)+1.03335*x**2/(x**2-0.0662413)+1.02325*x**2/(x**2-0.0448956)+1.70043*x**2/(x**2-0.0225))**0.5"", ""strip_chi2"": null, ""strip_sidewall"": 5.0, ""strip_offset"": 0.0, ""substrate_height"": 1000.0, ""topclad_height"": 800.0, ""substrate_material"": ""Al2O3"", ""topclad_material"": ""SiO2"", ""core_eq_o"": ""(1+2.8032/(1-0.015287/x**2)+0.36335/(1-0.036095/x**2)-33508000/(1+367200000/x**2))**0.5"", ""core_eq_e"": ""(1+0.017061/(1-0.043855/x**2)+3.1976/(1-0.022642/x**2)-57269000/(1-74226000/x**2))**0.5"", ""core_chi2"": ""AlN"", ""t_film"": 354.0, ""h_s"": 70.0, ""w_s"": 500.0}",screened,1,TM10,S,,TM342?,0.03508776399808491,49,217.59365298457982,,2.1208816144189817,2.1208816144189817,,0.003595243020274181,1011546.9477216116,0.000778207798759668,,,,,,,,,,,,0.003595243020274181,0.000778207798759668,TM342?,,,,3.1291115043467505e-05,0.0036429822033588154,5.3793903681134726e-08,2.7172785803914618e-08,1.0066173205768836,-0.003868141963387898,-0.0027491786134956463,,
77784674c2a3,loaded,"{""etch_depth"": 0.0, ""w_rib"": 500.0, ""sidewall_angle"": 5.0, ""strip_material"": ""TiO2"", ""strip_eq"": ""(0.5+0.747358*x**2/(x**2-0.0840076)+1.03335*x**2/(x**2-0.0662413)+1.02325*x**2/(x**2-0.0448956)+1.70043*x**2/(x**2-0.0225))**0.5"", ""strip_chi2"": null, ""strip_sidewall"": 5.0, ""strip_offset"": 0.0, ""substrate_height"": 1000.0, ""topclad_height"": 800.0, ""substrate_material"": ""Al2O3"", ""topclad_material"": ""SiO2"", ""core_eq_o"": ""(1+2.8032/(1-0.015287/x**2)+0.36335/(1-0.036095/x**2)-33508000/(1+367200000/x**2))**0.5"", ""core_eq_e"": ""(1+0.017061/(1-0.043855/x**2)+3.1976/(1-0.022642/x**2)-57269000/(1-74226000/x**2))**0.5"", ""core_chi2"": ""AlN"", ""t_film"": 354.0, ""h_s"": 70.0, ""w_s"": 500.0}",screened,1,TM10,S,,TE290,0.9902679611036933,106,226.0383843041229,,2.1091143736295592,2.1091143736295592,,0.0035372353583055564,968784.7271845116,0.0007997107981434843,,,,,,,,,,,,0.0035372353583055564,0.0007997107981434843,TE290,,,,3.224221452871218e-05,0.0031442342780565566,2.011545508891577e-06,3.931891208937661e-06,0.9428128003667536,0.023846956111706303,0.03334024352153998,,
77784674c2a3,loaded,"{""etch_depth"": 0.0, ""w_rib"": 500.0, ""sidewall_angle"": 5.0, ""strip_material"": ""TiO2"", ""strip_eq"": ""(0.5+0.747358*x**2/(x**2-0.0840076)+1.03335*x**2/(x**2-0.0662413)+1.02325*x**2/(x**2-0.0448956)+1.70043*x**2/(x**2-0.0225))**0.5"", ""strip_chi2"": null, ""strip_sidewall"": 5.0, ""strip_offset"": 0.0, ""substrate_height"": 1000.0, ""topclad_height"": 800.0, ""substrate_material"": ""Al2O3"", ""topclad_material"": ""SiO2"", ""core_eq_o"": ""(1+2.8032/(1-0.015287/x**2)+0.36335/(1-0.036095/x**2)-33508000/(1+367200000/x**2))**0.5"", ""core_eq_e"": ""(1+0.017061/(1-0.043855/x**2)+3.1976/(1-0.022642/x**2)-57269000/(1-74226000/x**2))**0.5"", ""core_chi2"": ""AlN"", ""t_film"": 354.0, ""h_s"": 70.0, ""w_s"": 500.0}",screened,1,TM10,S,,TM360,0.059426789550695955,76,220.662026478664,,2.1163560554416705,2.1163560554416705,,0.003459323629058199,1028829.529268604,0.0007752486711876973,,,,,,,,,,,,0.003459323629058199,0.0007752486711876973,TM360,,,,3.112675799173526e-05,0.0035469816422671924,3.120299607729172e-07,3.309854821763441e-08,1.012590558599844,-0.009497352372619613,-0.003093206227224162,,
77784674c2a3,loaded,"{""etch_depth"": 0.0, ""w_rib"": 500.0, ""sidewall_angle"": 5.0, ""strip_material"": ""TiO2"", ""strip_eq"": ""(0.5+0.747358*x**2/(x**2-0.0840076)+1.03335*x**2/(x**2-0.0662413)+1.02325*x**2/(x**2-0.0448956)+1.70043*x**2/(x**2-0.0225))**0.5"", ""strip_chi2"": null, ""strip_sidewall"": 5.0, ""strip_offset"": 0.0, ""substrate_height"": 1000.0, ""topclad_height"": 800.0, ""substrate_material"": ""Al2O3"", ""topclad_material"": ""SiO2"", ""core_eq_o"": ""(1+2.8032/(1-0.015287/x**2)+0.36335/(1-0.036095/x**2)-33508000/(1+367200000/x**2))**0.5"", ""core_eq_e"": ""(1+0.017061/(1-0.043855/x**2)+3.1976/(1-0.022642/x**2)-57269000/(1-74226000/x**2))**0.5"", ""core_chi2"": ""AlN"", ""t_film"": 354.0, ""h_s"": 70.0, ""w_s"": 500.0}",screened,1,TM10,S,,TE214?,0.9532324116790982,39,221.48375245919487,,2.115232995497298,2.115232995497298,,0.003320084402304532,1065733.252770539,0.0007751770933355612,,,,,,,,,,,,0.003320084402304532,0.0007751770933355612,TE214?,,,,3.06074483445356e-05,0.0030671517877545393,2.6090208227342946e-10,5.082561301942853e-06,0.9611542094210972,-0.00028032653597916373,0.03912611711488187,,
77784674c2a3,loaded,"{""etch_depth"": 0.0, ""w_rib"": 500.0, ""sidewall_angle"": 5.0, ""strip_material"": ""TiO2"", ""strip_eq"": ""(0.5+0.747358*x**2/(x**2-0.0840076)+1.03335*x**2/(x**2-0.0662413)+1.02325*x**2/(x**2-0.0448956)+1.70043*x**2/(x**2-0.0225))**0.5"", ""strip_chi2"": null, ""strip_sidewall"": 5.0, ""strip_offset"": 0.0, ""substrate_height"": 1000.0, ""topclad_height"": 800.0, ""substrate_material"": ""Al2O3"", ""topclad_material"": ""SiO2"", ""core_eq_o"": ""(1+2.8032/(1-0.015287/x**2)+0.36335/(1-0.036095/x**2)-33508000/(1+367200000/x**2))**0.5"", ""core_eq_e"": ""(1+0.017061/(1-0.043855/x**2)+3.1976/(1-0.022642/x**2)-57269000/(1-74226000/x**2))**0.5"", ""core_chi2"": ""AlN"", ""t_film"": 354.0, ""h_s"": 70.0, ""w_s"": 500.0}",screened,0,TM00,A,,TM360,0.14935303565962338,40,218.4326834825184,,2.1617795535475257,2.1617795535475257,,0.003243141725779123,1050801.3914985307,0.00045162406012317854,,,,,,,,,,,,0.003243141725779123,0.00045162406012317854,TM360,,,,2.9833985564365694e-05,0.0030942679307711684,1.1021654957628596e-08,1.4822090082746602e-06,0.9767782807178681,0.0018434885374093886,0.021378230744722608,,
77784674c2a3,loaded,"{""etch_depth"": 0.0, ""w_rib"": 500.0, ""sidewall_angle"": 5.0, ""strip_material"": ""TiO2"", ""strip_eq"": ""(0.5+0.747358*x**2/(x**2-0.0840076)+1.03335*x**2/(x**2-0.0662413)+1.02325*x**2/(x**2-0.0448956)+1.70043*x**2/(x**2-0.0225))**0.5"", ""strip_chi2"": null, ""strip_sidewall"": 5.0, ""strip_offset"": 0.0, ""substrate_height"": 1000.0, ""topclad_height"": 800.0, ""substrate_material"": ""Al2O3"", ""topclad_material"": ""SiO2"", ""core_eq_o"": ""(1+2.8032/(1-0.015287/x**2)+0.36335/(1-0.036095/x**2)-33508000/(1+367200000/x**2))**0.5"", ""core_eq_e"": ""(1+0.017061/(1-0.043855/x**2)+3.1976/(1-0.022642/x**2)-57269000/(1-74226000/x**2))**0.5"", ""core_chi2"": ""AlN"", ""t_film"": 354.0, ""h_s"": 70.0, ""w_s"": 500.0}",screened,2,TM20,A,,TM282?,0.07752150331583628,57,218.38622863993038,,2.1128191327227697,2.1128191327227697,,0.0031316676337195975,1166119.0776506052,0.0006799867258103443,,,,,,,,,,,,0.0031316676337195975,0.0006799867258103443,TM282?,,,,2.9310536680144297e-05,0.003184332268569133,2.5249875632239e-08,9.590244246035479e-08,1.008373344601736,-0.002839499455649759,-0.005533845146086205,,
77784674c2a3,loaded,"{""etch_depth"": 0.0, ""w_rib"": 500.0, ""sidewall_angle"": 5.0, ""strip_material"": ""TiO2"", ""strip_eq"": ""(0.5+0.747358*x**2/(x**2-0.0840076)+1.03335*x**2/(x**2-0.0662413)+1.02325*x**2/(x**2-0.0448956)+1.70043*x**2/(x**2-0.0225))**0.5"", ""strip_chi2"": null, ""strip_sidewall"": 5.0, ""strip_offset"": 0.0, ""substrate_height"": 1000.0, ""topclad_height"": 800.0, ""substrate_material"": ""Al2O3"", ""topclad_material"": ""SiO2"", ""core_eq_o"": ""(1+2.8032/(1-0.015287/x**2)+0.36335/(1-0.036095/x**2)-33508000/(1+367200000/x**2))**0.5"", ""core_eq_e"": ""(1+0.017061/(1-0.043855/x**2)+3.1976/(1-0.022642/x**2)-57269000/(1-74226000/x**2))**0.5"", ""core_chi2"": ""AlN"", ""t_film"": 354.0, ""h_s"": 70.0, ""w_s"": 500.0}",screened,4,TE10,A,,TM303?,0.38116619229962173,25,215.62823236355453,,2.094897302075493,2.094897302075493,,0.003114959796739811,1233684.534603082,0.01613116194253485,,,,,,,,,,,,0.003114959796739811,0.01613116194253485,TM303?,,,,2.8863070874216782e-05,0.0022513262641244564,7.440391009696881e-10,6.949564679370407e-05,0.8501449826102421,0.000488732991573406,0.1493662843981846,,
77784674c2a3,loaded,"{""etch_depth"": 0.0, ""w_rib"": 500.0, ""sidewall_angle"": 5.0, ""strip_material"": ""TiO2"", ""strip_eq"": ""(0.5+0.747358*x**2/(x**2-0.0840076)+1.03335*x**2/(x**2-0.0662413)+1.02325*x**2/(x**2-0.0448956)+1.70043*x**2/(x**2-0.0225))**0.5"", ""strip_chi2"": null, ""strip_sidewall"": 5.0, ""strip_offset"": 0.0, ""substrate_height"": 1000.0, ""topclad_height"": 800.0, ""substrate_material"": ""Al2O3"", ""topclad_material"": ""SiO2"", ""core_eq_o"": ""(1+2.8032/(1-0.015287/x**2)+0.36335/(1-0.036095/x**2)-33508000/(1+367200000/x**2))**0.5"", ""core_eq_e"": ""(1+0.017061/(1-0.043855/x**2)+3.1976/(1-0.022642/x**2)-57269000/(1-74226000/x**2))**0.5"", ""core_chi2"": ""AlN"", ""t_film"": 354.0, ""h_s"": 70.0, ""w_s"": 500.0}",screened,0,TM00,A,,TM320?,0.027793076259565182,110,225.82987026719442,,2.147885218311459,2.147885218311459,,0.002897751168634011,1121757.4350768193,0.0004476315866747663,,,,,,,,,,,,0.002897751168634011,0.0004476315866747663,TM320?,,,,2.9155642745216206e-05,0.0029641374015801393,1.872381699975104e-08,2.268551055856535e-07,1.0113899198125602,-0.00254194792412091,-0.008847971888439327,,
77784674c2a3,loaded,"{""etch_depth"": 0.0, ""w_rib"": 500.0, ""sidewall_angle"": 5.0, ""strip_material"": ""TiO2"", ""strip_eq"": ""(0.5+0.747358*x**2/(x**2-0.0840076)+1.03335*x**2/(x**2-0.0662413)+1.02325*x**2/(x**2-0.0448956)+1.70043*x**2/(x**2-0.0225))**0.5"", ""strip_chi2"": null, ""strip_sidewall"": 5.0, ""strip_offset"": 0.0, ""substrate_height"": 1000.0, ""topclad_height"": 800.0, ""substrate_material"": ""Al2O3"", ""topclad_material"": ""SiO2"", ""core_eq_o"": ""(1+2.8032/(1-0.015287/x**2)+0.36335/(1-0.036095/x**2)-33508000/(1+367200000/x**2))**0.5"", ""core_eq_e"": ""(1+0.017061/(1-0.043855/x**2)+3.1976/(1-0.022642/x**2)-57269000/(1-74226000/x**2))**0.5"", ""core_chi2"": ""AlN"", ""t_film"": 354.0, ""h_s"": 70.0, ""w_s"": 500.0}",screened,0,TM00,A,,TE113,0.9973247978691593,125,228.82384163551015,,2.1430365709935915,2.1430365709935915,,0.002680634674715258,1189123.8807457048,0.00045764459405977945,,,,,,,,,,,,0.002680634674715258,0.00045764459405977945,TE113,,,,2.8413895454173607e-05,0.0022269042425484844,3.585651217212073e-10,2.084674766023694e-05,0.9114481249402753,0.00036573389050522634,0.08818614116921951,,
77784674c2a3,loaded,"{""etch_depth"": 0.0, ""w_rib"": 500.0, ""sidewall_angle"": 5.0, ""strip_material"": ""TiO2"", ""strip_eq"": ""(0.5+0.747358*x**2/(x**2-0.0840076)+1.03335*x**2/(x**2-0.0662413)+1.02325*x**2/(x**2-0.0448956)+1.70043*x**2/(x**2-0.0225))**0.5"", ""strip_chi2"": null, ""strip_sidewall"": 5.0, ""strip_offset"": 0.0, ""substrate_height"": 1000.0, ""topclad_height"": 800.0, ""substrate_material"": ""Al2O3"", ""topclad_material"": ""SiO2"", ""core_eq_o"": ""(1+2.8032/(1-0.015287/x**2)+0.36335/(1-0.036095/x**2)-33508000/(1+367200000/x**2))**0.5"", ""core_eq_e"": ""(1+0.017061/(1-0.043855/x**2)+3.1976/(1-0.022642/x**2)-57269000/(1-74226000/x**2))**0.5"", ""core_chi2"": ""AlN"", ""t_film"": 354.0, ""h_s"": 70.0, ""w_s"": 500.0}",screened,4,TE10,A,,TM262?,0.19568092582945398,81,225.68447548910353,,2.059222806047171,2.059222806047171,,0.002642446266316434,1397772.4291437012,0.02479167385219997,,,,,,,,,,,,0.002642446266316434,0.02479167385219997,TM262?,,,,2.7823736909116225e-05,0.0007869730724767609,0.0006992045396063416,9.552960523865787e-06,0.5457287752145632,0.5143977227264063,-0.060126497940969505,,
77784674c2a3,loaded,"{""etch_depth"": 0.0, ""w_rib"": 500.0, ""sidewall_angle"": 5.0, ""strip_material"": ""TiO2"", ""strip_eq"": ""(0.5+0.747358*x**2/(x**2-0.0840076)+1.03335*x**2/(x**2-0.0662413)+1.02325*x**2/(x**2-0.0448956)+1.70043*x**2/(x**2-0.0225))**0.5"", ""strip_chi2"": null, ""strip_sidewall"": 5.0, ""strip_offset"": 0.0, ""substrate_height"": 1000.0, ""topclad_height"": 800.0, ""substrate_material"": ""Al2O3"", ""topclad_material"": ""SiO2"", ""core_eq_o"": ""(1+2.8032/(1-0.015287/x**2)+0.36335/(1-0.036095/x**2)-33508000/(1+367200000/x**2))**0.5"", ""core_eq_e"": ""(1+0.017061/(1-0.043855/x**2)+3.1976/(1-0.022642/x**2)-57269000/(1-74226000/x**2))**0.5"", ""core_chi2"": ""AlN"", ""t_film"": 354.0, ""h_s"": 70.0, ""w_s"": 500.0}",screened,2,TM20,A,,TM300,0.006026504495815787,130,234.30988632000168,,2.0922186137096017,2.0922186137096017,,0.0026029934093071924,1255106.4006796775,0.0006417089929217629,,,,,,,,,,,,0.0026029934093071924,0.0006417089929217629,TM300,,,,2.8670669716633335e-05,0.0026029556752737233,2.323767399101194e-09,2.359557030331495e-09,0.9999927517737716,-0.000944843311420477,0.0009520915376489866,,
77784674c2a3,loaded,"{""etch_depth"": 0.0, ""w_rib"": 500.0, ""sidewall_angle"": 5.0, ""strip_material"": ""TiO2"", ""strip_eq"": ""(0.5+0.747358*x**2/(x**2-0.0840076)+1.03335*x**2/(x**2-0.0662413)+1.02325*x**2/(x**2-0.0448956)+1.70043*x**2/(x**2-0.0225))**0.5"", ""strip_chi2"": null, ""strip_sidewall"": 5.0, ""strip_offset"": 0.0, ""substrate_height"": 1000.0, ""topclad_height"": 800.0, ""substrate_material"": ""Al2O3"", ""topclad_material"": ""SiO2"", ""core_eq_o"": ""(1+2.8032/(1-0.015287/x**2)+0.36335/(1-0.036095/x**2)-33508000/(1+367200000/x**2))**0.5"", ""core_eq_e"": ""(1+0.017061/(1-0.043855/x**2)+3.1976/(1-0.022642/x**2)-57269000/(1-74226000/x**2))**0.5"", ""core_chi2"": ""AlN"", ""t_film"": 354.0, ""h_s"": 70.0, ""w_s"": 500.0}",screened,3,TE00,S,,TM301,0.026329648870064514,102,224.70247873559887,,2.1532838366739826,2.1532838366739826,,0.002600749082295061,1252962.295903674,0.021484924482861472,,,,,,,,,,,,0.002600749082295061,0.021484924482861472,TM301,,,,2.7483230504346117e-05,6.645257295299869e-05,0.0018734076343439484,1.9112987031259759e-07,0.1598478037087258,0.8487248455545838,-0.008572649263309607,,
77784674c2a3,loaded,"{""etch_depth"": 0.0, ""w_rib"": 500.0, ""sidewall_angle"": 5.0, ""strip_material"": ""TiO2"", ""strip_eq"": ""(0.5+0.747358*x**2/(x**2-0.0840076)+1.03335*x**2/(x**2-0.0662413)+1.02325*x**2/(x**2-0.0448956)+1.70043*x**2/(x**2-0.0225))**0.5"", ""strip_chi2"": null, ""strip_sidewall"": 5.0, ""strip_offset"": 0.0, ""substrate_height"": 1000.0, ""topclad_height"": 800.0, ""substrate_material"": ""Al2O3"", ""topclad_material"": ""SiO2"", ""core_eq_o"": ""(1+2.8032/(1-0.015287/x**2)+0.36335/(1-0.036095/x**2)-33508000/(1+367200000/x**2))**0.5"", ""core_eq_e"": ""(1+0.017061/(1-0.043855/x**2)+3.1976/(1-0.022642/x**2)-57269000/(1-74226000/x**2))**0.5"", ""core_chi2"": ""AlN"", ""t_film"": 354.0, ""h_s"": 70.0, ""w_s"": 500.0}",screened,1,TM10,S,,TM04,0.01238802169748843,134,230.75758436854846,,2.1032084235515187,2.1032084235515187,,0.0025868228690212286,1281829.9861584606,0.0007855614794259109,,,,,,,,,,,,0.0025868228690212286,0.0007855614794259109,TM04,,,,2.814816058514972e-05,0.004240559586183067,6.229859916743022e-06,0.000138363270794275,1.2803486243212143,-0.049074489983785496,-0.23127413433742894,,
77784674c2a3,loaded,"{""etch_depth"": 0.0, ""w_rib"": 500.0, ""sidewall_angle"": 5.0, ""strip_material"": ""TiO2"", ""strip_eq"": ""(0.5+0.747358*x**2/(x**2-0.0840076)+1.03335*x**2/(x**2-0.0662413)+1.02325*x**2/(x**2-0.0448956)+1.70043*x**2/(x**2-0.0225))**0.5"", ""strip_chi2"": null, ""strip_sidewall"": 5.0, ""strip_offset"": 0.0, ""substrate_height"": 1000.0, ""topclad_height"": 800.0, ""substrate_material"": ""Al2O3"", ""topclad_material"": ""SiO2"", ""core_eq_o"": ""(1+2.8032/(1-0.015287/x**2)+0.36335/(1-0.036095/x**2)-33508000/(1+367200000/x**2))**0.5"", ""core_eq_e"": ""(1+0.017061/(1-0.043855/x**2)+3.1976/(1-0.022642/x**2)-57269000/(1-74226000/x**2))**0.5"", ""core_chi2"": ""AlN"", ""t_film"": 354.0, ""h_s"": 70.0, ""w_s"": 500.0}",screened,2,TM20,A,,TE144,0.5145056841873841,42,220.11345903823292,,2.1103659216339743,2.1103659216339743,,0.002555872970806948,1411400.4963084515,0.0006323543989111025,,,,,,,,,,,,0.002555872970806948,0.0006323543989111025,TE144,,,,2.6688669367283575e-05,0.002588356231126837,6.351823665233734e-09,5.786421438255596e-08,1.0063345678393878,-0.0015764477605383716,-0.004758120078849645,,
77784674c2a3,loaded,"{""etch_depth"": 0.0, ""w_rib"": 500.0, ""sidewall_angle"": 5.0, ""strip_material"": ""TiO2"", ""strip_eq"": ""(0.5+0.747358*x**2/(x**2-0.0840076)+1.03335*x**2/(x**2-0.0662413)+1.02325*x**2/(x**2-0.0448956)+1.70043*x**2/(x**2-0.0225))**0.5"", ""strip_chi2"": null, ""strip_sidewall"": 5.0, ""strip_offset"": 0.0, ""substrate_height"": 1000.0, ""topclad_height"": 800.0, ""substrate_material"": ""Al2O3"", ""topclad_material"": ""SiO2"", ""core_eq_o"": ""(1+2.8032/(1-0.015287/x**2)+0.36335/(1-0.036095/x**2)-33508000/(1+367200000/x**2))**0.5"", ""core_eq_e"": ""(1+0.017061/(1-0.043855/x**2)+3.1976/(1-0.022642/x**2)-57269000/(1-74226000/x**2))**0.5"", ""core_chi2"": ""AlN"", ""t_film"": 354.0, ""h_s"": 70.0, ""w_s"": 500.0}",screened,4,TE10,A,,TM64?,0.029409514441956334,100,227.9225158183358,,2.0547826981977892,2.0547826981977892,,0.0025440758739047,1432695.1939282557,0.035032408854318575,,,,,,,,,,,,0.0025440758739047,0.035032408854318575,TM64?,,,,2.757166225725116e-05,0.0003475944728977068,0.0010716440962145416,8.855341500772303e-07,0.36963356532065456,0.6490232549301617,-0.018656820250816355,,
77784674c2a3,loaded,"{""etch_depth"": 0.0, ""w_rib"": 500.0, ""sidewall_angle"": 5.0, ""strip_material"": ""TiO2"", ""strip_eq"": ""(0.5+0.747358*x**2/(x**2-0.0840076)+1.03335*x**2/(x**2-0.0662413)+1.02325*x**2/(x**2-0.0448956)+1.70043*x**2/(x**2-0.0225))**0.5"", ""strip_chi2"": null, ""strip_sidewall"": 5.0, ""strip_offset"": 0.0, ""substrate_height"": 1000.0, ""topclad_height"": 800.0, ""substrate_material"": ""Al2O3"", ""topclad_material"": ""SiO2"", ""core_eq_o"": ""(1+2.8032/(1-0.015287/x**2)+0.36335/(1-0.036095/x**2)-33508000/(1+367200000/x**2))**0.5"", ""core_eq_e"": ""(1+0.017061/(1-0.043855/x**2)+3.1976/(1-0.022642/x**2)-57269000/(1-74226000/x**2))**0.5"", ""core_chi2"": ""AlN"", ""t_film"": 354.0, ""h_s"": 70.0, ""w_s"": 500.0}",screened,0,TM00,A,,TE311?,0.9730048944995893,51,219.20396462812053,,2.1601351541911744,2.1601351541911744,,0.0023684433557650602,1432034.3583936875,0.0003939862954754429,,,,,,,,,,,,0.0023684433557650602,0.0003939862954754429,TE311?,,,,2.5585304860174143e-05,0.0027426350041846476,4.982956777812146e-08,1.211243235319644e-05,1.0760996894131005,-0.004586823815930598,-0.07151286559716989,,
77784674c2a3,loaded,"{""etch_depth"": 0.0, ""w_rib"": 500.0, ""sidewall_angle"": 5.0, ""strip_material"": ""TiO2"", ""strip_eq"": ""(0.5+0.747358*x**2/(x**2-0.0840076)+1.03335*x**2/(x**2-0.0662413)+1.02325*x**2/(x**2-0.0448956)+1.70043*x**2/(x**2-0.0225))**0.5"", ""strip_chi2"": null, ""strip_sidewall"": 5.0, ""strip_offset"": 0.0, ""substrate_height"": 1000.0, ""topclad_height"": 800.0, ""substrate_material"": ""Al2O3"", ""topclad_material"": ""SiO2"", ""core_eq_o"": ""(1+2.8032/(1-0.015287/x**2)+0.36335/(1-0.036095/x**2)-33508000/(1+367200000/x**2))**0.5"", ""core_eq_e"": ""(1+0.017061/(1-0.043855/x**2)+3.1976/(1-0.022642/x**2)-57269000/(1-74226000/x**2))**0.5"", ""core_chi2"": ""AlN"", ""t_film"": 354.0, ""h_s"": 70.0, ""w_s"": 500.0}",screened,4,TE10,A,,TM164?,0.06302722933269948,77,221.9478358021553,,2.070058761841364,2.070058761841364,,0.002282049273013469,1647332.081595951,0.019103053090706017,,,,,,,,,,,,0.002282049273013469,0.019103053090706017,TM164?,,,,2.5428697379425252e-05,0.001594016250758414,7.130505962737522e-05,3.5828128560314194e-07,0.8357643914872567,0.17676556472555163,-0.012529956212808351,,
77784674c2a3,loaded,"{""etch_depth"": 0.0, ""w_rib"": 500.0, ""sidewall_angle"": 5.0, ""strip_material"": ""TiO2"", ""strip_eq"": ""(0.5+0.747358*x**2/(x**2-0.0840076)+1.03335*x**2/(x**2-0.0662413)+1.02325*x**2/(x**2-0.0448956)+1.70043*x**2/(x**2-0.0225))**0.5"", ""strip_chi2"": null, ""strip_sidewall"": 5.0, ""strip_offset"": 0.0, ""substrate_height"": 1000.0, ""topclad_height"": 800.0, ""substrate_material"": ""Al2O3"", ""topclad_material"": ""SiO2"", ""core_eq_o"": ""(1+2.8032/(1-0.015287/x**2)+0.36335/(1-0.036095/x**2)-33508000/(1+367200000/x**2))**0.5"", ""core_eq_e"": ""(1+0.017061/(1-0.043855/x**2)+3.1976/(1-0.022642/x**2)-57269000/(1-74226000/x**2))**0.5"", ""core_chi2"": ""AlN"", ""t_film"": 354.0, ""h_s"": 70.0, ""w_s"": 500.0}",screened,4,TE10,A,,TE213?,0.7513870838212003,67,221.58701839621853,,2.0711792224537153,2.0711792224537153,,0.0021343820522456477,1764177.15542343,0.018055852119305164,,,,,,,,,,,,0.0021343820522456477,0.018055852119305164,TE213?,,,,2.455223793154916e-05,0.0006635857139961054,1.2061931492638787e-06,0.0004638632004235344,0.557586735478538,-0.02377236274555649,0.46618562726701857,,
77784674c2a3,loaded,"{""etch_depth"": 0.0, ""w_rib"": 500.0, ""sidewall_angle"": 5.0, ""strip_material"": ""TiO2"", ""strip_eq"": ""(0.5+0.747358*x**2/(x**2-0.0840076)+1.03335*x**2/(x**2-0.0662413)+1.02325*x**2/(x**2-0.0448956)+1.70043*x**2/(x**2-0.0225))**0.5"", ""strip_chi2"": null, ""strip_sidewall"": 5.0, ""strip_offset"": 0.0, ""substrate_height"": 1000.0, ""topclad_height"": 800.0, ""substrate_material"": ""Al2O3"", ""topclad_material"": ""SiO2"", ""core_eq_o"": ""(1+2.8032/(1-0.015287/x**2)+0.36335/(1-0.036095/x**2)-33508000/(1+367200000/x**2))**0.5"", ""core_eq_e"": ""(1+0.017061/(1-0.043855/x**2)+3.1976/(1-0.022642/x**2)-57269000/(1-74226000/x**2))**0.5"", ""core_chi2"": ""AlN"", ""t_film"": 354.0, ""h_s"": 70.0, ""w_s"": 500.0}",screened,0,TM00,A,,TM381?,0.02274599491214122,7,215.61574098990738,,2.1677853770376263,2.1677853770376263,,0.0020718504026928796,1674124.9014796272,0.0003440044170464191,,,,,,,,,,,,0.0020718504026928796,0.0003440044170464191,TM381?,,,,2.35380429230544e-05,0.0021372379742210404,1.8235085355790526e-08,7.186378314636475e-07,1.0156574161009682,0.002966707320170084,-0.018624123421138197,,
77784674c2a3,loaded,"{""etch_depth"": 0.0, ""w_rib"": 500.0, ""sidewall_angle"": 5.0, ""strip_material"": ""TiO2"", ""strip_eq"": ""(0.5+0.747358*x**2/(x**2-0.0840076)+1.03335*x**2/(x**2-0.0662413)+1.02325*x**2/(x**2-0.0448956)+1.70043*x**2/(x**2-0.0225))**0.5"", ""strip_chi2"": null, ""strip_sidewall"": 5.0, ""strip_offset"": 0.0, ""substrate_height"": 1000.0, ""topclad_height"": 800.0, ""substrate_material"": ""Al2O3"", ""topclad_material"": ""SiO2"", ""core_eq_o"": ""(1+2.8032/(1-0.015287/x**2)+0.36335/(1-0.036095/x**2)-33508000/(1+367200000/x**2))**0.5"", ""core_eq_e"": ""(1+0.017061/(1-0.043855/x**2)+3.1976/(1-0.022642/x**2)-57269000/(1-74226000/x**2))**0.5"", ""core_chi2"": ""AlN"", ""t_film"": 354.0, ""h_s"": 70.0, ""w_s"": 500.0}",screened,1,TM10,S,,TM341,0.4806570986873422,54,220.0402453886699,,2.1172058489895016,2.1172058489895016,,0.0020041872755008757,1783709.9178857324,0.0005854951172916668,,,,,,,,,,,,0.0020041872755008757,0.0005854951172916668,TM341,,,,2.3625551815843238e-05,0.002022235748792799,5.0191545212079535e-08,1.8076108509659413e-07,1.004492599592904,0.005004332215399778,-0.009496931808303547,,
77784674c2a3,loaded,"{""etch_depth"": 0.0, ""w_rib"": 500.0, ""sidewall_angle"": 5.0, ""strip_material"": ""TiO2"", ""strip_eq"": ""(0.5+0.747358*x**2/(x**2-0.0840076)+1.03335*x**2/(x**2-0.0662413)+1.02325*x**2/(x**2-0.0448956)+1.70043*x**2/(x**2-0.0225))**0.5"", ""strip_chi2"": null, ""strip_sidewall"": 5.0, ""strip_offset"": 0.0, ""substrate_height"": 1000.0, ""topclad_height"": 800.0, ""substrate_material"": ""Al2O3"", ""topclad_material"": ""SiO2"", ""core_eq_o"": ""(1+2.8032/(1-0.015287/x**2)+0.36335/(1-0.036095/x**2)-33508000/(1+367200000/x**2))**0.5"", ""core_eq_e"": ""(1+0.017061/(1-0.043855/x**2)+3.1976/(1-0.022642/x**2)-57269000/(1-74226000/x**2))**0.5"", ""core_chi2"": ""AlN"", ""t_film"": 354.0, ""h_s"": 70.0, ""w_s"": 500.0}",screened,1,TM10,S,,TM380?,0.017158298131636832,7,217.37628682115545,,2.1212086790845905,2.1212086790845905,,0.00193290016648663,1884395.604507618,0.0005530867037497767,,,,,,,,,,,,0.00193290016648663,0.0005530867037497767,TM380?,,,,2.2920683689626388e-05,0.001941915123235421,2.15624901289319e-08,6.21241943070667e-08,1.0023292640796468,0.003339986758699682,-0.005669250838346614,,
77784674c2a3,loaded,"{""etch_depth"": 0.0, ""w_rib"": 500.0, ""sidewall_angle"": 5.0, ""strip_material"": ""TiO2"", ""strip_eq"": ""(0.5+0.747358*x**2/(x**2-0.0840076)+1.03335*x**2/(x**2-0.0662413)+1.02325*x**2/(x**2-0.0448956)+1.70043*x**2/(x**2-0.0225))**0.5"", ""strip_chi2"": null, ""strip_sidewall"": 5.0, ""strip_offset"": 0.0, ""substrate_height"": 1000.0, ""topclad_height"": 800.0, ""substrate_material"": ""Al2O3"", ""topclad_material"": ""SiO2"", ""core_eq_o"": ""(1+2.8032/(1-0.015287/x**2)+0.36335/(1-0.036095/x**2)-33508000/(1+367200000/x**2))**0.5"", ""core_eq_e"": ""(1+0.017061/(1-0.043855/x**2)+3.1976/(1-0.022642/x**2)-57269000/(1-74226000/x**2))**0.5"", ""core_chi2"": ""AlN"", ""t_film"": 354.0, ""h_s"": 70.0, ""w_s"": 500.0}",screened,0,TM00,A,,TE54,0.9901390296653054,41,218.8629854979926,,2.160862134054884,2.160862134054884,,0.001893646393246086,1794863.075890133,0.0003554885390292314,,,,,,,,,,,,0.001893646393246086,0.0003554885390292314,TE54,,,,2.284191188037047e-05,0.0021191587244525426,3.803541836773528e-09,6.03488729036951e-06,1.057869998844433,-0.0014172440954330382,-0.05645275474899991,,
77784674c2a3,loaded,"{""etch_depth"": 0.0, ""w_rib"": 500.0, ""sidewall_angle"": 5.0, ""strip_material"": ""TiO2"", ""strip_eq"": ""(0.5+0.747358*x**2/(x**2-0.0840076)+1.03335*x**2/(x**2-0.0662413)+1.02325*x**2/(x**2-0.0448956)+1.70043*x**2/(x**2-0.0225))**0.5"", ""strip_chi2"": null, ""strip_sidewall"": 5.0, ""strip_offset"": 0.0, ""substrate_height"": 1000.0, ""topclad_height"": 800.0, ""substrate_material"": ""Al2O3"", ""topclad_material"": ""SiO2"", ""core_eq_o"": ""(1+2.8032/(1-0.015287/x**2)+0.36335/(1-0.036095/x**2)-33508000/(1+367200000/x**2))**0.5"", ""core_eq_e"": ""(1+0.017061/(1-0.043855/x**2)+3.1976/(1-0.022642/x**2)-57269000/(1-74226000/x**2))**0.5"", ""core_chi2"": ""AlN"", ""t_film"": 354.0, ""h_s"": 70.0, ""w_s"": 500.0}",screened,2,TM20,A,,TM243?,0.060051463489830315,74,222.06631553923424,,2.1077395402491965,2.1077395402491965,,0.0018577178722761398,1914961.5691138387,0.0005319829492932467,,,,,,,,,,,,0.0018577178722761398,0.0005319829492932467,TM243?,,,,2.2955315003267136e-05,0.0018484381003053833,3.6909028041839935e-09,2.2120855363616e-09,0.9974992462935196,0.0014095368189802817,0.0010912168875001412,,
77784674c2a3,loaded,"{""etch_depth"": 0.0, ""w_rib"": 500.0, ""sidewall_angle"": 5.0, ""strip_material"": ""TiO2"", ""strip_eq"": ""(0.5+0.747358*x**2/(x**2-0.0840076)+1.03335*x**2/(x**2-0.0662413)+1.02325*x**2/(x**2-0.0448956)+1.70043*x**2/(x**2-0.0225))**0.5"", ""strip_chi2"": null, ""strip_sidewall"": 5.0, ""strip_offset"": 0.0, ""substrate_height"": 1000.0, ""topclad_height"": 800.0, ""substrate_material"": ""Al2O3"", ""topclad_material"": ""SiO2"", ""core_eq_o"": ""(1+2.8032/(1-0.015287/x**2)+0.36335/(1-0.036095/x**2)-33508000/(1+367200000/x**2))**0.5"", ""core_eq_e"": ""(1+0.017061/(1-0.043855/x**2)+3.1976/(1-0.022642/x**2)-57269000/(1-74226000/x**2))**0.5"", ""core_chi2"": ""AlN"", ""t_film"": 354.0, ""h_s"": 70.0, ""w_s"": 500.0}",screened,0,TM00,A,,TM300,0.0054479130042566,130,230.67765690096417,,2.140152586062162,2.140152586062162,,0.0018454455140100169,1706512.6780132393,0.00036727599189261527,,,,,,,,,,,,0.0018454455140100169,0.00036727599189261527,TM300,,,,2.3766587870656352e-05,0.0018878246558649949,9.070367070916162e-08,3.5828741212293e-08,1.0114169167060072,-0.00701070701427653,-0.004406209691730594,,
77784674c2a3,loaded,"{""etch_depth"": 0.0, ""w_rib"": 500.0, ""sidewall_angle"": 5.0, ""strip_material"": ""TiO2"", ""strip_eq"": ""(0.5+0.747358*x**2/(x**2-0.0840076)+1.03335*x**2/(x**2-0.0662413)+1.02325*x**2/(x**2-0.0448956)+1.70043*x**2/(x**2-0.0225))**0.5"", ""strip_chi2"": null, ""strip_sidewall"": 5.0, ""strip_offset"": 0.0, ""substrate_height"": 1000.0, ""topclad_height"": 800.0, ""substrate_material"": ""Al2O3"", ""topclad_material"": ""SiO2"", ""core_eq_o"": ""(1+2.8032/(1-0.015287/x**2)+0.36335/(1-0.036095/x**2)-33508000/(1+367200000/x**2))**0.5"", ""core_eq_e"": ""(1+0.017061/(1-0.043855/x**2)+3.1976/(1-0.022642/x**2)-57269000/(1-74226000/x**2))**0.5"", ""core_chi2"": ""AlN"", ""t_film"": 354.0, ""h_s"": 70.0, ""w_s"": 500.0}",screened,2,TM20,A,,TM320,0.006080860015813591,123,229.24775913611558,,2.0983862629634813,2.0983862629634813,,0.0017626422884382887,1919222.5464432028,0.0005169262167188837,,,,,,,,,,,,0.0017626422884382887,0.0005169262167188837,TM320,,,,2.3083299262311986e-05,0.0018260138278776228,7.716516455879693e-08,2.2114747361363327e-07,1.0178175577582582,-0.006616503562891987,-0.011201054195366354,,
77784674c2a3,loaded,"{""etch_depth"": 0.0, ""w_rib"": 500.0, ""sidewall_angle"": 5.0, ""strip_material"": ""TiO2"", ""strip_eq"": ""(0.5+0.747358*x**2/(x**2-0.0840076)+1.03335*x**2/(x**2-0.0662413)+1.02325*x**2/(x**2-0.0448956)+1.70043*x**2/(x**2-0.0225))**0.5"", ""strip_chi2"": null, ""strip_sidewall"": 5.0, ""strip_offset"": 0.0, ""substrate_height"": 1000.0, ""topclad_height"": 800.0, ""substrate_material"": ""Al2O3"", ""topclad_material"": ""SiO2"", ""core_eq_o"": ""(1+2.8032/(1-0.015287/x**2)+0.36335/(1-0.036095/x**2)-33508000/(1+367200000/x**2))**0.5"", ""core_eq_e"": ""(1+0.017061/(1-0.043855/x**2)+3.1976/(1-0.022642/x**2)-57269000/(1-74226000/x**2))**0.5"", ""core_chi2"": ""AlN"", ""t_film"": 354.0, ""h_s"": 70.0, ""w_s"": 500.0}",screened,1,TM10,S,,TM321,0.026249018765374995,94,223.79714756119242,,2.112071258572682,2.112071258572682,,0.0017158036449728485,2028867.3085745862,0.0005543800377763334,,,,,,,,,,,,0.0017158036449728485,0.0005543800377763334,TM321,,,,2.2233049252053382e-05,0.0017749102420620926,2.538379264175228e-08,7.512491172817372e-07,1.0170783380275026,0.003846311581976534,-0.02092464960947909,,
77784674c2a3,loaded,"{""etch_depth"": 0.0, ""w_rib"": 500.0, ""sidewall_angle"": 5.0, ""strip_material"": ""TiO2"", ""strip_eq"": ""(0.5+0.747358*x**2/(x**2-0.0840076)+1.03335*x**2/(x**2-0.0662413)+1.02325*x**2/(x**2-0.0448956)+1.70043*x**2/(x**2-0.0225))**0.5"", ""strip_chi2"": null, ""strip_sidewall"": 5.0, ""strip_offset"": 0.0, ""substrate_height"": 1000.0, ""topclad_height"": 800.0, ""substrate_material"": ""Al2O3"", ""topclad_material"": ""SiO2"", ""core_eq_o"": ""(1+2.8032/(1-0.015287/x**2)+0.36335/(1-0.036095/x**2)-33508000/(1+367200000/x**2))**0.5"", ""core_eq_e"": ""(1+0.017061/(1-0.043855/x**2)+3.1976/(1-0.022642/x**2)-57269000/(1-74226000/x**2))**0.5"", ""core_chi2"": ""AlN"", ""t_film"": 354.0, ""h_s"": 70.0, ""w_s"": 500.0}",screened,2,TM20,A,,TM114?,0.48518445281094313,58,218.0190827595665,,2.113342542366431,2.113342542366431,,0.0016831516320862342,2175374.725197203,0.0005314040647256858,,,,,,,,,,,,0.0016831516320862342,0.0005314040647256858,TM114?,,,,2.145195215121175e-05,0.0016764194629349145,1.1540144918461608e-09,1.3479239415432821e-08,0.9979981261785944,-0.0008280260690250364,0.00282989989043068,,
77784674c2a3,loaded,"{""etch_depth"": 0.0, ""w_rib"": 500.0, ""sidewall_angle"": 5.0, ""strip_material"": ""TiO2"", ""strip_eq"": ""(0.5+0.747358*x**2/(x**2-0.0840076)+1.03335*x**2/(x**2-0.0662413)+1.02325*x**2/(x**2-0.0448956)+1.70043*x**2/(x**2-0.0225))**0.5"", ""strip_chi2"": null, ""strip_sidewall"": 5.0, ""strip_offset"": 0.0, ""substrate_height"": 1000.0, ""topclad_height"": 800.0, ""substrate_material"": ""Al2O3"", ""topclad_material"": ""SiO2"", ""core_eq_o"": ""(1+2.8032/(1-0.015287/x**2)+0.36335/(1-0.036095/x**2)-33508000/(1+367200000/x**2))**0.5"", ""core_eq_e"": ""(1+0.017061/(1-0.043855/x**2)+3.1976/(1-0.022642/x**2)-57269000/(1-74226000/x**2))**0.5"", ""core_chi2"": ""AlN"", ""t_film"": 354.0, ""h_s"": 70.0, ""w_s"": 500.0}",screened,4,TE10,A,,TM44,0.01596378531480753,105,230.89229901870243,,2.0494519184020223,2.0494519184020223,,0.0016629876998999406,2152459.007025488,0.028574641659084753,,,,,,,,,,,,0.0016629876998999406,0.028574641659084753,TM44,,,,2.2582117184717928e-05,0.0010774290675055569,6.095245656906289e-05,2.2000637574615438e-08,0.8049146380931883,0.19144811222229868,0.0036372496845131865,,
77784674c2a3,loaded,"{""etch_depth"": 0.0, ""w_rib"": 500.0, ""sidewall_angle"": 5.0, ""strip_material"": ""TiO2"", ""strip_eq"": ""(0.5+0.747358*x**2/(x**2-0.0840076)+1.03335*x**2/(x**2-0.0662413)+1.02325*x**2/(x**2-0.0448956)+1.70043*x**2/(x**2-0.0225))**0.5"", ""strip_chi2"": null, ""strip_sidewall"": 5.0, ""strip_offset"": 0.0, ""substrate_height"": 1000.0, ""topclad_height"": 800.0, ""substrate_material"": ""Al2O3"", ""topclad_material"": ""SiO2"", ""core_eq_o"": ""(1+2.8032/(1-0.015287/x**2)+0.36335/(1-0.036095/x**2)-33508000/(1+367200000/x**2))**0.5"", ""core_eq_e"": ""(1+0.017061/(1-0.043855/x**2)+3.1976/(1-0.022642/x**2)-57269000/(1-74226000/x**2))**0.5"", ""core_chi2"": ""AlN"", ""t_film"": 354.0, ""h_s"": 70.0, ""w_s"": 500.0}",screened,0,TM00,A,,TM340,0.016048753210756942,80,221.86911013291686,,2.154995522107271,2.154995522107271,,0.0016274272724537998,2048904.1175683306,0.0003220347072496625,,,,,,,,,,,,0.0016274272724537998,0.0003220347072496625,TM340,,,,2.1466355951927334e-05,0.0016410601090307683,4.711680141705772e-09,5.629120390202908e-08,1.0041797275532793,0.0017015201842046402,-0.005881247737484104,,
77784674c2a3,loaded,"{""etch_depth"": 0.0, ""w_rib"": 500.0, ""sidewall_angle"": 5.0, ""strip_material"": ""TiO2"", ""strip_eq"": ""(0.5+0.747358*x**2/(x**2-0.0840076)+1.03335*x**2/(x**2-0.0662413)+1.02325*x**2/(x**2-0.0448956)+1.70043*x**2/(x**2-0.0225))**0.5"", ""strip_chi2"": null, ""strip_sidewall"": 5.0, ""strip_offset"": 0.0, ""substrate_height"": 1000.0, ""topclad_height"": 800.0, ""substrate_material"": ""Al2O3"", ""topclad_material"": ""SiO2"", ""core_eq_o"": ""(1+2.8032/(1-0.015287/x**2)+0.36335/(1-0.036095/x**2)-33508000/(1+367200000/x**2))**0.5"", ""core_eq_e"": ""(1+0.017061/(1-0.043855/x**2)+3.1976/(1-0.022642/x**2)-57269000/(1-74226000/x**2))**0.5"", ""core_chi2"": ""AlN"", ""t_film"": 354.0, ""h_s"": 70.0, ""w_s"": 500.0}",screened,1,TM10,S,,TM320,0.006573097018835738,123,228.76488295735422,,2.1056669806302297,2.1056669806302297,,0.0016188914137395282,2076780.16751705,0.0005477580959225713,,,,,,,,,,,,0.0016188914137395282,0.0005477580959225713,TM320,,,,2.2075416586428383e-05,0.0013758782117733884,4.5145399572019127e-07,6.104428166905547e-06,0.9218943149250023,0.01669928554117497,0.061406399533822695,,
77784674c2a3,loaded,"{""etch_depth"": 0.0, ""w_rib"": 500.0, ""sidewall_angle"": 5.0, ""strip_material"": ""TiO2"", ""strip_eq"": ""(0.5+0.747358*x**2/(x**2-0.0840076)+1.03335*x**2/(x**2-0.0662413)+1.02325*x**2/(x**2-0.0448956)+1.70043*x**2/(x**2-0.0225))**0.5"", ""strip_chi2"": null, ""strip_sidewall"": 5.0, ""strip_offset"": 0.0, ""substrate_height"": 1000.0, ""topclad_height"": 800.0, ""substrate_material"": ""Al2O3"", ""topclad_material"": ""SiO2"", ""core_eq_o"": ""(1+2.8032/(1-0.015287/x**2)+0.36335/(1-0.036095/x**2)-33508000/(1+367200000/x**2))**0.5"", ""core_eq_e"": ""(1+0.017061/(1-0.043855/x**2)+3.1976/(1-0.022642/x**2)-57269000/(1-74226000/x**2))**0.5"", ""core_chi2"": ""AlN"", ""t_film"": 354.0, ""h_s"": 70.0, ""w_s"": 500.0}",screened,3,TE00,S,,TM282?,0.2489162229374099,71,220.13334353727964,,2.1717285661700387,2.1717285661700387,,0.0016157610657015241,2048285.9846198922,0.017791085836732518,,,,,,,,,,,,0.0016157610657015241,0.017791085836732518,TM282?,,,,2.1221940355740323e-05,8.628996552356438e-05,0.0009132797150212378,4.7165739032081885e-07,0.23109554762587392,0.7518190680501393,0.017085384323986763,,
77784674c2a3,loaded,"{""etch_depth"": 0.0, ""w_rib"": 500.0, ""sidewall_angle"": 5.0, ""strip_material"": ""TiO2"", ""strip_eq"": ""(0.5+0.747358*x**2/(x**2-0.0840076)+1.03335*x**2/(x**2-0.0662413)+1.02325*x**2/(x**2-0.0448956)+1.70043*x**2/(x**2-0.0225))**0.5"", ""strip_chi2"": null, ""strip_sidewall"": 5.0, ""strip_offset"": 0.0, ""substrate_height"": 1000.0, ""topclad_height"": 800.0, ""substrate_material"": ""Al2O3"", ""topclad_material"": ""SiO2"", ""core_eq_o"": ""(1+2.8032/(1-0.015287/x**2)+0.36335/(1-0.036095/x**2)-33508000/(1+367200000/x**2))**0.5"", ""core_eq_e"": ""(1+0.017061/(1-0.043855/x**2)+3.1976/(1-0.022642/x**2)-57269000/(1-74226000/x**2))**0.5"", ""core_chi2"": ""AlN"", ""t_film"": 354.0, ""h_s"": 70.0, ""w_s"": 500.0}",screened,4,TE10,A,,TM223,0.40904973752914664,101,225.86478984785046,,2.0588650755857616,2.0588650755857616,,0.0015572467447336944,2369288.0523849376,0.018505833378585284,,,,,,,,,,,,0.0015572467447336944,0.018505833378585284,TM223,,,,2.1376565992252693e-05,0.002312480386096679,6.681211186229553e-05,2.0468638938291204e-07,1.2185975848957722,-0.20713280380338958,-0.011464781092382562,,
77784674c2a3,loaded,"{""etch_depth"": 0.0, ""w_rib"": 500.0, ""sidewall_angle"": 5.0, ""strip_material"": ""TiO2"", ""strip_eq"": ""(0.5+0.747358*x**2/(x**2-0.0840076)+1.03335*x**2/(x**2-0.0662413)+1.02325*x**2/(x**2-0.0448956)+1.70043*x**2/(x**2-0.0225))**0.5"", ""strip_chi2"": null, ""strip_sidewall"": 5.0, ""strip_offset"": 0.0, ""substrate_height"": 1000.0, ""topclad_height"": 800.0, ""substrate_material"": ""Al2O3"", ""topclad_material"": ""SiO2"", ""core_eq_o"": ""(1+2.8032/(1-0.015287/x**2)+0.36335/(1-0.036095/x**2)-33508000/(1+367200000/x**2))**0.5"", ""core_eq_e"": ""(1+0.017061/(1-0.043855/x**2)+3.1976/(1-0.022642/x**2)-57269000/(1-74226000/x**2))**0.5"", ""core_chi2"": ""AlN"", ""t_film"": 354.0, ""h_s"": 70.0, ""w_s"": 500.0}",screened,0,TM00,A,,TM64,0.1094066300884999,100,223.0373968485906,,2.1528438161521684,2.1528438161521684,,0.0015117888659611936,2189131.925457674,0.0003304340318728145,,,,,,,,,,,,0.0015117888659611936,0.0003304340318728145,TM64,,,,2.079859264564229e-05,0.001353096533022592,9.67214705143515e-07,1.2405459346510026e-06,0.946060302234461,0.0252939044774676,0.028645793288071226,,
77784674c2a3,loaded,"{""etch_depth"": 0.0, ""w_rib"": 500.0, ""sidewall_angle"": 5.0, ""strip_material"": ""TiO2"", ""strip_eq"": ""(0.5+0.747358*x**2/(x**2-0.0840076)+1.03335*x**2/(x**2-0.0662413)+1.02325*x**2/(x**2-0.0448956)+1.70043*x**2/(x**2-0.0225))**0.5"", ""strip_chi2"": null, ""strip_sidewall"": 5.0, ""strip_offset"": 0.0, ""substrate_height"": 1000.0, ""topclad_height"": 800.0, ""substrate_material"": ""Al2O3"", ""topclad_material"": ""SiO2"", ""core_eq_o"": ""(1+2.8032/(1-0.015287/x**2)+0.36335/(1-0.036095/x**2)-33508000/(1+367200000/x**2))**0.5"", ""core_eq_e"": ""(1+0.017061/(1-0.043855/x**2)+3.1976/(1-0.022642/x**2)-57269000/(1-74226000/x**2))**0.5"", ""core_chi2"": ""AlN"", ""t_film"": 354.0, ""h_s"": 70.0, ""w_s"": 500.0}",screened,4,TE10,A,,TE193,0.9282864064387847,83,225.55434449220851,,2.059480976399695,2.059480976399695,,0.001505296885770805,2455602.764372242,0.018213870837676577,,,,,,,,,,,,0.001505296885770805,0.018213870837676577,TE193,,,,2.0988092441134828e-05,7.701568169326701e-05,7.548476050976107e-05,0.0004551438736371146,0.2261926560895922,0.223933237629942,0.5498741062804657,,
77784674c2a3,loaded,"{""etch_depth"": 0.0, ""w_rib"": 500.0, ""sidewall_angle"": 5.0, ""strip_material"": ""TiO2"", ""strip_eq"": ""(0.5+0.747358*x**2/(x**2-0.0840076)+1.03335*x**2/(x**2-0.0662413)+1.02325*x**2/(x**2-0.0448956)+1.70043*x**2/(x**2-0.0225))**0.5"", ""strip_chi2"": null, ""strip_sidewall"": 5.0, ""strip_offset"": 0.0, ""substrate_height"": 1000.0, ""topclad_height"": 800.0, ""substrate_material"": ""Al2O3"", ""topclad_material"": ""SiO2"", ""core_eq_o"": ""(1+2.8032/(1-0.015287/x**2)+0.36335/(1-0.036095/x**2)-33508000/(1+367200000/x**2))**0.5"", ""core_eq_e"": ""(1+0.017061/(1-0.043855/x**2)+3.1976/(1-0.022642/x**2)-57269000/(1-74226000/x**2))**0.5"", ""core_chi2"": ""AlN"", ""t_film"": 354.0, ""h_s"": 70.0, ""w_s"": 500.0}",screened,2,TM20,A,,TM242?,0.05060168542754683,103,226.15116441405766,,2.1023285128584512,2.1023285128584512,,0.0013915705372006058,2483998.911293693,0.0004824804928283212,,,,,,,,,,,,0.0013915705372006058,0.0004824804928283212,TM242?,,,,2.0233086160277786e-05,0.0008698521826636286,6.705740204108239e-06,2.7258417049404958e-05,0.7906242232886758,0.06941778457977164,0.13995799213155263,,
77784674c2a3,loaded,"{""etch_depth"": 0.0, ""w_rib"": 500.0, ""sidewall_angle"": 5.0, ""strip_material"": ""TiO2"", ""strip_eq"": ""(0.5+0.747358*x**2/(x**2-0.0840076)+1.03335*x**2/(x**2-0.0662413)+1.02325*x**2/(x**2-0.0448956)+1.70043*x**2/(x**2-0.0225))**0.5"", ""strip_chi2"": null, ""strip_sidewall"": 5.0, ""strip_offset"": 0.0, ""substrate_height"": 1000.0, ""topclad_height"": 800.0, ""substrate_material"": ""Al2O3"", ""topclad_material"": ""SiO2"", ""core_eq_o"": ""(1+2.8032/(1-0.015287/x**2)+0.36335/(1-0.036095/x**2)-33508000/(1+367200000/x**2))**0.5"", ""core_eq_e"": ""(1+0.017061/(1-0.043855/x**2)+3.1976/(1-0.022642/x**2)-57269000/(1-74226000/x**2))**0.5"", ""core_chi2"": ""AlN"", ""t_film"": 354.0, ""h_s"": 70.0, ""w_s"": 500.0}",screened,0,TM00,A,,TE113?,0.9953617104074731,120,227.46388027362204,,2.1452389878501803,2.1452389878501803,,0.001371663363342137,2344534.103948563,0.00031723882110042367,,,,,,,,,,,,0.001371663363342137,0.00031723882110042367,TE113?,,,,2.020444396929344e-05,0.0005345480961766156,1.19745477938902e-09,0.00019268420021118123,0.6242659165083566,0.0009343418277907802,0.37479974166385266,,
77784674c2a3,loaded,"{""etch_depth"": 0.0, ""w_rib"": 500.0, ""sidewall_angle"": 5.0, ""strip_material"": ""TiO2"", ""strip_eq"": ""(0.5+0.747358*x**2/(x**2-0.0840076)+1.03335*x**2/(x**2-0.0662413)+1.02325*x**2/(x**2-0.0448956)+1.70043*x**2/(x**2-0.0225))**0.5"", ""strip_chi2"": null, ""strip_sidewall"": 5.0, ""strip_offset"": 0.0, ""substrate_height"": 1000.0, ""topclad_height"": 800.0, ""substrate_material"": ""Al2O3"", ""topclad_material"": ""SiO2"", ""core_eq_o"": ""(1+2.8032/(1-0.015287/x**2)+0.36335/(1-0.036095/x**2)-33508000/(1+367200000/x**2))**0.5"", ""core_eq_e"": ""(1+0.017061/(1-0.043855/x**2)+3.1976/(1-0.022642/x**2)-57269000/(1-74226000/x**2))**0.5"", ""core_chi2"": ""AlN"", ""t_film"": 354.0, ""h_s"": 70.0, ""w_s"": 500.0}",screened,3,TE00,S,,TM222,0.035470067262674695,139,233.39793853513206,,2.12392187803582,2.12392187803582,,0.001367157437010781,2302119.415491869,0.013594653570897973,,,,,,,,,,,,0.001367157437010781,0.013594653570897973,TM222,,,,2.0697456125591214e-05,0.0018732549832660799,2.1996975364179916e-05,2.6112308747222752e-06,1.170547882478294,-0.1268446690199844,-0.04370321345830945,,
77784674c2a3,loaded,"{""etch_depth"": 0.0, ""w_rib"": 500.0, ""sidewall_angle"": 5.0, ""strip_material"": ""TiO2"", ""strip_eq"": ""(0.5+0.747358*x**2/(x**2-0.0840076)+1.03335*x**2/(x**2-0.0662413)+1.02325*x**2/(x**2-0.0448956)+1.70043*x**2/(x**2-0.0225))**0.5"", ""strip_chi2"": null, ""strip_sidewall"": 5.0, ""strip_offset"": 0.0, ""substrate_height"": 1000.0, ""topclad_height"": 800.0, ""substrate_material"": ""Al2O3"", ""topclad_material"": ""SiO2"", ""core_eq_o"": ""(1+2.8032/(1-0.015287/x**2)+0.36335/(1-0.036095/x**2)-33508000/(1+367200000/x**2))**0.5"", ""core_eq_e"": ""(1+0.017061/(1-0.043855/x**2)+3.1976/(1-0.022642/x**2)-57269000/(1-74226000/x**2))**0.5"", ""core_chi2"": ""AlN"", ""t_film"": 354.0, ""h_s"": 70.0, ""w_s"": 500.0}",screened,1,TM10,S,,TM184?,0.05432712421925637,70,223.38417939054125,,2.112635665712955,2.112635665712955,,0.0013510603300653172,2584060.2509567724,0.0005079695589515846,,,,,,,,,,,,0.0013510603300653172,0.0005079695589515846,TM184?,,,,1.969248273704371e-05,0.0008561036559547807,7.047587085757656e-06,2.3452656774885493e-05,0.7960233452986392,0.0722242190114295,0.1317524356899313,,
77784674c2a3,loaded,"{""etch_depth"": 0.0, ""w_rib"": 500.0, ""sidewall_angle"": 5.0, ""strip_material"": ""TiO2"", ""strip_eq"": ""(0.5+0.747358*x**2/(x**2-0.0840076)+1.03335*x**2/(x**2-0.0662413)+1.02325*x**2/(x**2-0.0448956)+1.70043*x**2/(x**2-0.0225))**0.5"", ""strip_chi2"": null, ""strip_sidewall"": 5.0, ""strip_offset"": 0.0, ""substrate_height"": 1000.0, ""topclad_height"": 800.0, ""substrate_material"": ""Al2O3"", ""topclad_material"": ""SiO2"", ""core_eq_o"": ""(1+2.8032/(1-0.015287/x**2)+0.36335/(1-0.036095/x**2)-33508000/(1+367200000/x**2))**0.5"", ""core_eq_e"": ""(1+0.017061/(1-0.043855/x**2)+3.1976/(1-0.022642/x**2)-57269000/(1-74226000/x**2))**0.5"", ""core_chi2"": ""AlN"", ""t_film"": 354.0, ""h_s"": 70.0, ""w_s"": 500.0}",screened,4,TE10,A,,TM242?,0.018187412340659338,103,228.03195661011105,,2.054565575694563,2.054565575694563,,0.0013189897418103328,2761615.1537122447,0.023980794535697472,,,,,,,,,,,,0.0013189897418103328,0.023980794535697472,TM242?,,,,1.9862189122552878e-05,0.0007410608606511753,9.579203451812559e-05,4.786912877746052e-07,0.7495597009877473,0.2694908285797958,-0.019050529567543127,,
77784674c2a3,loaded,"{""etch_depth"": 0.0, ""w_rib"": 500.0, ""sidewall_angle"": 5.0, ""strip_material"": ""TiO2"", ""strip_eq"": ""(0.5+0.747358*x**2/(x**2-0.0840076)+1.03335*x**2/(x**2-0.0662413)+1.02325*x**2/(x**2-0.0448956)+1.70043*x**2/(x**2-0.0225))**0.5"", ""strip_chi2"": null, ""strip_sidewall"": 5.0, ""strip_offset"": 0.0, ""substrate_height"": 1000.0, ""topclad_height"": 800.0, ""substrate_material"": ""Al2O3"", ""topclad_material"": ""SiO2"", ""core_eq_o"": ""(1+2.8032/(1-0.015287/x**2)+0.36335/(1-0.036095/x**2)-33508000/(1+367200000/x**2))**0.5"", ""core_eq_e"": ""(1+0.017061/(1-0.043855/x**2)+3.1976/(1-0.022642/x**2)-57269000/(1-74226000/x**2))**0.5"", ""core_chi2"": ""AlN"", ""t_film"": 354.0, ""h_s"": 70.0, ""w_s"": 500.0}",screened,1,TM10,S,,TE134,0.8262212980045669,14,216.88565345502724,,2.121946921115002,2.121946921115002,,0.0012884449458381148,2836775.4438289115,0.00046599012122332294,,,,,,,,,,,,0.0012884449458381148,0.00046599012122332294,TE134,,,,1.8671295337177895e-05,0.0009183605102070367,9.845023165116202e-08,3.485980888445756e-05,0.8442550502147808,-0.008741288178033435,0.16448623796325254,,
77784674c2a3,loaded,"{""etch_depth"": 0.0, ""w_rib"": 500.0, ""sidewall_angle"": 5.0, ""strip_material"": ""TiO2"", ""strip_eq"": ""(0.5+0.747358*x**2/(x**2-0.0840076)+1.03335*x**2/(x**2-0.0662413)+1.02325*x**2/(x**2-0.0448956)+1.70043*x**2/(x**2-0.0225))**0.5"", ""strip_chi2"": null, ""strip_sidewall"": 5.0, ""strip_offset"": 0.0, ""substrate_height"": 1000.0, ""topclad_height"": 800.0, ""substrate_material"": ""Al2O3"", ""topclad_material"": ""SiO2"", ""core_eq_o"": ""(1+2.8032/(1-0.015287/x**2)+0.36335/(1-0.036095/x**2)-33508000/(1+367200000/x**2))**0.5"", ""core_eq_e"": ""(1+0.017061/(1-0.043855/x**2)+3.1976/(1-0.022642/x**2)-57269000/(1-74226000/x**2))**0.5"", ""core_chi2"": ""AlN"", ""t_film"": 354.0, ""h_s"": 70.0, ""w_s"": 500.0}",screened,4,TE10,A,,TM320,0.006472432705477827,123,232.80290832196098,,2.0468627464601945,2.0468627464601945,,0.0011340422822052614,3116619.6783486423,0.022765885851217842,,,,,,,,,,,,0.0011340422822052614,0.022765885851217842,TM320,,,,1.8802418518368792e-05,2.2766186161324574e-06,0.0012270635836958328,2.400135155206271e-08,-0.04480541639370666,1.040204935562926,0.0046004808307807486,,
77784674c2a3,loaded,"{""etch_depth"": 0.0, ""w_rib"": 500.0, ""sidewall_angle"": 5.0, ""strip_material"": ""TiO2"", ""strip_eq"": ""(0.5+0.747358*x**2/(x**2-0.0840076)+1.03335*x**2/(x**2-0.0662413)+1.02325*x**2/(x**2-0.0448956)+1.70043*x**2/(x**2-0.0225))**0.5"", ""strip_chi2"": null, ""strip_sidewall"": 5.0, ""strip_offset"": 0.0, ""substrate_height"": 1000.0, ""topclad_height"": 800.0, ""substrate_material"": ""Al2O3"", ""topclad_material"": ""SiO2"", ""core_eq_o"": ""(1+2.8032/(1-0.015287/x**2)+0.36335/(1-0.036095/x**2)-33508000/(1+367200000/x**2))**0.5"", ""core_eq_e"": ""(1+0.017061/(1-0.043855/x**2)+3.1976/(1-0.022642/x**2)-57269000/(1-74226000/x**2))**0.5"", ""core_chi2"": ""AlN"", ""t_film"": 354.0, ""h_s"": 70.0, ""w_s"": 500.0}",screened,1,TM10,S,,TE271,0.986851804602574,89,225.42671999317417,,2.1098877638019715,2.1098877638019715,,0.0011121568448439222,3094575.911430065,0.0004512050498896081,,,,,,,,,,,,0.0011121568448439222,0.0004512050498896081,TE271,,,,1.803014011487051e-05,0.0009560736765824412,6.505829172140099e-08,4.7241426804745765e-06,0.9271770238811673,0.0076483597658945895,0.06517461635293818,,
77784674c2a3,loaded,"{""etch_depth"": 0.0, ""w_rib"": 500.0, ""sidewall_angle"": 5.0, ""strip_material"": ""TiO2"", ""strip_eq"": ""(0.5+0.747358*x**2/(x**2-0.0840076)+1.03335*x**2/(x**2-0.0662413)+1.02325*x**2/(x**2-0.0448956)+1.70043*x**2/(x**2-0.0225))**0.5"", ""strip_chi2"": null, ""strip_sidewall"": 5.0, ""strip_offset"": 0.0, ""substrate_height"": 1000.0, ""topclad_height"": 800.0, ""substrate_material"": ""Al2O3"", ""topclad_material"": ""SiO2"", ""core_eq_o"": ""(1+2.8032/(1-0.015287/x**2)+0.36335/(1-0.036095/x**2)-33508000/(1+367200000/x**2))**0.5"", ""core_eq_e"": ""(1+0.017061/(1-0.043855/x**2)+3.1976/(1-0.022642/x**2)-57269000/(1-74226000/x**2))**0.5"", ""core_chi2"": ""AlN"", ""t_film"": 354.0, ""h_s"": 70.0, ""w_s"": 500.0}",screened,3,TE00,S,,TM302?,0.12966855185110193,42,217.2517869169817,,2.1849708626023867,2.1849708626023867,,0.0010825489602728335,3082086.425972501,0.01513999431351242,,,,,,,,,,,,0.0010825489602728335,0.01513999431351242,TM302?,,,,1.7143434048482928e-05,9.64795179511505e-06,0.0013069930153123796,2.0773845568720365e-08,-0.09440473746628832,1.0987853483291554,-0.004380610862867239,,
77784674c2a3,loaded,"{""etch_depth"": 0.0, ""w_rib"": 500.0, ""sidewall_angle"": 5.0, ""strip_material"": ""TiO2"", ""strip_eq"": ""(0.5+0.747358*x**2/(x**2-0.0840076)+1.03335*x**2/(x**2-0.0662413)+1.02325*x**2/(x**2-0.0448956)+1.70043*x**2/(x**2-0.0225))**0.5"", ""strip_chi2"": null, ""strip_sidewall"": 5.0, ""strip_offset"": 0.0, ""substrate_height"": 1000.0, ""topclad_height"": 800.0, ""substrate_material"": ""Al2O3"", ""topclad_material"": ""SiO2"", ""core_eq_o"": ""(1+2.8032/(1-0.015287/x**2)+0.36335/(1-0.036095/x**2)-33508000/(1+367200000/x**2))**0.5"", ""core_eq_e"": ""(1+0.017061/(1-0.043855/x**2)+3.1976/(1-0.022642/x**2)-57269000/(1-74226000/x**2))**0.5"", ""core_chi2"": ""AlN"", ""t_film"": 354.0, ""h_s"": 70.0, ""w_s"": 500.0}",screened,3,TE00,S,,TM163,0.04579498909373089,134,229.44179088632504,,2.136400186635029,2.136400186635029,,0.0010811485570459696,2959905.0637710686,0.013513777208690047,,,,,,,,,,,,0.0010811485570459696,0.013513777208690047,TM163,,,,1.8093638141184288e-05,0.0011926446528923843,1.3589541955267628e-06,2.3826330428329878e-07,1.0502987441344638,-0.03545354957872327,-0.01484519455574061,,
77784674c2a3,loaded,"{""etch_depth"": 0.0, ""w_rib"": 500.0, ""sidewall_angle"": 5.0, ""strip_material"": ""TiO2"", ""strip_eq"": ""(0.5+0.747358*x**2/(x**2-0.0840076)+1.03335*x**2/(x**2-0.0662413)+1.02325*x**2/(x**2-0.0448956)+1.70043*x**2/(x**2-0.0225))**0.5"", ""strip_chi2"": null, ""strip_sidewall"": 5.0, ""strip_offset"": 0.0, ""substrate_height"": 1000.0, ""topclad_height"": 800.0, ""substrate_material"": ""Al2O3"", ""topclad_material"": ""SiO2"", ""core_eq_o"": ""(1+2.8032/(1-0.015287/x**2)+0.36335/(1-0.036095/x**2)-33508000/(1+367200000/x**2))**0.5"", ""core_eq_e"": ""(1+0.017061/(1-0.043855/x**2)+3.1976/(1-0.022642/x**2)-57269000/(1-74226000/x**2))**0.5"", ""core_chi2"": ""AlN"", ""t_film"": 354.0, ""h_s"": 70.0, ""w_s"": 500.0}",screened,2,TM20,A,,TM342,0.2243980401114461,18,215.81361258387068,,2.1164866995543656,2.1164866995543656,,0.001081108458271476,3440982.4599798582,0.000400599629839018,,,,,,,,,,,,0.001081108458271476,0.000400599629839018,TM342,,,,1.7018612793354697e-05,0.001065786842727529,1.7349653301737525e-09,3.6929272602756513e-08,0.9928886465841,0.0012668079138354815,0.005844545502064437,,
77784674c2a3,loaded,"{""etch_depth"": 0.0, ""w_rib"": 500.0, ""sidewall_angle"": 5.0, ""strip_material"": ""TiO2"", ""strip_eq"": ""(0.5+0.747358*x**2/(x**2-0.0840076)+1.03335*x**2/(x**2-0.0662413)+1.02325*x**2/(x**2-0.0448956)+1.70043*x**2/(x**2-0.0225))**0.5"", ""strip_chi2"": null, ""strip_sidewall"": 5.0, ""strip_offset"": 0.0, ""substrate_height"": 1000.0, ""topclad_height"": 800.0, ""substrate_material"": ""Al2O3"", ""topclad_material"": ""SiO2"", ""core_eq_o"": ""(1+2.8032/(1-0.015287/x**2)+0.36335/(1-0.036095/x**2)-33508000/(1+367200000/x**2))**0.5"", ""core_eq_e"": ""(1+0.017061/(1-0.043855/x**2)+3.1976/(1-0.022642/x**2)-57269000/(1-74226000/x**2))**0.5"", ""core_chi2"": ""AlN"", ""t_film"": 354.0, ""h_s"": 70.0, ""w_s"": 500.0}",screened,1,TM10,S,,TE193,0.9993796160061656,62,221.32356768495995,,2.115451921401923,2.115451921401923,,0.0009997010768460527,3543407.1835343586,0.0004252231978676175,,,,,,,,,,,,0.0009997010768460527,0.0004252231978676175,TE193,,,,1.6783148312283446e-05,0.0007797789357807754,1.886085911970671e-09,1.3323220118618878e-05,0.8831829365752386,0.0013735537395026776,0.11544350968525888,,
77784674c2a3,loaded,"{""etch_depth"": 0.0, ""w_rib"": 500.0, ""sidewall_angle"": 5.0, ""strip_material"": ""TiO2"", ""strip_eq"": ""(0.5+0.747358*x**2/(x**2-0.0840076)+1.03335*x**2/(x**2-0.0662413)+1.02325*x**2/(x**2-0.0448956)+1.70043*x**2/(x**2-0.0225))**0.5"", ""strip_chi2"": null, ""strip_sidewall"": 5.0, ""strip_offset"": 0.0, ""substrate_height"": 1000.0, ""topclad_height"": 800.0, ""substrate_material"": ""Al2O3"", ""topclad_material"": ""SiO2"", ""core_eq_o"": ""(1+2.8032/(1-0.015287/x**2)+0.36335/(1-0.036095/x**2)-33508000/(1+367200000/x**2))**0.5"", ""core_eq_e"": ""(1+0.017061/(1-0.043855/x**2)+3.1976/(1-0.022642/x**2)-57269000/(1-74226000/x**2))**0.5"", ""core_chi2"": ""AlN"", ""t_film"": 354.0, ""h_s"": 70.0, ""w_s"": 500.0}",screened,2,TM20,A,,TM163,0.03992582289625206,129,232.30763373054185,,2.09463902345064,2.09463902345064,,0.0009458248181424022,3501795.5420559454,0.0003959685861601369,,,,,,,,,,,,0.0009458248181424022,0.0003959685861601369,TM163,,,,1.713481911337962e-05,0.0009301383912638734,2.023492949255772e-08,1.2960732676800949e-08,0.9916728705488594,0.00462535951686222,0.003701769934278559,,
77784674c2a3,loaded,"{""etch_depth"": 0.0, ""w_rib"": 500.0, ""sidewall_angle"": 5.0, ""strip_material"": ""TiO2"", ""strip_eq"": ""(0.5+0.747358*x**2/(x**2-0.0840076)+1.03335*x**2/(x**2-0.0662413)+1.02325*x**2/(x**2-0.0448956)+1.70043*x**2/(x**2-0.0225))**0.5"", ""strip_chi2"": null, ""strip_sidewall"": 5.0, ""strip_offset"": 0.0, ""substrate_height"": 1000.0, ""topclad_height"": 800.0, ""substrate_material"": ""Al2O3"", ""topclad_material"": ""SiO2"", ""core_eq_o"": ""(1+2.8032/(1-0.015287/x**2)+0.36335/(1-0.036095/x**2)-33508000/(1+367200000/x**2))**0.5"", ""core_eq_e"": ""(1+0.017061/(1-0.043855/x**2)+3.1976/(1-0.022642/x**2)-57269000/(1-74226000/x**2))**0.5"", ""core_chi2"": ""AlN"", ""t_film"": 354.0, ""h_s"": 70.0, ""w_s"": 500.0}",screened,3,TE00,S,,TM320?,0.027793076259565182,110,225.734405479122,,2.149489837449518,2.149489837449518,,0.0009337502958412615,3476350.5878337836,0.012851316811540763,,,,,,,,,,,,0.0009337502958412615,0.012851316811540763,TM320?,,,,1.6543363934236074e-05,0.00032813892700914014,0.00012102889739847116,2.077660573010895e-06,0.592807242099757,0.36002210114031813,0.0471706567599249,,
77784674c2a3,loaded,"{""etch_depth"": 0.0, ""w_rib"": 500.0, ""sidewall_angle"": 5.0, ""strip_material"": ""TiO2"", ""strip_eq"": ""(0.5+0.747358*x**2/(x**2-0.0840076)+1.03335*x**2/(x**2-0.0662413)+1.02325*x**2/(x**2-0.0448956)+1.70043*x**2/(x**2-0.0225))**0.5"", ""strip_chi2"": null, ""strip_sidewall"": 5.0, ""strip_offset"": 0.0, ""substrate_height"": 1000.0, ""topclad_height"": 800.0, ""substrate_material"": ""Al2O3"", ""topclad_material"": ""SiO2"", ""core_eq_o"": ""(1+2.8032/(1-0.015287/x**2)+0.36335/(1-0.036095/x**2)-33508000/(1+367200000/x**2))**0.5"", ""core_eq_e"": ""(1+0.017061/(1-0.043855/x**2)+3.1976/(1-0.022642/x**2)-57269000/(1-74226000/x**2))**0.5"", ""core_chi2"": ""AlN"", ""t_film"": 354.0, ""h_s"": 70.0, ""w_s"": 500.0}",screened,3,TE00,S,,TE73,0.9999721029455936,136,233.720009982095,,2.1229259368241427,2.1229259368241427,,0.0009177210925210165,3424908.6240308033,0.011376988830151386,,,,,,,,,,,,0.0009177210925210165,0.011376988830151386,TE73,,,,1.6980948430645177e-05,6.266979463370628e-10,4.003586032330388e-08,0.0009071454934565908,-0.0008263685473835368,0.006604945310602986,0.9942214232367806,,
77784674c2a3,loaded,"{""etch_depth"": 0.0, ""w_rib"": 500.0, ""sidewall_angle"": 5.0, ""strip_material"": ""TiO2"", ""strip_eq"": ""(0.5+0.747358*x**2/(x**2-0.0840076)+1.03335*x**2/(x**2-0.0662413)+1.02325*x**2/(x**2-0.0448956)+1.70043*x**2/(x**2-0.0225))**0.5"", ""strip_chi2"": null, ""strip_sidewall"": 5.0, ""strip_offset"": 0.0, ""substrate_height"": 1000.0, ""topclad_height"": 800.0, ""substrate_material"": ""Al2O3"", ""topclad_material"": ""SiO2"", ""core_eq_o"": ""(1+2.8032/(1-0.015287/x**2)+0.36335/(1-0.036095/x**2)-33508000/(1+367200000/x**2))**0.5"", ""core_eq_e"": ""(1+0.017061/(1-0.043855/x**2)+3.1976/(1-0.022642/x**2)-57269000/(1-74226000/x**2))**0.5"", ""core_chi2"": ""AlN"", ""t_film"": 354.0, ""h_s"": 70.0, ""w_s"": 500.0}",screened,1,TM10,S,,TE350,0.9777494558458706,19,215.29056575741086,,2.1243470040728027,2.1243470040728027,,0.0009093879943409903,4065186.1188059244,0.0003777668325964518,,,,,,,,,,,,0.0009093879943409903,0.0003777668325964518,TE350,,,,1.5570777447160813e-05,0.000953456981363175,5.174433306219012e-10,4.890074766133257e-07,1.0239433818732147,-0.000754322025042891,-0.02318905984817176,,
77784674c2a3,loaded,"{""etch_depth"": 0.0, ""w_rib"": 500.0, ""sidewall_angle"": 5.0, ""strip_material"": ""TiO2"", ""strip_eq"": ""(0.5+0.747358*x**2/(x**2-0.0840076)+1.03335*x**2/(x**2-0.0662413)+1.02325*x**2/(x**2-0.0448956)+1.70043*x**2/(x**2-0.0225))**0.5"", ""strip_chi2"": null, ""strip_sidewall"": 5.0, ""strip_offset"": 0.0, ""substrate_height"": 1000.0, ""topclad_height"": 800.0, ""substrate_material"": ""Al2O3"", ""topclad_material"": ""SiO2"", ""core_eq_o"": ""(1+2.8032/(1-0.015287/x**2)+0.36335/(1-0.036095/x**2)-33508000/(1+367200000/x**2))**0.5"", ""core_eq_e"": ""(1+0.017061/(1-0.043855/x**2)+3.1976/(1-0.022642/x**2)-57269000/(1-74226000/x**2))**0.5"", ""core_chi2"": ""AlN"", ""t_film"": 354.0, ""h_s"": 70.0, ""w_s"": 500.0}",screened,1,TM10,S,,TE233,0.9772041200218227,13,216.78032475579982,,2.122105406204167,2.122105406204167,,0.0008992511752319716,4067564.3248258363,0.0003834095377748246,,,,,,,,,,,,0.0008992511752319716,0.0003834095377748246,TE233,,,,1.5590895468321735e-05,0.0009490955445293614,1.746671108543425e-08,4.729528019192566e-07,1.0273406206311118,-0.004407223360132418,-0.022933397270979393,,
77784674c2a3,loaded,"{""etch_depth"": 0.0, ""w_rib"": 500.0, ""sidewall_angle"": 5.0, ""strip_material"": ""TiO2"", ""strip_eq"": ""(0.5+0.747358*x**2/(x**2-0.0840076)+1.03335*x**2/(x**2-0.0662413)+1.02325*x**2/(x**2-0.0448956)+1.70043*x**2/(x**2-0.0225))**0.5"", ""strip_chi2"": null, ""strip_sidewall"": 5.0, ""strip_offset"": 0.0, ""substrate_height"": 1000.0, ""topclad_height"": 800.0, ""substrate_material"": ""Al2O3"", ""topclad_material"": ""SiO2"", ""core_eq_o"": ""(1+2.8032/(1-0.015287/x**2)+0.36335/(1-0.036095/x**2)-33508000/(1+367200000/x**2))**0.5"", ""core_eq_e"": ""(1+0.017061/(1-0.043855/x**2)+3.1976/(1-0.022642/x**2)-57269000/(1-74226000/x**2))**0.5"", ""core_chi2"": ""AlN"", ""t_film"": 354.0, ""h_s"": 70.0, ""w_s"": 500.0}",screened,4,TE10,A,,TM263,0.2336145108164592,45,219.85140845382594,,2.0767460998350273,2.0767460998350273,,0.0008882832513069912,4271651.71395243,0.01109885452009278,,,,,,,,,,,,0.0008882832513069912,0.01109885452009278,TM263,,,,1.5715046815714528e-05,0.0017064607776038163,4.2547723845331565e-05,2.482418665135369e-05,1.3860293236370136,-0.21885800149981494,-0.16717132213719868,,
77784674c2a3,loaded,"{""etch_depth"": 0.0, ""w_rib"": 500.0, ""sidewall_angle"": 5.0, ""strip_material"": ""TiO2"", ""strip_eq"": ""(0.5+0.747358*x**2/(x**2-0.0840076)+1.03335*x**2/(x**2-0.0662413)+1.02325*x**2/(x**2-0.0448956)+1.70043*x**2/(x**2-0.0225))**0.5"", ""strip_chi2"": null, ""strip_sidewall"": 5.0, ""strip_offset"": 0.0, ""substrate_height"": 1000.0, ""topclad_height"": 800.0, ""substrate_material"": ""Al2O3"", ""topclad_material"": ""SiO2"", ""core_eq_o"": ""(1+2.8032/(1-0.015287/x**2)+0.36335/(1-0.036095/x**2)-33508000/(1+367200000/x**2))**0.5"", ""core_eq_e"": ""(1+0.017061/(1-0.043855/x**2)+3.1976/(1-0.022642/x**2)-57269000/(1-74226000/x**2))**0.5"", ""core_chi2"": ""AlN"", ""t_film"": 354.0, ""h_s"": 70.0, ""w_s"": 500.0}",screened,2,TM20,A,,TM124,0.48338975193061845,95,222.64264758226668,,2.106964435806809,2.106964435806809,,0.0008527938469367829,4154546.6043167207,0.0003631263553840533,,,,,,,,,,,,0.0008527938469367829,0.0003631263553840533,TM124,,,,1.5593409247963654e-05,0.0007719575509624627,2.771934686729441e-07,7.956970127058526e-07,0.9514252668678871,0.018028909862969872,0.030545823269142985,,
77784674c2a3,loaded,"{""etch_depth"": 0.0, ""w_rib"": 500.0, ""sidewall_angle"": 5.0, ""strip_material"": ""TiO2"", ""strip_eq"": ""(0.5+0.747358*x**2/(x**2-0.0840076)+1.03335*x**2/(x**2-0.0662413)+1.02325*x**2/(x**2-0.0448956)+1.70043*x**2/(x**2-0.0225))**0.5"", ""strip_chi2"": null, ""strip_sidewall"": 5.0, ""strip_offset"": 0.0, ""substrate_height"": 1000.0, ""topclad_height"": 800.0, ""substrate_material"": ""Al2O3"", ""topclad_material"": ""SiO2"", ""core_eq_o"": ""(1+2.8032/(1-0.015287/x**2)+0.36335/(1-0.036095/x**2)-33508000/(1+367200000/x**2))**0.5"", ""core_eq_e"": ""(1+0.017061/(1-0.043855/x**2)+3.1976/(1-0.022642/x**2)-57269000/(1-74226000/x**2))**0.5"", ""core_chi2"": ""AlN"", ""t_film"": 354.0, ""h_s"": 70.0, ""w_s"": 500.0}",screened,4,TE10,A,,TM04?,0.0042577804169628,134,232.9213397497376,,2.0467022535068176,2.0467022535068176,,0.0008357463999235977,4225702.782729026,0.021522805560667314,,,,,,,,,,,,0.0008357463999235977,0.021522805560667314,TM04?,,,,1.614943106076751e-05,0.00025521521955375873,0.00015519864487012564,2.265257232720573e-07,0.5526065491049216,0.43092997600506056,0.016463474890017756,,
77784674c2a3,loaded,"{""etch_depth"": 0.0, ""w_rib"": 500.0, ""sidewall_angle"": 5.0, ""strip_material"": ""TiO2"", ""strip_eq"": ""(0.5+0.747358*x**2/(x**2-0.0840076)+1.03335*x**2/(x**2-0.0662413)+1.02325*x**2/(x**2-0.0448956)+1.70043*x**2/(x**2-0.0225))**0.5"", ""strip_chi2"": null, ""strip_sidewall"": 5.0, ""strip_offset"": 0.0, ""substrate_height"": 1000.0, ""topclad_height"": 800.0, ""substrate_material"": ""Al2O3"", ""topclad_material"": ""SiO2"", ""core_eq_o"": ""(1+2.8032/(1-0.015287/x**2)+0.36335/(1-0.036095/x**2)-33508000/(1+367200000/x**2))**0.5"", ""core_eq_e"": ""(1+0.017061/(1-0.043855/x**2)+3.1976/(1-0.022642/x**2)-57269000/(1-74226000/x**2))**0.5"", ""core_chi2"": ""AlN"", ""t_film"": 354.0, ""h_s"": 70.0, ""w_s"": 500.0}",screened,4,TE10,A,,TE272?,0.9843454293221375,56,221.57290644535726,,2.0712230448548614,2.0712230448548614,,0.0008270868791629678,4552930.021870635,0.010762625981394696,,,,,,,,,,,,0.0008270868791629678,0.010762625981394696,TE272?,,,,1.5282799317401734e-05,2.1711874790986163e-06,8.794887089664616e-06,0.0005914626779827732,0.05123574992766827,0.10311920793254137,0.8456450421397904,,
77784674c2a3,loaded,"{""etch_depth"": 0.0, ""w_rib"": 500.0, ""sidewall_angle"": 5.0, ""strip_material"": ""TiO2"", ""strip_eq"": ""(0.5+0.747358*x**2/(x**2-0.0840076)+1.03335*x**2/(x**2-0.0662413)+1.02325*x**2/(x**2-0.0448956)+1.70043*x**2/(x**2-0.0225))**0.5"", ""strip_chi2"": null, ""strip_sidewall"": 5.0, ""strip_offset"": 0.0, ""substrate_height"": 1000.0, ""topclad_height"": 800.0, ""substrate_material"": ""Al2O3"", ""topclad_material"": ""SiO2"", ""core_eq_o"": ""(1+2.8032/(1-0.015287/x**2)+0.36335/(1-0.036095/x**2)-33508000/(1+367200000/x**2))**0.5"", ""core_eq_e"": ""(1+0.017061/(1-0.043855/x**2)+3.1976/(1-0.022642/x**2)-57269000/(1-74226000/x**2))**0.5"", ""core_chi2"": ""AlN"", ""t_film"": 354.0, ""h_s"": 70.0, ""w_s"": 500.0}",screened,0,TM00,A,,TM123?,0.02263319351855578,129,229.64619022196638,,2.1417048019892952,2.1417048019892952,,0.0008265318309610264,3836181.259120053,0.0002639170484535621,,,,,,,,,,,,0.0008265318309610264,0.0002639170484535621,TM123?,,,,1.5834331281907303e-05,0.0001572264938263904,1.2773579620612038e-05,0.0001596799496679772,0.43614718429290417,0.12431585405050234,0.4395369616565936,,
77784674c2a3,loaded,"{""etch_depth"": 0.0, ""w_rib"": 500.0, ""sidewall_angle"": 5.0, ""strip_material"": ""TiO2"", ""strip_eq"": ""(0.5+0.747358*x**2/(x**2-0.0840076)+1.03335*x**2/(x**2-0.0662413)+1.02325*x**2/(x**2-0.0448956)+1.70043*x**2/(x**2-0.0225))**0.5"", ""strip_chi2"": null, ""strip_sidewall"": 5.0, ""strip_offset"": 0.0, ""substrate_height"": 1000.0, ""topclad_height"": 800.0, ""substrate_material"": ""Al2O3"", ""topclad_material"": ""SiO2"", ""core_eq_o"": ""(1+2.8032/(1-0.015287/x**2)+0.36335/(1-0.036095/x**2)-33508000/(1+367200000/x**2))**0.5"", ""core_eq_e"": ""(1+0.017061/(1-0.043855/x**2)+3.1976/(1-0.022642/x**2)-57269000/(1-74226000/x**2))**0.5"", ""core_chi2"": ""AlN"", ""t_film"": 354.0, ""h_s"": 70.0, ""w_s"": 500.0}",screened,2,TM20,A,,TE114?,0.9532324116790982,39,221.88103484986996,,2.1079887227944862,2.1079887227944862,,0.0008149161535530077,4371171.865884986,0.0003509779220097299,,,,,,,,,,,,0.0008149161535530077,0.0003509779220097299,TE114?,,,,1.519103401625199e-05,0.000812601277986313,1.1497324645290108e-09,4.444212074278687e-11,0.9985786747372111,0.0011877962065772417,0.00023352905621171752,,
77784674c2a3,loaded,"{""etch_depth"": 0.0, ""w_rib"": 500.0, ""sidewall_angle"": 5.0, ""strip_material"": ""TiO2"", ""strip_eq"": ""(0.5+0.747358*x**2/(x**2-0.0840076)+1.03335*x**2/(x**2-0.0662413)+1.02325*x**2/(x**2-0.0448956)+1.70043*x**2/(x**2-0.0225))**0.5"", ""strip_chi2"": null, ""strip_sidewall"": 5.0, ""strip_offset"": 0.0, ""substrate_height"": 1000.0, ""topclad_height"": 800.0, ""substrate_material"": ""Al2O3"", ""topclad_material"": ""SiO2"", ""core_eq_o"": ""(1+2.8032/(1-0.015287/x**2)+0.36335/(1-0.036095/x**2)-33508000/(1+367200000/x**2))**0.5"", ""core_eq_e"": ""(1+0.017061/(1-0.043855/x**2)+3.1976/(1-0.022642/x**2)-57269000/(1-74226000/x**2))**0.5"", ""core_chi2"": ""AlN"", ""t_film"": 354.0, ""h_s"": 70.0, ""w_s"": 500.0}",screened,3,TE00,S,,TM362?,0.11767529240966626,40,217.4220258450856,,2.1841839084431927,2.1841839084431927,,0.0007504277028257215,4443983.936248161,0.012657741722218905,,,,,,,,,,,,0.0007504277028257215,0.012657741722218905,TM362?,,,,1.4284618863559263e-05,0.0002752308804406146,0.0019409244046188039,5.170227480731587e-09,-0.6056115519189567,1.6082363771787416,-0.002624825259784906,,
77784674c2a3,loaded,"{""etch_depth"": 0.0, ""w_rib"": 500.0, ""sidewall_angle"": 5.0, ""strip_material"": ""TiO2"", ""strip_eq"": ""(0.5+0.747358*x**2/(x**2-0.0840076)+1.03335*x**2/(x**2-0.0662413)+1.02325*x**2/(x**2-0.0448956)+1.70043*x**2/(x**2-0.0225))**0.5"", ""strip_chi2"": null, ""strip_sidewall"": 5.0, ""strip_offset"": 0.0, ""substrate_height"": 1000.0, ""topclad_height"": 800.0, ""substrate_material"": ""Al2O3"", ""topclad_material"": ""SiO2"", ""core_eq_o"": ""(1+2.8032/(1-0.015287/x**2)+0.36335/(1-0.036095/x**2)-33508000/(1+367200000/x**2))**0.5"", ""core_eq_e"": ""(1+0.017061/(1-0.043855/x**2)+3.1976/(1-0.022642/x**2)-57269000/(1-74226000/x**2))**0.5"", ""core_chi2"": ""AlN"", ""t_film"": 354.0, ""h_s"": 70.0, ""w_s"": 500.0}",screened,0,TM00,A,,TE153,0.9715685650755377,104,224.02474634642846,,2.151025353470223,2.151025353470223,,0.0007303098974995252,4503189.8959645005,0.0002320505644266651,,,,,,,,,,,,0.0007303098974995252,0.0002320505644266651,TE153,,,,1.4519788075609525e-05,0.0004103941450736256,2.2962484538051927e-09,4.513340741506848e-05,0.7496300454312907,0.0017731923346608735,0.24859676223404834,,
77784674c2a3,loaded,"{""etch_depth"": 0.0, ""w_rib"": 500.0, ""sidewall_angle"": 5.0, ""strip_material"": ""TiO2"", ""strip_eq"": ""(0.5+0.747358*x**2/(x**2-0.0840076)+1.03335*x**2/(x**2-0.0662413)+1.02325*x**2/(x**2-0.0448956)+1.70043*x**2/(x**2-0.0225))**0.5"", ""strip_chi2"": null, ""strip_sidewall"": 5.0, ""strip_offset"": 0.0, ""substrate_height"": 1000.0, ""topclad_height"": 800.0, ""substrate_material"": ""Al2O3"", ""topclad_material"": ""SiO2"", ""core_eq_o"": ""(1+2.8032/(1-0.015287/x**2)+0.36335/(1-0.036095/x**2)-33508000/(1+367200000/x**2))**0.5"", ""core_eq_e"": ""(1+0.017061/(1-0.043855/x**2)+3.1976/(1-0.022642/x**2)-57269000/(1-74226000/x**2))**0.5"", ""core_chi2"": ""AlN"", ""t_film"": 354.0, ""h_s"": 70.0, ""w_s"": 500.0}",screened,1,TM10,S,,TE232,0.9619490711602398,107,225.6546679675266,,2.1095995457058203,2.1095995457058203,,0.0007270527374381562,4726083.566571193,0.0003645443924144038,,,,,,,,,,,,0.0007270527374381562,0.0003645443924144038,TE232,,,,1.459277777972663e-05,0.0006598456705584842,1.6895316052317397e-07,7.489431178027826e-07,0.9526606541339265,0.01524404433507705,0.03209530153099645,,
77784674c2a3,loaded,"{""etch_depth"": 0.0, ""w_rib"": 500.0, ""sidewall_angle"": 5.0, ""strip_material"": ""TiO2"", ""strip_eq"": ""(0.5+0.747358*x**2/(x**2-0.0840076)+1.03335*x**2/(x**2-0.0662413)+1.02325*x**2/(x**2-0.0448956)+1.70043*x**2/(x**2-0.0225))**0.5"", ""strip_chi2"": null, ""strip_sidewall"": 5.0, ""strip_offset"": 0.0, ""substrate_height"": 1000.0, ""topclad_height"": 800.0, ""substrate_material"": ""Al2O3"", ""topclad_material"": ""SiO2"", ""core_eq_o"": ""(1+2.8032/(1-0.015287/x**2)+0.36335/(1-0.036095/x**2)-33508000/(1+367200000/x**2))**0.5"", ""core_eq_e"": ""(1+0.017061/(1-0.043855/x**2)+3.1976/(1-0.022642/x**2)-57269000/(1-74226000/x**2))**0.5"", ""core_chi2"": ""AlN"", ""t_film"": 354.0, ""h_s"": 70.0, ""w_s"": 500.0}",screened,0,TM00,A,,TE133,0.9865681118026468,111,225.70821070629322,,2.1480822423411143,2.1480822423411143,,0.0007018558984162065,4635116.341529039,0.00022908423162898339,,,,,,,,,,,,0.0007018558984162065,0.00022908423162898339,TE133,,,,1.4341085503110121e-05,0.0005329556218606294,6.766187881380453e-11,1.1661932238560755e-05,0.8714080082919031,-0.0003104903089181142,0.12890248201701507,,
77784674c2a3,loaded,"{""etch_depth"": 0.0, ""w_rib"": 500.0, ""sidewall_angle"": 5.0, ""strip_material"": ""TiO2"", ""strip_eq"": ""(0.5+0.747358*x**2/(x**2-0.0840076)+1.03335*x**2/(x**2-0.0662413)+1.02325*x**2/(x**2-0.0448956)+1.70043*x**2/(x**2-0.0225))**0.5"", ""strip_chi2"": null, ""strip_sidewall"": 5.0, ""strip_offset"": 0.0, ""substrate_height"": 1000.0, ""topclad_height"": 800.0, ""substrate_material"": ""Al2O3"", ""topclad_material"": ""SiO2"", ""core_eq_o"": ""(1+2.8032/(1-0.015287/x**2)+0.36335/(1-0.036095/x**2)-33508000/(1+367200000/x**2))**0.5"", ""core_eq_e"": ""(1+0.017061/(1-0.043855/x**2)+3.1976/(1-0.022642/x**2)-57269000/(1-74226000/x**2))**0.5"", ""core_chi2"": ""AlN"", ""t_film"": 354.0, ""h_s"": 70.0, ""w_s"": 500.0}",screened,1,TM10,S,,TE153,0.9976961116261982,104,226.44818891380416,,2.108596215463285,2.108596215463285,,0.0006735266886046829,5073214.713482659,0.000362628208560962,,,,,,,,,,,,0.0006735266886046829,0.000362628208560962,TE153,,,,1.4094736023040073e-05,0.0011002365941093872,5.410073925237731e-10,5.175596980109945e-05,1.2781023639142748,-0.000896239736044928,-0.27720612417822976,,
77784674c2a3,loaded,"{""etch_depth"": 0.0, ""w_rib"": 500.0, ""sidewall_angle"": 5.0, ""strip_material"": ""TiO2"", ""strip_eq"": ""(0.5+0.747358*x**2/(x**2-0.0840076)+1.03335*x**2/(x**2-0.0662413)+1.02325*x**2/(x**2-0.0448956)+1.70043*x**2/(x**2-0.0225))**0.5"", ""strip_chi2"": null, ""strip_sidewall"": 5.0, ""strip_offset"": 0.0, ""substrate_height"": 1000.0, ""topclad_height"": 800.0, ""substrate_material"": ""Al2O3"", ""topclad_material"": ""SiO2"", ""core_eq_o"": ""(1+2.8032/(1-0.015287/x**2)+0.36335/(1-0.036095/x**2)-33508000/(1+367200000/x**2))**0.5"", ""core_eq_e"": ""(1+0.017061/(1-0.043855/x**2)+3.1976/(1-0.022642/x**2)-57269000/(1-74226000/x**2))**0.5"", ""core_chi2"": ""AlN"", ""t_film"": 354.0, ""h_s"": 70.0, ""w_s"": 500.0}",screened,0,TM00,A,,TE271?,0.9995987262272407,89,222.66405961504125,,2.153531414442821,2.153531414442821,,0.000657870878403788,5042680.8435863415,0.00021092343549267953,,,,,,,,,,,,0.000657870878403788,0.00021092343549267953,TE271?,,,,1.3697179403009155e-05,0.0004762147152965295,1.9463562650787115e-10,1.4750212157472179e-05,0.8508070394428165,-0.0005439272759205625,0.14973688783310402,,
77784674c2a3,loaded,"{""etch_depth"": 0.0, ""w_rib"": 500.0, ""sidewall_angle"": 5.0, ""strip_material"": ""TiO2"", ""strip_eq"": ""(0.5+0.747358*x**2/(x**2-0.0840076)+1.03335*x**2/(x**2-0.0662413)+1.02325*x**2/(x**2-0.0448956)+1.70043*x**2/(x**2-0.0225))**0.5"", ""strip_chi2"": null, ""strip_sidewall"": 5.0, ""strip_offset"": 0.0, ""substrate_height"": 1000.0, ""topclad_height"": 800.0, ""substrate_material"": ""Al2O3"", ""topclad_material"": ""SiO2"", ""core_eq_o"": ""(1+2.8032/(1-0.015287/x**2)+0.36335/(1-0.036095/x**2)-33508000/(1+367200000/x**2))**0.5"", ""core_eq_e"": ""(1+0.017061/(1-0.043855/x**2)+3.1976/(1-0.022642/x**2)-57269000/(1-74226000/x**2))**0.5"", ""core_chi2"": ""AlN"", ""t_film"": 354.0, ""h_s"": 70.0, ""w_s"": 500.0}",screened,2,TM20,A,,TM342?,0.03508776399808491,49,217.84261307377602,,2.113594120663497,2.113594120663497,,0.0006039324659015562,6070398.403848894,0.0002917524143915953,,,,,,,,,,,,0.0006039324659015562,0.0002917524143915953,TM342?,,,,1.2839488315454179e-05,0.0006048112725455548,7.31276212082652e-11,8.690152063139002e-11,1.0007273058075012,-0.0003479737911313549,-0.0003793320163697728,,
77784674c2a3,loaded,"{""etch_depth"": 0.0, ""w_rib"": 500.0, ""sidewall_angle"": 5.0, ""strip_material"": ""TiO2"", ""strip_eq"": ""(0.5+0.747358*x**2/(x**2-0.0840076)+1.03335*x**2/(x**2-0.0662413)+1.02325*x**2/(x**2-0.0448956)+1.70043*x**2/(x**2-0.0225))**0.5"", ""strip_chi2"": null, ""strip_sidewall"": 5.0, ""strip_offset"": 0.0, ""substrate_height"": 1000.0, ""topclad_height"": 800.0, ""substrate_material"": ""Al2O3"", ""topclad_material"": ""SiO2"", ""core_eq_o"": ""(1+2.8032/(1-0.015287/x**2)+0.36335/(1-0.036095/x**2)-33508000/(1+367200000/x**2))**0.5"", ""core_eq_e"": ""(1+0.017061/(1-0.043855/x**2)+3.1976/(1-0.022642/x**2)-57269000/(1-74226000/x**2))**0.5"", ""core_chi2"": ""AlN"", ""t_film"": 354.0, ""h_s"": 70.0, ""w_s"": 500.0}",screened,4,TE10,A,,TM24?,0.007993451372573148,113,231.33342512283406,,2.0488541241121707,2.0488541241121707,,0.0005952630355075665,5995663.057451859,0.017016757690859852,,,,,,,,,,,,0.0005952630355075665,0.017016757690859852,TM24?,,,,1.3536411105001079e-05,0.0003793729518308559,2.6801521051040316e-05,6.579440959050355e-08,0.7983231523607605,0.21219017142120303,-0.010513323781963424,,
77784674c2a3,loaded,"{""etch_depth"": 0.0, ""w_rib"": 500.0, ""sidewall_angle"": 5.0, ""strip_material"": ""TiO2"", ""strip_eq"": ""(0.5+0.747358*x**2/(x**2-0.0840076)+1.03335*x**2/(x**2-0.0662413)+1.02325*x**2/(x**2-0.0448956)+1.70043*x**2/(x**2-0.0225))**0.5"", ""strip_chi2"": null, ""strip_sidewall"": 5.0, ""strip_offset"": 0.0, ""substrate_height"": 1000.0, ""topclad_height"": 800.0, ""substrate_material"": ""Al2O3"", ""topclad_material"": ""SiO2"", ""core_eq_o"": ""(1+2.8032/(1-0.015287/x**2)+0.36335/(1-0.036095/x**2)-33508000/(1+367200000/x**2))**0.5"", ""core_eq_e"": ""(1+0.017061/(1-0.043855/x**2)+3.1976/(1-0.022642/x**2)-57269000/(1-74226000/x**2))**0.5"", ""core_chi2"": ""AlN"", ""t_film"": 354.0, ""h_s"": 70.0, ""w_s"": 500.0}",screened,1,TM10,S,,TE134,0.9707933681007828,114,228.21110929121753,,2.1063671736993115,2.1063671736993115,,0.0005879583244081683,5740288.005418386,0.0003598727539240982,,,,,,,,,,,,0.0005879583244081683,0.0003598727539240982,TE134,,,,1.3271522385393235e-05,0.0002204539827832829,3.12443625293411e-08,8.50710773318374e-05,0.6123302332772499,0.007289748788225933,0.38038001793452414,,
77784674c2a3,loaded,"{""etch_depth"": 0.0, ""w_rib"": 500.0, ""sidewall_angle"": 5.0, ""strip_material"": ""TiO2"", ""strip_eq"": ""(0.5+0.747358*x**2/(x**2-0.0840076)+1.03335*x**2/(x**2-0.0662413)+1.02325*x**2/(x**2-0.0448956)+1.70043*x**2/(x**2-0.0225))**0.5"", ""strip_chi2"": null, ""strip_sidewall"": 5.0, ""strip_offset"": 0.0, ""substrate_height"": 1000.0, ""topclad_height"": 800.0, ""substrate_material"": ""Al2O3"", ""topclad_material"": ""SiO2"", ""core_eq_o"": ""(1+2.8032/(1-0.015287/x**2)+0.36335/(1-0.036095/x**2)-33508000/(1+367200000/x**2))**0.5"", ""core_eq_e"": ""(1+0.017061/(1-0.043855/x**2)+3.1976/(1-0.022642/x**2)-57269000/(1-74226000/x**2))**0.5"", ""core_chi2"": ""AlN"", ""t_film"": 354.0, ""h_s"": 70.0, ""w_s"": 500.0}",screened,2,TM20,A,,TE94?,0.8814171847253088,75,221.43589455361658,,2.1085873884860487,2.1085873884860487,,0.0005633708154328862,6342943.207383036,0.0002990958883984527,,,,,,,,,,,,0.0005633708154328862,0.0002990958883984527,TE94?,,,,1.2605378298657521e-05,0.0005649494430243033,9.92902427029284e-12,1.3236814225491449e-09,1.001400075423171,0.00013275659762960397,-0.0015328320208008628,,
77784674c2a3,loaded,"{""etch_depth"": 0.0, ""w_rib"": 500.0, ""sidewall_angle"": 5.0, ""strip_material"": ""TiO2"", ""strip_eq"": ""(0.5+0.747358*x**2/(x**2-0.0840076)+1.03335*x**2/(x**2-0.0662413)+1.02325*x**2/(x**2-0.0448956)+1.70043*x**2/(x**2-0.0225))**0.5"", ""strip_chi2"": null, ""strip_sidewall"": 5.0, ""strip_offset"": 0.0, ""substrate_height"": 1000.0, ""topclad_height"": 800.0, ""substrate_material"": ""Al2O3"", ""topclad_material"": ""SiO2"", ""core_eq_o"": ""(1+2.8032/(1-0.015287/x**2)+0.36335/(1-0.036095/x**2)-33508000/(1+367200000/x**2))**0.5"", ""core_eq_e"": ""(1+0.017061/(1-0.043855/x**2)+3.1976/(1-0.022642/x**2)-57269000/(1-74226000/x**2))**0.5"", ""core_chi2"": ""AlN"", ""t_film"": 354.0, ""h_s"": 70.0, ""w_s"": 500.0}",screened,2,TM20,A,,TE292,0.93717570635471,15,216.49919346771222,,2.115509323352413,2.115509323352413,,0.0005557245891244553,6660993.564752312,0.0002876296032233348,,,,,,,,,,,,0.0005557245891244553,0.0002876296032233348,TE292,,,,1.2240432960729807e-05,0.0005582704106882313,4.333683747378008e-09,1.4343855821718386e-08,1.0022879251851473,0.002792536131186379,-0.0050804613163335285,,
77784674c2a3,loaded,"{""etch_depth"": 0.0, ""w_rib"": 500.0, ""sidewall_angle"": 5.0, ""strip_material"": ""TiO2"", ""strip_eq"": ""(0.5+0.747358*x**2/(x**2-0.0840076)+1.03335*x**2/(x**2-0.0662413)+1.02325*x**2/(x**2-0.0448956)+1.70043*x**2/(x**2-0.0225))**0.5"", ""strip_chi2"": null, ""strip_sidewall"": 5.0, ""strip_offset"": 0.0, ""substrate_height"": 1000.0, ""topclad_height"": 800.0, ""substrate_material"": ""Al2O3"", ""topclad_material"": ""SiO2"", ""core_eq_o"": ""(1+2.8032/(1-0.015287/x**2)+0.36335/(1-0.036095/x**2)-33508000/(1+367200000/x**2))**0.5"", ""core_eq_e"": ""(1+0.017061/(1-0.043855/x**2)+3.1976/(1-0.022642/x**2)-57269000/(1-74226000/x**2))**0.5"", ""core_chi2"": ""AlN"", ""t_film"": 354.0, ""h_s"": 70.0, ""w_s"": 500.0}",screened,3,TE00,S,,TM164,0.05766582634528213,119,227.55904287114475,,2.14304759751454,2.14304759751454,,0.0005403967374635954,5964302.4456897685,0.010032661332055513,,,,,,,,,,,,0.0005403967374635954,0.010032661332055513,TM164,,,,1.268706449970953e-05,0.00010666807687254731,0.0013173738147419373,7.404851983747893e-06,-0.4442842047478062,1.5613424020530198,-0.11705819730521369,,
77784674c2a3,loaded,"{""etch_depth"": 0.0, ""w_rib"": 500.0, ""sidewall_angle"": 5.0, ""strip_material"": ""TiO2"", ""strip_eq"": ""(0.5+0.747358*x**2/(x**2-0.0840076)+1.03335*x**2/(x**2-0.0662413)+1.02325*x**2/(x**2-0.0448956)+1.70043*x**2/(x**2-0.0225))**0.5"", ""strip_chi2"": null, ""strip_sidewall"": 5.0, ""strip_offset"": 0.0, ""substrate_height"": 1000.0, ""topclad_height"": 800.0, ""substrate_material"": ""Al2O3"", ""topclad_material"": ""SiO2"", ""core_eq_o"": ""(1+2.8032/(1-0.015287/x**2)+0.36335/(1-0.036095/x**2)-33508000/(1+367200000/x**2))**0.5"", ""core_eq_e"": ""(1+0.017061/(1-0.043855/x**2)+3.1976/(1-0.022642/x**2)-57269000/(1-74226000/x**2))**0.5"", ""core_chi2"": ""AlN"", ""t_film"": 354.0, ""h_s"": 70.0, ""w_s"": 500.0}",screened,4,TE10,A,,TE252,0.7100538150445294,70,225.91285291612496,,2.0587697219838077,2.0587697219838077,,0.0005300829031724256,6958362.171906338,0.010675932585571242,,,,,,,,,,,,0.0005300829031724256,0.010675932585571242,TE252,,,,1.2474510955170897e-05,0.0009384740546645955,5.973516712031948e-05,1.3890587032021747e-08,1.3305746244116452,-0.3356936629768909,0.0051190385652458235,,
77784674c2a3,loaded,"{""etch_depth"": 0.0, ""w_rib"": 500.0, ""sidewall_angle"": 5.0, ""strip_material"": ""TiO2"", ""strip_eq"": ""(0.5+0.747358*x**2/(x**2-0.0840076)+1.03335*x**2/(x**2-0.0662413)+1.02325*x**2/(x**2-0.0448956)+1.70043*x**2/(x**2-0.0225))**0.5"", ""strip_chi2"": null, ""strip_sidewall"": 5.0, ""strip_offset"": 0.0, ""substrate_height"": 1000.0, ""topclad_height"": 800.0, ""substrate_material"": ""Al2O3"", ""topclad_material"": ""SiO2"", ""core_eq_o"": ""(1+2.8032/(1-0.015287/x**2)+0.36335/(1-0.036095/x**2)-33508000/(1+367200000/x**2))**0.5"", ""core_eq_e"": ""(1+0.017061/(1-0.043855/x**2)+3.1976/(1-0.022642/x**2)-57269000/(1-74226000/x**2))**0.5"", ""core_chi2"": ""AlN"", ""t_film"": 354.0, ""h_s"": 70.0, ""w_s"": 500.0}",screened,0,TM00,A,,TM222,0.03538286193543832,139,232.34058013801786,,2.1377496194722063,2.1377496194722063,,0.0005190116081503577,6001479.134647674,0.00019922317557727434,,,,,,,,,,,,0.0005190116081503577,0.00019922317557727434,TM222,,,,1.269475416813677e-05,0.0005564382028287729,7.309802960322982e-07,2.290363394248763e-09,1.0354280691189517,-0.03752876730927354,0.0021006981903218367,,
77784674c2a3,loaded,"{""etch_depth"": 0.0, ""w_rib"": 500.0, ""sidewall_angle"": 5.0, ""strip_material"": ""TiO2"", ""strip_eq"": ""(0.5+0.747358*x**2/(x**2-0.0840076)+1.03335*x**2/(x**2-0.0662413)+1.02325*x**2/(x**2-0.0448956)+1.70043*x**2/(x**2-0.0225))**0.5"", ""strip_chi2"": null, ""strip_sidewall"": 5.0, ""strip_offset"": 0.0, ""substrate_height"": 1000.0, ""topclad_height"": 800.0, ""substrate_material"": ""Al2O3"", ""topclad_material"": ""SiO2"", ""core_eq_o"": ""(1+2.8032/(1-0.015287/x**2)+0.36335/(1-0.036095/x**2)-33508000/(1+367200000/x**2))**0.5"", ""core_eq_e"": ""(1+0.017061/(1-0.043855/x**2)+3.1976/(1-0.022642/x**2)-57269000/(1-74226000/x**2))**0.5"", ""core_chi2"": ""AlN"", ""t_film"": 354.0, ""h_s"": 70.0, ""w_s"": 500.0}",screened,4,TE10,A,,TE173?,0.9769150972983823,92,227.29294520720836,,2.0560317201102607,2.0560317201102607,,0.0005138354481668584,7119846.29682177,0.011162733642531815,,,,,,,,,,,,0.0005138354481668584,0.011162733642531815,TE173?,,,,1.2356875676292188e-05,0.0002223228841127347,5.267352487781846e-06,2.983750409437518e-05,0.6577790737932446,0.10124746542178306,0.24097346078497234,,
77784674c2a3,loaded,"{""etch_depth"": 0.0, ""w_rib"": 500.0, ""sidewall_angle"": 5.0, ""strip_material"": ""TiO2"", ""strip_eq"": ""(0.5+0.747358*x**2/(x**2-0.0840076)+1.03335*x**2/(x**2-0.0662413)+1.02325*x**2/(x**2-0.0448956)+1.70043*x**2/(x**2-0.0225))**0.5"", ""strip_chi2"": null, ""strip_sidewall"": 5.0, ""strip_offset"": 0.0, ""substrate_height"": 1000.0, ""topclad_height"": 800.0, ""substrate_material"": ""Al2O3"", ""topclad_material"": ""SiO2"", ""core_eq_o"": ""(1+2.8032/(1-0.015287/x**2)+0.36335/(1-0.036095/x**2)-33508000/(1+367200000/x**2))**0.5"", ""core_eq_e"": ""(1+0.017061/(1-0.043855/x**2)+3.1976/(1-0.022642/x**2)-57269000/(1-74226000/x**2))**0.5"", ""core_chi2"": ""AlN"", ""t_film"": 354.0, ""h_s"": 70.0, ""w_s"": 500.0}",screened,0,TM00,A,,TE53,0.9996612320397819,143,233.6449628438916,,2.135864753115847,2.135864753115847,,0.0005131960416616187,6017812.255704532,0.0002066187500315264,,,,,,,,,,,,0.0005131960416616187,0.0002066187500315264,TE53,,,,1.269430011695597e-05,4.714563221967678e-05,7.985008455382675e-10,0.00025014018341587796,0.3030952169857387,-0.001247372143800521,0.6981521551580617,,
77784674c2a3,loaded,"{""etch_depth"": 0.0, ""w_rib"": 500.0, ""sidewall_angle"": 5.0, ""strip_material"": ""TiO2"", ""strip_eq"": ""(0.5+0.747358*x**2/(x**2-0.0840076)+1.03335*x**2/(x**2-0.0662413)+1.02325*x**2/(x**2-0.0448956)+1.70043*x**2/(x**2-0.0225))**0.5"", ""strip_chi2"": null, ""strip_sidewall"": 5.0, ""strip_offset"": 0.0, ""substrate_height"": 1000.0, ""topclad_height"": 800.0, ""substrate_material"": ""Al2O3"", ""topclad_material"": ""SiO2"", ""core_eq_o"": ""(1+2.8032/(1-0.015287/x**2)+0.36335/(1-0.036095/x**2)-33508000/(1+367200000/x**2))**0.5"", ""core_eq_e"": ""(1+0.017061/(1-0.043855/x**2)+3.1976/(1-0.022642/x**2)-57269000/(1-74226000/x**2))**0.5"", ""core_chi2"": ""AlN"", ""t_film"": 354.0, ""h_s"": 70.0, ""w_s"": 500.0}",screened,3,TE00,S,,TM203?,0.07463761401579361,98,223.1111999108132,,2.159707526541328,2.159707526541328,,0.0004837020895545488,6772523.044287099,0.00947938337439438,,,,,,,,,,,,0.0004837020895545488,0.00947938337439438,TM203?,,,,1.1768498160610678e-05,0.0006277886084693763,9.660193445449506e-06,2.0796648228225357e-09,1.1392465805474594,-0.14132009798117784,0.0020735174337184956,,
77784674c2a3,loaded,"{""etch_depth"": 0.0, ""w_rib"": 500.0, ""sidewall_angle"": 5.0, ""strip_material"": ""TiO2"", ""strip_eq"": ""(0.5+0.747358*x**2/(x**2-0.0840076)+1.03335*x**2/(x**2-0.0662413)+1.02325*x**2/(x**2-0.0448956)+1.70043*x**2/(x**2-0.0225))**0.5"", ""strip_chi2"": null, ""strip_sidewall"": 5.0, ""strip_offset"": 0.0, ""substrate_height"": 1000.0, ""topclad_height"": 800.0, ""substrate_material"": ""Al2O3"", ""topclad_material"": ""SiO2"", ""core_eq_o"": ""(1+2.8032/(1-0.015287/x**2)+0.36335/(1-0.036095/x**2)-33508000/(1+367200000/x**2))**0.5"", ""core_eq_e"": ""(1+0.017061/(1-0.043855/x**2)+3.1976/(1-0.022642/x**2)-57269000/(1-74226000/x**2))**0.5"", ""core_chi2"": ""AlN"", ""t_film"": 354.0, ""h_s"": 70.0, ""w_s"": 500.0}",screened,4,TE10,A,,TE232?,0.9955911449366794,3,220.7962475812913,,2.073634834452871,2.073634834452871,,0.0004413096998786304,8563126.006018957,0.007772815389906529,,,,,,,,,,,,0.0004413096998786304,0.007772815389906529,TE232?,,,,1.1124336441715772e-05,6.188324312026909e-06,1.381232951772473e-06,0.0004981711560636529,-0.11841720228080918,0.05594505803663075,1.0624721442441785,,
77784674c2a3,loaded,"{""etch_depth"": 0.0, ""w_rib"": 500.0, ""sidewall_angle"": 5.0, ""strip_material"": ""TiO2"", ""strip_eq"": ""(0.5+0.747358*x**2/(x**2-0.0840076)+1.03335*x**2/(x**2-0.0662413)+1.02325*x**2/(x**2-0.0448956)+1.70043*x**2/(x**2-0.0225))**0.5"", ""strip_chi2"": null, ""strip_sidewall"": 5.0, ""strip_offset"": 0.0, ""substrate_height"": 1000.0, ""topclad_height"": 800.0, ""substrate_material"": ""Al2O3"", ""topclad_material"": ""SiO2"", ""core_eq_o"": ""(1+2.8032/(1-0.015287/x**2)+0.36335/(1-0.036095/x**2)-33508000/(1+367200000/x**2))**0.5"", ""core_eq_e"": ""(1+0.017061/(1-0.043855/x**2)+3.1976/(1-0.022642/x**2)-57269000/(1-74226000/x**2))**0.5"", ""core_chi2"": ""AlN"", ""t_film"": 354.0, ""h_s"": 70.0, ""w_s"": 500.0}",screened,2,TM20,A,,TM147?,0.022892117700754097,55,218.55228329350868,,2.1125824022793513,2.1125824022793513,,0.0004354732092564018,8376120.423558345,0.0002630106806159859,,,,,,,,,,,,0.0004354732092564018,0.0002630106806159859,TM147?,,,,1.093822264780313e-05,0.0003601136854603737,1.334540969445883e-08,3.15350442741046e-06,0.9093667950168036,0.005535861733940163,0.08509734324925618,,
77784674c2a3,loaded,"{""etch_depth"": 0.0, ""w_rib"": 500.0, ""sidewall_angle"": 5.0, ""strip_material"": ""TiO2"", ""strip_eq"": ""(0.5+0.747358*x**2/(x**2-0.0840076)+1.03335*x**2/(x**2-0.0662413)+1.02325*x**2/(x**2-0.0448956)+1.70043*x**2/(x**2-0.0225))**0.5"", ""strip_chi2"": null, ""strip_sidewall"": 5.0, ""strip_offset"": 0.0, ""substrate_height"": 1000.0, ""topclad_height"": 800.0, ""substrate_material"": ""Al2O3"", ""topclad_material"": ""SiO2"", ""core_eq_o"": ""(1+2.8032/(1-0.015287/x**2)+0.36335/(1-0.036095/x**2)-33508000/(1+367200000/x**2))**0.5"", ""core_eq_e"": ""(1+0.017061/(1-0.043855/x**2)+3.1976/(1-0.022642/x**2)-57269000/(1-74226000/x**2))**0.5"", ""core_chi2"": ""AlN"", ""t_film"": 354.0, ""h_s"": 70.0, ""w_s"": 500.0}",screened,3,TE00,S,,TM183?,0.19566238892752041,122,227.14691129598785,,2.144502708816955,2.144502708816955,,0.0004221649456730983,7646811.528305867,0.009001065534211292,,,,,,,,,,,,0.0004221649456730983,0.009001065534211292,TM183?,,,,1.1193312026036803e-05,0.00034678932183336,4.178939558731001e-06,1.4369493141740643e-08,0.9063413071599842,0.09949287036957195,-0.005834177529556019,,
77784674c2a3,loaded,"{""etch_depth"": 0.0, ""w_rib"": 500.0, ""sidewall_angle"": 5.0, ""strip_material"": ""TiO2"", ""strip_eq"": ""(0.5+0.747358*x**2/(x**2-0.0840076)+1.03335*x**2/(x**2-0.0662413)+1.02325*x**2/(x**2-0.0448956)+1.70043*x**2/(x**2-0.0225))**0.5"", ""strip_chi2"": null, ""strip_sidewall"": 5.0, ""strip_offset"": 0.0, ""substrate_height"": 1000.0, ""topclad_height"": 800.0, ""substrate_material"": ""Al2O3"", ""topclad_material"": ""SiO2"", ""core_eq_o"": ""(1+2.8032/(1-0.015287/x**2)+0.36335/(1-0.036095/x**2)-33508000/(1+367200000/x**2))**0.5"", ""core_eq_e"": ""(1+0.017061/(1-0.043855/x**2)+3.1976/(1-0.022642/x**2)-57269000/(1-74226000/x**2))**0.5"", ""core_chi2"": ""AlN"", ""t_film"": 354.0, ""h_s"": 70.0, ""w_s"": 500.0}",screened,1,TM10,S,,TE252,0.5829918136522354,63,222.03518322263395,,2.1144793503440646,2.1144793503440646,,0.0004144495497170343,8504140.224632181,0.00026926662243100414,,,,,,,,,,,,0.0004144495497170343,0.00026926662243100414,TE252,,,,1.084097451555629e-05,0.0005293989056969395,1.393820174103319e-08,6.4139413657529315e-06,1.1302009904641799,-0.005799192659610703,-0.12440179780456918,,
77784674c2a3,loaded,"{""etch_depth"": 0.0, ""w_rib"": 500.0, ""sidewall_angle"": 5.0, ""strip_material"": ""TiO2"", ""strip_eq"": ""(0.5+0.747358*x**2/(x**2-0.0840076)+1.03335*x**2/(x**2-0.0662413)+1.02325*x**2/(x**2-0.0448956)+1.70043*x**2/(x**2-0.0225))**0.5"", ""strip_chi2"": null, ""strip_sidewall"": 5.0, ""strip_offset"": 0.0, ""substrate_height"": 1000.0, ""topclad_height"": 800.0, ""substrate_material"": ""Al2O3"", ""topclad_material"": ""SiO2"", ""core_eq_o"": ""(1+2.8032/(1-0.015287/x**2)+0.36335/(1-0.036095/x**2)-33508000/(1+367200000/x**2))**0.5"", ""core_eq_e"": ""(1+0.017061/(1-0.043855/x**2)+3.1976/(1-0.022642/x**2)-57269000/(1-74226000/x**2))**0.5"", ""core_chi2"": ""AlN"", ""t_film"": 354.0, ""h_s"": 70.0, ""w_s"": 500.0}",screened,1,TM10,S,,TE94?,0.9751053923263469,75,220.97671041569777,,2.1159259742063274,2.1159259742063274,,0.00040224722245392475,8828126.598306563,0.00027603622376797833,,,,,,,,,,,,0.00040224722245392475,0.00027603622376797833,TE94?,,,,1.0629276909589388e-05,0.000590905418541371,6.909171374788084e-09,1.879713040232186e-05,1.212027459486949,0.004144445715342379,-0.2161719052022914,,
77784674c2a3,loaded,"{""etch_depth"": 0.0, ""w_rib"": 500.0, ""sidewall_angle"": 5.0, ""strip_material"": ""TiO2"", ""strip_eq"": ""(0.5+0.747358*x**2/(x**2-0.0840076)+1.03335*x**2/(x**2-0.0662413)+1.02325*x**2/(x**2-0.0448956)+1.70043*x**2/(x**2-0.0225))**0.5"", ""strip_chi2"": null, ""strip_sidewall"": 5.0, ""strip_offset"": 0.0, ""substrate_height"": 1000.0, ""topclad_height"": 800.0, ""substrate_material"": ""Al2O3"", ""topclad_material"": ""SiO2"", ""core_eq_o"": ""(1+2.8032/(1-0.015287/x**2)+0.36335/(1-0.036095/x**2)-33508000/(1+367200000/x**2))**0.5"", ""core_eq_e"": ""(1+0.017061/(1-0.043855/x**2)+3.1976/(1-0.022642/x**2)-57269000/(1-74226000/x**2))**0.5"", ""core_chi2"": ""AlN"", ""t_film"": 354.0, ""h_s"": 70.0, ""w_s"": 500.0}",screened,2,TM20,A,,TM204?,0.04173954940419439,98,225.85568561300468,,2.102704684549283,2.102704684549283,,0.00039400387389664995,8791411.930333352,0.00025332631268123,,,,,,,,,,,,0.00039400387389664995,0.00025332631268123,TM204?,,,,1.0752067048277012e-05,6.12214198817426e-05,1.668395036176534e-05,6.305185570809947e-05,0.39418623347617665,0.2057781216204045,0.40003564490341886,,
77784674c2a3,loaded,"{""etch_depth"": 0.0, ""w_rib"": 500.0, ""sidewall_angle"": 5.0, ""strip_material"": ""TiO2"", ""strip_eq"": ""(0.5+0.747358*x**2/(x**2-0.0840076)+1.03335*x**2/(x**2-0.0662413)+1.02325*x**2/(x**2-0.0448956)+1.70043*x**2/(x**2-0.0225))**0.5"", ""strip_chi2"": null, ""strip_sidewall"": 5.0, ""strip_offset"": 0.0, ""substrate_height"": 1000.0, ""topclad_height"": 800.0, ""substrate_material"": ""Al2O3"", ""topclad_material"": ""SiO2"", ""core_eq_o"": ""(1+2.8032/(1-0.015287/x**2)+0.36335/(1-0.036095/x**2)-33508000/(1+367200000/x**2))**0.5"", ""core_eq_e"": ""(1+0.017061/(1-0.043855/x**2)+3.1976/(1-0.022642/x**2)-57269000/(1-74226000/x**2))**0.5"", ""core_chi2"": ""AlN"", ""t_film"": 354.0, ""h_s"": 70.0, ""w_s"": 500.0}",screened,4,TE10,A,,TM64,0.024261599630109692,97,230.17756819909866,,2.0504204895174887,2.0504204895174887,,0.00037127560619857795,9687346.058614971,0.013421511854298865,,,,,,,,,,,,0.00037127560619857795,0.013421511854298865,TM64,,,,1.0637067019783586e-05,0.0002918879761976,3.108220070720015e-06,1.7704699308958439e-07,0.8866656720864283,0.09149717226186546,0.021837155651706193,,
77784674c2a3,loaded,"{""etch_depth"": 0.0, ""w_rib"": 500.0, ""sidewall_angle"": 5.0, ""strip_material"": ""TiO2"", ""strip_eq"": ""(0.5+0.747358*x**2/(x**2-0.0840076)+1.03335*x**2/(x**2-0.0662413)+1.02325*x**2/(x**2-0.0448956)+1.70043*x**2/(x**2-0.0225))**0.5"", ""strip_chi2"": null, ""strip_sidewall"": 5.0, ""strip_offset"": 0.0, ""substrate_height"": 1000.0, ""topclad_height"": 800.0, ""substrate_material"": ""Al2O3"", ""topclad_material"": ""SiO2"", ""core_eq_o"": ""(1+2.8032/(1-0.015287/x**2)+0.36335/(1-0.036095/x**2)-33508000/(1+367200000/x**2))**0.5"", ""core_eq_e"": ""(1+0.017061/(1-0.043855/x**2)+3.1976/(1-0.022642/x**2)-57269000/(1-74226000/x**2))**0.5"", ""core_chi2"": ""AlN"", ""t_film"": 354.0, ""h_s"": 70.0, ""w_s"": 500.0}",screened,2,TM20,A,,TE251,0.9927476024660987,127,230.8624907084944,,2.0963859749922045,2.0963859749922045,,0.0003654459011135313,9154032.259862412,0.0002380663277105344,,,,,,,,,,,,0.0003654459011135313,0.0002380663277105344,TE251,,,,1.0584628373968199e-05,0.0003650918112086891,1.2136764575915622e-09,1.9449339285542113e-09,0.9995154197693298,-0.0018223840945403972,0.002306964325210582,,
77784674c2a3,loaded,"{""etch_depth"": 0.0, ""w_rib"": 500.0, ""sidewall_angle"": 5.0, ""strip_material"": ""TiO2"", ""strip_eq"": ""(0.5+0.747358*x**2/(x**2-0.0840076)+1.03335*x**2/(x**2-0.0662413)+1.02325*x**2/(x**2-0.0448956)+1.70043*x**2/(x**2-0.0225))**0.5"", ""strip_chi2"": null, ""strip_sidewall"": 5.0, ""strip_offset"": 0.0, ""substrate_height"": 1000.0, ""topclad_height"": 800.0, ""substrate_material"": ""Al2O3"", ""topclad_material"": ""SiO2"", ""core_eq_o"": ""(1+2.8032/(1-0.015287/x**2)+0.36335/(1-0.036095/x**2)-33508000/(1+367200000/x**2))**0.5"", ""core_eq_e"": ""(1+0.017061/(1-0.043855/x**2)+3.1976/(1-0.022642/x**2)-57269000/(1-74226000/x**2))**0.5"", ""core_chi2"": ""AlN"", ""t_film"": 354.0, ""h_s"": 70.0, ""w_s"": 500.0}",screened,2,TM20,A,,TM400,0.015158470684192243,22,215.13766742814195,,2.1174503388923425,2.1174503388923425,,0.000359303481856655,10404518.497185292,0.00021923149093777344,,,,,,,,,,,,0.000359303481856655,0.00021923149093777344,TM400,,,,9.780427962579066e-06,0.00035870426142458825,1.0120611037678684e-10,6.694050547198332e-10,0.9991657881080593,-0.0005307287986343971,0.0013649406905749293,,
77784674c2a3,loaded,"{""etch_depth"": 0.0, ""w_rib"": 500.0, ""sidewall_angle"": 5.0, ""strip_material"": ""TiO2"", ""strip_eq"": ""(0.5+0.747358*x**2/(x**2-0.0840076)+1.03335*x**2/(x**2-0.0662413)+1.02325*x**2/(x**2-0.0448956)+1.70043*x**2/(x**2-0.0225))**0.5"", ""strip_chi2"": null, ""strip_sidewall"": 5.0, ""strip_offset"": 0.0, ""substrate_height"": 1000.0, ""topclad_height"": 800.0, ""substrate_material"": ""Al2O3"", ""topclad_material"": ""SiO2"", ""core_eq_o"": ""(1+2.8032/(1-0.015287/x**2)+0.36335/(1-0.036095/x**2)-33508000/(1+367200000/x**2))**0.5"", ""core_eq_e"": ""(1+0.017061/(1-0.043855/x**2)+3.1976/(1-0.022642/x**2)-57269000/(1-74226000/x**2))**0.5"", ""core_chi2"": ""AlN"", ""t_film"": 354.0, ""h_s"": 70.0, ""w_s"": 500.0}",screened,3,TE00,S,,TE271?,0.9978997836832402,121,227.41719405369548,,2.1435484225664085,2.1435484225664085,,0.00035474560651626295,9090599.176000703,0.00814751758807664,,,,,,,,,,,,0.00035474560651626295,0.00814751758807664,TE271?,,,,1.0272886732316344e-05,1.610037326280548e-05,5.950202237072376e-06,0.00041648299357440876,-0.21303916908900353,0.12951120695242985,1.0835279621365734,,
77784674c2a3,loaded,"{""etch_depth"": 0.0, ""w_rib"": 500.0, ""sidewall_angle"": 5.0, ""strip_material"": ""TiO2"", ""strip_eq"": ""(0.5+0.747358*x**2/(x**2-0.0840076)+1.03335*x**2/(x**2-0.0662413)+1.02325*x**2/(x**2-0.0448956)+1.70043*x**2/(x**2-0.0225))**0.5"", ""strip_chi2"": null, ""strip_sidewall"": 5.0, ""strip_offset"": 0.0, ""substrate_height"": 1000.0, ""topclad_height"": 800.0, ""substrate_material"": ""Al2O3"", ""topclad_material"": ""SiO2"", ""core_eq_o"": ""(1+2.8032/(1-0.015287/x**2)+0.36335/(1-0.036095/x**2)-33508000/(1+367200000/x**2))**0.5"", ""core_eq_e"": ""(1+0.017061/(1-0.043855/x**2)+3.1976/(1-0.022642/x**2)-57269000/(1-74226000/x**2))**0.5"", ""core_chi2"": ""AlN"", ""t_film"": 354.0, ""h_s"": 70.0, ""w_s"": 500.0}",screened,1,TM10,S,,TE74?,0.9968145497738521,51,221.90898202714243,,2.1146518306001916,2.1146518306001916,,0.0003409399439588881,10346935.89421414,0.0002499030367510656,,,,,,,,,,,,0.0003409399439588881,0.0002499030367510656,TE74?,,,,9.827080508716067e-06,0.0003501303416968687,9.617002968978552e-09,2.2244137425738037e-08,1.0133884055220366,-0.005311056632035083,-0.00807734889000145,,
77784674c2a3,loaded,"{""etch_depth"": 0.0, ""w_rib"": 500.0, ""sidewall_angle"": 5.0, ""strip_material"": ""TiO2"", ""strip_eq"": ""(0.5+0.747358*x**2/(x**2-0.0840076)+1.03335*x**2/(x**2-0.0662413)+1.02325*x**2/(x**2-0.0448956)+1.70043*x**2/(x**2-0.0225))**0.5"", ""strip_chi2"": null, ""strip_sidewall"": 5.0, ""strip_offset"": 0.0, ""substrate_height"": 1000.0, ""topclad_height"": 800.0, ""substrate_material"": ""Al2O3"", ""topclad_material"": ""SiO2"", ""core_eq_o"": ""(1+2.8032/(1-0.015287/x**2)+0.36335/(1-0.036095/x**2)-33508000/(1+367200000/x**2))**0.5"", ""core_eq_e"": ""(1+0.017061/(1-0.043855/x**2)+3.1976/(1-0.022642/x**2)-57269000/(1-74226000/x**2))**0.5"", ""core_chi2"": ""AlN"", ""t_film"": 354.0, ""h_s"": 70.0, ""w_s"": 500.0}",screened,3,TE00,S,,TE93,0.999989544978581,131,231.53228268776658,,2.1296910437371595,2.1296910437371595,,0.0003340621204421686,9496331.575487573,0.007516164484554136,,,,,,,,,,,,0.0003340621204421686,0.007516164484554136,TE93,,,,1.0149294637345087e-05,2.5498284050908897e-09,7.500390011756693e-09,0.00032906924059025993,0.0027627517374427596,0.004738362762833005,0.9924988854997242,,
77784674c2a3,loaded,"{""etch_depth"": 0.0, ""w_rib"": 500.0, ""sidewall_angle"": 5.0, ""strip_material"": ""TiO2"", ""strip_eq"": ""(0.5+0.747358*x**2/(x**2-0.0840076)+1.03335*x**2/(x**2-0.0662413)+1.02325*x**2/(x**2-0.0448956)+1.70043*x**2/(x**2-0.0225))**0.5"", ""strip_chi2"": null, ""strip_sidewall"": 5.0, ""strip_offset"": 0.0, ""substrate_height"": 1000.0, ""topclad_height"": 800.0, ""substrate_material"": ""Al2O3"", ""topclad_material"": ""SiO2"", ""core_eq_o"": ""(1+2.8032/(1-0.015287/x**2)+0.36335/(1-0.036095/x**2)-33508000/(1+367200000/x**2))**0.5"", ""core_eq_e"": ""(1+0.017061/(1-0.043855/x**2)+3.1976/(1-0.022642/x**2)-57269000/(1-74226000/x**2))**0.5"", ""core_chi2"": ""AlN"", ""t_film"": 354.0, ""h_s"": 70.0, ""w_s"": 500.0}",screened,4,TE10,A,,TE114?,0.9866091008789705,0,220.86597908247361,,2.0734182944544415,2.0734182944544415,,0.0003159311764158859,11957630.008689996,0.0066976562665488895,,,,,,,,,,,,0.0003159311764158859,0.0066976562665488895,TE114?,,,,9.415334574207098e-06,1.863440081063107e-05,2.6297792339520866e-07,0.0005109419363919246,-0.24286306630125112,-0.02885116825466122,1.2717142345559123,,
77784674c2a3,loaded,"{""etch_depth"": 0.0, ""w_rib"": 500.0, ""sidewall_angle"": 5.0, ""strip_material"": ""TiO2"", ""strip_eq"": ""(0.5+0.747358*x**2/(x**2-0.0840076)+1.03335*x**2/(x**2-0.0662413)+1.02325*x**2/(x**2-0.0448956)+1.70043*x**2/(x**2-0.0225))**0.5"", ""strip_chi2"": null, ""strip_sidewall"": 5.0, ""strip_offset"": 0.0, ""substrate_height"": 1000.0, ""topclad_height"": 800.0, ""substrate_material"": ""Al2O3"", ""topclad_material"": ""SiO2"", ""core_eq_o"": ""(1+2.8032/(1-0.015287/x**2)+0.36335/(1-0.036095/x**2)-33508000/(1+367200000/x**2))**0.5"", ""core_eq_e"": ""(1+0.017061/(1-0.043855/x**2)+3.1976/(1-0.022642/x**2)-57269000/(1-74226000/x**2))**0.5"", ""core_chi2"": ""AlN"", ""t_film"": 354.0, ""h_s"": 70.0, ""w_s"": 500.0}",screened,2,TM20,A,,TM262?,0.051461456145376235,113,228.10206193086628,,2.099844840882926,2.099844840882926,,0.0002981986762880304,11434844.784413014,0.0002152102853195678,,,,,,,,,,,,0.0002981986762880304,0.0002152102853195678,TM262?,,,,9.446974800650443e-06,0.00036181046707592184,2.572331711758198e-07,1.5517796534820438e-06,1.1015081320007047,-0.029370452002668884,-0.0721376799980358,,
77784674c2a3,loaded,"{""etch_depth"": 0.0, ""w_rib"": 500.0, ""sidewall_angle"": 5.0, ""strip_material"": ""TiO2"", ""strip_eq"": ""(0.5+0.747358*x**2/(x**2-0.0840076)+1.03335*x**2/(x**2-0.0662413)+1.02325*x**2/(x**2-0.0448956)+1.70043*x**2/(x**2-0.0225))**0.5"", ""strip_chi2"": null, ""strip_sidewall"": 5.0, ""strip_offset"": 0.0, ""substrate_height"": 1000.0, ""topclad_height"": 800.0, ""substrate_material"": ""Al2O3"", ""topclad_material"": ""SiO2"", ""core_eq_o"": ""(1+2.8032/(1-0.015287/x**2)+0.36335/(1-0.036095/x**2)-33508000/(1+367200000/x**2))**0.5"", ""core_eq_e"": ""(1+0.017061/(1-0.043855/x**2)+3.1976/(1-0.022642/x**2)-57269000/(1-74226000/x**2))**0.5"", ""core_chi2"": ""AlN"", ""t_film"": 354.0, ""h_s"": 70.0, ""w_s"": 500.0}",screened,2,TM20,A,,TM381?,0.017158298131636832,7,217.66852272158386,,2.113842306940612,2.113842306940612,,0.0002881850555297921,12737246.43929106,0.0001983810973771227,,,,,,,,,,,,0.0002881850555297921,0.0001983810973771227,TM381?,,,,8.862210222798376e-06,0.0002879132487359016,4.92124450439394e-10,9.115194005060652e-10,0.9995283049749263,-0.0013067777867808337,0.0017784728118546908,,
77784674c2a3,loaded,"{""etch_depth"": 0.0, ""w_rib"": 500.0, ""sidewall_angle"": 5.0, ""strip_material"": ""TiO2"", ""strip_eq"": ""(0.5+0.747358*x**2/(x**2-0.0840076)+1.03335*x**2/(x**2-0.0662413)+1.02325*x**2/(x**2-0.0448956)+1.70043*x**2/(x**2-0.0225))**0.5"", ""strip_chi2"": null, ""strip_sidewall"": 5.0, ""strip_offset"": 0.0, ""substrate_height"": 1000.0, ""topclad_height"": 800.0, ""substrate_material"": ""Al2O3"", ""topclad_material"": ""SiO2"", ""core_eq_o"": ""(1+2.8032/(1-0.015287/x**2)+0.36335/(1-0.036095/x**2)-33508000/(1+367200000/x**2))**0.5"", ""core_eq_e"": ""(1+0.017061/(1-0.043855/x**2)+3.1976/(1-0.022642/x**2)-57269000/(1-74226000/x**2))**0.5"", ""core_chi2"": ""AlN"", ""t_film"": 354.0, ""h_s"": 70.0, ""w_s"": 500.0}",screened,4,TE10,A,,TM301,0.02437342639990145,110,231.94054299247153,,2.0480313852347005,2.0480313852347005,,0.00026854925297180955,13236370.443682149,0.010661556617372689,,,,,,,,,,,,0.00026854925297180955,0.010661556617372689,TM301,,,,9.1158954163085e-06,0.00031275389133438453,7.888359106651614e-07,1.6745479988404432e-07,1.079168814336188,-0.05419776308740716,-0.024971051248780744,,
77784674c2a3,loaded,"{""etch_depth"": 0.0, ""w_rib"": 500.0, ""sidewall_angle"": 5.0, ""strip_material"": ""TiO2"", ""strip_eq"": ""(0.5+0.747358*x**2/(x**2-0.0840076)+1.03335*x**2/(x**2-0.0662413)+1.02325*x**2/(x**2-0.0448956)+1.70043*x**2/(x**2-0.0225))**0.5"", ""strip_chi2"": null, ""strip_sidewall"": 5.0, ""strip_offset"": 0.0, ""substrate_height"": 1000.0, ""topclad_height"": 800.0, ""substrate_material"": ""Al2O3"", ""topclad_material"": ""SiO2"", ""core_eq_o"": ""(1+2.8032/(1-0.015287/x**2)+0.36335/(1-0.036095/x**2)-33508000/(1+367200000/x**2))**0.5"", ""core_eq_e"": ""(1+0.017061/(1-0.043855/x**2)+3.1976/(1-0.022642/x**2)-57269000/(1-74226000/x**2))**0.5"", ""core_chi2"": ""AlN"", ""t_film"": 354.0, ""h_s"": 70.0, ""w_s"": 500.0}",screened,4,TE10,A,,TE134?,0.9420062382843826,32,222.91686345064502,,2.0670496018215117,2.0670496018215117,,0.0002376839522805506,15747717.722805114,0.007290134874029106,,,,,,,,,,,,0.0002376839522805506,0.007290134874029106,TE134?,,,,8.242397290727125e-06,8.632038756624994e-05,6.177118504829063e-05,3.0044647962990276e-06,0.6026383433908146,0.5097920239510869,-0.11243036734190136,,
77784674c2a3,loaded,"{""etch_depth"": 0.0, ""w_rib"": 500.0, ""sidewall_angle"": 5.0, ""strip_material"": ""TiO2"", ""strip_eq"": ""(0.5+0.747358*x**2/(x**2-0.0840076)+1.03335*x**2/(x**2-0.0662413)+1.02325*x**2/(x**2-0.0448956)+1.70043*x**2/(x**2-0.0225))**0.5"", ""strip_chi2"": null, ""strip_sidewall"": 5.0, ""strip_offset"": 0.0, ""substrate_height"": 1000.0, ""topclad_height"": 800.0, ""substrate_material"": ""Al2O3"", ""topclad_material"": ""SiO2"", ""core_eq_o"": ""(1+2.8032/(1-0.015287/x**2)+0.36335/(1-0.036095/x**2)-33508000/(1+367200000/x**2))**0.5"", ""core_eq_e"": ""(1+0.017061/(1-0.043855/x**2)+3.1976/(1-0.022642/x**2)-57269000/(1-74226000/x**2))**0.5"", ""core_chi2"": ""AlN"", ""t_film"": 354.0, ""h_s"": 70.0, ""w_s"": 500.0}",screened,2,TM20,A,,TM301,0.06896337137080041,110,228.60275734914939,,2.099207409563264,2.099207409563264,,0.00023589674496628596,14404729.094929595,0.00019018295123926984,,,,,,,,,,,,0.00023589674496628596,0.00019018295123926984,TM301,,,,8.420795658103775e-06,0.00016894618801763142,5.1486921848525e-07,2.7009490709761e-06,0.8462783378652987,0.04671834935810552,0.10700331277659558,,
77784674c2a3,loaded,"{""etch_depth"": 0.0, ""w_rib"": 500.0, ""sidewall_angle"": 5.0, ""strip_material"": ""TiO2"", ""strip_eq"": ""(0.5+0.747358*x**2/(x**2-0.0840076)+1.03335*x**2/(x**2-0.0662413)+1.02325*x**2/(x**2-0.0448956)+1.70043*x**2/(x**2-0.0225))**0.5"", ""strip_chi2"": null, ""strip_sidewall"": 5.0, ""strip_offset"": 0.0, ""substrate_height"": 1000.0, ""topclad_height"": 800.0, ""substrate_material"": ""Al2O3"", ""topclad_material"": ""SiO2"", ""core_eq_o"": ""(1+2.8032/(1-0.015287/x**2)+0.36335/(1-0.036095/x**2)-33508000/(1+367200000/x**2))**0.5"", ""core_eq_e"": ""(1+0.017061/(1-0.043855/x**2)+3.1976/(1-0.022642/x**2)-57269000/(1-74226000/x**2))**0.5"", ""core_chi2"": ""AlN"", ""t_film"": 354.0, ""h_s"": 70.0, ""w_s"": 500.0}",screened,4,TE10,A,,TE154,0.9345580622954097,14,218.6087534544699,,2.0820870284930577,2.0820870284930577,,0.00023139985292084094,16457399.60343359,0.005755859152990787,,,,,,,,,,,,0.00023139985292084094,0.005755859152990787,TE154,,,,7.975534119087728e-06,0.00035128112811288104,3.100777716684674e-05,8.279408150768906e-05,1.2320997518751953,0.3660612664595701,-0.5981610183347656,,
77784674c2a3,loaded,"{""etch_depth"": 0.0, ""w_rib"": 500.0, ""sidewall_angle"": 5.0, ""strip_material"": ""TiO2"", ""strip_eq"": ""(0.5+0.747358*x**2/(x**2-0.0840076)+1.03335*x**2/(x**2-0.0662413)+1.02325*x**2/(x**2-0.0448956)+1.70043*x**2/(x**2-0.0225))**0.5"", ""strip_chi2"": null, ""strip_sidewall"": 5.0, ""strip_offset"": 0.0, ""substrate_height"": 1000.0, ""topclad_height"": 800.0, ""substrate_material"": ""Al2O3"", ""topclad_material"": ""SiO2"", ""core_eq_o"": ""(1+2.8032/(1-0.015287/x**2)+0.36335/(1-0.036095/x**2)-33508000/(1+367200000/x**2))**0.5"", ""core_eq_e"": ""(1+0.017061/(1-0.043855/x**2)+3.1976/(1-0.022642/x**2)-57269000/(1-74226000/x**2))**0.5"", ""core_chi2"": ""AlN"", ""t_film"": 354.0, ""h_s"": 70.0, ""w_s"": 500.0}",screened,4,TE10,A,,TM203,0.05105785600399754,135,230.11242542926473,,2.0505087680742715,2.0505087680742715,,0.0002277007245234984,15802528.401450984,0.010084619982731162,,,,,,,,,,,,0.0002277007245234984,0.010084619982731162,TM203,,,,8.327851385932027e-06,0.000576712052167795,7.462066182602817e-05,8.222501680564734e-08,1.5914657898353273,-0.5724628943745438,-0.019002895460783334,,
77784674c2a3,loaded,"{""etch_depth"": 0.0, ""w_rib"": 500.0, ""sidewall_angle"": 5.0, ""strip_material"": ""TiO2"", ""strip_eq"": ""(0.5+0.747358*x**2/(x**2-0.0840076)+1.03335*x**2/(x**2-0.0662413)+1.02325*x**2/(x**2-0.0448956)+1.70043*x**2/(x**2-0.0225))**0.5"", ""strip_chi2"": null, ""strip_sidewall"": 5.0, ""strip_offset"": 0.0, ""substrate_height"": 1000.0, ""topclad_height"": 800.0, ""substrate_material"": ""Al2O3"", ""topclad_material"": ""SiO2"", ""core_eq_o"": ""(1+2.8032/(1-0.015287/x**2)+0.36335/(1-0.036095/x**2)-33508000/(1+367200000/x**2))**0.5"", ""core_eq_e"": ""(1+0.017061/(1-0.043855/x**2)+3.1976/(1-0.022642/x**2)-57269000/(1-74226000/x**2))**0.5"", ""core_chi2"": ""AlN"", ""t_film"": 354.0, ""h_s"": 70.0, ""w_s"": 500.0}",screened,0,TM00,A,,TE172,0.999334689562552,142,233.73109296495156,,2.13574029288901,2.13574029288901,,0.0002251524912560414,13708848.097498732,0.00013435045699520263,,,,,,,,,,,,0.0002251524912560414,0.00013435045699520263,TE172,,,,8.411347169725464e-06,7.721857042411726e-05,1.258784683818974e-09,3.9101907046575494e-05,0.58562889970701,-0.0023644892652731862,0.41673558955826323,,
77784674c2a3,loaded,"{""etch_depth"": 0.0, ""w_rib"": 500.0, ""sidewall_angle"": 5.0, ""strip_material"": ""TiO2"", ""strip_eq"": ""(0.5+0.747358*x**2/(x**2-0.0840076)+1.03335*x**2/(x**2-0.0662413)+1.02325*x**2/(x**2-0.0448956)+1.70043*x**2/(x**2-0.0225))**0.5"", ""strip_chi2"": null, ""strip_sidewall"": 5.0, ""strip_offset"": 0.0, ""substrate_height"": 1000.0, ""topclad_height"": 800.0, ""substrate_material"": ""Al2O3"", ""topclad_material"": ""SiO2"", ""core_eq_o"": ""(1+2.8032/(1-0.015287/x**2)+0.36335/(1-0.036095/x**2)-33508000/(1+367200000/x**2))**0.5"", ""core_eq_e"": ""(1+0.017061/(1-0.043855/x**2)+3.1976/(1-0.022642/x**2)-57269000/(1-74226000/x**2))**0.5"", ""core_chi2"": ""AlN"", ""t_film"": 354.0, ""h_s"": 70.0, ""w_s"": 500.0}",screened,2,TM20,A,,TM164,0.10031036303461366,68,219.05309514579824,,2.1118684360681863,2.1118684360681863,,0.0002200667761635059,16515897.42381439,0.00018485509197810294,,,,,,,,,,,,0.0002200667761635059,0.00018485509197810294,TM164,,,,7.793585869803893e-06,0.00020615621615673927,4.3149410530191515e-08,7.224395421993389e-08,0.9678787981897196,0.014002648686026693,0.018118553124253933,,
77784674c2a3,loaded,"{""etch_depth"": 0.0, ""w_rib"": 500.0, ""sidewall_angle"": 5.0, ""strip_material"": ""TiO2"", ""strip_eq"": ""(0.5+0.747358*x**2/(x**2-0.0840076)+1.03335*x**2/(x**2-0.0662413)+1.02325*x**2/(x**2-0.0448956)+1.70043*x**2/(x**2-0.0225))**0.5"", ""strip_chi2"": null, ""strip_sidewall"": 5.0, ""strip_offset"": 0.0, ""substrate_height"": 1000.0, ""topclad_height"": 800.0, ""substrate_material"": ""Al2O3"", ""topclad_material"": ""SiO2"", ""core_eq_o"": ""(1+2.8032/(1-0.015287/x**2)+0.36335/(1-0.036095/x**2)-33508000/(1+367200000/x**2))**0.5"", ""core_eq_e"": ""(1+0.017061/(1-0.043855/x**2)+3.1976/(1-0.022642/x**2)-57269000/(1-74226000/x**2))**0.5"", ""core_chi2"": ""AlN"", ""t_film"": 354.0, ""h_s"": 70.0, ""w_s"": 500.0}",screened,1,TM10,S,,TE14,0.9999566143799901,52,222.26017320278405,,2.114171854608773,2.114171854608773,,0.00021354381329837056,16478773.059247984,0.00019961364473748138,,,,,,,,,,,,0.00021354381329837056,0.00019961364473748138,TE14,,,,7.789612169385058e-06,0.00022754483281208198,1.4391255178239168e-09,1.8793530870176566e-07,1.0322621231177365,-0.002596006885900853,-0.029666116231835633,,
77784674c2a3,loaded,"{""etch_depth"": 0.0, ""w_rib"": 500.0, ""sidewall_angle"": 5.0, ""strip_material"": ""TiO2"", ""strip_eq"": ""(0.5+0.747358*x**2/(x**2-0.0840076)+1.03335*x**2/(x**2-0.0662413)+1.02325*x**2/(x**2-0.0448956)+1.70043*x**2/(x**2-0.0225))**0.5"", ""strip_chi2"": null, ""strip_sidewall"": 5.0, ""strip_offset"": 0.0, ""substrate_height"": 1000.0, ""topclad_height"": 800.0, ""substrate_material"": ""Al2O3"", ""topclad_material"": ""SiO2"", ""core_eq_o"": ""(1+2.8032/(1-0.015287/x**2)+0.36335/(1-0.036095/x**2)-33508000/(1+367200000/x**2))**0.5"", ""core_eq_e"": ""(1+0.017061/(1-0.043855/x**2)+3.1976/(1-0.022642/x**2)-57269000/(1-74226000/x**2))**0.5"", ""core_chi2"": ""AlN"", ""t_film"": 354.0, ""h_s"": 70.0, ""w_s"": 500.0}",screened,1,TM10,S,,TE133,0.9979793980423282,121,230.01822025067898,,2.104083724803194,2.104083724803194,,0.0002041067716168865,16329958.527175356,0.00020260584362923395,,,,,,,,,,,,0.0002041067716168865,0.00020260584362923395,TE133,,,,7.881368534715108e-06,0.0003533561746638657,9.515440232836732e-09,2.124033198808683e-05,1.315762896990778,0.006827877741789099,-0.3225907747325674,,
77784674c2a3,loaded,"{""etch_depth"": 0.0, ""w_rib"": 500.0, ""sidewall_angle"": 5.0, ""strip_material"": ""TiO2"", ""strip_eq"": ""(0.5+0.747358*x**2/(x**2-0.0840076)+1.03335*x**2/(x**2-0.0662413)+1.02325*x**2/(x**2-0.0448956)+1.70043*x**2/(x**2-0.0225))**0.5"", ""strip_chi2"": null, ""strip_sidewall"": 5.0, ""strip_offset"": 0.0, ""substrate_height"": 1000.0, ""topclad_height"": 800.0, ""substrate_material"": ""Al2O3"", ""topclad_material"": ""SiO2"", ""core_eq_o"": ""(1+2.8032/(1-0.015287/x**2)+0.36335/(1-0.036095/x**2)-33508000/(1+367200000/x**2))**0.5"", ""core_eq_e"": ""(1+0.017061/(1-0.043855/x**2)+3.1976/(1-0.022642/x**2)-57269000/(1-74226000/x**2))**0.5"", ""core_chi2"": ""AlN"", ""t_film"": 354.0, ""h_s"": 70.0, ""w_s"": 500.0}",screened,3,TE00,S,,TM322,0.19437860151755113,1,215.01054931402,,2.195331308788447,2.195331308788447,,0.00019960458084901373,16825414.391905677,0.006467526687955131,,,,,,,,,,,,0.00019960458084901373,0.006467526687955131,TM322,,,,7.285438741948883e-06,0.00014983734969006238,2.0923620769372133e-06,1.9434153382198092e-07,0.8664126595875171,0.10238425348093773,0.03120308693154512,,
77784674c2a3,loaded,"{""etch_depth"": 0.0, ""w_rib"": 500.0, ""sidewall_angle"": 5.0, ""strip_material"": ""TiO2"", ""strip_eq"": ""(0.5+0.747358*x**2/(x**2-0.0840076)+1.03335*x**2/(x**2-0.0662413)+1.02325*x**2/(x**2-0.0448956)+1.70043*x**2/(x**2-0.0225))**0.5"", ""strip_chi2"": null, ""strip_sidewall"": 5.0, ""strip_offset"": 0.0, ""substrate_height"": 1000.0, ""topclad_height"": 800.0, ""substrate_material"": ""Al2O3"", ""topclad_material"": ""SiO2"", ""core_eq_o"": ""(1+2.8032/(1-0.015287/x**2)+0.36335/(1-0.036095/x**2)-33508000/(1+367200000/x**2))**0.5"", ""core_eq_e"": ""(1+0.017061/(1-0.043855/x**2)+3.1976/(1-0.022642/x**2)-57269000/(1-74226000/x**2))**0.5"", ""core_chi2"": ""AlN"", ""t_film"": 354.0, ""h_s"": 70.0, ""w_s"": 500.0}",screened,3,TE00,S,,TE272?,0.9570224930334066,0,215.0904226218721,,2.194962082827482,2.194962082827482,,0.00019904461083100413,16868730.029758003,0.007127880295016105,,,,,,,,,,,,0.00019904461083100413,0.007127880295016105,TE272?,,,,7.277914928053665e-06,7.477281416386897e-05,6.111033881265348e-06,8.934952133667724e-06,0.6129099211723255,0.1752193778879186,0.21187070093975588,,
77784674c2a3,loaded,"{""etch_depth"": 0.0, ""w_rib"": 500.0, ""sidewall_angle"": 5.0, ""strip_material"": ""TiO2"", ""strip_eq"": ""(0.5+0.747358*x**2/(x**2-0.0840076)+1.03335*x**2/(x**2-0.0662413)+1.02325*x**2/(x**2-0.0448956)+1.70043*x**2/(x**2-0.0225))**0.5"", ""strip_chi2"": null, ""strip_sidewall"": 5.0, ""strip_offset"": 0.0, ""substrate_height"": 1000.0, ""topclad_height"": 800.0, ""substrate_material"": ""Al2O3"", ""topclad_material"": ""SiO2"", ""core_eq_o"": ""(1+2.8032/(1-0.015287/x**2)+0.36335/(1-0.036095/x**2)-33508000/(1+367200000/x**2))**0.5"", ""core_eq_e"": ""(1+0.017061/(1-0.043855/x**2)+3.1976/(1-0.022642/x**2)-57269000/(1-74226000/x**2))**0.5"", ""core_chi2"": ""AlN"", ""t_film"": 354.0, ""h_s"": 70.0, ""w_s"": 500.0}",screened,1,TM10,S,,TE155,0.7217625769637649,88,224.41992196392962,,2.111220107455807,2.111220107455807,,0.00019307187824357672,17952033.4205828,0.00020135903851781404,,,,,,,,,,,,0.00019307187824357672,0.00020135903851781404,TE155,,,,7.4787946369336055e-06,4.894719088569658e-05,1.6954196461561346e-07,4.2081805523309e-05,0.503505681488517,0.02963323703413118,0.4668610814773518,,
77784674c2a3,loaded,"{""etch_depth"": 0.0, ""w_rib"": 500.0, ""sidewall_angle"": 5.0, ""strip_material"": ""TiO2"", ""strip_eq"": ""(0.5+0.747358*x**2/(x**2-0.0840076)+1.03335*x**2/(x**2-0.0662413)+1.02325*x**2/(x**2-0.0448956)+1.70043*x**2/(x**2-0.0225))**0.5"", ""strip_chi2"": null, ""strip_sidewall"": 5.0, ""strip_offset"": 0.0, ""substrate_height"": 1000.0, ""topclad_height"": 800.0, ""substrate_material"": ""Al2O3"", ""topclad_material"": ""SiO2"", ""core_eq_o"": ""(1+2.8032/(1-0.015287/x**2)+0.36335/(1-0.036095/x**2)-33508000/(1+367200000/x**2))**0.5"", ""core_eq_e"": ""(1+0.017061/(1-0.043855/x**2)+3.1976/(1-0.022642/x**2)-57269000/(1-74226000/x**2))**0.5"", ""core_chi2"": ""AlN"", ""t_film"": 354.0, ""h_s"": 70.0, ""w_s"": 500.0}",screened,2,TM20,A,,TM282?,0.12525600183347405,12,217.36616437399627,,2.1142733543346672,2.1142733543346672,,0.00018460825341782105,19926802.53922824,0.000163146349910983,,,,,,,,,,,,0.00018460825341782105,0.000163146349910983,TM282?,,,,7.0831785391369775e-06,0.0001794461880016677,2.3246388803906335e-09,2.0476140879990125e-08,0.9859197392393028,0.0035485603195511816,0.01053170044114623,,
77784674c2a3,loaded,"{""etch_depth"": 0.0, ""w_rib"": 500.0, ""sidewall_angle"": 5.0, ""strip_material"": ""TiO2"", ""strip_eq"": ""(0.5+0.747358*x**2/(x**2-0.0840076)+1.03335*x**2/(x**2-0.0662413)+1.02325*x**2/(x**2-0.0448956)+1.70043*x**2/(x**2-0.0225))**0.5"", ""strip_chi2"": null, ""strip_sidewall"": 5.0, ""strip_offset"": 0.0, ""substrate_height"": 1000.0, ""topclad_height"": 800.0, ""substrate_material"": ""Al2O3"", ""topclad_material"": ""SiO2"", ""core_eq_o"": ""(1+2.8032/(1-0.015287/x**2)+0.36335/(1-0.036095/x**2)-33508000/(1+367200000/x**2))**0.5"", ""core_eq_e"": ""(1+0.017061/(1-0.043855/x**2)+3.1976/(1-0.022642/x**2)-57269000/(1-74226000/x**2))**0.5"", ""core_chi2"": ""AlN"", ""t_film"": 354.0, ""h_s"": 70.0, ""w_s"": 500.0}",screened,3,TE00,S,,TM300,0.005532956535174083,130,231.43119613967355,,2.1300036335682093,2.1300036335682093,,0.00018306798905926916,17336394.468053535,0.005383845848643194,,,,,,,,,,,,0.00018306798905926916,0.005383845848643194,TM300,,,,7.509980262953439e-06,0.00020133988557822504,2.450629516624534e-07,2.6938115021543988e-08,1.0487179541736262,-0.03658749065719763,-0.012130463516428746,,
77784674c2a3,loaded,"{""etch_depth"": 0.0, ""w_rib"": 500.0, ""sidewall_angle"": 5.0, ""strip_material"": ""TiO2"", ""strip_eq"": ""(0.5+0.747358*x**2/(x**2-0.0840076)+1.03335*x**2/(x**2-0.0662413)+1.02325*x**2/(x**2-0.0448956)+1.70043*x**2/(x**2-0.0225))**0.5"", ""strip_chi2"": null, ""strip_sidewall"": 5.0, ""strip_offset"": 0.0, ""substrate_height"": 1000.0, ""topclad_height"": 800.0, ""substrate_material"": ""Al2O3"", ""topclad_material"": ""SiO2"", ""core_eq_o"": ""(1+2.8032/(1-0.015287/x**2)+0.36335/(1-0.036095/x**2)-33508000/(1+367200000/x**2))**0.5"", ""core_eq_e"": ""(1+0.017061/(1-0.043855/x**2)+3.1976/(1-0.022642/x**2)-57269000/(1-74226000/x**2))**0.5"", ""core_chi2"": ""AlN"", ""t_film"": 354.0, ""h_s"": 70.0, ""w_s"": 500.0}",screened,3,TE00,S,,TM262,0.03526124496601202,103,224.28924910964633,,2.1549519660550644,2.1549519660550644,,0.000176518278493273,18485731.653173186,0.005630800736921349,,,,,,,,,,,,0.000176518278493273,0.005630800736921349,TM262,,,,7.146838837447354e-06,2.7207273219271615e-05,0.00032707636540355874,1.7374276264809443e-07,-0.39259762433055323,1.3612244458795524,0.03137317845100094,,
77784674c2a3,loaded,"{""etch_depth"": 0.0, ""w_rib"": 500.0, ""sidewall_angle"": 5.0, ""strip_material"": ""TiO2"", ""strip_eq"": ""(0.5+0.747358*x**2/(x**2-0.0840076)+1.03335*x**2/(x**2-0.0662413)+1.02325*x**2/(x**2-0.0448956)+1.70043*x**2/(x**2-0.0225))**0.5"", ""strip_chi2"": null, ""strip_sidewall"": 5.0, ""strip_offset"": 0.0, ""substrate_height"": 1000.0, ""topclad_height"": 800.0, ""substrate_material"": ""Al2O3"", ""topclad_material"": ""SiO2"", ""core_eq_o"": ""(1+2.8032/(1-0.015287/x**2)+0.36335/(1-0.036095/x**2)-33508000/(1+367200000/x**2))**0.5"", ""core_eq_e"": ""(1+0.017061/(1-0.043855/x**2)+3.1976/(1-0.022642/x**2)-57269000/(1-74226000/x**2))**0.5"", ""core_chi2"": ""AlN"", ""t_film"": 354.0, ""h_s"": 70.0, ""w_s"": 500.0}",screened,1,TM10,S,,TE213?,0.9503887909568002,8,218.3605477875733,,2.1197276896850368,2.1197276896850368,,0.00017503514685752216,20665322.712007675,0.00017448370104741312,,,,,,,,,,,,0.00017503514685752216,0.00017448370104741312,TE213?,,,,6.928632025979379e-06,0.0002714675724488897,3.814259293709257e-10,1.0411321660392928e-05,1.2453641167385032,-0.0014761907338630826,-0.2438879260046401,,
77784674c2a3,loaded,"{""etch_depth"": 0.0, ""w_rib"": 500.0, ""sidewall_angle"": 5.0, ""strip_material"": ""TiO2"", ""strip_eq"": ""(0.5+0.747358*x**2/(x**2-0.0840076)+1.03335*x**2/(x**2-0.0662413)+1.02325*x**2/(x**2-0.0448956)+1.70043*x**2/(x**2-0.0225))**0.5"", ""strip_chi2"": null, ""strip_sidewall"": 5.0, ""strip_offset"": 0.0, ""substrate_height"": 1000.0, ""topclad_height"": 800.0, ""substrate_material"": ""Al2O3"", ""topclad_material"": ""SiO2"", ""core_eq_o"": ""(1+2.8032/(1-0.015287/x**2)+0.36335/(1-0.036095/x**2)-33508000/(1+367200000/x**2))**0.5"", ""core_eq_e"": ""(1+0.017061/(1-0.043855/x**2)+3.1976/(1-0.022642/x**2)-57269000/(1-74226000/x**2))**0.5"", ""core_chi2"": ""AlN"", ""t_film"": 354.0, ""h_s"": 70.0, ""w_s"": 500.0}",screened,1,TM10,S,,TM300,0.0061417183028650135,130,233.73202876751682,,2.0996871072710395,2.0996871072710395,,0.0001599646727046609,20306344.05736128,0.0001763727074210819,,,,,,,,,,,,0.0001599646727046609,0.0001763727074210819,TM300,,,,7.089913877311238e-06,0.00016624652138446346,2.2519167044828205e-08,9.193752276717197e-09,1.0194460382685864,-0.011864901041465379,-0.0075811372271210545,,
77784674c2a3,loaded,"{""etch_depth"": 0.0, ""w_rib"": 500.0, ""sidewall_angle"": 5.0, ""strip_material"": ""TiO2"", ""strip_eq"": ""(0.5+0.747358*x**2/(x**2-0.0840076)+1.03335*x**2/(x**2-0.0662413)+1.02325*x**2/(x**2-0.0448956)+1.70043*x**2/(x**2-0.0225))**0.5"", ""strip_chi2"": null, ""strip_sidewall"": 5.0, ""strip_offset"": 0.0, ""substrate_height"": 1000.0, ""topclad_height"": 800.0, ""substrate_material"": ""Al2O3"", ""topclad_material"": ""SiO2"", ""core_eq_o"": ""(1+2.8032/(1-0.015287/x**2)+0.36335/(1-0.036095/x**2)-33508000/(1+367200000/x**2))**0.5"", ""core_eq_e"": ""(1+0.017061/(1-0.043855/x**2)+3.1976/(1-0.022642/x**2)-57269000/(1-74226000/x**2))**0.5"", ""core_chi2"": ""AlN"", ""t_film"": 354.0, ""h_s"": 70.0, ""w_s"": 500.0}",screened,0,TM00,A,,TE73,0.9990951847512014,136,232.28518703543216,,2.13782966392156,2.13782966392156,,0.00015627718512071666,19938758.64468861,0.0001116047509311412,,,,,,,,,,,,0.00015627718512071666,0.0001116047509311412,TE73,,,,6.9643404871789835e-06,1.770746271257594e-06,2.5267531059904895e-09,0.00019271125896739829,-0.10644625286294108,-0.004020995750029482,1.1104672486129705,,
77784674c2a3,loaded,"{""etch_depth"": 0.0, ""w_rib"": 500.0, ""sidewall_angle"": 5.0, ""strip_material"": ""TiO2"", ""strip_eq"": ""(0.5+0.747358*x**2/(x**2-0.0840076)+1.03335*x**2/(x**2-0.0662413)+1.02325*x**2/(x**2-0.0448956)+1.70043*x**2/(x**2-0.0225))**0.5"", ""strip_chi2"": null, ""strip_sidewall"": 5.0, ""strip_offset"": 0.0, ""substrate_height"": 1000.0, ""topclad_height"": 800.0, ""substrate_material"": ""Al2O3"", ""topclad_material"": ""SiO2"", ""core_eq_o"": ""(1+2.8032/(1-0.015287/x**2)+0.36335/(1-0.036095/x**2)-33508000/(1+367200000/x**2))**0.5"", ""core_eq_e"": ""(1+0.017061/(1-0.043855/x**2)+3.1976/(1-0.022642/x**2)-57269000/(1-74226000/x**2))**0.5"", ""core_chi2"": ""AlN"", ""t_film"": 354.0, ""h_s"": 70.0, ""w_s"": 500.0}",screened,2,TM20,A,,TE94,0.9304935886473622,32,220.163906092266,,2.110298075786847,2.110298075786847,,0.00015283661480217442,23594183.995840702,0.00015366537628873266,,,,,,,,,,,,0.00015283661480217442,0.00015366537628873266,TE94,,,,6.527855267200751e-06,0.00015616190742922,1.6655761764928116e-10,1.4607000001850973e-08,1.0108200496258424,-0.0010439231899460858,-0.00977612643589613,,
77784674c2a3,loaded,"{""etch_depth"": 0.0, ""w_rib"": 500.0, ""sidewall_angle"": 5.0, ""strip_material"": ""TiO2"", ""strip_eq"": ""(0.5+0.747358*x**2/(x**2-0.0840076)+1.03335*x**2/(x**2-0.0662413)+1.02325*x**2/(x**2-0.0448956)+1.70043*x**2/(x**2-0.0225))**0.5"", ""strip_chi2"": null, ""strip_sidewall"": 5.0, ""strip_offset"": 0.0, ""substrate_height"": 1000.0, ""topclad_height"": 800.0, ""substrate_material"": ""Al2O3"", ""topclad_material"": ""SiO2"", ""core_eq_o"": ""(1+2.8032/(1-0.015287/x**2)+0.36335/(1-0.036095/x**2)-33508000/(1+367200000/x**2))**0.5"", ""core_eq_e"": ""(1+0.017061/(1-0.043855/x**2)+3.1976/(1-0.022642/x**2)-57269000/(1-74226000/x**2))**0.5"", ""core_chi2"": ""AlN"", ""t_film"": 354.0, ""h_s"": 70.0, ""w_s"": 500.0}",screened,3,TE00,S,,TM64?,0.025732558078529928,97,223.17093978216326,,2.1594663680464805,2.1594663680464805,,0.0001505725349847855,21751822.144361176,0.0053110387988062596,,,,,,,,,,,,0.0001505725349847855,0.0053110387988062596,TM64?,,,,6.5678195707857786e-06,0.00011992001533575631,3.2457074104895267e-06,2.3192349242847346e-07,0.8924275249005207,0.14681884475372683,-0.039246369654247444,,
77784674c2a3,loaded,"{""etch_depth"": 0.0, ""w_rib"": 500.0, ""sidewall_angle"": 5.0, ""strip_material"": ""TiO2"", ""strip_eq"": ""(0.5+0.747358*x**2/(x**2-0.0840076)+1.03335*x**2/(x**2-0.0662413)+1.02325*x**2/(x**2-0.0448956)+1.70043*x**2/(x**2-0.0225))**0.5"", ""strip_chi2"": null, ""strip_sidewall"": 5.0, ""strip_offset"": 0.0, ""substrate_height"": 1000.0, ""topclad_height"": 800.0, ""substrate_material"": ""Al2O3"", ""topclad_material"": ""SiO2"", ""core_eq_o"": ""(1+2.8032/(1-0.015287/x**2)+0.36335/(1-0.036095/x**2)-33508000/(1+367200000/x**2))**0.5"", ""core_eq_e"": ""(1+0.017061/(1-0.043855/x**2)+3.1976/(1-0.022642/x**2)-57269000/(1-74226000/x**2))**0.5"", ""core_chi2"": ""AlN"", ""t_film"": 354.0, ""h_s"": 70.0, ""w_s"": 500.0}",screened,0,TM00,A,,TE192,0.9997279712157426,132,229.94552107826337,,2.141220044596857,2.141220044596857,,0.0001456174642998738,21732453.025257163,0.0001049904763663507,,,,,,,,,,,,0.0001456174642998738,0.0001049904763663507,TE192,,,,6.654912918729834e-06,0.00022860099684289393,2.2592371926137487e-09,9.609268722435994e-06,1.25294592449481,0.003938892991109523,-0.25688481748591957,,
77784674c2a3,loaded,"{""etch_depth"": 0.0, ""w_rib"": 500.0, ""sidewall_angle"": 5.0, ""strip_material"": ""TiO2"", ""strip_eq"": ""(0.5+0.747358*x**2/(x**2-0.0840076)+1.03335*x**2/(x**2-0.0662413)+1.02325*x**2/(x**2-0.0448956)+1.70043*x**2/(x**2-0.0225))**0.5"", ""strip_chi2"": null, ""strip_sidewall"": 5.0, ""strip_offset"": 0.0, ""substrate_height"": 1000.0, ""topclad_height"": 800.0, ""substrate_material"": ""Al2O3"", ""topclad_material"": ""SiO2"", ""core_eq_o"": ""(1+2.8032/(1-0.015287/x**2)+0.36335/(1-0.036095/x**2)-33508000/(1+367200000/x**2))**0.5"", ""core_eq_e"": ""(1+0.017061/(1-0.043855/x**2)+3.1976/(1-0.022642/x**2)-57269000/(1-74226000/x**2))**0.5"", ""core_chi2"": ""AlN"", ""t_film"": 354.0, ""h_s"": 70.0, ""w_s"": 500.0}",screened,0,TM00,A,,TE330,0.9980577584548791,5,215.93417788341284,,2.167106458039405,2.167106458039405,,0.0001429795157799169,24210217.330742612,9.080663387010145e-05,,,,,,,,,,,,0.0001429795157799169,9.080663387010145e-05,TE330,,,,6.192542397310773e-06,0.00011770116957067094,8.718960839799322e-10,1.1639374997463825e-06,0.9073053635217012,0.00246942279396612,0.09022521368433266,,
77784674c2a3,loaded,"{""etch_depth"": 0.0, ""w_rib"": 500.0, ""sidewall_angle"": 5.0, ""strip_material"": ""TiO2"", ""strip_eq"": ""(0.5+0.747358*x**2/(x**2-0.0840076)+1.03335*x**2/(x**2-0.0662413)+1.02325*x**2/(x**2-0.0448956)+1.70043*x**2/(x**2-0.0225))**0.5"", ""strip_chi2"": null, ""strip_sidewall"": 5.0, ""strip_offset"": 0.0, ""substrate_height"": 1000.0, ""topclad_height"": 800.0, ""substrate_material"": ""Al2O3"", ""topclad_material"": ""SiO2"", ""core_eq_o"": ""(1+2.8032/(1-0.015287/x**2)+0.36335/(1-0.036095/x**2)-33508000/(1+367200000/x**2))**0.5"", ""core_eq_e"": ""(1+0.017061/(1-0.043855/x**2)+3.1976/(1-0.022642/x**2)-57269000/(1-74226000/x**2))**0.5"", ""core_chi2"": ""AlN"", ""t_film"": 354.0, ""h_s"": 70.0, ""w_s"": 500.0}",screened,0,TM00,A,,TE212,0.9999559723109149,112,225.72073132359517,,2.1480619655748963,2.1480619655748963,,0.00014276045148988654,22785827.109475877,0.00010096496827092655,,,,,,,,,,,,0.00014276045148988654,0.00010096496827092655,TE212,,,,6.468239545388046e-06,9.955970034194224e-05,5.2884024262586584e-11,3.910711628867601e-06,0.835098750741544,-0.0006086369176631701,0.1655098861761191,,
77784674c2a3,loaded,"{""etch_depth"": 0.0, ""w_rib"": 500.0, ""sidewall_angle"": 5.0, ""strip_material"": ""TiO2"", ""strip_eq"": ""(0.5+0.747358*x**2/(x**2-0.0840076)+1.03335*x**2/(x**2-0.0662413)+1.02325*x**2/(x**2-0.0448956)+1.70043*x**2/(x**2-0.0225))**0.5"", ""strip_chi2"": null, ""strip_sidewall"": 5.0, ""strip_offset"": 0.0, ""substrate_height"": 1000.0, ""topclad_height"": 800.0, ""substrate_material"": ""Al2O3"", ""topclad_material"": ""SiO2"", ""core_eq_o"": ""(1+2.8032/(1-0.015287/x**2)+0.36335/(1-0.036095/x**2)-33508000/(1+367200000/x**2))**0.5"", ""core_eq_e"": ""(1+0.017061/(1-0.043855/x**2)+3.1976/(1-0.022642/x**2)-57269000/(1-74226000/x**2))**0.5"", ""core_chi2"": ""AlN"", ""t_film"": 354.0, ""h_s"": 70.0, ""w_s"": 500.0}",screened,0,TM00,A,,TM243?,0.12134223697005352,53,218.54755449287515,,2.1615346443901178,2.1615346443901178,,0.00013991399944394115,24339763.200210024,9.406941370723637e-05,,,,,,,,,,,,0.00013991399944394115,9.406941370723637e-05,TM243?,,,,6.199936291792259e-06,0.0001644955008552508,6.090873531123276e-07,3.1594906354854333e-06,1.0842924317454374,0.0659795281655472,-0.15027195991098463,,
77784674c2a3,loaded,"{""etch_depth"": 0.0, ""w_rib"": 500.0, ""sidewall_angle"": 5.0, ""strip_material"": ""TiO2"", ""strip_eq"": ""(0.5+0.747358*x**2/(x**2-0.0840076)+1.03335*x**2/(x**2-0.0662413)+1.02325*x**2/(x**2-0.0448956)+1.70043*x**2/(x**2-0.0225))**0.5"", ""strip_chi2"": null, ""strip_sidewall"": 5.0, ""strip_offset"": 0.0, ""substrate_height"": 1000.0, ""topclad_height"": 800.0, ""substrate_material"": ""Al2O3"", ""topclad_material"": ""SiO2"", ""core_eq_o"": ""(1+2.8032/(1-0.015287/x**2)+0.36335/(1-0.036095/x**2)-33508000/(1+367200000/x**2))**0.5"", ""core_eq_e"": ""(1+0.017061/(1-0.043855/x**2)+3.1976/(1-0.022642/x**2)-57269000/(1-74226000/x**2))**0.5"", ""core_chi2"": ""AlN"", ""t_film"": 354.0, ""h_s"": 70.0, ""w_s"": 500.0}",screened,4,TE10,A,,TE253,0.5543483784577647,23,215.8567728795862,,2.0939150354027425,2.0939150354027425,,0.00013791832647251924,27843608.547471173,0.003462674958900642,,,,,,,,,,,,0.00013791832647251924,0.003462674958900642,TE253,,,,6.0797729313459765e-06,0.00011856517715475219,7.762658684851846e-06,3.728974454911039e-06,0.9271875425353645,0.2372434638206309,-0.1644310063559954,,
77784674c2a3,loaded,"{""etch_depth"": 0.0, ""w_rib"": 500.0, ""sidewall_angle"": 5.0, ""strip_material"": ""TiO2"", ""strip_eq"": ""(0.5+0.747358*x**2/(x**2-0.0840076)+1.03335*x**2/(x**2-0.0662413)+1.02325*x**2/(x**2-0.0448956)+1.70043*x**2/(x**2-0.0225))**0.5"", ""strip_chi2"": null, ""strip_sidewall"": 5.0, ""strip_offset"": 0.0, ""substrate_height"": 1000.0, ""topclad_height"": 800.0, ""substrate_material"": ""Al2O3"", ""topclad_material"": ""SiO2"", ""core_eq_o"": ""(1+2.8032/(1-0.015287/x**2)+0.36335/(1-0.036095/x**2)-33508000/(1+367200000/x**2))**0.5"", ""core_eq_e"": ""(1+0.017061/(1-0.043855/x**2)+3.1976/(1-0.022642/x**2)-57269000/(1-74226000/x**2))**0.5"", ""core_chi2"": ""AlN"", ""t_film"": 354.0, ""h_s"": 70.0, ""w_s"": 500.0}",screened,2,TM20,A,,TE213,0.9832295600695529,67,219.76487037877067,,2.1108537167400327,2.1108537167400327,,0.0001369468889552316,26406625.01249445,0.0001414125377123325,,,,,,,,,,,,0.0001369468889552316,0.0001414125377123325,TE213,,,,6.168009682446258e-06,0.0001370728547067704,1.8664623687391926e-10,3.6262251338635924e-10,1.0004598016045816,0.0011674372157722645,-0.0016272388203539049,,
77784674c2a3,loaded,"{""etch_depth"": 0.0, ""w_rib"": 500.0, ""sidewall_angle"": 5.0, ""strip_material"": ""TiO2"", ""strip_eq"": ""(0.5+0.747358*x**2/(x**2-0.0840076)+1.03335*x**2/(x**2-0.0662413)+1.02325*x**2/(x**2-0.0448956)+1.70043*x**2/(x**2-0.0225))**0.5"", ""strip_chi2"": null, ""strip_sidewall"": 5.0, ""strip_offset"": 0.0, ""substrate_height"": 1000.0, ""topclad_height"": 800.0, ""substrate_material"": ""Al2O3"", ""topclad_material"": ""SiO2"", ""core_eq_o"": ""(1+2.8032/(1-0.015287/x**2)+0.36335/(1-0.036095/x**2)-33508000/(1+367200000/x**2))**0.5"", ""core_eq_e"": ""(1+0.017061/(1-0.043855/x**2)+3.1976/(1-0.022642/x**2)-57269000/(1-74226000/x**2))**0.5"", ""core_chi2"": ""AlN"", ""t_film"": 354.0, ""h_s"": 70.0, ""w_s"": 500.0}",screened,0,TM00,A,,TE33,0.9999993493867051,146,234.63315187892675,,2.134436794697299,2.134436794697299,,0.00013272191863748962,23119834.81429049,0.00010556407469844586,,,,,,,,,,,,0.00013272191863748962,0.00010556407469844586,TE33,,,,6.482930867403759e-06,4.987364178986713e-08,1.4457942580518017e-14,0.00013791457805660057,-0.019384929024224843,1.0437149930413223e-05,1.0193744918742944,,
77784674c2a3,loaded,"{""etch_depth"": 0.0, ""w_rib"": 500.0, ""sidewall_angle"": 5.0, ""strip_material"": ""TiO2"", ""strip_eq"": ""(0.5+0.747358*x**2/(x**2-0.0840076)+1.03335*x**2/(x**2-0.0662413)+1.02325*x**2/(x**2-0.0448956)+1.70043*x**2/(x**2-0.0225))**0.5"", ""strip_chi2"": null, ""strip_sidewall"": 5.0, ""strip_offset"": 0.0, ""substrate_height"": 1000.0, ""topclad_height"": 800.0, ""substrate_material"": ""Al2O3"", ""topclad_material"": ""SiO2"", ""core_eq_o"": ""(1+2.8032/(1-0.015287/x**2)+0.36335/(1-0.036095/x**2)-33508000/(1+367200000/x**2))**0.5"", ""core_eq_e"": ""(1+0.017061/(1-0.043855/x**2)+3.1976/(1-0.022642/x**2)-57269000/(1-74226000/x**2))**0.5"", ""core_chi2"": ""AlN"", ""t_film"": 354.0, ""h_s"": 70.0, ""w_s"": 500.0}",screened,2,TM20,A,,TM381?,0.12416531029239623,21,215.23057743381253,,2.117317884749285,2.117317884749285,,0.00012635242897009977,29566933.833304927,0.00013341813491946544,,,,,,,,,,,,0.00012635242897009977,0.00013341813491946544,TM381?,,,,5.802383888554339e-06,0.00012467954141656836,1.9734560323457932e-10,3.673852161063668e-09,0.9933580156494614,0.0012497465022195285,0.005392237848318938,,
77784674c2a3,loaded,"{""etch_depth"": 0.0, ""w_rib"": 500.0, ""sidewall_angle"": 5.0, ""strip_material"": ""TiO2"", ""strip_eq"": ""(0.5+0.747358*x**2/(x**2-0.0840076)+1.03335*x**2/(x**2-0.0662413)+1.02325*x**2/(x**2-0.0448956)+1.70043*x**2/(x**2-0.0225))**0.5"", ""strip_chi2"": null, ""strip_sidewall"": 5.0, ""strip_offset"": 0.0, ""substrate_height"": 1000.0, ""topclad_height"": 800.0, ""substrate_material"": ""Al2O3"", ""topclad_material"": ""SiO2"", ""core_eq_o"": ""(1+2.8032/(1-0.015287/x**2)+0.36335/(1-0.036095/x**2)-33508000/(1+367200000/x**2))**0.5"", ""core_eq_e"": ""(1+0.017061/(1-0.043855/x**2)+3.1976/(1-0.022642/x**2)-57269000/(1-74226000/x**2))**0.5"", ""core_chi2"": ""AlN"", ""t_film"": 354.0, ""h_s"": 70.0, ""w_s"": 500.0}",screened,4,TE10,A,,TM282?,0.07530144126438396,90,227.07262116656503,,2.0564688268457787,2.0564688268457787,,0.00011944379537283623,30668779.3630315,0.005019945514150583,,,,,,,,,,,,0.00011944379537283623,0.005019945514150583,TM282?,,,,5.951922405613275e-06,0.0001429170370931077,2.56510560024175e-06,3.3158920796945155e-07,1.093856129092453,-0.14654493986151396,0.05268881076906105,,
77784674c2a3,loaded,"{""etch_depth"": 0.0, ""w_rib"": 500.0, ""sidewall_angle"": 5.0, ""strip_material"": ""TiO2"", ""strip_eq"": ""(0.5+0.747358*x**2/(x**2-0.0840076)+1.03335*x**2/(x**2-0.0662413)+1.02325*x**2/(x**2-0.0448956)+1.70043*x**2/(x**2-0.0225))**0.5"", ""strip_chi2"": null, ""strip_sidewall"": 5.0, ""strip_offset"": 0.0, ""substrate_height"": 1000.0, ""topclad_height"": 800.0, ""substrate_material"": ""Al2O3"", ""topclad_material"": ""SiO2"", ""core_eq_o"": ""(1+2.8032/(1-0.015287/x**2)+0.36335/(1-0.036095/x**2)-33508000/(1+367200000/x**2))**0.5"", ""core_eq_e"": ""(1+0.017061/(1-0.043855/x**2)+3.1976/(1-0.022642/x**2)-57269000/(1-74226000/x**2))**0.5"", ""core_chi2"": ""AlN"", ""t_film"": 354.0, ""h_s"": 70.0, ""w_s"": 500.0}",screened,4,TE10,A,,TM400,0.015158470684192243,22,215.89628778472823,,2.0937452004208676,2.0937452004208676,,0.0001173888801319194,32708997.09002804,0.003042075157728131,,,,,,,,,,,,0.0001173888801319194,0.003042075157728131,TM400,,,,5.610083752865549e-06,0.0001388522152191312,3.138524499077523e-08,5.956494119400713e-07,1.0875842924483163,-0.016351186864197766,-0.07123310558411877,,
77784674c2a3,loaded,"{""etch_depth"": 0.0, ""w_rib"": 500.0, ""sidewall_angle"": 5.0, ""strip_material"": ""TiO2"", ""strip_eq"": ""(0.5+0.747358*x**2/(x**2-0.0840076)+1.03335*x**2/(x**2-0.0662413)+1.02325*x**2/(x**2-0.0448956)+1.70043*x**2/(x**2-0.0225))**0.5"", ""strip_chi2"": null, ""strip_sidewall"": 5.0, ""strip_offset"": 0.0, ""substrate_height"": 1000.0, ""topclad_height"": 800.0, ""substrate_material"": ""Al2O3"", ""topclad_material"": ""SiO2"", ""core_eq_o"": ""(1+2.8032/(1-0.015287/x**2)+0.36335/(1-0.036095/x**2)-33508000/(1+367200000/x**2))**0.5"", ""core_eq_e"": ""(1+0.017061/(1-0.043855/x**2)+3.1976/(1-0.022642/x**2)-57269000/(1-74226000/x**2))**0.5"", ""core_chi2"": ""AlN"", ""t_film"": 354.0, ""h_s"": 70.0, ""w_s"": 500.0}",screened,2,TM20,A,,TE133,0.9979793980423282,121,230.5872842991551,,2.0967186564318325,2.0967186564318325,,0.00011483325645716203,29187517.32617836,0.00013687329990295555,,,,,,,,,,,,0.00011483325645716203,0.00013687329990295555,TE133,,,,5.926248863801454e-06,0.00011246754187583254,2.1358364560978715e-11,1.3358276652764971e-08,0.9896457437522957,-0.0004312709020317851,0.010785527149736055,,
77784674c2a3,loaded,"{""etch_depth"": 0.0, ""w_rib"": 500.0, ""sidewall_angle"": 5.0, ""strip_material"": ""TiO2"", ""strip_eq"": ""(0.5+0.747358*x**2/(x**2-0.0840076)+1.03335*x**2/(x**2-0.0662413)+1.02325*x**2/(x**2-0.0448956)+1.70043*x**2/(x**2-0.0225))**0.5"", ""strip_chi2"": null, ""strip_sidewall"": 5.0, ""strip_offset"": 0.0, ""substrate_height"": 1000.0, ""topclad_height"": 800.0, ""substrate_material"": ""Al2O3"", ""topclad_material"": ""SiO2"", ""core_eq_o"": ""(1+2.8032/(1-0.015287/x**2)+0.36335/(1-0.036095/x**2)-33508000/(1+367200000/x**2))**0.5"", ""core_eq_e"": ""(1+0.017061/(1-0.043855/x**2)+3.1976/(1-0.022642/x**2)-57269000/(1-74226000/x**2))**0.5"", ""core_chi2"": ""AlN"", ""t_film"": 354.0, ""h_s"": 70.0, ""w_s"": 500.0}",screened,2,TM20,A,,TE15,0.7217625769637649,88,224.62375196694856,,2.1043000640649203,2.1043000640649203,,0.00011057667977482307,31597892.638258647,0.00013939644207605116,,,,,,,,,,,,0.00011057667977482307,0.00013939644207605116,TE15,,,,5.664976857562934e-06,0.00010778207440352721,9.73985117144816e-10,2.720481010559551e-08,0.9872826299843525,-0.0029678666772682744,0.01568523669291584,,
77784674c2a3,loaded,"{""etch_depth"": 0.0, ""w_rib"": 500.0, ""sidewall_angle"": 5.0, ""strip_material"": ""TiO2"", ""strip_eq"": ""(0.5+0.747358*x**2/(x**2-0.0840076)+1.03335*x**2/(x**2-0.0662413)+1.02325*x**2/(x**2-0.0448956)+1.70043*x**2/(x**2-0.0225))**0.5"", ""strip_chi2"": null, ""strip_sidewall"": 5.0, ""strip_offset"": 0.0, ""substrate_height"": 1000.0, ""topclad_height"": 800.0, ""substrate_material"": ""Al2O3"", ""topclad_material"": ""SiO2"", ""core_eq_o"": ""(1+2.8032/(1-0.015287/x**2)+0.36335/(1-0.036095/x**2)-33508000/(1+367200000/x**2))**0.5"", ""core_eq_e"": ""(1+0.017061/(1-0.043855/x**2)+3.1976/(1-0.022642/x**2)-57269000/(1-74226000/x**2))**0.5"", ""core_chi2"": ""AlN"", ""t_film"": 354.0, ""h_s"": 70.0, ""w_s"": 500.0}",screened,4,TE10,A,,TE74,0.994224688017476,39,224.9195648648016,,2.0608305336281796,2.0608305336281796,,0.00010965444485636558,33833620.47481095,0.004999656372106321,,,,,,,,,,,,0.00010965444485636558,0.004999656372106321,TE74,,,,5.648732970748024e-06,1.0202170742876135e-05,3.005016662221772e-05,3.2245919730055604e-06,0.3050234110999586,0.5234923287744757,0.1714842601255656,,
77784674c2a3,loaded,"{""etch_depth"": 0.0, ""w_rib"": 500.0, ""sidewall_angle"": 5.0, ""strip_material"": ""TiO2"", ""strip_eq"": ""(0.5+0.747358*x**2/(x**2-0.0840076)+1.03335*x**2/(x**2-0.0662413)+1.02325*x**2/(x**2-0.0448956)+1.70043*x**2/(x**2-0.0225))**0.5"", ""strip_chi2"": null, ""strip_sidewall"": 5.0, ""strip_offset"": 0.0, ""substrate_height"": 1000.0, ""topclad_height"": 800.0, ""substrate_material"": ""Al2O3"", ""topclad_material"": ""SiO2"", ""core_eq_o"": ""(1+2.8032/(1-0.015287/x**2)+0.36335/(1-0.036095/x**2)-33508000/(1+367200000/x**2))**0.5"", ""core_eq_e"": ""(1+0.017061/(1-0.043855/x**2)+3.1976/(1-0.022642/x**2)-57269000/(1-74226000/x**2))**0.5"", ""core_chi2"": ""AlN"", ""t_film"": 354.0, ""h_s"": 70.0, ""w_s"": 500.0}",screened,4,TE10,A,,TM283,0.07805983823407447,18,216.84188022820805,,2.089681046023376,2.089681046023376,,0.00010935175884732354,35010951.34440249,0.0030105425239690528,,,,,,,,,,,,0.00010935175884732354,0.0030105425239690528,TM283,,,,5.438344822572939e-06,1.631433072611549e-05,6.55908158089873e-05,2.8250106792424945e-06,0.3862528924801282,0.7744771874104615,-0.16073007989058954,,
77784674c2a3,loaded,"{""etch_depth"": 0.0, ""w_rib"": 500.0, ""sidewall_angle"": 5.0, ""strip_material"": ""TiO2"", ""strip_eq"": ""(0.5+0.747358*x**2/(x**2-0.0840076)+1.03335*x**2/(x**2-0.0662413)+1.02325*x**2/(x**2-0.0448956)+1.70043*x**2/(x**2-0.0225))**0.5"", ""strip_chi2"": null, ""strip_sidewall"": 5.0, ""strip_offset"": 0.0, ""substrate_height"": 1000.0, ""topclad_height"": 800.0, ""substrate_material"": ""Al2O3"", ""topclad_material"": ""SiO2"", ""core_eq_o"": ""(1+2.8032/(1-0.015287/x**2)+0.36335/(1-0.036095/x**2)-33508000/(1+367200000/x**2))**0.5"", ""core_eq_e"": ""(1+0.017061/(1-0.043855/x**2)+3.1976/(1-0.022642/x**2)-57269000/(1-74226000/x**2))**0.5"", ""core_chi2"": ""AlN"", ""t_film"": 354.0, ""h_s"": 70.0, ""w_s"": 500.0}",screened,4,TE10,A,,TM262,0.04034704936562597,119,231.49164162617103,,2.0486397162107357,2.0486397162107357,,0.00010016885870202082,35592287.85640774,0.0066278938475443205,,,,,,,,,,,,0.00010016885870202082,0.0066278938475443205,TM262,,,,5.556641366155623e-06,0.00011182564653528395,5.144343592048506e-08,1.1526960712647273e-07,1.0565847694998483,-0.02266202012995748,-0.03392274936989074,,
77784674c2a3,loaded,"{""etch_depth"": 0.0, ""w_rib"": 500.0, ""sidewall_angle"": 5.0, ""strip_material"": ""TiO2"", ""strip_eq"": ""(0.5+0.747358*x**2/(x**2-0.0840076)+1.03335*x**2/(x**2-0.0662413)+1.02325*x**2/(x**2-0.0448956)+1.70043*x**2/(x**2-0.0225))**0.5"", ""strip_chi2"": null, ""strip_sidewall"": 5.0, ""strip_offset"": 0.0, ""substrate_height"": 1000.0, ""topclad_height"": 800.0, ""substrate_material"": ""Al2O3"", ""topclad_material"": ""SiO2"", ""core_eq_o"": ""(1+2.8032/(1-0.015287/x**2)+0.36335/(1-0.036095/x**2)-33508000/(1+367200000/x**2))**0.5"", ""core_eq_e"": ""(1+0.017061/(1-0.043855/x**2)+3.1976/(1-0.022642/x**2)-57269000/(1-74226000/x**2))**0.5"", ""core_chi2"": ""AlN"", ""t_film"": 354.0, ""h_s"": 70.0, ""w_s"": 500.0}",screened,1,TM10,S,,TM223?,0.34702168379604426,102,227.0503605584836,,2.107834827846312,2.107834827846312,,9.912858575862981e-05,34324403.11052065,0.00013976577883906272,,,,,,,,,,,,9.912858575862981e-05,0.00013976577883906272,TM223?,,,,5.421660777900098e-06,0.0001156768752219665,2.6400776790845797e-05,0.00024253339740759106,-1.0802488661254819,0.5160703374526303,1.5641785286728516,,
77784674c2a3,loaded,"{""etch_depth"": 0.0, ""w_rib"": 500.0, ""sidewall_angle"": 5.0, ""strip_material"": ""TiO2"", ""strip_eq"": ""(0.5+0.747358*x**2/(x**2-0.0840076)+1.03335*x**2/(x**2-0.0662413)+1.02325*x**2/(x**2-0.0448956)+1.70043*x**2/(x**2-0.0225))**0.5"", ""strip_chi2"": null, ""strip_sidewall"": 5.0, ""strip_offset"": 0.0, ""substrate_height"": 1000.0, ""topclad_height"": 800.0, ""substrate_material"": ""Al2O3"", ""topclad_material"": ""SiO2"", ""core_eq_o"": ""(1+2.8032/(1-0.015287/x**2)+0.36335/(1-0.036095/x**2)-33508000/(1+367200000/x**2))**0.5"", ""core_eq_e"": ""(1+0.017061/(1-0.043855/x**2)+3.1976/(1-0.022642/x**2)-57269000/(1-74226000/x**2))**0.5"", ""core_chi2"": ""AlN"", ""t_film"": 354.0, ""h_s"": 70.0, ""w_s"": 500.0}",screened,2,TM20,A,,TE251?,0.9902679611036933,106,226.54028942178138,,2.101833120933282,2.101833120933282,,8.789736655279872e-05,39218823.75384376,0.00011530173026724092,,,,,,,,,,,,8.789736655279872e-05,0.00011530173026724092,TE251?,,,,5.093825614788144e-06,7.661010765303442e-05,3.4329848921692425e-08,1.9128059374786231e-07,0.9335876640022427,0.01976277900838701,0.046649556989370324,,
77784674c2a3,loaded,"{""etch_depth"": 0.0, ""w_rib"": 500.0, ""sidewall_angle"": 5.0, ""strip_material"": ""TiO2"", ""strip_eq"": ""(0.5+0.747358*x**2/(x**2-0.0840076)+1.03335*x**2/(x**2-0.0662413)+1.02325*x**2/(x**2-0.0448956)+1.70043*x**2/(x**2-0.0225))**0.5"", ""strip_chi2"": null, ""strip_sidewall"": 5.0, ""strip_offset"": 0.0, ""substrate_height"": 1000.0, ""topclad_height"": 800.0, ""substrate_material"": ""Al2O3"", ""topclad_material"": ""SiO2"", ""core_eq_o"": ""(1+2.8032/(1-0.015287/x**2)+0.36335/(1-0.036095/x**2)-33508000/(1+367200000/x**2))**0.5"", ""core_eq_e"": ""(1+0.017061/(1-0.043855/x**2)+3.1976/(1-0.022642/x**2)-57269000/(1-74226000/x**2))**0.5"", ""core_chi2"": ""AlN"", ""t_film"": 354.0, ""h_s"": 70.0, ""w_s"": 500.0}",screened,2,TM20,A,,TE154?,0.9780831501156851,0,219.32239417273823,,2.1114845186248274,2.1114845186248274,,8.607218009949765e-05,42146698.463404916,0.00011465585076286043,,,,,,,,,,,,8.607218009949765e-05,0.00011465585076286043,TE154?,,,,4.880058968596402e-06,8.086399586068814e-05,7.056532752141067e-09,4.042719782999825e-08,0.969273183361696,0.00905449595780682,0.021672320680496994,,
77784674c2a3,loaded,"{""etch_depth"": 0.0, ""w_rib"": 500.0, ""sidewall_angle"": 5.0, ""strip_material"": ""TiO2"", ""strip_eq"": ""(0.5+0.747358*x**2/(x**2-0.0840076)+1.03335*x**2/(x**2-0.0662413)+1.02325*x**2/(x**2-0.0448956)+1.70043*x**2/(x**2-0.0225))**0.5"", ""strip_chi2"": null, ""strip_sidewall"": 5.0, ""strip_offset"": 0.0, ""substrate_height"": 1000.0, ""topclad_height"": 800.0, ""substrate_material"": ""Al2O3"", ""topclad_material"": ""SiO2"", ""core_eq_o"": ""(1+2.8032/(1-0.015287/x**2)+0.36335/(1-0.036095/x**2)-33508000/(1+367200000/x**2))**0.5"", ""core_eq_e"": ""(1+0.017061/(1-0.043855/x**2)+3.1976/(1-0.022642/x**2)-57269000/(1-74226000/x**2))**0.5"", ""core_chi2"": ""AlN"", ""t_film"": 354.0, ""h_s"": 70.0, ""w_s"": 500.0}",screened,0,TM00,A,,TE54?,0.9998738318426922,52,219.20765472104682,,2.1601272867793138,2.1601272867793138,,8.480702851711791e-05,39992146.75050903,7.526181781009242e-05,,,,,,,,,,,,8.480702851711791e-05,7.526181781009242e-05,TE54?,,,,4.841526675857802e-06,9.578796501384835e-05,1.213061198195794e-08,2.1894950492829087e-07,1.0627706449650223,-0.011959841726799918,-0.050810803238222416,,
77784674c2a3,loaded,"{""etch_depth"": 0.0, ""w_rib"": 500.0, ""sidewall_angle"": 5.0, ""strip_material"": ""TiO2"", ""strip_eq"": ""(0.5+0.747358*x**2/(x**2-0.0840076)+1.03335*x**2/(x**2-0.0662413)+1.02325*x**2/(x**2-0.0448956)+1.70043*x**2/(x**2-0.0225))**0.5"", ""strip_chi2"": null, ""strip_sidewall"": 5.0, ""strip_offset"": 0.0, ""substrate_height"": 1000.0, ""topclad_height"": 800.0, ""substrate_material"": ""Al2O3"", ""topclad_material"": ""SiO2"", ""core_eq_o"": ""(1+2.8032/(1-0.015287/x**2)+0.36335/(1-0.036095/x**2)-33508000/(1+367200000/x**2))**0.5"", ""core_eq_e"": ""(1+0.017061/(1-0.043855/x**2)+3.1976/(1-0.022642/x**2)-57269000/(1-74226000/x**2))**0.5"", ""core_chi2"": ""AlN"", ""t_film"": 354.0, ""h_s"": 70.0, ""w_s"": 500.0}",screened,4,TE10,A,,TE153,0.9990780170361037,112,232.24241362857512,,2.0476223037025796,2.0476223037025796,,8.360087305235628e-05,42433864.398872614,0.006152082940030374,,,,,,,,,,,,8.360087305235628e-05,0.006152082940030374,TE153,,,,5.0928118631864905e-06,5.692885095314855e-07,6.871932441785593e-08,7.48395053485521e-05,0.08252030085113102,-0.028670418622813085,0.946150117771682,,
77784674c2a3,loaded,"{""etch_depth"": 0.0, ""w_rib"": 500.0, ""sidewall_angle"": 5.0, ""strip_material"": ""TiO2"", ""strip_eq"": ""(0.5+0.747358*x**2/(x**2-0.0840076)+1.03335*x**2/(x**2-0.0662413)+1.02325*x**2/(x**2-0.0448956)+1.70043*x**2/(x**2-0.0225))**0.5"", ""strip_chi2"": null, ""strip_sidewall"": 5.0, ""strip_offset"": 0.0, ""substrate_height"": 1000.0, ""topclad_height"": 800.0, ""substrate_material"": ""Al2O3"", ""topclad_material"": ""SiO2"", ""core_eq_o"": ""(1+2.8032/(1-0.015287/x**2)+0.36335/(1-0.036095/x**2)-33508000/(1+367200000/x**2))**0.5"", ""core_eq_e"": ""(1+0.017061/(1-0.043855/x**2)+3.1976/(1-0.022642/x**2)-57269000/(1-74226000/x**2))**0.5"", ""core_chi2"": ""AlN"", ""t_film"": 354.0, ""h_s"": 70.0, ""w_s"": 500.0}",screened,2,TM20,A,,TE154?,0.9575692022072916,20,215.54212910716734,,2.116873731187842,2.116873731187842,,8.079319404477086e-05,46135161.840897635,0.0001066805662221868,,,,,,,,,,,,8.079319404477086e-05,0.0001066805662221868,TE154?,,,,4.646546069763466e-06,8.801324779201236e-05,4.737788819194766e-11,1.5993386689889095e-07,1.0437263186315682,0.0007657737243349302,-0.044492092355903,,
77784674c2a3,loaded,"{""etch_depth"": 0.0, ""w_rib"": 500.0, ""sidewall_angle"": 5.0, ""strip_material"": ""TiO2"", ""strip_eq"": ""(0.5+0.747358*x**2/(x**2-0.0840076)+1.03335*x**2/(x**2-0.0662413)+1.02325*x**2/(x**2-0.0448956)+1.70043*x**2/(x**2-0.0225))**0.5"", ""strip_chi2"": null, ""strip_sidewall"": 5.0, ""strip_offset"": 0.0, ""substrate_height"": 1000.0, ""topclad_height"": 800.0, ""substrate_material"": ""Al2O3"", ""topclad_material"": ""SiO2"", ""core_eq_o"": ""(1+2.8032/(1-0.015287/x**2)+0.36335/(1-0.036095/x**2)-33508000/(1+367200000/x**2))**0.5"", ""core_eq_e"": ""(1+0.017061/(1-0.043855/x**2)+3.1976/(1-0.022642/x**2)-57269000/(1-74226000/x**2))**0.5"", ""core_chi2"": ""AlN"", ""t_film"": 354.0, ""h_s"": 70.0, ""w_s"": 500.0}",screened,0,TM00,A,,TE291,0.9941159709108918,39,219.0540440659884,,2.160454790263286,2.160454790263286,,8.008197275297623e-05,42391927.36112808,7.07473742596174e-05,,,,,,,,,,,,8.008197275297623e-05,7.07473742596174e-05,TE291,,,,4.7014232099723305e-06,0.00011725160515723641,2.722115655146746e-10,3.594526733884616e-06,1.2100185183294725,0.0018436815305308927,-0.2118621998600033,,
77784674c2a3,loaded,"{""etch_depth"": 0.0, ""w_rib"": 500.0, ""sidewall_angle"": 5.0, ""strip_material"": ""TiO2"", ""strip_eq"": ""(0.5+0.747358*x**2/(x**2-0.0840076)+1.03335*x**2/(x**2-0.0662413)+1.02325*x**2/(x**2-0.0448956)+1.70043*x**2/(x**2-0.0225))**0.5"", ""strip_chi2"": null, ""strip_sidewall"": 5.0, ""strip_offset"": 0.0, ""substrate_height"": 1000.0, ""topclad_height"": 800.0, ""substrate_material"": ""Al2O3"", ""topclad_material"": ""SiO2"", ""core_eq_o"": ""(1+2.8032/(1-0.015287/x**2)+0.36335/(1-0.036095/x**2)-33508000/(1+367200000/x**2))**0.5"", ""core_eq_e"": ""(1+0.017061/(1-0.043855/x**2)+3.1976/(1-0.022642/x**2)-57269000/(1-74226000/x**2))**0.5"", ""core_chi2"": ""AlN"", ""t_film"": 354.0, ""h_s"": 70.0, ""w_s"": 500.0}",screened,0,TM00,A,,TE251,0.9517837303672592,115,226.58415324837344,,2.1466636795244454,2.1466636795244454,,7.832927331670647e-05,41293418.29661367,7.497219375771669e-05,,,,,,,,,,,,7.832927331670647e-05,7.497219375771669e-05,TE251,,,,4.809525946060093e-06,5.978595260707857e-06,4.966915212227385e-09,4.193523956757807e-05,0.27627241753328313,-0.00796308450404225,0.7316906669707592,,
77784674c2a3,loaded,"{""etch_depth"": 0.0, ""w_rib"": 500.0, ""sidewall_angle"": 5.0, ""strip_material"": ""TiO2"", ""strip_eq"": ""(0.5+0.747358*x**2/(x**2-0.0840076)+1.03335*x**2/(x**2-0.0662413)+1.02325*x**2/(x**2-0.0448956)+1.70043*x**2/(x**2-0.0225))**0.5"", ""strip_chi2"": null, ""strip_sidewall"": 5.0, ""strip_offset"": 0.0, ""substrate_height"": 1000.0, ""topclad_height"": 800.0, ""substrate_material"": ""Al2O3"", ""topclad_material"": ""SiO2"", ""core_eq_o"": ""(1+2.8032/(1-0.015287/x**2)+0.36335/(1-0.036095/x**2)-33508000/(1+367200000/x**2))**0.5"", ""core_eq_e"": ""(1+0.017061/(1-0.043855/x**2)+3.1976/(1-0.022642/x**2)-57269000/(1-74226000/x**2))**0.5"", ""core_chi2"": ""AlN"", ""t_film"": 354.0, ""h_s"": 70.0, ""w_s"": 500.0}",screened,4,TE10,A,,TE94?,0.8271700557728283,42,222.28178966096112,,2.069021721668197,2.069021721668197,,7.278153962430429e-05,51574124.666902125,0.0032735559440745946,,,,,,,,,,,,7.278153962430429e-05,0.0032735559440745946,TE94?,,,,4.5480496186848944e-06,8.712101045201094e-06,9.868919330624033e-08,0.00012473959666884892,-0.34597987123071766,0.03682342499088218,1.3091564462398355,,
77784674c2a3,loaded,"{""etch_depth"": 0.0, ""w_rib"": 500.0, ""sidewall_angle"": 5.0, ""strip_material"": ""TiO2"", ""strip_eq"": ""(0.5+0.747358*x**2/(x**2-0.0840076)+1.03335*x**2/(x**2-0.0662413)+1.02325*x**2/(x**2-0.0448956)+1.70043*x**2/(x**2-0.0225))**0.5"", ""strip_chi2"": null, ""strip_sidewall"": 5.0, ""strip_offset"": 0.0, ""substrate_height"": 1000.0, ""topclad_height"": 800.0, ""substrate_material"": ""Al2O3"", ""topclad_material"": ""SiO2"", ""core_eq_o"": ""(1+2.8032/(1-0.015287/x**2)+0.36335/(1-0.036095/x**2)-33508000/(1+367200000/x**2))**0.5"", ""core_eq_e"": ""(1+0.017061/(1-0.043855/x**2)+3.1976/(1-0.022642/x**2)-57269000/(1-74226000/x**2))**0.5"", ""core_chi2"": ""AlN"", ""t_film"": 354.0, ""h_s"": 70.0, ""w_s"": 500.0}",screened,3,TE00,S,,TE251,0.9517837303672592,115,226.64202602722688,,2.1462853052140334,2.1462853052140334,,7.265942783728827e-05,44516478.958697796,0.0036544394410007756,,,,,,,,,,,,7.265942783728827e-05,0.0036544394410007756,TE251,,,,4.633371476860985e-06,4.245503783790077e-07,7.683887152639167e-08,8.935587259818707e-05,-0.07643963934505796,-0.032519548124028935,1.108959187469087,,
77784674c2a3,loaded,"{""etch_depth"": 0.0, ""w_rib"": 500.0, ""sidewall_angle"": 5.0, ""strip_material"": ""TiO2"", ""strip_eq"": ""(0.5+0.747358*x**2/(x**2-0.0840076)+1.03335*x**2/(x**2-0.0662413)+1.02325*x**2/(x**2-0.0448956)+1.70043*x**2/(x**2-0.0225))**0.5"", ""strip_chi2"": null, ""strip_sidewall"": 5.0, ""strip_offset"": 0.0, ""substrate_height"": 1000.0, ""topclad_height"": 800.0, ""substrate_material"": ""Al2O3"", ""topclad_material"": ""SiO2"", ""core_eq_o"": ""(1+2.8032/(1-0.015287/x**2)+0.36335/(1-0.036095/x**2)-33508000/(1+367200000/x**2))**0.5"", ""core_eq_e"": ""(1+0.017061/(1-0.043855/x**2)+3.1976/(1-0.022642/x**2)-57269000/(1-74226000/x**2))**0.5"", ""core_chi2"": ""AlN"", ""t_film"": 354.0, ""h_s"": 70.0, ""w_s"": 500.0}",screened,4,TE10,A,,TM243?,0.057394926319356755,74,223.65333562760358,,2.0647626055380814,2.0647626055380814,,7.180031278143211e-05,51959929.110124305,0.003978696566496382,,,,,,,,,,,,7.180031278143211e-05,0.003978696566496382,TM243?,,,,4.545160648789454e-06,0.0008564555702515652,0.0003823494054251956,1.5326411356416067e-06,3.4537369033425787,-2.307634597300829,-0.14610230604174984,,
77784674c2a3,loaded,"{""etch_depth"": 0.0, ""w_rib"": 500.0, ""sidewall_angle"": 5.0, ""strip_material"": ""TiO2"", ""strip_eq"": ""(0.5+0.747358*x**2/(x**2-0.0840076)+1.03335*x**2/(x**2-0.0662413)+1.02325*x**2/(x**2-0.0448956)+1.70043*x**2/(x**2-0.0225))**0.5"", ""strip_chi2"": null, ""strip_sidewall"": 5.0, ""strip_offset"": 0.0, ""substrate_height"": 1000.0, ""topclad_height"": 800.0, ""substrate_material"": ""Al2O3"", ""topclad_material"": ""SiO2"", ""core_eq_o"": ""(1+2.8032/(1-0.015287/x**2)+0.36335/(1-0.036095/x**2)-33508000/(1+367200000/x**2))**0.5"", ""core_eq_e"": ""(1+0.017061/(1-0.043855/x**2)+3.1976/(1-0.022642/x**2)-57269000/(1-74226000/x**2))**0.5"", ""core_chi2"": ""AlN"", ""t_film"": 354.0, ""h_s"": 70.0, ""w_s"": 500.0}",screened,2,TM20,A,,TE134,0.9707933681007828,114,228.40770780920357,,2.0994557255675796,2.0994557255675796,,7.074656414303672e-05,48096004.440178834,0.00011275949568238653,,,,,,,,,,,,7.074656414303672e-05,0.00011275949568238653,TE134,,,,4.6075931298707055e-06,7.305494682996672e-05,1.4947547271477607e-09,9.498242031360087e-09,1.0161834980447721,-0.004596553203918542,-0.011586944840853486,,
77784674c2a3,loaded,"{""etch_depth"": 0.0, ""w_rib"": 500.0, ""sidewall_angle"": 5.0, ""strip_material"": ""TiO2"", ""strip_eq"": ""(0.5+0.747358*x**2/(x**2-0.0840076)+1.03335*x**2/(x**2-0.0662413)+1.02325*x**2/(x**2-0.0448956)+1.70043*x**2/(x**2-0.0225))**0.5"", ""strip_chi2"": null, ""strip_sidewall"": 5.0, ""strip_offset"": 0.0, ""substrate_height"": 1000.0, ""topclad_height"": 800.0, ""substrate_material"": ""Al2O3"", ""topclad_material"": ""SiO2"", ""core_eq_o"": ""(1+2.8032/(1-0.015287/x**2)+0.36335/(1-0.036095/x**2)-33508000/(1+367200000/x**2))**0.5"", ""core_eq_e"": ""(1+0.017061/(1-0.043855/x**2)+3.1976/(1-0.022642/x**2)-57269000/(1-74226000/x**2))**0.5"", ""core_chi2"": ""AlN"", ""t_film"": 354.0, ""h_s"": 70.0, ""w_s"": 500.0}",screened,3,TE00,S,,TM281,0.020098333471455343,133,230.10564381777473,,2.134102637680692,2.134102637680692,,7.041216338615698e-05,45332313.84083466,0.0033381206331903127,,,,,,,,,,,,7.041216338615698e-05,0.0033381206331903127,TM281,,,,4.630861635023064e-06,0.00021624546679836705,3.2765414145848165e-05,3.4808028870681767e-07,1.752466246601402,-0.6821564451992009,-0.07030980140220097,,
77784674c2a3,loaded,"{""etch_depth"": 0.0, ""w_rib"": 500.0, ""sidewall_angle"": 5.0, ""strip_material"": ""TiO2"", ""strip_eq"": ""(0.5+0.747358*x**2/(x**2-0.0840076)+1.03335*x**2/(x**2-0.0662413)+1.02325*x**2/(x**2-0.0448956)+1.70043*x**2/(x**2-0.0225))**0.5"", ""strip_chi2"": null, ""strip_sidewall"": 5.0, ""strip_offset"": 0.0, ""substrate_height"": 1000.0, ""topclad_height"": 800.0, ""substrate_material"": ""Al2O3"", ""topclad_material"": ""SiO2"", ""core_eq_o"": ""(1+2.8032/(1-0.015287/x**2)+0.36335/(1-0.036095/x**2)-33508000/(1+367200000/x**2))**0.5"", ""core_eq_e"": ""(1+0.017061/(1-0.043855/x**2)+3.1976/(1-0.022642/x**2)-57269000/(1-74226000/x**2))**0.5"", ""core_chi2"": ""AlN"", ""t_film"": 354.0, ""h_s"": 70.0, ""w_s"": 500.0}",screened,2,TM20,A,,TM104,0.024300091658866117,81,223.9010594150915,,2.105272007607184,2.105272007607184,,6.915304803225503e-05,50781760.4036517,0.00010566960241548278,,,,,,,,,,,,6.915304803225503e-05,0.00010566960241548278,TM104,,,,4.465524764771623e-06,7.592739155299012e-05,1.5202127108483603e-08,7.535268568743264e-08,1.047836630492828,-0.014826768823832718,-0.033009861668995236,,
77784674c2a3,loaded,"{""etch_depth"": 0.0, ""w_rib"": 500.0, ""sidewall_angle"": 5.0, ""strip_material"": ""TiO2"", ""strip_eq"": ""(0.5+0.747358*x**2/(x**2-0.0840076)+1.03335*x**2/(x**2-0.0662413)+1.02325*x**2/(x**2-0.0448956)+1.70043*x**2/(x**2-0.0225))**0.5"", ""strip_chi2"": null, ""strip_sidewall"": 5.0, ""strip_offset"": 0.0, ""substrate_height"": 1000.0, ""topclad_height"": 800.0, ""substrate_material"": ""Al2O3"", ""topclad_material"": ""SiO2"", ""core_eq_o"": ""(1+2.8032/(1-0.015287/x**2)+0.36335/(1-0.036095/x**2)-33508000/(1+367200000/x**2))**0.5"", ""core_eq_e"": ""(1+0.017061/(1-0.043855/x**2)+3.1976/(1-0.022642/x**2)-57269000/(1-74226000/x**2))**0.5"", ""core_chi2"": ""AlN"", ""t_film"": 354.0, ""h_s"": 70.0, ""w_s"": 500.0}",screened,1,TM10,S,,TE330?,0.9877800556711382,5,218.35895486892727,,2.1197300865042847,2.1197300865042847,,6.495689551431774e-05,55686132.644988954,0.00010506559990299963,,,,,,,,,,,,6.495689551431774e-05,0.00010506559990299963,TE330?,,,,4.220795660676159e-06,6.645545079656979e-05,7.086383218674165e-08,3.019442207182594e-08,1.0114692261377503,-0.03302932413496839,0.021560097997217944,,
77784674c2a3,loaded,"{""etch_depth"": 0.0, ""w_rib"": 500.0, ""sidewall_angle"": 5.0, ""strip_material"": ""TiO2"", ""strip_eq"": ""(0.5+0.747358*x**2/(x**2-0.0840076)+1.03335*x**2/(x**2-0.0662413)+1.02325*x**2/(x**2-0.0448956)+1.70043*x**2/(x**2-0.0225))**0.5"", ""strip_chi2"": null, ""strip_sidewall"": 5.0, ""strip_offset"": 0.0, ""substrate_height"": 1000.0, ""topclad_height"": 800.0, ""substrate_material"": ""Al2O3"", ""topclad_material"": ""SiO2"", ""core_eq_o"": ""(1+2.8032/(1-0.015287/x**2)+0.36335/(1-0.036095/x**2)-33508000/(1+367200000/x**2))**0.5"", ""core_eq_e"": ""(1+0.017061/(1-0.043855/x**2)+3.1976/(1-0.022642/x**2)-57269000/(1-74226000/x**2))**0.5"", ""core_chi2"": ""AlN"", ""t_film"": 354.0, ""h_s"": 70.0, ""w_s"": 500.0}",screened,4,TE10,A,,TM282?,0.031088192269710116,117,227.35334043347726,,2.055911900411429,2.055911900411429,,6.23772228346489e-05,58629178.45500762,0.003743482000239603,,,,,,,,,,,,6.23772228346489e-05,0.003743482000239603,TM282?,,,,4.3065059072332616e-06,2.4784363309885363e-06,0.00010687433934390273,7.495652368979983e-07,-0.1993314682754902,1.3089519486310754,-0.10962048035558512,,
77784674c2a3,loaded,"{""etch_depth"": 0.0, ""w_rib"": 500.0, ""sidewall_angle"": 5.0, ""strip_material"": ""TiO2"", ""strip_eq"": ""(0.5+0.747358*x**2/(x**2-0.0840076)+1.03335*x**2/(x**2-0.0662413)+1.02325*x**2/(x**2-0.0448956)+1.70043*x**2/(x**2-0.0225))**0.5"", ""strip_chi2"": null, ""strip_sidewall"": 5.0, ""strip_offset"": 0.0, ""substrate_height"": 1000.0, ""topclad_height"": 800.0, ""substrate_material"": ""Al2O3"", ""topclad_material"": ""SiO2"", ""core_eq_o"": ""(1+2.8032/(1-0.015287/x**2)+0.36335/(1-0.036095/x**2)-33508000/(1+367200000/x**2))**0.5"", ""core_eq_e"": ""(1+0.017061/(1-0.043855/x**2)+3.1976/(1-0.022642/x**2)-57269000/(1-74226000/x**2))**0.5"", ""core_chi2"": ""AlN"", ""t_film"": 354.0, ""h_s"": 70.0, ""w_s"": 500.0}",screened,3,TE00,S,,TM340?,0.016048753210756942,80,221.12178806240965,,2.16773840367833,2.16773840367833,,6.146011602381614e-05,53663495.52851962,0.003439883113049035,,,,,,,,,,,,6.146011602381614e-05,0.003439883113049035,TM340?,,,,4.157563734710386e-06,1.5643939072951795e-05,7.785287921638575e-06,1.1972635597057438e-06,0.5045176568435817,0.3559103776958818,0.1395719654605365,,
77784674c2a3,loaded,"{""etch_depth"": 0.0, ""w_rib"": 500.0, ""sidewall_angle"": 5.0, ""strip_material"": ""TiO2"", ""strip_eq"": ""(0.5+0.747358*x**2/(x**2-0.0840076)+1.03335*x**2/(x**2-0.0662413)+1.02325*x**2/(x**2-0.0448956)+1.70043*x**2/(x**2-0.0225))**0.5"", ""strip_chi2"": null, ""strip_sidewall"": 5.0, ""strip_offset"": 0.0, ""substrate_height"": 1000.0, ""topclad_height"": 800.0, ""substrate_material"": ""Al2O3"", ""topclad_material"": ""SiO2"", ""core_eq_o"": ""(1+2.8032/(1-0.015287/x**2)+0.36335/(1-0.036095/x**2)-33508000/(1+367200000/x**2))**0.5"", ""core_eq_e"": ""(1+0.017061/(1-0.043855/x**2)+3.1976/(1-0.022642/x**2)-57269000/(1-74226000/x**2))**0.5"", ""core_chi2"": ""AlN"", ""t_film"": 354.0, ""h_s"": 70.0, ""w_s"": 500.0}",screened,3,TE00,S,,TE271?,0.9953617104074731,120,227.641395980207,,2.1427568337220793,2.1427568337220793,,6.038834500424917e-05,53355813.967739545,0.003103216587419123,,,,,,,,,,,,6.038834500424917e-05,0.003103216587419123,TE271?,,,,4.242662585223747e-06,3.2958069720776115e-07,8.235162165973682e-06,1.8724706621884465e-05,0.0738761612036369,0.3692831690104742,0.556840669785889,,
77784674c2a3,loaded,"{""etch_depth"": 0.0, ""w_rib"": 500.0, ""sidewall_angle"": 5.0, ""strip_material"": ""TiO2"", ""strip_eq"": ""(0.5+0.747358*x**2/(x**2-0.0840076)+1.03335*x**2/(x**2-0.0662413)+1.02325*x**2/(x**2-0.0448956)+1.70043*x**2/(x**2-0.0225))**0.5"", ""strip_chi2"": null, ""strip_sidewall"": 5.0, ""strip_offset"": 0.0, ""substrate_height"": 1000.0, ""topclad_height"": 800.0, ""substrate_material"": ""Al2O3"", ""topclad_material"": ""SiO2"", ""core_eq_o"": ""(1+2.8032/(1-0.015287/x**2)+0.36335/(1-0.036095/x**2)-33508000/(1+367200000/x**2))**0.5"", ""core_eq_e"": ""(1+0.017061/(1-0.043855/x**2)+3.1976/(1-0.022642/x**2)-57269000/(1-74226000/x**2))**0.5"", ""core_chi2"": ""AlN"", ""t_film"": 354.0, ""h_s"": 70.0, ""w_s"": 500.0}",screened,2,TM20,A,,TM341?,0.03553749812305945,40,220.7705162897806,,2.1094822504920785,2.1094822504920785,,5.877497154122e-05,61087706.97524677,9.095941013340149e-05,,,,,,,,,,,,5.877497154122e-05,9.095941013340149e-05,TM341?,,,,4.059270355809575e-06,5.77487240765301e-05,9.058667022228081e-10,1.3784811655641453e-09,0.9912312442820965,0.003925870180109933,0.004842885537793537,,
77784674c2a3,loaded,"{""etch_depth"": 0.0, ""w_rib"": 500.0, ""sidewall_angle"": 5.0, ""strip_material"": ""TiO2"", ""strip_eq"": ""(0.5+0.747358*x**2/(x**2-0.0840076)+1.03335*x**2/(x**2-0.0662413)+1.02325*x**2/(x**2-0.0448956)+1.70043*x**2/(x**2-0.0225))**0.5"", ""strip_chi2"": null, ""strip_sidewall"": 5.0, ""strip_offset"": 0.0, ""substrate_height"": 1000.0, ""topclad_height"": 800.0, ""substrate_material"": ""Al2O3"", ""topclad_material"": ""SiO2"", ""core_eq_o"": ""(1+2.8032/(1-0.015287/x**2)+0.36335/(1-0.036095/x**2)-33508000/(1+367200000/x**2))**0.5"", ""core_eq_e"": ""(1+0.017061/(1-0.043855/x**2)+3.1976/(1-0.022642/x**2)-57269000/(1-74226000/x**2))**0.5"", ""core_chi2"": ""AlN"", ""t_film"": 354.0, ""h_s"": 70.0, ""w_s"": 500.0}",screened,2,TM20,A,,TE232,0.97506413773179,107,226.15664996799052,,2.102321529243753,2.102321529243753,,5.4755354811322386e-05,63126729.30385337,9.083161655028232e-05,,,,,,,,,,,,5.4755354811322386e-05,9.083161655028232e-05,TE232,,,,4.013593191368723e-06,3.9458547814912974e-05,1.473433019856825e-07,5.390921934996713e-07,0.8489014007964885,0.051874258318608764,0.09922434088490281,,
77784674c2a3,loaded,"{""etch_depth"": 0.0, ""w_rib"": 500.0, ""sidewall_angle"": 5.0, ""strip_material"": ""TiO2"", ""strip_eq"": ""(0.5+0.747358*x**2/(x**2-0.0840076)+1.03335*x**2/(x**2-0.0662413)+1.02325*x**2/(x**2-0.0448956)+1.70043*x**2/(x**2-0.0225))**0.5"", ""strip_chi2"": null, ""strip_sidewall"": 5.0, ""strip_offset"": 0.0, ""substrate_height"": 1000.0, ""topclad_height"": 800.0, ""substrate_material"": ""Al2O3"", ""topclad_material"": ""SiO2"", ""core_eq_o"": ""(1+2.8032/(1-0.015287/x**2)+0.36335/(1-0.036095/x**2)-33508000/(1+367200000/x**2))**0.5"", ""core_eq_e"": ""(1+0.017061/(1-0.043855/x**2)+3.1976/(1-0.022642/x**2)-57269000/(1-74226000/x**2))**0.5"", ""core_chi2"": ""AlN"", ""t_film"": 354.0, ""h_s"": 70.0, ""w_s"": 500.0}",screened,0,TM00,A,,TE93,0.9999359882129009,131,230.60508401691538,,2.1402574557349285,2.1402574557349285,,5.454881753260118e-05,57761022.43353646,6.54063397090165e-05,,,,,,,,,,,,5.454881753260118e-05,6.54063397090165e-05,TE93,,,,4.084813551249194e-06,8.584707113315048e-10,2.0111925594054703e-11,5.418287960617051e-05,0.003967071893230833,-0.0006072033465256273,0.996640131453295,,
77784674c2a3,loaded,"{""etch_depth"": 0.0, ""w_rib"": 500.0, ""sidewall_angle"": 5.0, ""strip_material"": ""TiO2"", ""strip_eq"": ""(0.5+0.747358*x**2/(x**2-0.0840076)+1.03335*x**2/(x**2-0.0662413)+1.02325*x**2/(x**2-0.0448956)+1.70043*x**2/(x**2-0.0225))**0.5"", ""strip_chi2"": null, ""strip_sidewall"": 5.0, ""strip_offset"": 0.0, ""substrate_height"": 1000.0, ""topclad_height"": 800.0, ""substrate_material"": ""Al2O3"", ""topclad_material"": ""SiO2"", ""core_eq_o"": ""(1+2.8032/(1-0.015287/x**2)+0.36335/(1-0.036095/x**2)-33508000/(1+367200000/x**2))**0.5"", ""core_eq_e"": ""(1+0.017061/(1-0.043855/x**2)+3.1976/(1-0.022642/x**2)-57269000/(1-74226000/x**2))**0.5"", ""core_chi2"": ""AlN"", ""t_film"": 354.0, ""h_s"": 70.0, ""w_s"": 500.0}",screened,4,TE10,A,,TE94,0.9841274295751814,75,223.80601459033335,,2.064288485494928,2.064288485494928,,5.3835051217193906e-05,69252621.19438638,0.0034754975581638716,,,,,,,,,,,,5.3835051217193906e-05,0.0034754975581638716,TE94,,,,3.938356347257305e-06,5.453162803025231e-05,1.1865665844270576e-05,1.1541929550278442e-05,1.0064487540167457,-0.46947610369058157,0.4630273496738355,,
77784674c2a3,loaded,"{""etch_depth"": 0.0, ""w_rib"": 500.0, ""sidewall_angle"": 5.0, ""strip_material"": ""TiO2"", ""strip_eq"": ""(0.5+0.747358*x**2/(x**2-0.0840076)+1.03335*x**2/(x**2-0.0662413)+1.02325*x**2/(x**2-0.0448956)+1.70043*x**2/(x**2-0.0225))**0.5"", ""strip_chi2"": null, ""strip_sidewall"": 5.0, ""strip_offset"": 0.0, ""substrate_height"": 1000.0, ""topclad_height"": 800.0, ""substrate_material"": ""Al2O3"", ""topclad_material"": ""SiO2"", ""core_eq_o"": ""(1+2.8032/(1-0.015287/x**2)+0.36335/(1-0.036095/x**2)-33508000/(1+367200000/x**2))**0.5"", ""core_eq_e"": ""(1+0.017061/(1-0.043855/x**2)+3.1976/(1-0.022642/x**2)-57269000/(1-74226000/x**2))**0.5"", ""core_chi2"": ""AlN"", ""t_film"": 354.0, ""h_s"": 70.0, ""w_s"": 500.0}",screened,1,TM10,S,,TM282?,0.07752150331583628,57,218.17004101276237,,2.1200143397947784,2.1200143397947784,,5.312232559147094e-05,68182406.04401067,9.68342079308529e-05,,,,,,,,,,,,5.312232559147094e-05,9.68342079308529e-05,TM282?,,,,3.8136808240316633e-06,5.288682041091608e-05,4.379781122185662e-07,4.168319937929432e-07,0.9977809068772376,0.09080037957302775,-0.08858128645026538,,
77784674c2a3,loaded,"{""etch_depth"": 0.0, ""w_rib"": 500.0, ""sidewall_angle"": 5.0, ""strip_material"": ""TiO2"", ""strip_eq"": ""(0.5+0.747358*x**2/(x**2-0.0840076)+1.03335*x**2/(x**2-0.0662413)+1.02325*x**2/(x**2-0.0448956)+1.70043*x**2/(x**2-0.0225))**0.5"", ""strip_chi2"": null, ""strip_sidewall"": 5.0, ""strip_offset"": 0.0, ""substrate_height"": 1000.0, ""topclad_height"": 800.0, ""substrate_material"": ""Al2O3"", ""topclad_material"": ""SiO2"", ""core_eq_o"": ""(1+2.8032/(1-0.015287/x**2)+0.36335/(1-0.036095/x**2)-33508000/(1+367200000/x**2))**0.5"", ""core_eq_e"": ""(1+0.017061/(1-0.043855/x**2)+3.1976/(1-0.022642/x**2)-57269000/(1-74226000/x**2))**0.5"", ""core_chi2"": ""AlN"", ""t_film"": 354.0, ""h_s"": 70.0, ""w_s"": 500.0}",screened,3,TE00,S,,TE54,0.8777070099375616,30,216.752674398028,,2.18727808267873,2.18727808267873,,5.2386647060584444e-05,63781464.68856679,0.003390964535592615,,,,,,,,,,,,5.2386647060584444e-05,0.003390964535592615,TE54,,,,3.7625775190697316e-06,5.6658258183571865e-05,8.284427949636263e-05,7.766151935221264e-05,1.039971189437504,-1.2575375477669335,1.2175663583294294,,
77784674c2a3,loaded,"{""etch_depth"": 0.0, ""w_rib"": 500.0, ""sidewall_angle"": 5.0, ""strip_material"": ""TiO2"", ""strip_eq"": ""(0.5+0.747358*x**2/(x**2-0.0840076)+1.03335*x**2/(x**2-0.0662413)+1.02325*x**2/(x**2-0.0448956)+1.70043*x**2/(x**2-0.0225))**0.5"", ""strip_chi2"": null, ""strip_sidewall"": 5.0, ""strip_offset"": 0.0, ""substrate_height"": 1000.0, ""topclad_height"": 800.0, ""substrate_material"": ""Al2O3"", ""topclad_material"": ""SiO2"", ""core_eq_o"": ""(1+2.8032/(1-0.015287/x**2)+0.36335/(1-0.036095/x**2)-33508000/(1+367200000/x**2))**0.5"", ""core_eq_e"": ""(1+0.017061/(1-0.043855/x**2)+3.1976/(1-0.022642/x**2)-57269000/(1-74226000/x**2))**0.5"", ""core_chi2"": ""AlN"", ""t_film"": 354.0, ""h_s"": 70.0, ""w_s"": 500.0}",screened,4,TE10,A,,TE34,0.9979573124471506,88,226.20975006276734,,2.0581806998227465,2.0581806998227465,,5.0598530163295344e-05,72768760.75514612,0.0034428984143499864,,,,,,,,,,,,5.0598530163295344e-05,0.0034428984143499864,TE34,,,,3.8591437914186555e-06,4.66310287311019e-06,0.00014033996114159146,0.00028225207373404294,0.3035767782753129,-1.66541213713138,2.3618353588560668,,
77784674c2a3,loaded,"{""etch_depth"": 0.0, ""w_rib"": 500.0, ""sidewall_angle"": 5.0, ""strip_material"": ""TiO2"", ""strip_eq"": ""(0.5+0.747358*x**2/(x**2-0.0840076)+1.03335*x**2/(x**2-0.0662413)+1.02325*x**2/(x**2-0.0448956)+1.70043*x**2/(x**2-0.0225))**0.5"", ""strip_chi2"": null, ""strip_sidewall"": 5.0, ""strip_offset"": 0.0, ""substrate_height"": 1000.0, ""topclad_height"": 800.0, ""substrate_material"": ""Al2O3"", ""topclad_material"": ""SiO2"", ""core_eq_o"": ""(1+2.8032/(1-0.015287/x**2)+0.36335/(1-0.036095/x**2)-33508000/(1+367200000/x**2))**0.5"", ""core_eq_e"": ""(1+0.017061/(1-0.043855/x**2)+3.1976/(1-0.022642/x**2)-57269000/(1-74226000/x**2))**0.5"", ""core_chi2"": ""AlN"", ""t_film"": 354.0, ""h_s"": 70.0, ""w_s"": 500.0}",screened,2,TM20,A,,TE153,0.946009482034961,112,228.50993031516646,,2.0993255869154255,2.0993255869154255,,4.9654642699653116e-05,68477297.13925105,9.029723594875154e-05,,,,,,,,,,,,4.9654642699653116e-05,9.029723594875154e-05,TE153,,,,3.861852645383612e-06,3.70366939003654e-05,9.87470521797614e-08,4.1807424167226873e-07,0.8636468145442528,0.044594586295549236,0.09175859916019785,,
77784674c2a3,loaded,"{""etch_depth"": 0.0, ""w_rib"": 500.0, ""sidewall_angle"": 5.0, ""strip_material"": ""TiO2"", ""strip_eq"": ""(0.5+0.747358*x**2/(x**2-0.0840076)+1.03335*x**2/(x**2-0.0662413)+1.02325*x**2/(x**2-0.0448956)+1.70043*x**2/(x**2-0.0225))**0.5"", ""strip_chi2"": null, ""strip_sidewall"": 5.0, ""strip_offset"": 0.0, ""substrate_height"": 1000.0, ""topclad_height"": 800.0, ""substrate_material"": ""Al2O3"", ""topclad_material"": ""SiO2"", ""core_eq_o"": ""(1+2.8032/(1-0.015287/x**2)+0.36335/(1-0.036095/x**2)-33508000/(1+367200000/x**2))**0.5"", ""core_eq_e"": ""(1+0.017061/(1-0.043855/x**2)+3.1976/(1-0.022642/x**2)-57269000/(1-74226000/x**2))**0.5"", ""core_chi2"": ""AlN"", ""t_film"": 354.0, ""h_s"": 70.0, ""w_s"": 500.0}",screened,2,TM20,A,,TE232?,0.986851804602574,89,225.79669113343257,,2.1027797899478813,2.1027797899478813,,4.7757382231794085e-05,72560285.18337764,8.652219900763108e-05,,,,,,,,,,,,4.7757382231794085e-05,8.652219900763108e-05,TE232?,,,,3.742385486909965e-06,2.675311681831849e-05,3.6090888635549364e-07,1.2940727166040335e-06,0.748457140875329,0.08693177174793082,0.16461108737674024,,
77784674c2a3,loaded,"{""etch_depth"": 0.0, ""w_rib"": 500.0, ""sidewall_angle"": 5.0, ""strip_material"": ""TiO2"", ""strip_eq"": ""(0.5+0.747358*x**2/(x**2-0.0840076)+1.03335*x**2/(x**2-0.0662413)+1.02325*x**2/(x**2-0.0448956)+1.70043*x**2/(x**2-0.0225))**0.5"", ""strip_chi2"": null, ""strip_sidewall"": 5.0, ""strip_offset"": 0.0, ""substrate_height"": 1000.0, ""topclad_height"": 800.0, ""substrate_material"": ""Al2O3"", ""topclad_material"": ""SiO2"", ""core_eq_o"": ""(1+2.8032/(1-0.015287/x**2)+0.36335/(1-0.036095/x**2)-33508000/(1+367200000/x**2))**0.5"", ""core_eq_e"": ""(1+0.017061/(1-0.043855/x**2)+3.1976/(1-0.022642/x**2)-57269000/(1-74226000/x**2))**0.5"", ""core_chi2"": ""AlN"", ""t_film"": 354.0, ""h_s"": 70.0, ""w_s"": 500.0}",screened,2,TM20,A,,TM263,0.16042567191058194,45,218.77281625161342,,2.112268006603979,2.112268006603979,,4.771142204774931e-05,76330812.45285833,8.450092124184008e-05,,,,,,,,,,,,4.771142204774931e-05,8.450092124184008e-05,TM263,,,,3.624225636907824e-06,4.6563137215557535e-05,6.949898894914968e-10,3.2791805384214885e-09,0.9878930639383711,0.0038166124515754208,0.008290323610053467,,
77784674c2a3,loaded,"{""etch_depth"": 0.0, ""w_rib"": 500.0, ""sidewall_angle"": 5.0, ""strip_material"": ""TiO2"", ""strip_eq"": ""(0.5+0.747358*x**2/(x**2-0.0840076)+1.03335*x**2/(x**2-0.0662413)+1.02325*x**2/(x**2-0.0448956)+1.70043*x**2/(x**2-0.0225))**0.5"", ""strip_chi2"": null, ""strip_sidewall"": 5.0, ""strip_offset"": 0.0, ""substrate_height"": 1000.0, ""topclad_height"": 800.0, ""substrate_material"": ""Al2O3"", ""topclad_material"": ""SiO2"", ""core_eq_o"": ""(1+2.8032/(1-0.015287/x**2)+0.36335/(1-0.036095/x**2)-33508000/(1+367200000/x**2))**0.5"", ""core_eq_e"": ""(1+0.017061/(1-0.043855/x**2)+3.1976/(1-0.022642/x**2)-57269000/(1-74226000/x**2))**0.5"", ""core_chi2"": ""AlN"", ""t_film"": 354.0, ""h_s"": 70.0, ""w_s"": 500.0}",screened,4,TE10,A,,TM340,0.014841166342170291,80,227.71497176603245,,2.0551944503738726,2.0551944503738726,,4.682701711416371e-05,77932319.7057618,0.004418829517324088,,,,,,,,,,,,4.682701711416371e-05,0.004418829517324088,TM340,,,,3.7372359913868977e-06,7.636419051869757e-05,4.718154970055726e-06,7.645095027769969e-08,1.2770168543298512,-0.31742260661418215,0.0404057522843308,,
77784674c2a3,loaded,"{""etch_depth"": 0.0, ""w_rib"": 500.0, ""sidewall_angle"": 5.0, ""strip_material"": ""TiO2"", ""strip_eq"": ""(0.5+0.747358*x**2/(x**2-0.0840076)+1.03335*x**2/(x**2-0.0662413)+1.02325*x**2/(x**2-0.0448956)+1.70043*x**2/(x**2-0.0225))**0.5"", ""strip_chi2"": null, ""strip_sidewall"": 5.0, ""strip_offset"": 0.0, ""substrate_height"": 1000.0, ""topclad_height"": 800.0, ""substrate_material"": ""Al2O3"", ""topclad_material"": ""SiO2"", ""core_eq_o"": ""(1+2.8032/(1-0.015287/x**2)+0.36335/(1-0.036095/x**2)-33508000/(1+367200000/x**2))**0.5"", ""core_eq_e"": ""(1+0.017061/(1-0.043855/x**2)+3.1976/(1-0.022642/x**2)-57269000/(1-74226000/x**2))**0.5"", ""core_chi2"": ""AlN"", ""t_film"": 354.0, ""h_s"": 70.0, ""w_s"": 500.0}",screened,4,TE10,A,,TM341,0.03461149205393132,40,222.88166567517368,,2.0671589028707658,2.0671589028707658,,4.568370602615937e-05,81945369.87516043,0.003027362966848631,,,,,,,,,,,,4.568370602615937e-05,0.003027362966848631,TM341,,,,3.6129811770751134e-06,2.1345476636146754e-08,3.8570577602732806e-05,4.82401993660933e-07,-0.02161584733092378,0.9188558976590212,0.10275994967190262,,
77784674c2a3,loaded,"{""etch_depth"": 0.0, ""w_rib"": 500.0, ""sidewall_angle"": 5.0, ""strip_material"": ""TiO2"", ""strip_eq"": ""(0.5+0.747358*x**2/(x**2-0.0840076)+1.03335*x**2/(x**2-0.0662413)+1.02325*x**2/(x**2-0.0448956)+1.70043*x**2/(x**2-0.0225))**0.5"", ""strip_chi2"": null, ""strip_sidewall"": 5.0, ""strip_offset"": 0.0, ""substrate_height"": 1000.0, ""topclad_height"": 800.0, ""substrate_material"": ""Al2O3"", ""topclad_material"": ""SiO2"", ""core_eq_o"": ""(1+2.8032/(1-0.015287/x**2)+0.36335/(1-0.036095/x**2)-33508000/(1+367200000/x**2))**0.5"", ""core_eq_e"": ""(1+0.017061/(1-0.043855/x**2)+3.1976/(1-0.022642/x**2)-57269000/(1-74226000/x**2))**0.5"", ""core_chi2"": ""AlN"", ""t_film"": 354.0, ""h_s"": 70.0, ""w_s"": 500.0}",screened,2,TM20,A,,TE272,0.9557468704634074,56,219.5202409559955,,2.111202464760512,2.111202464760512,,4.4617094189743505e-05,81192506.30122901,8.032039807713367e-05,,,,,,,,,,,,4.4617094189743505e-05,8.032039807713367e-05,TE272,,,,3.516704701270271e-06,4.363877596115113e-05,4.61666058853609e-10,2.7197529695029472e-09,0.9889757417824292,0.0032167205408700672,0.007807537676700679,,
77784674c2a3,loaded,"{""etch_depth"": 0.0, ""w_rib"": 500.0, ""sidewall_angle"": 5.0, ""strip_material"": ""TiO2"", ""strip_eq"": ""(0.5+0.747358*x**2/(x**2-0.0840076)+1.03335*x**2/(x**2-0.0662413)+1.02325*x**2/(x**2-0.0448956)+1.70043*x**2/(x**2-0.0225))**0.5"", ""strip_chi2"": null, ""strip_sidewall"": 5.0, ""strip_offset"": 0.0, ""substrate_height"": 1000.0, ""topclad_height"": 800.0, ""substrate_material"": ""Al2O3"", ""topclad_material"": ""SiO2"", ""core_eq_o"": ""(1+2.8032/(1-0.015287/x**2)+0.36335/(1-0.036095/x**2)-33508000/(1+367200000/x**2))**0.5"", ""core_eq_e"": ""(1+0.017061/(1-0.043855/x**2)+3.1976/(1-0.022642/x**2)-57269000/(1-74226000/x**2))**0.5"", ""core_chi2"": ""AlN"", ""t_film"": 354.0, ""h_s"": 70.0, ""w_s"": 500.0}",screened,2,TM20,A,,TM341,0.4806570986873422,54,220.27636597922415,,2.110146829367312,2.110146829367312,,4.440319588589593e-05,81146157.90266417,7.971117800777669e-05,,,,,,,,,,,,4.440319588589593e-05,7.971117800777669e-05,TM341,,,,3.520348896244187e-06,4.353647241986425e-05,6.992047722813152e-10,1.5141794944355958e-09,0.9901922067002574,0.003968213929689713,0.005839579370052943,,
77784674c2a3,loaded,"{""etch_depth"": 0.0, ""w_rib"": 500.0, ""sidewall_angle"": 5.0, ""strip_material"": ""TiO2"", ""strip_eq"": ""(0.5+0.747358*x**2/(x**2-0.0840076)+1.03335*x**2/(x**2-0.0662413)+1.02325*x**2/(x**2-0.0448956)+1.70043*x**2/(x**2-0.0225))**0.5"", ""strip_chi2"": null, ""strip_sidewall"": 5.0, ""strip_offset"": 0.0, ""substrate_height"": 1000.0, ""topclad_height"": 800.0, ""substrate_material"": ""Al2O3"", ""topclad_material"": ""SiO2"", ""core_eq_o"": ""(1+2.8032/(1-0.015287/x**2)+0.36335/(1-0.036095/x**2)-33508000/(1+367200000/x**2))**0.5"", ""core_eq_e"": ""(1+0.017061/(1-0.043855/x**2)+3.1976/(1-0.022642/x**2)-57269000/(1-74226000/x**2))**0.5"", ""core_chi2"": ""AlN"", ""t_film"": 354.0, ""h_s"": 70.0, ""w_s"": 500.0}",screened,4,TE10,A,,TE173,0.9938249113299787,89,227.75008362231924,,2.0551247910265102,2.0551247910265102,,4.321594217489253e-05,84426804.84734362,0.0044584712838990305,,,,,,,,,,,,4.321594217489253e-05,0.0044584712838990305,TE173,,,,3.5908000960467566e-06,1.3938299671874974e-06,3.070432403849125e-08,5.744522170834587e-05,-0.17959031240094808,0.026654944188036336,1.1529353682129118,,
77784674c2a3,loaded,"{""etch_depth"": 0.0, ""w_rib"": 500.0, ""sidewall_angle"": 5.0, ""strip_material"": ""TiO2"", ""strip_eq"": ""(0.5+0.747358*x**2/(x**2-0.0840076)+1.03335*x**2/(x**2-0.0662413)+1.02325*x**2/(x**2-0.0448956)+1.70043*x**2/(x**2-0.0225))**0.5"", ""strip_chi2"": null, ""strip_sidewall"": 5.0, ""strip_offset"": 0.0, ""substrate_height"": 1000.0, ""topclad_height"": 800.0, ""substrate_material"": ""Al2O3"", ""topclad_material"": ""SiO2"", ""core_eq_o"": ""(1+2.8032/(1-0.015287/x**2)+0.36335/(1-0.036095/x**2)-33508000/(1+367200000/x**2))**0.5"", ""core_eq_e"": ""(1+0.017061/(1-0.043855/x**2)+3.1976/(1-0.022642/x**2)-57269000/(1-74226000/x**2))**0.5"", ""core_chi2"": ""AlN"", ""t_film"": 354.0, ""h_s"": 70.0, ""w_s"": 500.0}",screened,4,TE10,A,,TM84,0.0723021376593976,116,229.0317252115569,,2.05258210812391,2.05258210812391,,4.317325407291206e-05,83878051.77469547,0.004540831565486385,,,,,,,,,,,,4.317325407291206e-05,0.004540831565486385,TM84,,,,3.609223084951215e-06,1.0546557934390708e-06,7.150507785531738e-05,7.369663032169701e-07,-0.15629604173894104,1.2869481504343947,-0.13065210869545366,,
77784674c2a3,loaded,"{""etch_depth"": 0.0, ""w_rib"": 500.0, ""sidewall_angle"": 5.0, ""strip_material"": ""TiO2"", ""strip_eq"": ""(0.5+0.747358*x**2/(x**2-0.0840076)+1.03335*x**2/(x**2-0.0662413)+1.02325*x**2/(x**2-0.0448956)+1.70043*x**2/(x**2-0.0225))**0.5"", ""strip_chi2"": null, ""strip_sidewall"": 5.0, ""strip_offset"": 0.0, ""substrate_height"": 1000.0, ""topclad_height"": 800.0, ""substrate_material"": ""Al2O3"", ""topclad_material"": ""SiO2"", ""core_eq_o"": ""(1+2.8032/(1-0.015287/x**2)+0.36335/(1-0.036095/x**2)-33508000/(1+367200000/x**2))**0.5"", ""core_eq_e"": ""(1+0.017061/(1-0.043855/x**2)+3.1976/(1-0.022642/x**2)-57269000/(1-74226000/x**2))**0.5"", ""core_chi2"": ""AlN"", ""t_film"": 354.0, ""h_s"": 70.0, ""w_s"": 500.0}",screened,0,TM00,A,,TE271?,0.9978997836832402,121,227.31059043371275,,2.1454872361731265,2.1454872361731265,,4.17097618163221e-05,77179359.23923284,5.51894823225082e-05,,,,,,,,,,,,4.17097618163221e-05,5.51894823225082e-05,TE271?,,,,3.520863717473118e-06,0.0004965913508295588,2.5871794999455585e-08,0.00025557992653288104,3.4504895834173226,0.024905451872534737,-2.475395035289857,,
77784674c2a3,loaded,"{""etch_depth"": 0.0, ""w_rib"": 500.0, ""sidewall_angle"": 5.0, ""strip_material"": ""TiO2"", ""strip_eq"": ""(0.5+0.747358*x**2/(x**2-0.0840076)+1.03335*x**2/(x**2-0.0662413)+1.02325*x**2/(x**2-0.0448956)+1.70043*x**2/(x**2-0.0225))**0.5"", ""strip_chi2"": null, ""strip_sidewall"": 5.0, ""strip_offset"": 0.0, ""substrate_height"": 1000.0, ""topclad_height"": 800.0, ""substrate_material"": ""Al2O3"", ""topclad_material"": ""SiO2"", ""core_eq_o"": ""(1+2.8032/(1-0.015287/x**2)+0.36335/(1-0.036095/x**2)-33508000/(1+367200000/x**2))**0.5"", ""core_eq_e"": ""(1+0.017061/(1-0.043855/x**2)+3.1976/(1-0.022642/x**2)-57269000/(1-74226000/x**2))**0.5"", ""core_chi2"": ""AlN"", ""t_film"": 354.0, ""h_s"": 70.0, ""w_s"": 500.0}",screened,1,TM10,S,,TE93,0.9999999509989457,131,234.4594029079003,,2.0988260004359542,2.0988260004359542,,4.051913551392561e-05,79768465.36527385,9.241875264830954e-05,,,,,,,,,,,,4.051913551392561e-05,9.241875264830954e-05,TE93,,,,3.5793851361695936e-06,1.1119705845164755e-06,3.3653109450512006e-12,2.8186857577845736e-05,0.16565958303233072,0.00028819239320104106,0.8340522245744683,,
77784674c2a3,loaded,"{""etch_depth"": 0.0, ""w_rib"": 500.0, ""sidewall_angle"": 5.0, ""strip_material"": ""TiO2"", ""strip_eq"": ""(0.5+0.747358*x**2/(x**2-0.0840076)+1.03335*x**2/(x**2-0.0662413)+1.02325*x**2/(x**2-0.0448956)+1.70043*x**2/(x**2-0.0225))**0.5"", ""strip_chi2"": null, ""strip_sidewall"": 5.0, ""strip_offset"": 0.0, ""substrate_height"": 1000.0, ""topclad_height"": 800.0, ""substrate_material"": ""Al2O3"", ""topclad_material"": ""SiO2"", ""core_eq_o"": ""(1+2.8032/(1-0.015287/x**2)+0.36335/(1-0.036095/x**2)-33508000/(1+367200000/x**2))**0.5"", ""core_eq_e"": ""(1+0.017061/(1-0.043855/x**2)+3.1976/(1-0.022642/x**2)-57269000/(1-74226000/x**2))**0.5"", ""core_chi2"": ""AlN"", ""t_film"": 354.0, ""h_s"": 70.0, ""w_s"": 500.0}",screened,1,TM10,S,,TE312?,0.9997563276257788,41,221.88696437923053,,2.114681922308407,2.114681922308407,,3.583134586921975e-05,98467784.7699137,7.869197769087831e-05,,,,,,,,,,,,3.583134586921975e-05,7.869197769087831e-05,TE312?,,,,3.1854738141136705e-06,3.929100301712715e-05,8.705843890089976e-10,6.391741094920757e-08,1.0471647085571558,-0.004929170913482282,-0.04223553764367349,,
77784674c2a3,loaded,"{""etch_depth"": 0.0, ""w_rib"": 500.0, ""sidewall_angle"": 5.0, ""strip_material"": ""TiO2"", ""strip_eq"": ""(0.5+0.747358*x**2/(x**2-0.0840076)+1.03335*x**2/(x**2-0.0662413)+1.02325*x**2/(x**2-0.0448956)+1.70043*x**2/(x**2-0.0225))**0.5"", ""strip_chi2"": null, ""strip_sidewall"": 5.0, ""strip_offset"": 0.0, ""substrate_height"": 1000.0, ""topclad_height"": 800.0, ""substrate_material"": ""Al2O3"", ""topclad_material"": ""SiO2"", ""core_eq_o"": ""(1+2.8032/(1-0.015287/x**2)+0.36335/(1-0.036095/x**2)-33508000/(1+367200000/x**2))**0.5"", ""core_eq_e"": ""(1+0.017061/(1-0.043855/x**2)+3.1976/(1-0.022642/x**2)-57269000/(1-74226000/x**2))**0.5"", ""core_chi2"": ""AlN"", ""t_film"": 354.0, ""h_s"": 70.0, ""w_s"": 500.0}",screened,2,TM20,A,,TM321,0.03663235580522367,94,224.1433123999166,,2.1049462034687716,2.1049462034687716,,3.3244779457947936e-05,105452770.36745127,7.001611297505535e-05,,,,,,,,,,,,3.3244779457947936e-05,7.001611297505535e-05,TM321,,,,3.0995468414067754e-06,3.2760878316565574e-05,3.6444654784375263e-10,5.30205095996901e-10,0.9926954703436316,0.0033109695926214675,0.003993560063746809,,
77784674c2a3,loaded,"{""etch_depth"": 0.0, ""w_rib"": 500.0, ""sidewall_angle"": 5.0, ""strip_material"": ""TiO2"", ""strip_eq"": ""(0.5+0.747358*x**2/(x**2-0.0840076)+1.03335*x**2/(x**2-0.0662413)+1.02325*x**2/(x**2-0.0448956)+1.70043*x**2/(x**2-0.0225))**0.5"", ""strip_chi2"": null, ""strip_sidewall"": 5.0, ""strip_offset"": 0.0, ""substrate_height"": 1000.0, ""topclad_height"": 800.0, ""substrate_material"": ""Al2O3"", ""topclad_material"": ""SiO2"", ""core_eq_o"": ""(1+2.8032/(1-0.015287/x**2)+0.36335/(1-0.036095/x**2)-33508000/(1+367200000/x**2))**0.5"", ""core_eq_e"": ""(1+0.017061/(1-0.043855/x**2)+3.1976/(1-0.022642/x**2)-57269000/(1-74226000/x**2))**0.5"", ""core_chi2"": ""AlN"", ""t_film"": 354.0, ""h_s"": 70.0, ""w_s"": 500.0}",screened,4,TE10,A,,TE271,0.9992431438810208,106,230.3026340514664,,2.05025100588979,2.05025100588979,,2.635203007365588e-05,136371317.21734762,0.0033417245468486097,,,,,,,,,,,,2.635203007365588e-05,0.0033417245468486097,TE271,,,,2.8354150098294313e-06,5.134640455742266e-06,3.165543060327601e-07,1.1765448307036567e-05,0.4414159079517843,-0.10960164539322974,0.6681857374414455,,
77784674c2a3,loaded,"{""etch_depth"": 0.0, ""w_rib"": 500.0, ""sidewall_angle"": 5.0, ""strip_material"": ""TiO2"", ""strip_eq"": ""(0.5+0.747358*x**2/(x**2-0.0840076)+1.03335*x**2/(x**2-0.0662413)+1.02325*x**2/(x**2-0.0448956)+1.70043*x**2/(x**2-0.0225))**0.5"", ""strip_chi2"": null, ""strip_sidewall"": 5.0, ""strip_offset"": 0.0, ""substrate_height"": 1000.0, ""topclad_height"": 800.0, ""substrate_material"": ""Al2O3"", ""topclad_material"": ""SiO2"", ""core_eq_o"": ""(1+2.8032/(1-0.015287/x**2)+0.36335/(1-0.036095/x**2)-33508000/(1+367200000/x**2))**0.5"", ""core_eq_e"": ""(1+0.017061/(1-0.043855/x**2)+3.1976/(1-0.022642/x**2)-57269000/(1-74226000/x**2))**0.5"", ""core_chi2"": ""AlN"", ""t_film"": 354.0, ""h_s"": 70.0, ""w_s"": 500.0}",screened,3,TE00,S,,TE192,0.9999268385690235,132,230.69504989698504,,2.1322800178544563,2.1322800178544563,,2.4387283170695567e-05,130551943.1433137,0.001989866111590034,,,,,,,,,,,,2.4387283170695567e-05,0.001989866111590034,TE192,,,,2.732314434827505e-06,1.1700720665961308e-08,1.7474603044153416e-07,1.9467085289134775e-05,0.021904058727660502,0.08464902281152684,0.8934469184608126,,
77784674c2a3,loaded,"{""etch_depth"": 0.0, ""w_rib"": 500.0, ""sidewall_angle"": 5.0, ""strip_material"": ""TiO2"", ""strip_eq"": ""(0.5+0.747358*x**2/(x**2-0.0840076)+1.03335*x**2/(x**2-0.0662413)+1.02325*x**2/(x**2-0.0448956)+1.70043*x**2/(x**2-0.0225))**0.5"", ""strip_chi2"": null, ""strip_sidewall"": 5.0, ""strip_offset"": 0.0, ""substrate_height"": 1000.0, ""topclad_height"": 800.0, ""substrate_material"": ""Al2O3"", ""topclad_material"": ""SiO2"", ""core_eq_o"": ""(1+2.8032/(1-0.015287/x**2)+0.36335/(1-0.036095/x**2)-33508000/(1+367200000/x**2))**0.5"", ""core_eq_e"": ""(1+0.017061/(1-0.043855/x**2)+3.1976/(1-0.022642/x**2)-57269000/(1-74226000/x**2))**0.5"", ""core_chi2"": ""AlN"", ""t_film"": 354.0, ""h_s"": 70.0, ""w_s"": 500.0}",screened,4,TE10,A,,TE213,0.998325357441955,62,223.53457809623998,,2.065131388013992,2.065131388013992,,2.3652240223552726e-05,157816081.0136454,0.002285177185497904,,,,,,,,,,,,2.3652240223552726e-05,0.002285177185497904,TE213,,,,2.6073032353602893e-06,3.2078730851366352e-06,2.1310625424148176e-08,4.23596470054765e-05,-0.368275178116602,0.03001663174408663,1.3382585463725154,,
77784674c2a3,loaded,"{""etch_depth"": 0.0, ""w_rib"": 500.0, ""sidewall_angle"": 5.0, ""strip_material"": ""TiO2"", ""strip_eq"": ""(0.5+0.747358*x**2/(x**2-0.0840076)+1.03335*x**2/(x**2-0.0662413)+1.02325*x**2/(x**2-0.0448956)+1.70043*x**2/(x**2-0.0225))**0.5"", ""strip_chi2"": null, ""strip_sidewall"": 5.0, ""strip_offset"": 0.0, ""substrate_height"": 1000.0, ""topclad_height"": 800.0, ""substrate_material"": ""Al2O3"", ""topclad_material"": ""SiO2"", ""core_eq_o"": ""(1+2.8032/(1-0.015287/x**2)+0.36335/(1-0.036095/x**2)-33508000/(1+367200000/x**2))**0.5"", ""core_eq_e"": ""(1+0.017061/(1-0.043855/x**2)+3.1976/(1-0.022642/x**2)-57269000/(1-74226000/x**2))**0.5"", ""core_chi2"": ""AlN"", ""t_film"": 354.0, ""h_s"": 70.0, ""w_s"": 500.0}",screened,2,TM20,A,,TE252,0.5829918136522354,63,222.4945905758775,,2.107163556512947,2.107163556512947,,2.297897072332136e-05,154344727.89362562,5.804994797069857e-05,,,,,,,,,,,,2.297897072332136e-05,5.804994797069857e-05,TE252,,,,2.5579699171536526e-06,2.2495077042200938e-05,7.157183528430732e-10,5.754298413850925e-10,0.989414923338403,0.005580919920759655,0.005004156740837261,,
77784674c2a3,loaded,"{""etch_depth"": 0.0, ""w_rib"": 500.0, ""sidewall_angle"": 5.0, ""strip_material"": ""TiO2"", ""strip_eq"": ""(0.5+0.747358*x**2/(x**2-0.0840076)+1.03335*x**2/(x**2-0.0662413)+1.02325*x**2/(x**2-0.0448956)+1.70043*x**2/(x**2-0.0225))**0.5"", ""strip_chi2"": null, ""strip_sidewall"": 5.0, ""strip_offset"": 0.0, ""substrate_height"": 1000.0, ""topclad_height"": 800.0, ""substrate_material"": ""Al2O3"", ""topclad_material"": ""SiO2"", ""core_eq_o"": ""(1+2.8032/(1-0.015287/x**2)+0.36335/(1-0.036095/x**2)-33508000/(1+367200000/x**2))**0.5"", ""core_eq_e"": ""(1+0.017061/(1-0.043855/x**2)+3.1976/(1-0.022642/x**2)-57269000/(1-74226000/x**2))**0.5"", ""core_chi2"": ""AlN"", ""t_film"": 354.0, ""h_s"": 70.0, ""w_s"": 500.0}",screened,3,TE00,S,,TE212,0.9999559723109149,112,225.60169600740772,,2.14995839424999,2.14995839424999,,2.2254474069706896e-05,145936458.10944632,0.002015914170199418,,,,,,,,,,,,2.2254474069706896e-05,0.002015914170199418,TE212,,,,2.5524762981934864e-06,8.037680138481525e-08,2.978445206743227e-07,1.511814146335994e-05,0.060097539564677276,0.1156874210883576,0.824215039346965,,
77784674c2a3,loaded,"{""etch_depth"": 0.0, ""w_rib"": 500.0, ""sidewall_angle"": 5.0, ""strip_material"": ""TiO2"", ""strip_eq"": ""(0.5+0.747358*x**2/(x**2-0.0840076)+1.03335*x**2/(x**2-0.0662413)+1.02325*x**2/(x**2-0.0448956)+1.70043*x**2/(x**2-0.0225))**0.5"", ""strip_chi2"": null, ""strip_sidewall"": 5.0, ""strip_offset"": 0.0, ""substrate_height"": 1000.0, ""topclad_height"": 800.0, ""substrate_material"": ""Al2O3"", ""topclad_material"": ""SiO2"", ""core_eq_o"": ""(1+2.8032/(1-0.015287/x**2)+0.36335/(1-0.036095/x**2)-33508000/(1+367200000/x**2))**0.5"", ""core_eq_e"": ""(1+0.017061/(1-0.043855/x**2)+3.1976/(1-0.022642/x**2)-57269000/(1-74226000/x**2))**0.5"", ""core_chi2"": ""AlN"", ""t_film"": 354.0, ""h_s"": 70.0, ""w_s"": 500.0}",screened,3,TE00,S,,TM143,0.031147399781264247,137,232.29471046160262,,2.1273333890985646,2.1273333890985646,,2.1030223996200074e-05,150358095.02382037,0.001893864173244627,,,,,,,,,,,,2.1030223996200074e-05,0.001893864173244627,TM143,,,,2.554888550458792e-06,0.00043479308468250444,0.00027347270213554136,7.354384280822641e-08,4.5469414802894015,-3.606077380207462,0.05913589991806119,,
77784674c2a3,loaded,"{""etch_depth"": 0.0, ""w_rib"": 500.0, ""sidewall_angle"": 5.0, ""strip_material"": ""TiO2"", ""strip_eq"": ""(0.5+0.747358*x**2/(x**2-0.0840076)+1.03335*x**2/(x**2-0.0662413)+1.02325*x**2/(x**2-0.0448956)+1.70043*x**2/(x**2-0.0225))**0.5"", ""strip_chi2"": null, ""strip_sidewall"": 5.0, ""strip_offset"": 0.0, ""substrate_height"": 1000.0, ""topclad_height"": 800.0, ""substrate_material"": ""Al2O3"", ""topclad_material"": ""SiO2"", ""core_eq_o"": ""(1+2.8032/(1-0.015287/x**2)+0.36335/(1-0.036095/x**2)-33508000/(1+367200000/x**2))**0.5"", ""core_eq_e"": ""(1+0.017061/(1-0.043855/x**2)+3.1976/(1-0.022642/x**2)-57269000/(1-74226000/x**2))**0.5"", ""core_chi2"": ""AlN"", ""t_film"": 354.0, ""h_s"": 70.0, ""w_s"": 500.0}",screened,2,TM20,A,,TE74?,0.9997624808872727,51,222.40391978477555,,2.1072854989484364,2.1072854989484364,,1.8192045840131544e-05,195083020.88644817,5.2860725652343775e-05,,,,,,,,,,,,1.8192045840131544e-05,5.2860725652343775e-05,TE74?,,,,2.275065466321849e-06,1.7715070339391842e-05,1.7769989491005317e-10,1.8451825583255828e-09,0.9868034739241496,0.003125379899016209,0.010071146176834137,,
77784674c2a3,loaded,"{""etch_depth"": 0.0, ""w_rib"": 500.0, ""sidewall_angle"": 5.0, ""strip_material"": ""TiO2"", ""strip_eq"": ""(0.5+0.747358*x**2/(x**2-0.0840076)+1.03335*x**2/(x**2-0.0662413)+1.02325*x**2/(x**2-0.0448956)+1.70043*x**2/(x**2-0.0225))**0.5"", ""strip_chi2"": null, ""strip_sidewall"": 5.0, ""strip_offset"": 0.0, ""substrate_height"": 1000.0, ""topclad_height"": 800.0, ""substrate_material"": ""Al2O3"", ""topclad_material"": ""SiO2"", ""core_eq_o"": ""(1+2.8032/(1-0.015287/x**2)+0.36335/(1-0.036095/x**2)-33508000/(1+367200000/x**2))**0.5"", ""core_eq_e"": ""(1+0.017061/(1-0.043855/x**2)+3.1976/(1-0.022642/x**2)-57269000/(1-74226000/x**2))**0.5"", ""core_chi2"": ""AlN"", ""t_film"": 354.0, ""h_s"": 70.0, ""w_s"": 500.0}",screened,3,TE00,S,,TE153?,0.9995987262272407,89,222.04646417107838,,2.1640056621516326,2.1640056621516326,,1.8165398088609453e-05,180987342.087637,0.0018976091170279465,,,,,,,,,,,,1.8165398088609453e-05,0.0018976091170279465,TE153?,,,,2.2697447067235066e-06,5.459396350739064e-07,3.6496258850148525e-07,3.1417001192637895e-05,-0.1733603809683832,-0.14174303062586538,1.3151034115942486,,
77784674c2a3,loaded,"{""etch_depth"": 0.0, ""w_rib"": 500.0, ""sidewall_angle"": 5.0, ""strip_material"": ""TiO2"", ""strip_eq"": ""(0.5+0.747358*x**2/(x**2-0.0840076)+1.03335*x**2/(x**2-0.0662413)+1.02325*x**2/(x**2-0.0448956)+1.70043*x**2/(x**2-0.0225))**0.5"", ""strip_chi2"": null, ""strip_sidewall"": 5.0, ""strip_offset"": 0.0, ""substrate_height"": 1000.0, ""topclad_height"": 800.0, ""substrate_material"": ""Al2O3"", ""topclad_material"": ""SiO2"", ""core_eq_o"": ""(1+2.8032/(1-0.015287/x**2)+0.36335/(1-0.036095/x**2)-33508000/(1+367200000/x**2))**0.5"", ""core_eq_e"": ""(1+0.017061/(1-0.043855/x**2)+3.1976/(1-0.022642/x**2)-57269000/(1-74226000/x**2))**0.5"", ""core_chi2"": ""AlN"", ""t_film"": 354.0, ""h_s"": 70.0, ""w_s"": 500.0}",screened,2,TM20,A,,TE331?,0.9777494558458706,19,215.65454468613842,,2.1167134695554006,2.1167134695554006,,1.738607128753616e-05,214215611.58807164,4.8710826559276494e-05,,,,,,,,,,,,1.738607128753616e-05,4.8710826559276494e-05,TE331?,,,,2.156602145979556e-06,1.6553928711844985e-05,5.019907632228681e-12,9.755185846905435e-09,0.9757752815044826,0.0005373374809756051,0.02368738101454173,,
77784674c2a3,loaded,"{""etch_depth"": 0.0, ""w_rib"": 500.0, ""sidewall_angle"": 5.0, ""strip_material"": ""TiO2"", ""strip_eq"": ""(0.5+0.747358*x**2/(x**2-0.0840076)+1.03335*x**2/(x**2-0.0662413)+1.02325*x**2/(x**2-0.0448956)+1.70043*x**2/(x**2-0.0225))**0.5"", ""strip_chi2"": null, ""strip_sidewall"": 5.0, ""strip_offset"": 0.0, ""substrate_height"": 1000.0, ""topclad_height"": 800.0, ""substrate_material"": ""Al2O3"", ""topclad_material"": ""SiO2"", ""core_eq_o"": ""(1+2.8032/(1-0.015287/x**2)+0.36335/(1-0.036095/x**2)-33508000/(1+367200000/x**2))**0.5"", ""core_eq_e"": ""(1+0.017061/(1-0.043855/x**2)+3.1976/(1-0.022642/x**2)-57269000/(1-74226000/x**2))**0.5"", ""core_chi2"": ""AlN"", ""t_film"": 354.0, ""h_s"": 70.0, ""w_s"": 500.0}",screened,2,TM20,A,,TM223,0.05432712421925637,70,223.73192543903178,,2.105499474564448,2.105499474564448,,1.6548104453034097e-05,212464530.5562587,5.029122516927993e-05,,,,,,,,,,,,1.6548104453034097e-05,5.029122516927993e-05,TM223,,,,2.1827941295727153e-06,1.733798757109754e-05,1.7752883628864736e-11,8.416476856437564e-09,1.0235880732237448,-0.001035762841326894,-0.02255231038241794,,
77784674c2a3,loaded,"{""etch_depth"": 0.0, ""w_rib"": 500.0, ""sidewall_angle"": 5.0, ""strip_material"": ""TiO2"", ""strip_eq"": ""(0.5+0.747358*x**2/(x**2-0.0840076)+1.03335*x**2/(x**2-0.0662413)+1.02325*x**2/(x**2-0.0448956)+1.70043*x**2/(x**2-0.0225))**0.5"", ""strip_chi2"": null, ""strip_sidewall"": 5.0, ""strip_offset"": 0.0, ""substrate_height"": 1000.0, ""topclad_height"": 800.0, ""substrate_material"": ""Al2O3"", ""topclad_material"": ""SiO2"", ""core_eq_o"": ""(1+2.8032/(1-0.015287/x**2)+0.36335/(1-0.036095/x**2)-33508000/(1+367200000/x**2))**0.5"", ""core_eq_e"": ""(1+0.017061/(1-0.043855/x**2)+3.1976/(1-0.022642/x**2)-57269000/(1-74226000/x**2))**0.5"", ""core_chi2"": ""AlN"", ""t_film"": 354.0, ""h_s"": 70.0, ""w_s"": 500.0}",screened,3,TE00,S,,TM242,0.03353272755860113,126,228.96098790089735,,2.1380977558107572,2.1380977558107572,,1.449115712200775e-05,221231673.81599066,0.0015311760616841888,,,,,,,,,,,,1.449115712200775e-05,0.0015311760616841888,TM242,,,,2.0903726431446545e-06,0.00010115435844096399,3.588188002539604e-05,6.79532690530406e-08,2.642048388193737,-1.5735699818861353,-0.06847840630760163,,
77784674c2a3,loaded,"{""etch_depth"": 0.0, ""w_rib"": 500.0, ""sidewall_angle"": 5.0, ""strip_material"": ""TiO2"", ""strip_eq"": ""(0.5+0.747358*x**2/(x**2-0.0840076)+1.03335*x**2/(x**2-0.0662413)+1.02325*x**2/(x**2-0.0448956)+1.70043*x**2/(x**2-0.0225))**0.5"", ""strip_chi2"": null, ""strip_sidewall"": 5.0, ""strip_offset"": 0.0, ""substrate_height"": 1000.0, ""topclad_height"": 800.0, ""substrate_material"": ""Al2O3"", ""topclad_material"": ""SiO2"", ""core_eq_o"": ""(1+2.8032/(1-0.015287/x**2)+0.36335/(1-0.036095/x**2)-33508000/(1+367200000/x**2))**0.5"", ""core_eq_e"": ""(1+0.017061/(1-0.043855/x**2)+3.1976/(1-0.022642/x**2)-57269000/(1-74226000/x**2))**0.5"", ""core_chi2"": ""AlN"", ""t_film"": 354.0, ""h_s"": 70.0, ""w_s"": 500.0}",screened,1,TM10,S,,TE251,0.9927476024660987,127,230.24633254190016,,2.103813672512039,2.103813672512039,,1.2935863815316306e-05,257248781.90293747,4.9723998411859554e-05,,,,,,,,,,,,1.2935863815316306e-05,4.9723998411859554e-05,TE251,,,,1.9861000798278094e-06,2.6313522517852056e-05,7.353997814729156e-10,2.4340457615414e-06,1.426237258074027,0.007539873001181028,-0.4337771310752082,,
77784674c2a3,loaded,"{""etch_depth"": 0.0, ""w_rib"": 500.0, ""sidewall_angle"": 5.0, ""strip_material"": ""TiO2"", ""strip_eq"": ""(0.5+0.747358*x**2/(x**2-0.0840076)+1.03335*x**2/(x**2-0.0662413)+1.02325*x**2/(x**2-0.0448956)+1.70043*x**2/(x**2-0.0225))**0.5"", ""strip_chi2"": null, ""strip_sidewall"": 5.0, ""strip_offset"": 0.0, ""substrate_height"": 1000.0, ""topclad_height"": 800.0, ""substrate_material"": ""Al2O3"", ""topclad_material"": ""SiO2"", ""core_eq_o"": ""(1+2.8032/(1-0.015287/x**2)+0.36335/(1-0.036095/x**2)-33508000/(1+367200000/x**2))**0.5"", ""core_eq_e"": ""(1+0.017061/(1-0.043855/x**2)+3.1976/(1-0.022642/x**2)-57269000/(1-74226000/x**2))**0.5"", ""core_chi2"": ""AlN"", ""t_film"": 354.0, ""h_s"": 70.0, ""w_s"": 500.0}",screened,0,TM00,A,,TM203?,0.07463761401579361,98,223.47356492450638,,2.152040498410228,2.152040498410228,,1.1823627753396882e-05,279126867.71461827,2.933901732826366e-05,,,,,,,,,,,,1.1823627753396882e-05,2.933901732826366e-05,TM203?,,,,1.8429443499412192e-06,1.75974445462699e-05,6.977661502502084e-07,6.232061009520419e-09,1.2199707791280479,-0.24292911863936387,0.02295833951131611,,
77784674c2a3,loaded,"{""etch_depth"": 0.0, ""w_rib"": 500.0, ""sidewall_angle"": 5.0, ""strip_material"": ""TiO2"", ""strip_eq"": ""(0.5+0.747358*x**2/(x**2-0.0840076)+1.03335*x**2/(x**2-0.0662413)+1.02325*x**2/(x**2-0.0448956)+1.70043*x**2/(x**2-0.0225))**0.5"", ""strip_chi2"": null, ""strip_sidewall"": 5.0, ""strip_offset"": 0.0, ""substrate_height"": 1000.0, ""topclad_height"": 800.0, ""substrate_material"": ""Al2O3"", ""topclad_material"": ""SiO2"", ""core_eq_o"": ""(1+2.8032/(1-0.015287/x**2)+0.36335/(1-0.036095/x**2)-33508000/(1+367200000/x**2))**0.5"", ""core_eq_e"": ""(1+0.017061/(1-0.043855/x**2)+3.1976/(1-0.022642/x**2)-57269000/(1-74226000/x**2))**0.5"", ""core_chi2"": ""AlN"", ""t_film"": 354.0, ""h_s"": 70.0, ""w_s"": 500.0}",screened,4,TE10,A,,TE292,0.9176336188490759,15,217.92485037251853,,2.085026442547322,2.085026442547322,,1.179403880864185e-05,323552870.61799806,0.0012688774482945526,,,,,,,,,,,,1.179403880864185e-05,0.0012688774482945526,TE292,,,,1.7949349867337101e-06,1.3992868727472289e-05,1.5997126499443268e-05,1.0082584232833545e-05,-1.089236293555134,1.16463466679749,0.9246016267576441,,
77784674c2a3,loaded,"{""etch_depth"": 0.0, ""w_rib"": 500.0, ""sidewall_angle"": 5.0, ""strip_material"": ""TiO2"", ""strip_eq"": ""(0.5+0.747358*x**2/(x**2-0.0840076)+1.03335*x**2/(x**2-0.0662413)+1.02325*x**2/(x**2-0.0448956)+1.70043*x**2/(x**2-0.0225))**0.5"", ""strip_chi2"": null, ""strip_sidewall"": 5.0, ""strip_offset"": 0.0, ""substrate_height"": 1000.0, ""topclad_height"": 800.0, ""substrate_material"": ""Al2O3"", ""topclad_material"": ""SiO2"", ""core_eq_o"": ""(1+2.8032/(1-0.015287/x**2)+0.36335/(1-0.036095/x**2)-33508000/(1+367200000/x**2))**0.5"", ""core_eq_e"": ""(1+0.017061/(1-0.043855/x**2)+3.1976/(1-0.022642/x**2)-57269000/(1-74226000/x**2))**0.5"", ""core_chi2"": ""AlN"", ""t_film"": 354.0, ""h_s"": 70.0, ""w_s"": 500.0}",screened,1,TM10,S,,TE212,0.9998659986966123,115,229.65564304553436,,2.104540700927713,2.104540700927713,,1.0218320039053982e-05,327001912.85152894,4.445786985004999e-05,,,,,,,,,,,,1.0218320039053982e-05,4.445786985004999e-05,TE212,,,,1.7606683678922324e-06,2.0608978219203113e-05,7.92841310963711e-10,1.8803484344323808e-06,1.4201639356684632,0.008808528931734866,-0.4289724646001982,,
77784674c2a3,loaded,"{""etch_depth"": 0.0, ""w_rib"": 500.0, ""sidewall_angle"": 5.0, ""strip_material"": ""TiO2"", ""strip_eq"": ""(0.5+0.747358*x**2/(x**2-0.0840076)+1.03335*x**2/(x**2-0.0662413)+1.02325*x**2/(x**2-0.0448956)+1.70043*x**2/(x**2-0.0225))**0.5"", ""strip_chi2"": null, ""strip_sidewall"": 5.0, ""strip_offset"": 0.0, ""substrate_height"": 1000.0, ""topclad_height"": 800.0, ""substrate_material"": ""Al2O3"", ""topclad_material"": ""SiO2"", ""core_eq_o"": ""(1+2.8032/(1-0.015287/x**2)+0.36335/(1-0.036095/x**2)-33508000/(1+367200000/x**2))**0.5"", ""core_eq_e"": ""(1+0.017061/(1-0.043855/x**2)+3.1976/(1-0.022642/x**2)-57269000/(1-74226000/x**2))**0.5"", ""core_chi2"": ""AlN"", ""t_film"": 354.0, ""h_s"": 70.0, ""w_s"": 500.0}",screened,2,TM20,A,,TE233?,0.9993796160061656,62,221.72933988293084,,2.1081927361652224,2.1081927361652224,,1.0152735029038796e-05,351233317.8856452,3.890271141249364e-05,,,,,,,,,,,,1.0152735029038796e-05,3.890271141249364e-05,TE233?,,,,1.6944368203975591e-06,1.0398976273090215e-05,3.9326030621785654e-11,1.0328286777350347e-09,1.0120541910721403,-0.0019681062049655505,-0.01008608486717483,,
77784674c2a3,loaded,"{""etch_depth"": 0.0, ""w_rib"": 500.0, ""sidewall_angle"": 5.0, ""strip_material"": ""TiO2"", ""strip_eq"": ""(0.5+0.747358*x**2/(x**2-0.0840076)+1.03335*x**2/(x**2-0.0662413)+1.02325*x**2/(x**2-0.0448956)+1.70043*x**2/(x**2-0.0225))**0.5"", ""strip_chi2"": null, ""strip_sidewall"": 5.0, ""strip_offset"": 0.0, ""substrate_height"": 1000.0, ""topclad_height"": 800.0, ""substrate_material"": ""Al2O3"", ""topclad_material"": ""SiO2"", ""core_eq_o"": ""(1+2.8032/(1-0.015287/x**2)+0.36335/(1-0.036095/x**2)-33508000/(1+367200000/x**2))**0.5"", ""core_eq_e"": ""(1+0.017061/(1-0.043855/x**2)+3.1976/(1-0.022642/x**2)-57269000/(1-74226000/x**2))**0.5"", ""core_chi2"": ""AlN"", ""t_film"": 354.0, ""h_s"": 70.0, ""w_s"": 500.0}",screened,3,TE00,S,,TE113,0.9804173665157424,125,229.2623094000533,,2.1370338812000442,2.1370338812000442,,9.580979143642472e-06,334230886.39741933,0.0012716686786957878,,,,,,,,,,,,9.580979143642472e-06,0.0012716686786957878,TE113,,,,1.7019558907152639e-06,2.572589848085834e-06,3.6220338573589944e-08,2.0330438587798688e-05,-0.5181796202096663,0.061485301277891036,1.4566943189317754,,
77784674c2a3,loaded,"{""etch_depth"": 0.0, ""w_rib"": 500.0, ""sidewall_angle"": 5.0, ""strip_material"": ""TiO2"", ""strip_eq"": ""(0.5+0.747358*x**2/(x**2-0.0840076)+1.03335*x**2/(x**2-0.0662413)+1.02325*x**2/(x**2-0.0448956)+1.70043*x**2/(x**2-0.0225))**0.5"", ""strip_chi2"": null, ""strip_sidewall"": 5.0, ""strip_offset"": 0.0, ""substrate_height"": 1000.0, ""topclad_height"": 800.0, ""substrate_material"": ""Al2O3"", ""topclad_material"": ""SiO2"", ""core_eq_o"": ""(1+2.8032/(1-0.015287/x**2)+0.36335/(1-0.036095/x**2)-33508000/(1+367200000/x**2))**0.5"", ""core_eq_e"": ""(1+0.017061/(1-0.043855/x**2)+3.1976/(1-0.022642/x**2)-57269000/(1-74226000/x**2))**0.5"", ""core_chi2"": ""AlN"", ""t_film"": 354.0, ""h_s"": 70.0, ""w_s"": 500.0}",screened,4,TE10,A,,TE14?,0.9596553385024401,114,229.69636960292692,,2.0512635024041543,2.0512635024041543,,9.268408772684193e-06,389204832.34818155,0.0022401587001854833,,,,,,,,,,,,9.268408772684193e-06,0.0022401587001854833,TE14?,,,,1.677132639720948e-06,1.7350771315029407e-06,1.26618787299629e-06,3.0105847175300876e-05,-0.43267001940700733,-0.3696123593757862,1.8022823787827935,,
77784674c2a3,loaded,"{""etch_depth"": 0.0, ""w_rib"": 500.0, ""sidewall_angle"": 5.0, ""strip_material"": ""TiO2"", ""strip_eq"": ""(0.5+0.747358*x**2/(x**2-0.0840076)+1.03335*x**2/(x**2-0.0662413)+1.02325*x**2/(x**2-0.0448956)+1.70043*x**2/(x**2-0.0225))**0.5"", ""strip_chi2"": null, ""strip_sidewall"": 5.0, ""strip_offset"": 0.0, ""substrate_height"": 1000.0, ""topclad_height"": 800.0, ""substrate_material"": ""Al2O3"", ""topclad_material"": ""SiO2"", ""core_eq_o"": ""(1+2.8032/(1-0.015287/x**2)+0.36335/(1-0.036095/x**2)-33508000/(1+367200000/x**2))**0.5"", ""core_eq_e"": ""(1+0.017061/(1-0.043855/x**2)+3.1976/(1-0.022642/x**2)-57269000/(1-74226000/x**2))**0.5"", ""core_chi2"": ""AlN"", ""t_film"": 354.0, ""h_s"": 70.0, ""w_s"": 500.0}",screened,3,TE00,S,,TE193,0.7707531318588305,43,217.20899407421913,,2.1851686787304065,2.1851686787304065,,7.56138895159986e-06,441310170.5097016,0.0012745890237090916,,,,,,,,,,,,7.56138895159986e-06,0.0012745890237090916,TE193,,,,1.432482363389866e-06,1.1650774121975051e-05,5.727106901948403e-05,1.973025079074161e-06,-1.2412995617528433,2.7521167634040395,-0.5108172016511962,,
77784674c2a3,loaded,"{""etch_depth"": 0.0, ""w_rib"": 500.0, ""sidewall_angle"": 5.0, ""strip_material"": ""TiO2"", ""strip_eq"": ""(0.5+0.747358*x**2/(x**2-0.0840076)+1.03335*x**2/(x**2-0.0662413)+1.02325*x**2/(x**2-0.0448956)+1.70043*x**2/(x**2-0.0225))**0.5"", ""strip_chi2"": null, ""strip_sidewall"": 5.0, ""strip_offset"": 0.0, ""substrate_height"": 1000.0, ""topclad_height"": 800.0, ""substrate_material"": ""Al2O3"", ""topclad_material"": ""SiO2"", ""core_eq_o"": ""(1+2.8032/(1-0.015287/x**2)+0.36335/(1-0.036095/x**2)-33508000/(1+367200000/x**2))**0.5"", ""core_eq_e"": ""(1+0.017061/(1-0.043855/x**2)+3.1976/(1-0.022642/x**2)-57269000/(1-74226000/x**2))**0.5"", ""core_chi2"": ""AlN"", ""t_film"": 354.0, ""h_s"": 70.0, ""w_s"": 500.0}",screened,4,TE10,A,,TE14,0.9999535033751323,118,226.51890186558754,,2.0575673653227273,2.0575673653227273,,7.4119556370154866e-06,495852067.75201195,0.0013014280354282084,,,,,,,,,,,,7.4119556370154866e-06,0.0013014280354282084,TE14,,,,1.47904553031837e-06,4.0145706536570917e-07,9.49199347646221e-10,4.235673650042251e-06,0.23273041673221578,0.011316504746174896,0.7559530785216094,,
77784674c2a3,loaded,"{""etch_depth"": 0.0, ""w_rib"": 500.0, ""sidewall_angle"": 5.0, ""strip_material"": ""TiO2"", ""strip_eq"": ""(0.5+0.747358*x**2/(x**2-0.0840076)+1.03335*x**2/(x**2-0.0662413)+1.02325*x**2/(x**2-0.0448956)+1.70043*x**2/(x**2-0.0225))**0.5"", ""strip_chi2"": null, ""strip_sidewall"": 5.0, ""strip_offset"": 0.0, ""substrate_height"": 1000.0, ""topclad_height"": 800.0, ""substrate_material"": ""Al2O3"", ""topclad_material"": ""SiO2"", ""core_eq_o"": ""(1+2.8032/(1-0.015287/x**2)+0.36335/(1-0.036095/x**2)-33508000/(1+367200000/x**2))**0.5"", ""core_eq_e"": ""(1+0.017061/(1-0.043855/x**2)+3.1976/(1-0.022642/x**2)-57269000/(1-74226000/x**2))**0.5"", ""core_chi2"": ""AlN"", ""t_film"": 354.0, ""h_s"": 70.0, ""w_s"": 500.0}",screened,2,TM20,A,,TM282,0.1896690232628812,90,224.314720354368,,2.104715678255811,2.104715678255811,,6.947583855935598e-06,503995163.94189554,3.2602909110888035e-05,,,,,,,,,,,,6.947583855935598e-06,3.2602909110888035e-05,TM282,,,,1.4180298184849202e-06,6.285107727634687e-06,2.2128963867737697e-09,6.686959641311616e-09,0.9511290892735381,0.017846934969627037,0.031023975756834778,,
77784674c2a3,loaded,"{""etch_depth"": 0.0, ""w_rib"": 500.0, ""sidewall_angle"": 5.0, ""strip_material"": ""TiO2"", ""strip_eq"": ""(0.5+0.747358*x**2/(x**2-0.0840076)+1.03335*x**2/(x**2-0.0662413)+1.02325*x**2/(x**2-0.0448956)+1.70043*x**2/(x**2-0.0225))**0.5"", ""strip_chi2"": null, ""strip_sidewall"": 5.0, ""strip_offset"": 0.0, ""substrate_height"": 1000.0, ""topclad_height"": 800.0, ""substrate_material"": ""Al2O3"", ""topclad_material"": ""SiO2"", ""core_eq_o"": ""(1+2.8032/(1-0.015287/x**2)+0.36335/(1-0.036095/x**2)-33508000/(1+367200000/x**2))**0.5"", ""core_eq_e"": ""(1+0.017061/(1-0.043855/x**2)+3.1976/(1-0.022642/x**2)-57269000/(1-74226000/x**2))**0.5"", ""core_chi2"": ""AlN"", ""t_film"": 354.0, ""h_s"": 70.0, ""w_s"": 500.0}",screened,2,TM20,A,,TE193?,0.9976961116261982,104,226.84993283847606,,2.1014389163839273,2.1014389163839273,,6.0238190878964795e-06,571026787.2424914,3.060123244973969e-05,,,,,,,,,,,,6.0238190878964795e-06,3.060123244973969e-05,TE193?,,,,1.335319851064663e-06,5.332917575278772e-06,1.1534349166746961e-09,1.2337357926087167e-08,0.9409065146634767,0.013837594090616624,0.04525589124590663,,
77784674c2a3,loaded,"{""etch_depth"": 0.0, ""w_rib"": 500.0, ""sidewall_angle"": 5.0, ""strip_material"": ""TiO2"", ""strip_eq"": ""(0.5+0.747358*x**2/(x**2-0.0840076)+1.03335*x**2/(x**2-0.0662413)+1.02325*x**2/(x**2-0.0448956)+1.70043*x**2/(x**2-0.0225))**0.5"", ""strip_chi2"": null, ""strip_sidewall"": 5.0, ""strip_offset"": 0.0, ""substrate_height"": 1000.0, ""topclad_height"": 800.0, ""substrate_material"": ""Al2O3"", ""topclad_material"": ""SiO2"", ""core_eq_o"": ""(1+2.8032/(1-0.015287/x**2)+0.36335/(1-0.036095/x**2)-33508000/(1+367200000/x**2))**0.5"", ""core_eq_e"": ""(1+0.017061/(1-0.043855/x**2)+3.1976/(1-0.022642/x**2)-57269000/(1-74226000/x**2))**0.5"", ""core_chi2"": ""AlN"", ""t_film"": 354.0, ""h_s"": 70.0, ""w_s"": 500.0}",screened,1,TM10,S,,TE192,0.9995921539957533,132,233.64507463969971,,2.0997900485080794,2.0997900485080794,,5.409737616806798e-06,600812476.4133518,3.2955671868179885e-05,,,,,,,,,,,,5.409737616806798e-06,3.2955671868179885e-05,TE192,,,,1.3033330887833564e-06,2.975544334669087e-07,2.0622832750473853e-11,8.270864108744554e-06,-0.234528222492655,-0.0019524775956352893,1.2364807000882903,,
77784674c2a3,loaded,"{""etch_depth"": 0.0, ""w_rib"": 500.0, ""sidewall_angle"": 5.0, ""strip_material"": ""TiO2"", ""strip_eq"": ""(0.5+0.747358*x**2/(x**2-0.0840076)+1.03335*x**2/(x**2-0.0662413)+1.02325*x**2/(x**2-0.0448956)+1.70043*x**2/(x**2-0.0225))**0.5"", ""strip_chi2"": null, ""strip_sidewall"": 5.0, ""strip_offset"": 0.0, ""substrate_height"": 1000.0, ""topclad_height"": 800.0, ""substrate_material"": ""Al2O3"", ""topclad_material"": ""SiO2"", ""core_eq_o"": ""(1+2.8032/(1-0.015287/x**2)+0.36335/(1-0.036095/x**2)-33508000/(1+367200000/x**2))**0.5"", ""core_eq_e"": ""(1+0.017061/(1-0.043855/x**2)+3.1976/(1-0.022642/x**2)-57269000/(1-74226000/x**2))**0.5"", ""core_chi2"": ""AlN"", ""t_film"": 354.0, ""h_s"": 70.0, ""w_s"": 500.0}",screened,3,TE00,S,,TE133,0.9865681118026468,111,225.60083787735547,,2.14996142404633,2.14996142404633,,5.247910720701375e-06,618865348.9683099,0.001001805682540833,,,,,,,,,,,,5.247910720701375e-06,0.001001805682540833,TE133,,,,1.2394945383758303e-06,1.3413731318291817e-05,7.047047057527931e-07,4.614179111451702e-05,-1.59875377327234,-0.3664463217365897,2.9652000950089294,,
77784674c2a3,loaded,"{""etch_depth"": 0.0, ""w_rib"": 500.0, ""sidewall_angle"": 5.0, ""strip_material"": ""TiO2"", ""strip_eq"": ""(0.5+0.747358*x**2/(x**2-0.0840076)+1.03335*x**2/(x**2-0.0662413)+1.02325*x**2/(x**2-0.0448956)+1.70043*x**2/(x**2-0.0225))**0.5"", ""strip_chi2"": null, ""strip_sidewall"": 5.0, ""strip_offset"": 0.0, ""substrate_height"": 1000.0, ""topclad_height"": 800.0, ""substrate_material"": ""Al2O3"", ""topclad_material"": ""SiO2"", ""core_eq_o"": ""(1+2.8032/(1-0.015287/x**2)+0.36335/(1-0.036095/x**2)-33508000/(1+367200000/x**2))**0.5"", ""core_eq_e"": ""(1+0.017061/(1-0.043855/x**2)+3.1976/(1-0.022642/x**2)-57269000/(1-74226000/x**2))**0.5"", ""core_chi2"": ""AlN"", ""t_film"": 354.0, ""h_s"": 70.0, ""w_s"": 500.0}",screened,2,TM20,A,,TE233,0.8885177655452984,13,217.136097849943,,2.114601341229832,2.114601341229832,,5.114273407246411e-06,720480970.8853253,2.7021469024840356e-05,,,,,,,,,,,,5.114273407246411e-06,2.7021469024840356e-05,TE233,,,,1.1777000399539825e-06,5.1058982713278075e-06,5.49452730054064e-12,2.416560174298307e-13,0.9991808643336837,0.0010365092854565444,-0.00021737361914025993,,
77784674c2a3,loaded,"{""etch_depth"": 0.0, ""w_rib"": 500.0, ""sidewall_angle"": 5.0, ""strip_material"": ""TiO2"", ""strip_eq"": ""(0.5+0.747358*x**2/(x**2-0.0840076)+1.03335*x**2/(x**2-0.0662413)+1.02325*x**2/(x**2-0.0448956)+1.70043*x**2/(x**2-0.0225))**0.5"", ""strip_chi2"": null, ""strip_sidewall"": 5.0, ""strip_offset"": 0.0, ""substrate_height"": 1000.0, ""topclad_height"": 800.0, ""substrate_material"": ""Al2O3"", ""topclad_material"": ""SiO2"", ""core_eq_o"": ""(1+2.8032/(1-0.015287/x**2)+0.36335/(1-0.036095/x**2)-33508000/(1+367200000/x**2))**0.5"", ""core_eq_e"": ""(1+0.017061/(1-0.043855/x**2)+3.1976/(1-0.022642/x**2)-57269000/(1-74226000/x**2))**0.5"", ""core_chi2"": ""AlN"", ""t_film"": 354.0, ""h_s"": 70.0, ""w_s"": 500.0}",screened,4,TE10,A,,TE173,0.9957245870817769,107,229.4662713537147,,2.051720000452519,2.051720000452519,,5.034695817685746e-06,717448601.9944888,0.0015063008085352558,,,,,,,,,,,,5.034695817685746e-06,0.0015063008085352558,TE173,,,,1.2348555765177006e-06,3.5760789632895167e-06,2.8545492053310835e-09,1.754179917608183e-05,-0.8427852603368209,-0.02381124745395103,1.8665965077907718,,
77784674c2a3,loaded,"{""etch_depth"": 0.0, ""w_rib"": 500.0, ""sidewall_angle"": 5.0, ""strip_material"": ""TiO2"", ""strip_eq"": ""(0.5+0.747358*x**2/(x**2-0.0840076)+1.03335*x**2/(x**2-0.0662413)+1.02325*x**2/(x**2-0.0448956)+1.70043*x**2/(x**2-0.0225))**0.5"", ""strip_chi2"": null, ""strip_sidewall"": 5.0, ""strip_offset"": 0.0, ""substrate_height"": 1000.0, ""topclad_height"": 800.0, ""substrate_material"": ""Al2O3"", ""topclad_material"": ""SiO2"", ""core_eq_o"": ""(1+2.8032/(1-0.015287/x**2)+0.36335/(1-0.036095/x**2)-33508000/(1+367200000/x**2))**0.5"", ""core_eq_e"": ""(1+0.017061/(1-0.043855/x**2)+3.1976/(1-0.022642/x**2)-57269000/(1-74226000/x**2))**0.5"", ""core_chi2"": ""AlN"", ""t_film"": 354.0, ""h_s"": 70.0, ""w_s"": 500.0}",screened,3,TE00,S,,TE290?,0.9192942849541947,88,222.2535305104087,,2.1631697747351053,2.1631697747351053,,4.073228560260321e-06,806581188.0951469,0.0008880981446200954,,,,,,,,,,,,4.073228560260321e-06,0.0008880981446200954,TE290?,,,,1.0757930859452294e-06,1.8338788107170919e-06,1.8456314207876059e-07,1.4455508567338085e-05,-0.6709898120879394,-0.21286443063513727,1.8838542427230769,,
77784674c2a3,loaded,"{""etch_depth"": 0.0, ""w_rib"": 500.0, ""sidewall_angle"": 5.0, ""strip_material"": ""TiO2"", ""strip_eq"": ""(0.5+0.747358*x**2/(x**2-0.0840076)+1.03335*x**2/(x**2-0.0662413)+1.02325*x**2/(x**2-0.0448956)+1.70043*x**2/(x**2-0.0225))**0.5"", ""strip_chi2"": null, ""strip_sidewall"": 5.0, ""strip_offset"": 0.0, ""substrate_height"": 1000.0, ""topclad_height"": 800.0, ""substrate_material"": ""Al2O3"", ""topclad_material"": ""SiO2"", ""core_eq_o"": ""(1+2.8032/(1-0.015287/x**2)+0.36335/(1-0.036095/x**2)-33508000/(1+367200000/x**2))**0.5"", ""core_eq_e"": ""(1+0.017061/(1-0.043855/x**2)+3.1976/(1-0.022642/x**2)-57269000/(1-74226000/x**2))**0.5"", ""core_chi2"": ""AlN"", ""t_film"": 354.0, ""h_s"": 70.0, ""w_s"": 500.0}",screened,3,TE00,S,,TE231,0.9999873850024638,138,232.42462140053144,,2.1269316656327093,2.1269316656327093,,3.4262566764973266e-06,922382922.7688285,0.0007434889172021737,,,,,,,,,,,,3.4262566764973266e-06,0.0007434889172021737,TE231,,,,1.0318172158038121e-06,8.365290737594471e-07,7.879832325684044e-07,3.3272663964422905e-06,0.4941178833527225,-0.47956617178608835,0.9854482884333658,,
77784674c2a3,loaded,"{""etch_depth"": 0.0, ""w_rib"": 500.0, ""sidewall_angle"": 5.0, ""strip_material"": ""TiO2"", ""strip_eq"": ""(0.5+0.747358*x**2/(x**2-0.0840076)+1.03335*x**2/(x**2-0.0662413)+1.02325*x**2/(x**2-0.0448956)+1.70043*x**2/(x**2-0.0225))**0.5"", ""strip_chi2"": null, ""strip_sidewall"": 5.0, ""strip_offset"": 0.0, ""substrate_height"": 1000.0, ""topclad_height"": 800.0, ""substrate_material"": ""Al2O3"", ""topclad_material"": ""SiO2"", ""core_eq_o"": ""(1+2.8032/(1-0.015287/x**2)+0.36335/(1-0.036095/x**2)-33508000/(1+367200000/x**2))**0.5"", ""core_eq_e"": ""(1+0.017061/(1-0.043855/x**2)+3.1976/(1-0.022642/x**2)-57269000/(1-74226000/x**2))**0.5"", ""core_chi2"": ""AlN"", ""t_film"": 354.0, ""h_s"": 70.0, ""w_s"": 500.0}",screened,2,TM20,A,,TM281,0.021952858657682428,133,233.0391264379424,,2.0937547633508853,2.0937547633508853,,3.3645496603724174e-06,979476355.8278219,2.3027323206940952e-05,,,,,,,,,,,,3.3645496603724174e-06,2.3027323206940952e-05,TM281,,,,1.0251867988393558e-06,3.2393515383160814e-06,1.5055312187326367e-10,4.919971153725894e-10,0.9812181410011793,0.006689311364319325,0.01209254763450125,,
77784674c2a3,loaded,"{""etch_depth"": 0.0, ""w_rib"": 500.0, ""sidewall_angle"": 5.0, ""strip_material"": ""TiO2"", ""strip_eq"": ""(0.5+0.747358*x**2/(x**2-0.0840076)+1.03335*x**2/(x**2-0.0662413)+1.02325*x**2/(x**2-0.0448956)+1.70043*x**2/(x**2-0.0225))**0.5"", ""strip_chi2"": null, ""strip_sidewall"": 5.0, ""strip_offset"": 0.0, ""substrate_height"": 1000.0, ""topclad_height"": 800.0, ""substrate_material"": ""Al2O3"", ""topclad_material"": ""SiO2"", ""core_eq_o"": ""(1+2.8032/(1-0.015287/x**2)+0.36335/(1-0.036095/x**2)-33508000/(1+367200000/x**2))**0.5"", ""core_eq_e"": ""(1+0.017061/(1-0.043855/x**2)+3.1976/(1-0.022642/x**2)-57269000/(1-74226000/x**2))**0.5"", ""core_chi2"": ""AlN"", ""t_film"": 354.0, ""h_s"": 70.0, ""w_s"": 500.0}",screened,3,TE00,S,,TE291?,0.9729881364999298,39,217.55842411243006,,2.1835533876510973,2.1835533876510973,,3.1509935347375984e-06,1057950282.4087732,0.0007711832021176311,,,,,,,,,,,,3.1509935347375984e-06,0.0007711832021176311,TE291?,,,,9.262118872262924e-07,8.653340206665897e-08,8.137835735836486e-10,4.400749336482341e-06,-0.16571740849620004,-0.01607054863975015,1.1817879571359502,,
77784674c2a3,loaded,"{""etch_depth"": 0.0, ""w_rib"": 500.0, ""sidewall_angle"": 5.0, ""strip_material"": ""TiO2"", ""strip_eq"": ""(0.5+0.747358*x**2/(x**2-0.0840076)+1.03335*x**2/(x**2-0.0662413)+1.02325*x**2/(x**2-0.0448956)+1.70043*x**2/(x**2-0.0225))**0.5"", ""strip_chi2"": null, ""strip_sidewall"": 5.0, ""strip_offset"": 0.0, ""substrate_height"": 1000.0, ""topclad_height"": 800.0, ""substrate_material"": ""Al2O3"", ""topclad_material"": ""SiO2"", ""core_eq_o"": ""(1+2.8032/(1-0.015287/x**2)+0.36335/(1-0.036095/x**2)-33508000/(1+367200000/x**2))**0.5"", ""core_eq_e"": ""(1+0.017061/(1-0.043855/x**2)+3.1976/(1-0.022642/x**2)-57269000/(1-74226000/x**2))**0.5"", ""core_chi2"": ""AlN"", ""t_film"": 354.0, ""h_s"": 70.0, ""w_s"": 500.0}",screened,2,TM20,A,,TE134,0.9346402553740358,14,217.2408167801957,,2.114452052075576,2.114452052075576,,2.867880437075773e-06,1283862767.8003283,2.0545528287287387e-05,,,,,,,,,,,,2.867880437075773e-06,2.0545528287287387e-05,TE134,,,,8.82333234388569e-07,4.824762376394046e-06,2.2732875326546256e-11,2.5788148187603695e-07,1.2970521671882131,0.002815442514222509,-0.29986760970243564,,
77784674c2a3,loaded,"{""etch_depth"": 0.0, ""w_rib"": 500.0, ""sidewall_angle"": 5.0, ""strip_material"": ""TiO2"", ""strip_eq"": ""(0.5+0.747358*x**2/(x**2-0.0840076)+1.03335*x**2/(x**2-0.0662413)+1.02325*x**2/(x**2-0.0448956)+1.70043*x**2/(x**2-0.0225))**0.5"", ""strip_chi2"": null, ""strip_sidewall"": 5.0, ""strip_offset"": 0.0, ""substrate_height"": 1000.0, ""topclad_height"": 800.0, ""substrate_material"": ""Al2O3"", ""topclad_material"": ""SiO2"", ""core_eq_o"": ""(1+2.8032/(1-0.015287/x**2)+0.36335/(1-0.036095/x**2)-33508000/(1+367200000/x**2))**0.5"", ""core_eq_e"": ""(1+0.017061/(1-0.043855/x**2)+3.1976/(1-0.022642/x**2)-57269000/(1-74226000/x**2))**0.5"", ""core_chi2"": ""AlN"", ""t_film"": 354.0, ""h_s"": 70.0, ""w_s"": 500.0}",screened,4,TE10,A,,TE212,0.9999999782977604,115,234.9530632108718,,2.0439489530962365,2.0439489530962365,,2.7417530080454047e-06,1271028640.2998805,0.0011474925760833429,,,,,,,,,,,,2.7417530080454047e-06,0.0011474925760833429,TE212,,,,9.33052253237331e-07,5.655847868994795e-12,2.713508482524083e-12,2.7393329607685806e-06,0.001436265390082225,-0.0009948358506932419,0.999558570460611,,
77784674c2a3,loaded,"{""etch_depth"": 0.0, ""w_rib"": 500.0, ""sidewall_angle"": 5.0, ""strip_material"": ""TiO2"", ""strip_eq"": ""(0.5+0.747358*x**2/(x**2-0.0840076)+1.03335*x**2/(x**2-0.0662413)+1.02325*x**2/(x**2-0.0448956)+1.70043*x**2/(x**2-0.0225))**0.5"", ""strip_chi2"": null, ""strip_sidewall"": 5.0, ""strip_offset"": 0.0, ""substrate_height"": 1000.0, ""topclad_height"": 800.0, ""substrate_material"": ""Al2O3"", ""topclad_material"": ""SiO2"", ""core_eq_o"": ""(1+2.8032/(1-0.015287/x**2)+0.36335/(1-0.036095/x**2)-33508000/(1+367200000/x**2))**0.5"", ""core_eq_e"": ""(1+0.017061/(1-0.043855/x**2)+3.1976/(1-0.022642/x**2)-57269000/(1-74226000/x**2))**0.5"", ""core_chi2"": ""AlN"", ""t_film"": 354.0, ""h_s"": 70.0, ""w_s"": 500.0}",screened,2,TM20,A,,TE321?,0.5543483784577647,23,215.06360247834655,,2.117555927191309,2.117555927191309,,2.5618900075685813e-06,1460014078.5086334,1.9088034064833817e-05,,,,,,,,,,,,2.5618900075685813e-06,1.9088034064833817e-05,TE321?,,,,8.2557749618986e-07,2.9147798745381214e-06,1.0510432555635975e-09,5.514893129891376e-09,1.06665172791116,-0.020254897742874478,-0.04639683016828546,,
77784674c2a3,loaded,"{""etch_depth"": 0.0, ""w_rib"": 500.0, ""sidewall_angle"": 5.0, ""strip_material"": ""TiO2"", ""strip_eq"": ""(0.5+0.747358*x**2/(x**2-0.0840076)+1.03335*x**2/(x**2-0.0662413)+1.02325*x**2/(x**2-0.0448956)+1.70043*x**2/(x**2-0.0225))**0.5"", ""strip_chi2"": null, ""strip_sidewall"": 5.0, ""strip_offset"": 0.0, ""substrate_height"": 1000.0, ""topclad_height"": 800.0, ""substrate_material"": ""Al2O3"", ""topclad_material"": ""SiO2"", ""core_eq_o"": ""(1+2.8032/(1-0.015287/x**2)+0.36335/(1-0.036095/x**2)-33508000/(1+367200000/x**2))**0.5"", ""core_eq_e"": ""(1+0.017061/(1-0.043855/x**2)+3.1976/(1-0.022642/x**2)-57269000/(1-74226000/x**2))**0.5"", ""core_chi2"": ""AlN"", ""t_film"": 354.0, ""h_s"": 70.0, ""w_s"": 500.0}",screened,2,TM20,A,,TE213?,0.9791163699453977,101,223.07320471104757,,2.1063853829027503,2.1063853829027503,,2.483788003653e-06,1422109995.4415255,1.9807920222748817e-05,,,,,,,,,,,,2.483788003653e-06,1.9807920222748817e-05,TE213?,,,,8.431704140774263e-07,2.809010192143617e-06,1.3505590164982625e-09,4.001377153751443e-09,1.0634556792972019,-0.023318441499160972,-0.040137237798040994,,
77784674c2a3,loaded,"{""etch_depth"": 0.0, ""w_rib"": 500.0, ""sidewall_angle"": 5.0, ""strip_material"": ""TiO2"", ""strip_eq"": ""(0.5+0.747358*x**2/(x**2-0.0840076)+1.03335*x**2/(x**2-0.0662413)+1.02325*x**2/(x**2-0.0448956)+1.70043*x**2/(x**2-0.0225))**0.5"", ""strip_chi2"": null, ""strip_sidewall"": 5.0, ""strip_offset"": 0.0, ""substrate_height"": 1000.0, ""topclad_height"": 800.0, ""substrate_material"": ""Al2O3"", ""topclad_material"": ""SiO2"", ""core_eq_o"": ""(1+2.8032/(1-0.015287/x**2)+0.36335/(1-0.036095/x**2)-33508000/(1+367200000/x**2))**0.5"", ""core_eq_e"": ""(1+0.017061/(1-0.043855/x**2)+3.1976/(1-0.022642/x**2)-57269000/(1-74226000/x**2))**0.5"", ""core_chi2"": ""AlN"", ""t_film"": 354.0, ""h_s"": 70.0, ""w_s"": 500.0}",screened,2,TM20,A,,TE134,0.9503887909568002,8,218.60587935462308,,2.1125059947891685,2.1125059947891685,,2.4593127385591706e-06,1482602535.8570092,1.9327992267118664e-05,,,,,,,,,,,,2.4593127385591706e-06,1.9327992267118664e-05,TE134,,,,8.222036640631856e-07,2.1046404124674108e-06,4.608195494698098e-10,1.9306666284086878e-08,0.9250859243303923,-0.013688585338936226,0.08860266100854415,,
77784674c2a3,loaded,"{""etch_depth"": 0.0, ""w_rib"": 500.0, ""sidewall_angle"": 5.0, ""strip_material"": ""TiO2"", ""strip_eq"": ""(0.5+0.747358*x**2/(x**2-0.0840076)+1.03335*x**2/(x**2-0.0662413)+1.02325*x**2/(x**2-0.0448956)+1.70043*x**2/(x**2-0.0225))**0.5"", ""strip_chi2"": null, ""strip_sidewall"": 5.0, ""strip_offset"": 0.0, ""substrate_height"": 1000.0, ""topclad_height"": 800.0, ""substrate_material"": ""Al2O3"", ""topclad_material"": ""SiO2"", ""core_eq_o"": ""(1+2.8032/(1-0.015287/x**2)+0.36335/(1-0.036095/x**2)-33508000/(1+367200000/x**2))**0.5"", ""core_eq_e"": ""(1+0.017061/(1-0.043855/x**2)+3.1976/(1-0.022642/x**2)-57269000/(1-74226000/x**2))**0.5"", ""core_chi2"": ""AlN"", ""t_film"": 354.0, ""h_s"": 70.0, ""w_s"": 500.0}",screened,4,TE10,A,,TE311?,0.9996228031080648,5,220.9204202361453,,2.0732492361790467,2.0732492361790467,,2.4442052692878953e-06,1545226276.1103365,0.0005715044321943538,,,,,,,,,,,,2.4442052692878953e-06,0.0005715044321943538,TE311?,,,,8.283528844072214e-07,1.4712505124245772e-07,1.978265621084058e-06,2.9209264087087657e-07,-0.24534345426339124,0.8996497505297687,0.3456937037336227,,
77784674c2a3,loaded,"{""etch_depth"": 0.0, ""w_rib"": 500.0, ""sidewall_angle"": 5.0, ""strip_material"": ""TiO2"", ""strip_eq"": ""(0.5+0.747358*x**2/(x**2-0.0840076)+1.03335*x**2/(x**2-0.0662413)+1.02325*x**2/(x**2-0.0448956)+1.70043*x**2/(x**2-0.0225))**0.5"", ""strip_chi2"": null, ""strip_sidewall"": 5.0, ""strip_offset"": 0.0, ""substrate_height"": 1000.0, ""topclad_height"": 800.0, ""substrate_material"": ""Al2O3"", ""topclad_material"": ""SiO2"", ""core_eq_o"": ""(1+2.8032/(1-0.015287/x**2)+0.36335/(1-0.036095/x**2)-33508000/(1+367200000/x**2))**0.5"", ""core_eq_e"": ""(1+0.017061/(1-0.043855/x**2)+3.1976/(1-0.022642/x**2)-57269000/(1-74226000/x**2))**0.5"", ""core_chi2"": ""AlN"", ""t_film"": 354.0, ""h_s"": 70.0, ""w_s"": 500.0}",screened,1,TM10,S,,TE270,0.9999164516121976,120,230.97676462504256,,2.102948945510571,2.102948945510571,,1.9388501877986864e-06,1707611205.3653963,1.9134498184315388e-05,,,,,,,,,,,,1.9388501877986864e-06,1.9134498184315388e-05,TE270,,,,7.713493367330844e-07,6.1639859488729725e-06,1.0250744686332612e-09,1.2596209651259401e-06,1.7830301770677421,0.022993526396656784,-0.8060237034643989,,
77784674c2a3,loaded,"{""etch_depth"": 0.0, ""w_rib"": 500.0, ""sidewall_angle"": 5.0, ""strip_material"": ""TiO2"", ""strip_eq"": ""(0.5+0.747358*x**2/(x**2-0.0840076)+1.03335*x**2/(x**2-0.0662413)+1.02325*x**2/(x**2-0.0448956)+1.70043*x**2/(x**2-0.0225))**0.5"", ""strip_chi2"": null, ""strip_sidewall"": 5.0, ""strip_offset"": 0.0, ""substrate_height"": 1000.0, ""topclad_height"": 800.0, ""substrate_material"": ""Al2O3"", ""topclad_material"": ""SiO2"", ""core_eq_o"": ""(1+2.8032/(1-0.015287/x**2)+0.36335/(1-0.036095/x**2)-33508000/(1+367200000/x**2))**0.5"", ""core_eq_e"": ""(1+0.017061/(1-0.043855/x**2)+3.1976/(1-0.022642/x**2)-57269000/(1-74226000/x**2))**0.5"", ""core_chi2"": ""AlN"", ""t_film"": 354.0, ""h_s"": 70.0, ""w_s"": 500.0}",screened,2,TM20,A,,TM183,0.04536705264482906,122,229.67975359624384,,2.097836294282421,2.097836294282421,,1.8601132689824416e-06,1813244721.3029659,1.737678779231692e-05,,,,,,,,,,,,1.8601132689824416e-06,1.737678779231692e-05,TM183,,,,7.512821996849657e-07,2.650400173023621e-06,9.495478198766816e-09,2.7789065805813335e-08,1.1936748131211372,-0.07144777769923227,-0.12222703542190506,,
77784674c2a3,loaded,"{""etch_depth"": 0.0, ""w_rib"": 500.0, ""sidewall_angle"": 5.0, ""strip_material"": ""TiO2"", ""strip_eq"": ""(0.5+0.747358*x**2/(x**2-0.0840076)+1.03335*x**2/(x**2-0.0662413)+1.02325*x**2/(x**2-0.0448956)+1.70043*x**2/(x**2-0.0225))**0.5"", ""strip_chi2"": null, ""strip_sidewall"": 5.0, ""strip_offset"": 0.0, ""substrate_height"": 1000.0, ""topclad_height"": 800.0, ""substrate_material"": ""Al2O3"", ""topclad_material"": ""SiO2"", ""core_eq_o"": ""(1+2.8032/(1-0.015287/x**2)+0.36335/(1-0.036095/x**2)-33508000/(1+367200000/x**2))**0.5"", ""core_eq_e"": ""(1+0.017061/(1-0.043855/x**2)+3.1976/(1-0.022642/x**2)-57269000/(1-74226000/x**2))**0.5"", ""core_chi2"": ""AlN"", ""t_film"": 354.0, ""h_s"": 70.0, ""w_s"": 500.0}",screened,4,TE10,A,,TE350,0.9959001536411985,38,216.7988177059146,,2.089866128656547,2.089866128656547,,1.836008467177641e-06,2085509265.7063503,0.00038368251709024664,,,,,,,,,,,,1.836008467177641e-06,0.00038368251709024664,TE350,,,,7.045388391826347e-07,2.989867457376445e-07,2.597637978291136e-06,6.456473744857494e-07,0.40354189422935427,1.1894658361287516,-0.5930077303581059,,
77784674c2a3,loaded,"{""etch_depth"": 0.0, ""w_rib"": 500.0, ""sidewall_angle"": 5.0, ""strip_material"": ""TiO2"", ""strip_eq"": ""(0.5+0.747358*x**2/(x**2-0.0840076)+1.03335*x**2/(x**2-0.0662413)+1.02325*x**2/(x**2-0.0448956)+1.70043*x**2/(x**2-0.0225))**0.5"", ""strip_chi2"": null, ""strip_sidewall"": 5.0, ""strip_offset"": 0.0, ""substrate_height"": 1000.0, ""topclad_height"": 800.0, ""substrate_material"": ""Al2O3"", ""topclad_material"": ""SiO2"", ""core_eq_o"": ""(1+2.8032/(1-0.015287/x**2)+0.36335/(1-0.036095/x**2)-33508000/(1+367200000/x**2))**0.5"", ""core_eq_e"": ""(1+0.017061/(1-0.043855/x**2)+3.1976/(1-0.022642/x**2)-57269000/(1-74226000/x**2))**0.5"", ""core_chi2"": ""AlN"", ""t_film"": 354.0, ""h_s"": 70.0, ""w_s"": 500.0}",screened,2,TM20,A,,TE312?,0.9994528611557244,41,222.34569915413863,,2.107363799417742,2.107363799417742,,1.8358419553010555e-06,1933947679.2333045,1.6308187367835525e-05,,,,,,,,,,,,1.8358419553010555e-06,1.6308187367835525e-05,TE312?,,,,7.225319710960289e-07,1.826146889102318e-06,1.2303111593693486e-11,5.602573386648544e-15,0.9973560087860921,0.002588748356823668,5.524285708435372e-05,,
77784674c2a3,loaded,"{""etch_depth"": 0.0, ""w_rib"": 500.0, ""sidewall_angle"": 5.0, ""strip_material"": ""TiO2"", ""strip_eq"": ""(0.5+0.747358*x**2/(x**2-0.0840076)+1.03335*x**2/(x**2-0.0662413)+1.02325*x**2/(x**2-0.0448956)+1.70043*x**2/(x**2-0.0225))**0.5"", ""strip_chi2"": null, ""strip_sidewall"": 5.0, ""strip_offset"": 0.0, ""substrate_height"": 1000.0, ""topclad_height"": 800.0, ""substrate_material"": ""Al2O3"", ""topclad_material"": ""SiO2"", ""core_eq_o"": ""(1+2.8032/(1-0.015287/x**2)+0.36335/(1-0.036095/x**2)-33508000/(1+367200000/x**2))**0.5"", ""core_eq_e"": ""(1+0.017061/(1-0.043855/x**2)+3.1976/(1-0.022642/x**2)-57269000/(1-74226000/x**2))**0.5"", ""core_chi2"": ""AlN"", ""t_film"": 354.0, ""h_s"": 70.0, ""w_s"": 500.0}",screened,2,TM20,A,,TM242,0.03864684071487312,126,231.92172277947998,,2.0951055293400773,2.0951055293400773,,1.8100945949562461e-06,1834654061.3485837,1.6925597226896746e-05,,,,,,,,,,,,1.8100945949562461e-06,1.6925597226896746e-05,TM242,,,,7.483465388353882e-07,1.915760761044141e-06,3.497198877297447e-10,4.004696516836332e-10,1.0287740502237748,-0.013899831301532141,-0.014874218922242713,,
77784674c2a3,loaded,"{""etch_depth"": 0.0, ""w_rib"": 500.0, ""sidewall_angle"": 5.0, ""strip_material"": ""TiO2"", ""strip_eq"": ""(0.5+0.747358*x**2/(x**2-0.0840076)+1.03335*x**2/(x**2-0.0662413)+1.02325*x**2/(x**2-0.0448956)+1.70043*x**2/(x**2-0.0225))**0.5"", ""strip_chi2"": null, ""strip_sidewall"": 5.0, ""strip_offset"": 0.0, ""substrate_height"": 1000.0, ""topclad_height"": 800.0, ""substrate_material"": ""Al2O3"", ""topclad_material"": ""SiO2"", ""core_eq_o"": ""(1+2.8032/(1-0.015287/x**2)+0.36335/(1-0.036095/x**2)-33508000/(1+367200000/x**2))**0.5"", ""core_eq_e"": ""(1+0.017061/(1-0.043855/x**2)+3.1976/(1-0.022642/x**2)-57269000/(1-74226000/x**2))**0.5"", ""core_chi2"": ""AlN"", ""t_film"": 354.0, ""h_s"": 70.0, ""w_s"": 500.0}",screened,2,TM20,A,,TE173?,0.9998787420608545,83,223.48851557099718,,2.1058268345860114,2.1058268345860114,,1.4780772022183327e-06,2382761185.6039634,1.526271925896655e-05,,,,,,,,,,,,1.4780772022183327e-06,1.526271925896655e-05,TE173?,,,,6.516500911103114e-07,1.2694338552808166e-06,3.176300828001184e-11,8.969283137346232e-09,0.9267369497507841,-0.004635667250692835,0.07789871749990868,,
77784674c2a3,loaded,"{""etch_depth"": 0.0, ""w_rib"": 500.0, ""sidewall_angle"": 5.0, ""strip_material"": ""TiO2"", ""strip_eq"": ""(0.5+0.747358*x**2/(x**2-0.0840076)+1.03335*x**2/(x**2-0.0662413)+1.02325*x**2/(x**2-0.0448956)+1.70043*x**2/(x**2-0.0225))**0.5"", ""strip_chi2"": null, ""strip_sidewall"": 5.0, ""strip_offset"": 0.0, ""substrate_height"": 1000.0, ""topclad_height"": 800.0, ""substrate_material"": ""Al2O3"", ""topclad_material"": ""SiO2"", ""core_eq_o"": ""(1+2.8032/(1-0.015287/x**2)+0.36335/(1-0.036095/x**2)-33508000/(1+367200000/x**2))**0.5"", ""core_eq_e"": ""(1+0.017061/(1-0.043855/x**2)+3.1976/(1-0.022642/x**2)-57269000/(1-74226000/x**2))**0.5"", ""core_chi2"": ""AlN"", ""t_film"": 354.0, ""h_s"": 70.0, ""w_s"": 500.0}",screened,2,TM20,A,,TE311,0.9189255519481395,3,218.79925185690774,,2.1122303195387357,2.1122303195387357,,1.3396108469978264e-06,2718077818.3992496,1.376779247760496e-05,,,,,,,,,,,,1.3396108469978264e-06,1.376779247760496e-05,TE311,,,,6.073595302865765e-07,1.292290209512643e-06,1.6714104759758652e-09,4.103350431047837e-10,0.9821791246216991,0.03532256493906965,-0.0175016895607687,,
77784674c2a3,loaded,"{""etch_depth"": 0.0, ""w_rib"": 500.0, ""sidewall_angle"": 5.0, ""strip_material"": ""TiO2"", ""strip_eq"": ""(0.5+0.747358*x**2/(x**2-0.0840076)+1.03335*x**2/(x**2-0.0662413)+1.02325*x**2/(x**2-0.0448956)+1.70043*x**2/(x**2-0.0225))**0.5"", ""strip_chi2"": null, ""strip_sidewall"": 5.0, ""strip_offset"": 0.0, ""substrate_height"": 1000.0, ""topclad_height"": 800.0, ""substrate_material"": ""Al2O3"", ""topclad_material"": ""SiO2"", ""core_eq_o"": ""(1+2.8032/(1-0.015287/x**2)+0.36335/(1-0.036095/x**2)-33508000/(1+367200000/x**2))**0.5"", ""core_eq_e"": ""(1+0.017061/(1-0.043855/x**2)+3.1976/(1-0.022642/x**2)-57269000/(1-74226000/x**2))**0.5"", ""core_chi2"": ""AlN"", ""t_film"": 354.0, ""h_s"": 70.0, ""w_s"": 500.0}",screened,2,TM20,A,,TM184?,0.05568146853746345,119,229.0138029538812,,2.098684110701925,2.098684110701925,,1.31587150519267e-06,2575004551.4546385,1.5639564673226486e-05,,,,,,,,,,,,1.31587150519267e-06,1.5639564673226486e-05,TM184?,,,,6.300559105300902e-07,2.657331163397344e-05,3.905013495954506e-06,1.8713709592961466e-05,-4.493824411303074,1.7226796694267974,3.771144741876277,,
77784674c2a3,loaded,"{""etch_depth"": 0.0, ""w_rib"": 500.0, ""sidewall_angle"": 5.0, ""strip_material"": ""TiO2"", ""strip_eq"": ""(0.5+0.747358*x**2/(x**2-0.0840076)+1.03335*x**2/(x**2-0.0662413)+1.02325*x**2/(x**2-0.0448956)+1.70043*x**2/(x**2-0.0225))**0.5"", ""strip_chi2"": null, ""strip_sidewall"": 5.0, ""strip_offset"": 0.0, ""substrate_height"": 1000.0, ""topclad_height"": 800.0, ""substrate_material"": ""Al2O3"", ""topclad_material"": ""SiO2"", ""core_eq_o"": ""(1+2.8032/(1-0.015287/x**2)+0.36335/(1-0.036095/x**2)-33508000/(1+367200000/x**2))**0.5"", ""core_eq_e"": ""(1+0.017061/(1-0.043855/x**2)+3.1976/(1-0.022642/x**2)-57269000/(1-74226000/x**2))**0.5"", ""core_chi2"": ""AlN"", ""t_film"": 354.0, ""h_s"": 70.0, ""w_s"": 500.0}",screened,3,TE00,S,,TE34?,0.9504025632540597,41,217.51790088393435,,2.1837407121576824,2.1837407121576824,,1.2802401254656572e-06,2604182221.4912443,0.0005017779139979961,,,,,,,,,,,,1.2802401254656572e-06,0.0005017779139979961,TE34?,,,,5.902709513502929e-07,8.126275076267079e-06,3.782539385135792e-07,2.1133904985257667e-05,-2.5194169230397603,-0.5435581501586895,4.06297507319845,,
77784674c2a3,loaded,"{""etch_depth"": 0.0, ""w_rib"": 500.0, ""sidewall_angle"": 5.0, ""strip_material"": ""TiO2"", ""strip_eq"": ""(0.5+0.747358*x**2/(x**2-0.0840076)+1.03335*x**2/(x**2-0.0662413)+1.02325*x**2/(x**2-0.0448956)+1.70043*x**2/(x**2-0.0225))**0.5"", ""strip_chi2"": null, ""strip_sidewall"": 5.0, ""strip_offset"": 0.0, ""substrate_height"": 1000.0, ""topclad_height"": 800.0, ""substrate_material"": ""Al2O3"", ""topclad_material"": ""SiO2"", ""core_eq_o"": ""(1+2.8032/(1-0.015287/x**2)+0.36335/(1-0.036095/x**2)-33508000/(1+367200000/x**2))**0.5"", ""core_eq_e"": ""(1+0.017061/(1-0.043855/x**2)+3.1976/(1-0.022642/x**2)-57269000/(1-74226000/x**2))**0.5"", ""core_chi2"": ""AlN"", ""t_film"": 354.0, ""h_s"": 70.0, ""w_s"": 500.0}",screened,2,TM20,A,,TE192,0.9999999481831543,132,234.38200891948154,,2.0921314287843584,2.0921314287843584,,9.384740918205499e-07,3479511696.9675903,1.2388842196231143e-05,,,,,,,,,,,,9.384740918205499e-07,1.2388842196231143e-05,TE192,,,,5.445604623551109e-07,1.1320621957724884e-06,1.116111737326121e-12,8.86967042847982e-09,1.0983076283740083,-0.0010905427473265105,-0.09721708562668177,,
77784674c2a3,loaded,"{""etch_depth"": 0.0, ""w_rib"": 500.0, ""sidewall_angle"": 5.0, ""strip_material"": ""TiO2"", ""strip_eq"": ""(0.5+0.747358*x**2/(x**2-0.0840076)+1.03335*x**2/(x**2-0.0662413)+1.02325*x**2/(x**2-0.0448956)+1.70043*x**2/(x**2-0.0225))**0.5"", ""strip_chi2"": null, ""strip_sidewall"": 5.0, ""strip_offset"": 0.0, ""substrate_height"": 1000.0, ""topclad_height"": 800.0, ""substrate_material"": ""Al2O3"", ""topclad_material"": ""SiO2"", ""core_eq_o"": ""(1+2.8032/(1-0.015287/x**2)+0.36335/(1-0.036095/x**2)-33508000/(1+367200000/x**2))**0.5"", ""core_eq_e"": ""(1+0.017061/(1-0.043855/x**2)+3.1976/(1-0.022642/x**2)-57269000/(1-74226000/x**2))**0.5"", ""core_chi2"": ""AlN"", ""t_film"": 354.0, ""h_s"": 70.0, ""w_s"": 500.0}",screened,2,TM20,A,,TE14?,0.9999566143799901,52,222.7804545201087,,2.1067791003374303,2.1067791003374303,,7.354864523461152e-07,4812493667.836957,1.0721843025250197e-05,,,,,,,,,,,,7.354864523461152e-07,1.0721843025250197e-05,TE14?,,,,4.582211326974655e-07,7.517451133922434e-07,3.86114709747494e-12,1.2978387090407766e-10,1.0109925799146338,0.0022912413313687405,-0.013283821246002431,,
77784674c2a3,loaded,"{""etch_depth"": 0.0, ""w_rib"": 500.0, ""sidewall_angle"": 5.0, ""strip_material"": ""TiO2"", ""strip_eq"": ""(0.5+0.747358*x**2/(x**2-0.0840076)+1.03335*x**2/(x**2-0.0662413)+1.02325*x**2/(x**2-0.0448956)+1.70043*x**2/(x**2-0.0225))**0.5"", ""strip_chi2"": null, ""strip_sidewall"": 5.0, ""strip_offset"": 0.0, ""substrate_height"": 1000.0, ""topclad_height"": 800.0, ""substrate_material"": ""Al2O3"", ""topclad_material"": ""SiO2"", ""core_eq_o"": ""(1+2.8032/(1-0.015287/x**2)+0.36335/(1-0.036095/x**2)-33508000/(1+367200000/x**2))**0.5"", ""core_eq_e"": ""(1+0.017061/(1-0.043855/x**2)+3.1976/(1-0.022642/x**2)-57269000/(1-74226000/x**2))**0.5"", ""core_chi2"": ""AlN"", ""t_film"": 354.0, ""h_s"": 70.0, ""w_s"": 500.0}",screened,0,TM00,A,,TE231,0.9984987271716573,138,231.27535255048156,,2.139288900568599,2.139288900568599,,6.430474680292137e-07,4878046934.209825,6.928189886603964e-06,,,,,,,,,,,,6.430474680292137e-07,6.928189886603964e-06,TE231,,,,4.4479670162531097e-07,1.9937741199646084e-06,9.24402336928496e-11,3.84056404050362e-07,1.760826075460564,0.011989718898290242,-0.7728157943588542,,
77784674c2a3,loaded,"{""etch_depth"": 0.0, ""w_rib"": 500.0, ""sidewall_angle"": 5.0, ""strip_material"": ""TiO2"", ""strip_eq"": ""(0.5+0.747358*x**2/(x**2-0.0840076)+1.03335*x**2/(x**2-0.0662413)+1.02325*x**2/(x**2-0.0448956)+1.70043*x**2/(x**2-0.0225))**0.5"", ""strip_chi2"": null, ""strip_sidewall"": 5.0, ""strip_offset"": 0.0, ""substrate_height"": 1000.0, ""topclad_height"": 800.0, ""substrate_material"": ""Al2O3"", ""topclad_material"": ""SiO2"", ""core_eq_o"": ""(1+2.8032/(1-0.015287/x**2)+0.36335/(1-0.036095/x**2)-33508000/(1+367200000/x**2))**0.5"", ""core_eq_e"": ""(1+0.017061/(1-0.043855/x**2)+3.1976/(1-0.022642/x**2)-57269000/(1-74226000/x**2))**0.5"", ""core_chi2"": ""AlN"", ""t_film"": 354.0, ""h_s"": 70.0, ""w_s"": 500.0}",screened,4,TE10,A,,TM183,0.05089015394141492,122,233.07992859148402,,2.0464873410290876,2.0464873410290876,,5.717049977252062e-07,6170879911.8493395,0.0005305145857411773,,,,,,,,,,,,5.717049977252062e-07,0.0005305145857411773,TM183,,,,4.226701333750403e-07,9.413882809141976e-05,7.78843950719601e-05,1.4687312660266328e-08,12.832119620197016,-11.671837464167496,-0.16028215602951906,,
77784674c2a3,loaded,"{""etch_depth"": 0.0, ""w_rib"": 500.0, ""sidewall_angle"": 5.0, ""strip_material"": ""TiO2"", ""strip_eq"": ""(0.5+0.747358*x**2/(x**2-0.0840076)+1.03335*x**2/(x**2-0.0662413)+1.02325*x**2/(x**2-0.0448956)+1.70043*x**2/(x**2-0.0225))**0.5"", ""strip_chi2"": null, ""strip_sidewall"": 5.0, ""strip_offset"": 0.0, ""substrate_height"": 1000.0, ""topclad_height"": 800.0, ""substrate_material"": ""Al2O3"", ""topclad_material"": ""SiO2"", ""core_eq_o"": ""(1+2.8032/(1-0.015287/x**2)+0.36335/(1-0.036095/x**2)-33508000/(1+367200000/x**2))**0.5"", ""core_eq_e"": ""(1+0.017061/(1-0.043855/x**2)+3.1976/(1-0.022642/x**2)-57269000/(1-74226000/x**2))**0.5"", ""core_chi2"": ""AlN"", ""t_film"": 354.0, ""h_s"": 70.0, ""w_s"": 500.0}",screened,4,TE10,A,,TE54,0.9101018606125408,51,225.71818610359827,,2.0591559266607407,2.0591559266607407,,3.0646523451747385e-07,12049638092.25259,0.000265567386103687,,,,,,,,,,,,3.0646523451747385e-07,0.000265567386103687,TE54,,,,2.996869620833707e-07,0.00019707435719869623,1.2344866881606055e-05,9.942479287118509e-05,25.358552029490554,-6.346767628828427,-18.011784400662123,,
77784674c2a3,loaded,"{""etch_depth"": 0.0, ""w_rib"": 500.0, ""sidewall_angle"": 5.0, ""strip_material"": ""TiO2"", ""strip_eq"": ""(0.5+0.747358*x**2/(x**2-0.0840076)+1.03335*x**2/(x**2-0.0662413)+1.02325*x**2/(x**2-0.0448956)+1.70043*x**2/(x**2-0.0225))**0.5"", ""strip_chi2"": null, ""strip_sidewall"": 5.0, ""strip_offset"": 0.0, ""substrate_height"": 1000.0, ""topclad_height"": 800.0, ""substrate_material"": ""Al2O3"", ""topclad_material"": ""SiO2"", ""core_eq_o"": ""(1+2.8032/(1-0.015287/x**2)+0.36335/(1-0.036095/x**2)-33508000/(1+367200000/x**2))**0.5"", ""core_eq_e"": ""(1+0.017061/(1-0.043855/x**2)+3.1976/(1-0.022642/x**2)-57269000/(1-74226000/x**2))**0.5"", ""core_chi2"": ""AlN"", ""t_film"": 354.0, ""h_s"": 70.0, ""w_s"": 500.0}",screened,0,TM00,A,,TE250,0.9999873468997197,140,232.55955558990786,,2.1374331943461464,2.1374331943461464,,3.008850346025835e-07,10337354502.458338,4.811653577435669e-06,,,,,,,,,,,,3.008850346025835e-07,4.811653577435669e-06,TE250,,,,3.059462769776166e-07,8.430603633239394e-08,1.427168332386952e-12,7.057336404723835e-07,-0.529333087868191,-0.0021778968490743307,1.5315109847172652,,
77784674c2a3,loaded,"{""etch_depth"": 0.0, ""w_rib"": 500.0, ""sidewall_angle"": 5.0, ""strip_material"": ""TiO2"", ""strip_eq"": ""(0.5+0.747358*x**2/(x**2-0.0840076)+1.03335*x**2/(x**2-0.0662413)+1.02325*x**2/(x**2-0.0448956)+1.70043*x**2/(x**2-0.0225))**0.5"", ""strip_chi2"": null, ""strip_sidewall"": 5.0, ""strip_offset"": 0.0, ""substrate_height"": 1000.0, ""topclad_height"": 800.0, ""substrate_material"": ""Al2O3"", ""topclad_material"": ""SiO2"", ""core_eq_o"": ""(1+2.8032/(1-0.015287/x**2)+0.36335/(1-0.036095/x**2)-33508000/(1+367200000/x**2))**0.5"", ""core_eq_e"": ""(1+0.017061/(1-0.043855/x**2)+3.1976/(1-0.022642/x**2)-57269000/(1-74226000/x**2))**0.5"", ""core_chi2"": ""AlN"", ""t_film"": 354.0, ""h_s"": 70.0, ""w_s"": 500.0}",screened,1,TM10,S,,TE113,0.9997815613972154,125,232.2250820372541,,2.1014711164315165,2.1014711164315165,,2.805516670101698e-07,11699159039.510218,7.568198374332376e-06,,,,,,,,,,,,2.805516670101698e-07,7.568198374332376e-06,TE113,,,,2.950028705378928e-07,3.434442400719707e-05,2.7222743301526697e-10,2.8592971600328536e-05,11.06424265209328,0.031150105164257966,-10.095392757257539,,
77784674c2a3,loaded,"{""etch_depth"": 0.0, ""w_rib"": 500.0, ""sidewall_angle"": 5.0, ""strip_material"": ""TiO2"", ""strip_eq"": ""(0.5+0.747358*x**2/(x**2-0.0840076)+1.03335*x**2/(x**2-0.0662413)+1.02325*x**2/(x**2-0.0448956)+1.70043*x**2/(x**2-0.0225))**0.5"", ""strip_chi2"": null, ""strip_sidewall"": 5.0, ""strip_offset"": 0.0, ""substrate_height"": 1000.0, ""topclad_height"": 800.0, ""substrate_material"": ""Al2O3"", ""topclad_material"": ""SiO2"", ""core_eq_o"": ""(1+2.8032/(1-0.015287/x**2)+0.36335/(1-0.036095/x**2)-33508000/(1+367200000/x**2))**0.5"", ""core_eq_e"": ""(1+0.017061/(1-0.043855/x**2)+3.1976/(1-0.022642/x**2)-57269000/(1-74226000/x**2))**0.5"", ""core_chi2"": ""AlN"", ""t_film"": 354.0, ""h_s"": 70.0, ""w_s"": 500.0}",screened,4,TE10,A,,TE310,0.9997806594771056,108,225.5209237243746,,2.0595472807516115,2.0595472807516115,,2.1199125084443442e-07,17440105345.778835,0.00020817432806097535,,,,,,,,,,,,2.1199125084443442e-07,0.00020817432806097535,TE310,,,,2.490327707428901e-07,1.035811949486514e-06,2.9011495739454014e-07,1.2010989495747675e-06,2.2104540415486924,1.1698389883111078,-2.3802930298598,,
77784674c2a3,loaded,"{""etch_depth"": 0.0, ""w_rib"": 500.0, ""sidewall_angle"": 5.0, ""strip_material"": ""TiO2"", ""strip_eq"": ""(0.5+0.747358*x**2/(x**2-0.0840076)+1.03335*x**2/(x**2-0.0662413)+1.02325*x**2/(x**2-0.0448956)+1.70043*x**2/(x**2-0.0225))**0.5"", ""strip_chi2"": null, ""strip_sidewall"": 5.0, ""strip_offset"": 0.0, ""substrate_height"": 1000.0, ""topclad_height"": 800.0, ""substrate_material"": ""Al2O3"", ""topclad_material"": ""SiO2"", ""core_eq_o"": ""(1+2.8032/(1-0.015287/x**2)+0.36335/(1-0.036095/x**2)-33508000/(1+367200000/x**2))**0.5"", ""core_eq_e"": ""(1+0.017061/(1-0.043855/x**2)+3.1976/(1-0.022642/x**2)-57269000/(1-74226000/x**2))**0.5"", ""core_chi2"": ""AlN"", ""t_film"": 354.0, ""h_s"": 70.0, ""w_s"": 500.0}",screened,2,TM20,A,,TM360,0.059426789550695955,76,220.92567648358417,,2.109273576764923,2.109273576764923,,1.7848652451083006e-07,20093679342.585552,5.094000045157644e-06,,,,,,,,,,,,1.7848652451083006e-07,5.094000045157644e-06,TM360,,,,2.2385128933781702e-07,1.2447376239926414e-07,2.090696528067656e-09,5.733212267144231e-10,0.835095593241021,0.10822878487551878,0.056675621883460196,,
77784674c2a3,loaded,"{""etch_depth"": 0.0, ""w_rib"": 500.0, ""sidewall_angle"": 5.0, ""strip_material"": ""TiO2"", ""strip_eq"": ""(0.5+0.747358*x**2/(x**2-0.0840076)+1.03335*x**2/(x**2-0.0662413)+1.02325*x**2/(x**2-0.0448956)+1.70043*x**2/(x**2-0.0225))**0.5"", ""strip_chi2"": null, ""strip_sidewall"": 5.0, ""strip_offset"": 0.0, ""substrate_height"": 1000.0, ""topclad_height"": 800.0, ""substrate_material"": ""Al2O3"", ""topclad_material"": ""SiO2"", ""core_eq_o"": ""(1+2.8032/(1-0.015287/x**2)+0.36335/(1-0.036095/x**2)-33508000/(1+367200000/x**2))**0.5"", ""core_eq_e"": ""(1+0.017061/(1-0.043855/x**2)+3.1976/(1-0.022642/x**2)-57269000/(1-74226000/x**2))**0.5"", ""core_chi2"": ""AlN"", ""t_film"": 354.0, ""h_s"": 70.0, ""w_s"": 500.0}",screened,4,TE10,A,,TE290,0.9971679333237248,124,230.73337519878996,,2.0496672848271222,2.0496672848271222,,1.5315963699764963e-07,23395953512.847977,0.00025307482736326676,,,,,,,,,,,,1.5315963699764963e-07,0.00025307482736326676,TE290,,,,2.1656749511200137e-07,2.1991482312822635e-06,2.2882538887607214e-07,2.4647535381231987e-06,3.789265952016388,1.2223059908701923,-4.01157194288658,,
77784674c2a3,loaded,"{""etch_depth"": 0.0, ""w_rib"": 500.0, ""sidewall_angle"": 5.0, ""strip_material"": ""TiO2"", ""strip_eq"": ""(0.5+0.747358*x**2/(x**2-0.0840076)+1.03335*x**2/(x**2-0.0662413)+1.02325*x**2/(x**2-0.0448956)+1.70043*x**2/(x**2-0.0225))**0.5"", ""strip_chi2"": null, ""strip_sidewall"": 5.0, ""strip_offset"": 0.0, ""substrate_height"": 1000.0, ""topclad_height"": 800.0, ""substrate_material"": ""Al2O3"", ""topclad_material"": ""SiO2"", ""core_eq_o"": ""(1+2.8032/(1-0.015287/x**2)+0.36335/(1-0.036095/x**2)-33508000/(1+367200000/x**2))**0.5"", ""core_eq_e"": ""(1+0.017061/(1-0.043855/x**2)+3.1976/(1-0.022642/x**2)-57269000/(1-74226000/x**2))**0.5"", ""core_chi2"": ""AlN"", ""t_film"": 354.0, ""h_s"": 70.0, ""w_s"": 500.0}",screened,4,TE10,A,,TE232,0.9975461512569417,102,230.561280242296,,2.0499005001851365,2.0499005001851365,,1.2021463950728783e-07,29841975635.58757,0.0002271745932929076,,,,,,,,,,,,1.2021463950728783e-07,0.0002271745932929076,TE232,,,,1.9172367469848853e-07,3.735374406813338e-07,2.0112836472724756e-07,5.082700932876347e-07,1.762740530102388,1.293474829916175,-2.0562153600185624,,
77784674c2a3,loaded,"{""etch_depth"": 0.0, ""w_rib"": 500.0, ""sidewall_angle"": 5.0, ""strip_material"": ""TiO2"", ""strip_eq"": ""(0.5+0.747358*x**2/(x**2-0.0840076)+1.03335*x**2/(x**2-0.0662413)+1.02325*x**2/(x**2-0.0448956)+1.70043*x**2/(x**2-0.0225))**0.5"", ""strip_chi2"": null, ""strip_sidewall"": 5.0, ""strip_offset"": 0.0, ""substrate_height"": 1000.0, ""topclad_height"": 800.0, ""substrate_material"": ""Al2O3"", ""topclad_material"": ""SiO2"", ""core_eq_o"": ""(1+2.8032/(1-0.015287/x**2)+0.36335/(1-0.036095/x**2)-33508000/(1+367200000/x**2))**0.5"", ""core_eq_e"": ""(1+0.017061/(1-0.043855/x**2)+3.1976/(1-0.022642/x**2)-57269000/(1-74226000/x**2))**0.5"", ""core_chi2"": ""AlN"", ""t_film"": 354.0, ""h_s"": 70.0, ""w_s"": 500.0}",screened,2,TM20,A,,TE270,0.9999796854908339,120,231.63659072600313,,2.0954502093286815,2.0954502093286815,,1.1900466872828742e-07,27960546665.17945,4.278703454963924e-06,,,,,,,,,,,,1.1900466872828742e-07,4.278703454963924e-06,TE270,,,,1.9164604197894166e-07,1.5440757248181277e-07,9.990229509488456e-12,2.008476019373409e-09,1.1390749410775594,-0.009162325847833143,-0.12991261522972614,,
77784674c2a3,loaded,"{""etch_depth"": 0.0, ""w_rib"": 500.0, ""sidewall_angle"": 5.0, ""strip_material"": ""TiO2"", ""strip_eq"": ""(0.5+0.747358*x**2/(x**2-0.0840076)+1.03335*x**2/(x**2-0.0662413)+1.02325*x**2/(x**2-0.0448956)+1.70043*x**2/(x**2-0.0225))**0.5"", ""strip_chi2"": null, ""strip_sidewall"": 5.0, ""strip_offset"": 0.0, ""substrate_height"": 1000.0, ""topclad_height"": 800.0, ""substrate_material"": ""Al2O3"", ""topclad_material"": ""SiO2"", ""core_eq_o"": ""(1+2.8032/(1-0.015287/x**2)+0.36335/(1-0.036095/x**2)-33508000/(1+367200000/x**2))**0.5"", ""core_eq_e"": ""(1+0.017061/(1-0.043855/x**2)+3.1976/(1-0.022642/x**2)-57269000/(1-74226000/x**2))**0.5"", ""core_chi2"": ""AlN"", ""t_film"": 354.0, ""h_s"": 70.0, ""w_s"": 500.0}",screened,2,TM20,A,,TE113,0.9997815613972154,125,232.92001359976646,,2.093898752114002,2.093898752114002,,1.1480936717470286e-07,28727514541.52929,4.384839945578361e-06,,,,,,,,,,,,1.1480936717470286e-07,4.384839945578361e-06,TE113,,,,1.892806237801771e-07,2.1946651684563908e-07,2.333085668240791e-12,1.6412116212535266e-08,1.3825965661938922,-0.00450792499436315,-0.3780886411995291,,
77784674c2a3,loaded,"{""etch_depth"": 0.0, ""w_rib"": 500.0, ""sidewall_angle"": 5.0, ""strip_material"": ""TiO2"", ""strip_eq"": ""(0.5+0.747358*x**2/(x**2-0.0840076)+1.03335*x**2/(x**2-0.0662413)+1.02325*x**2/(x**2-0.0448956)+1.70043*x**2/(x**2-0.0225))**0.5"", ""strip_chi2"": null, ""strip_sidewall"": 5.0, ""strip_offset"": 0.0, ""substrate_height"": 1000.0, ""topclad_height"": 800.0, ""substrate_material"": ""Al2O3"", ""topclad_material"": ""SiO2"", ""core_eq_o"": ""(1+2.8032/(1-0.015287/x**2)+0.36335/(1-0.036095/x**2)-33508000/(1+367200000/x**2))**0.5"", ""core_eq_e"": ""(1+0.017061/(1-0.043855/x**2)+3.1976/(1-0.022642/x**2)-57269000/(1-74226000/x**2))**0.5"", ""core_chi2"": ""AlN"", ""t_film"": 354.0, ""h_s"": 70.0, ""w_s"": 500.0}",screened,2,TM20,A,,TE330,0.9877800556711382,5,218.7483475864395,,2.112302889564689,2.112302889564689,,8.097719973292079e-08,44981623707.76214,3.349765795244125e-06,,,,,,,,,,,,8.097719973292079e-08,3.349765795244125e-06,TE330,,,,1.492921073506738e-07,7.620853790376793e-08,1.1032648993833757e-10,3.6136615331601733e-10,0.9701087853418044,-0.036911230501845284,0.0668024451600408,,
77784674c2a3,loaded,"{""etch_depth"": 0.0, ""w_rib"": 500.0, ""sidewall_angle"": 5.0, ""strip_material"": ""TiO2"", ""strip_eq"": ""(0.5+0.747358*x**2/(x**2-0.0840076)+1.03335*x**2/(x**2-0.0662413)+1.02325*x**2/(x**2-0.0448956)+1.70043*x**2/(x**2-0.0225))**0.5"", ""strip_chi2"": null, ""strip_sidewall"": 5.0, ""strip_offset"": 0.0, ""substrate_height"": 1000.0, ""topclad_height"": 800.0, ""substrate_material"": ""Al2O3"", ""topclad_material"": ""SiO2"", ""core_eq_o"": ""(1+2.8032/(1-0.015287/x**2)+0.36335/(1-0.036095/x**2)-33508000/(1+367200000/x**2))**0.5"", ""core_eq_e"": ""(1+0.017061/(1-0.043855/x**2)+3.1976/(1-0.022642/x**2)-57269000/(1-74226000/x**2))**0.5"", ""core_chi2"": ""AlN"", ""t_film"": 354.0, ""h_s"": 70.0, ""w_s"": 500.0}",screened,2,TM20,A,,TE212,0.9998966633278943,115,230.2538227381535,,2.0971217592245366,2.0971217592245366,,5.254807100453228e-08,63931457924.36168,2.8848138611369297e-06,,,,,,,,,,,,5.254807100453228e-08,2.8848138611369297e-06,TE212,,,,1.265889881264138e-07,3.596855319965588e-08,8.361146946851735e-11,9.263475164484278e-10,0.8273382350557021,0.039889127686822706,0.13277263725747515,,
77784674c2a3,loaded,"{""etch_depth"": 0.0, ""w_rib"": 500.0, ""sidewall_angle"": 5.0, ""strip_material"": ""TiO2"", ""strip_eq"": ""(0.5+0.747358*x**2/(x**2-0.0840076)+1.03335*x**2/(x**2-0.0662413)+1.02325*x**2/(x**2-0.0448956)+1.70043*x**2/(x**2-0.0225))**0.5"", ""strip_chi2"": null, ""strip_sidewall"": 5.0, ""strip_offset"": 0.0, ""substrate_height"": 1000.0, ""topclad_height"": 800.0, ""substrate_material"": ""Al2O3"", ""topclad_material"": ""SiO2"", ""core_eq_o"": ""(1+2.8032/(1-0.015287/x**2)+0.36335/(1-0.036095/x**2)-33508000/(1+367200000/x**2))**0.5"", ""core_eq_e"": ""(1+0.017061/(1-0.043855/x**2)+3.1976/(1-0.022642/x**2)-57269000/(1-74226000/x**2))**0.5"", ""core_chi2"": ""AlN"", ""t_film"": 354.0, ""h_s"": 70.0, ""w_s"": 500.0}",screened,3,TE00,S,,TE250,0.9999999598357623,140,234.08615788498852,,2.1217936980320986,2.1217936980320986,,8.276516991094529e-09,379181797159.51636,3.307111733453305e-05,,,,,,,,,,,,8.276516991094529e-09,3.307111733453305e-05,TE250,,,,5.1075218020857e-08,1.413108172729675e-09,3.563838852768767e-09,1.2787522941332586e-08,0.41320341159191615,-0.6561984853529639,1.2429950737610478,,
