fingerprint,family,params,status,pump_id,pump_label,pump_sym_class,pump_te_fraction,sh_label,sh_te_fraction,sh_track,wavelength_sh,wavelength_sh_corrected,n_eff_pump,n_eff_sh,delta_n_residual,eta_pct_per_W_cm2,A_shg_um2,overlap_shape,overlap_linear_emode,A_eff_pump_um2,A_eff_sh_um2,pump_scattering_dB_per_m,pump_absorption_dB_per_m,sh_scattering_dB_per_m,sh_absorption_dB_per_m,L_opt_mm,L_eff_mm,peak_efficiency_pct_per_W,cerenkov_allowed_any,eta_screen_pct_per_W_cm2,overlap_shape_screen,sh_label_screen,export_path,pump_identify_similarity,sh_identify_similarity,sh_label_old
1a03c9579098,ridge,"{""sidewall_angle"": 5.0, ""substrate_height"": 1000.0, ""topclad_height"": 800.0, ""substrate_material"": ""Al2O3"", ""topclad_material"": ""SiO2"", ""core_eq_o"": ""(1+2.8032/(1-0.015287/x**2)+0.36335/(1-0.036095/x**2)-33508000/(1+367200000/x**2))**0.5"", ""core_eq_e"": ""(1+0.017061/(1-0.043855/x**2)+3.1976/(1-0.022642/x**2)-57269000/(1-74226000/x**2))**0.5"", ""core_chi2"": ""AlN"", ""h_core"": 300.0, ""w_core"": 300.0}",refined,0,TM00,A,0.0023488252881969,TM40,0.0793839213640491,0,220.7696321991636,220.76702969011023,2.009220597076906,2.009175445932297,4.515114460890146e-05,10.559190131085089,393.5261898819175,0.0151762907063988,0.0087882208968314,0.0761520365292171,0.05002390946742,1580.1087088072327,1618.7893254378732,77977.16695682185,0.0,0.3009985,0.0890793044739737,0.0008378846703854,False,11.101502847154876,0.0155357262409017,TM43,runs\trial_grid\exports\1a03c9579098_x00.npz,0.999997258777753,0.9999617438987056,TM43
1a03c9579098,ridge,"{""sidewall_angle"": 5.0, ""substrate_height"": 1000.0, ""topclad_height"": 800.0, ""substrate_material"": ""Al2O3"", ""topclad_material"": ""SiO2"", ""core_eq_o"": ""(1+2.8032/(1-0.015287/x**2)+0.36335/(1-0.036095/x**2)-33508000/(1+367200000/x**2))**0.5"", ""core_eq_e"": ""(1+0.017061/(1-0.043855/x**2)+3.1976/(1-0.022642/x**2)-57269000/(1-74226000/x**2))**0.5"", ""core_chi2"": ""AlN"", ""h_core"": 300.0, ""w_core"": 300.0}",refined,0,TM00,A,0.0023028844991317,TM04?,0.0415397734455746,2,219.45911890746063,219.4538930844478,2.0118135095881167,2.0117224706217107,9.1038966405943e-05,4.961600284052193,844.2741273407069,0.0105917496949561,0.0106155473787572,0.0756399624831253,0.0640681395505256,1588.5673673141623,1613.990388257368,11621.55559441218,0.0,0.99099505,0.3596282487544465,0.0064169605611972,False,4.71467655190991,0.0103361231224292,TM24,runs\trial_grid\exports\1a03c9579098_x01.npz,0.9999986444400506,0.999690689143628,TM24
1a03c9579098,ridge,"{""sidewall_angle"": 5.0, ""substrate_height"": 1000.0, ""topclad_height"": 800.0, ""substrate_material"": ""Al2O3"", ""topclad_material"": ""SiO2"", ""core_eq_o"": ""(1+2.8032/(1-0.015287/x**2)+0.36335/(1-0.036095/x**2)-33508000/(1+367200000/x**2))**0.5"", ""core_eq_e"": ""(1+0.017061/(1-0.043855/x**2)+3.1976/(1-0.022642/x**2)-57269000/(1-74226000/x**2))**0.5"", ""core_chi2"": ""AlN"", ""h_core"": 300.0, ""w_core"": 300.0}",refined,0,TM00,A,0.0021602087837416,TM41,0.1199038718638882,4,215.27662973832895,215.2642477077763,2.0202786298911706,2.019947907675682,0.0003307222154886,0.8819376312797141,4874.854628528206,0.0042165571479315,0.0006978467749342,0.0740358732732969,0.0555463311907078,1615.2164314144327,1598.2197985668886,95866.2077143296,0.0,0.2609987,0.0746119689731131,4.909699092894958e-05,False,0.8387458713413769,0.0041139944665565,TM41,runs\trial_grid\exports\1a03c9579098_x02.npz,0.999999649567957,0.9999125081369332,TM41
1a03c9579098,ridge,"{""sidewall_angle"": 5.0, ""substrate_height"": 1000.0, ""topclad_height"": 800.0, ""substrate_material"": ""Al2O3"", ""topclad_material"": ""SiO2"", ""core_eq_o"": ""(1+2.8032/(1-0.015287/x**2)+0.36335/(1-0.036095/x**2)-33508000/(1+367200000/x**2))**0.5"", ""core_eq_e"": ""(1+0.017061/(1-0.043855/x**2)+3.1976/(1-0.022642/x**2)-57269000/(1-74226000/x**2))**0.5"", ""core_chi2"": ""AlN"", ""h_core"": 300.0, ""w_core"": 300.0}",refined,0,TM00,A,0.0022174090646822,TE31,0.9133772920081088,3,216.97463206817324,216.9767533087388,2.016806135742089,2.016846012297459,-3.9876555370632616e-05,0.3249781782245336,13088.288353052829,0.0025989355429738,0.0003409861417849,0.0746816169053492,0.0709212498539748,1604.4641470071476,1604.7057110859128,123948.16984986074,0.0,0.2209989,0.0596134734389427,1.1548964705346362e-05,False,0.3114198854703133,0.0025347268915818,TE31,runs\trial_grid\exports\1a03c9579098_x03.npz,0.9999820530071044,0.9999995210758582,TE31
1a03c9579098,ridge,"{""sidewall_angle"": 5.0, ""substrate_height"": 1000.0, ""topclad_height"": 800.0, ""substrate_material"": ""Al2O3"", ""topclad_material"": ""SiO2"", ""core_eq_o"": ""(1+2.8032/(1-0.015287/x**2)+0.36335/(1-0.036095/x**2)-33508000/(1+367200000/x**2))**0.5"", ""core_eq_e"": ""(1+0.017061/(1-0.043855/x**2)+3.1976/(1-0.022642/x**2)-57269000/(1-74226000/x**2))**0.5"", ""core_chi2"": ""AlN"", ""h_core"": 300.0, ""w_core"": 300.0}",refined,0,TM00,A,0.0023320123518288,TM23?,0.0975286774935477,1,220.2919631026334,220.2871934149362,2.010162585084114,2.0100822260721944,8.035901191938422e-05,0.2938727311882815,14181.534792312408,0.0025606148998923,0.0023448631609433,0.075964855925168,0.0660104161647812,1583.1973100044663,1617.047983216922,29100.62477499944,0.0,0.5809971,0.1947465889778555,0.0001114548594531,False,0.2808940385146489,0.0025001808438036,TM44,runs\trial_grid\exports\1a03c9579098_x04.npz,0.9999996078381878,0.9998287703210889,TM44
1a03c9579098,ridge,"{""sidewall_angle"": 5.0, ""substrate_height"": 1000.0, ""topclad_height"": 800.0, ""substrate_material"": ""Al2O3"", ""topclad_material"": ""SiO2"", ""core_eq_o"": ""(1+2.8032/(1-0.015287/x**2)+0.36335/(1-0.036095/x**2)-33508000/(1+367200000/x**2))**0.5"", ""core_eq_e"": ""(1+0.017061/(1-0.043855/x**2)+3.1976/(1-0.022642/x**2)-57269000/(1-74226000/x**2))**0.5"", ""core_chi2"": ""AlN"", ""h_core"": 300.0, ""w_core"": 300.0}",refined,0,TM00,A,0.0024480063003953,TE30?,0.9612357150481212,31,223.5432902253745,223.54212484214443,2.003821398366165,2.003806129666889,1.526869927603869e-05,0.1338146980066439,30531.99673969912,0.0017383118236977,3.024369334433356e-05,0.0772510382082135,0.0617720320574828,1562.0449408615962,1628.719752355384,99126.13328269076,0.0,0.2609987,0.0725484278803017,7.043034727433893e-06,False,0.1272459132731516,0.0016992026805539,TE33,runs\trial_grid\exports\1a03c9579098_x05.npz,0.9999901210556744,0.9999777009649266,TE33
1a03c9579098,ridge,"{""sidewall_angle"": 5.0, ""substrate_height"": 1000.0, ""topclad_height"": 800.0, ""substrate_material"": ""Al2O3"", ""topclad_material"": ""SiO2"", ""core_eq_o"": ""(1+2.8032/(1-0.015287/x**2)+0.36335/(1-0.036095/x**2)-33508000/(1+367200000/x**2))**0.5"", ""core_eq_e"": ""(1+0.017061/(1-0.043855/x**2)+3.1976/(1-0.022642/x**2)-57269000/(1-74226000/x**2))**0.5"", ""core_chi2"": ""AlN"", ""h_core"": 300.0, ""w_core"": 300.0}",refined,0,TM00,A,0.0024860882316119,TE13,0.9679883609235352,30,224.58903771101103,224.5860111424408,2.001815971590347,2.0017789557397987,3.7015850548272056e-05,0.0258336383139092,157155.2599355011,0.0007713300051411,0.001357821031106,0.0776708350451631,0.0619368554540613,1555.1780360778516,1632.3836706749385,33746.97182730208,0.0,0.53099735,0.1745863471730376,7.874194385909929e-06,False,0.0273810932801827,0.0007947763781047,TE33,runs\trial_grid\exports\1a03c9579098_x06.npz,0.9999992129120672,0.999978936294972,TE33
1a03c9579098,ridge,"{""sidewall_angle"": 5.0, ""substrate_height"": 1000.0, ""topclad_height"": 800.0, ""substrate_material"": ""Al2O3"", ""topclad_material"": ""SiO2"", ""core_eq_o"": ""(1+2.8032/(1-0.015287/x**2)+0.36335/(1-0.036095/x**2)-33508000/(1+367200000/x**2))**0.5"", ""core_eq_e"": ""(1+0.017061/(1-0.043855/x**2)+3.1976/(1-0.022642/x**2)-57269000/(1-74226000/x**2))**0.5"", ""core_chi2"": ""AlN"", ""h_core"": 300.0, ""w_core"": 300.0}",refined,3,TE00,S,0.9960555506395862,TM41,0.1513742609913085,4,218.57884785632183,218.5729765199885,1.936301040736564,1.9361805911135757,0.0001204496229885,0.0180365732055006,262599.6303117861,0.028577948296366,1.6600883975417228e-28,0.0808162724389639,0.0595884190069472,3480.559365214889,1898.9025545788245,110090.1026374307,0.0,0.200999,0.0613270831643851,6.783575256305309e-07,False,0.018212321570215,0.0287902605850978,TM41,runs\trial_grid\exports\1a03c9579098_x07.npz,0.9999863322165456,0.9999317866207617,TM41
1a03c9579098,ridge,"{""sidewall_angle"": 5.0, ""substrate_height"": 1000.0, ""topclad_height"": 800.0, ""substrate_material"": ""Al2O3"", ""topclad_material"": ""SiO2"", ""core_eq_o"": ""(1+2.8032/(1-0.015287/x**2)+0.36335/(1-0.036095/x**2)-33508000/(1+367200000/x**2))**0.5"", ""core_eq_e"": ""(1+0.017061/(1-0.043855/x**2)+3.1976/(1-0.022642/x**2)-57269000/(1-74226000/x**2))**0.5"", ""core_chi2"": ""AlN"", ""h_core"": 300.0, ""w_core"": 300.0}",screened,3,TE00,S,,TM44,0.1219200630543825,1,225.45552019736,,1.922045251120305,1.922045251120305,,0.0038440244882783,1184015.2807874398,0.0143755421770607,,,,,,,,,,,,0.0038440244882783,0.0143755421770607,TM44,,,,TM44
1a03c9579098,ridge,"{""sidewall_angle"": 5.0, ""substrate_height"": 1000.0, ""topclad_height"": 800.0, ""substrate_material"": ""Al2O3"", ""topclad_material"": ""SiO2"", ""core_eq_o"": ""(1+2.8032/(1-0.015287/x**2)+0.36335/(1-0.036095/x**2)-33508000/(1+367200000/x**2))**0.5"", ""core_eq_e"": ""(1+0.017061/(1-0.043855/x**2)+3.1976/(1-0.022642/x**2)-57269000/(1-74226000/x**2))**0.5"", ""core_chi2"": ""AlN"", ""h_core"": 300.0, ""w_core"": 300.0}",screened,3,TE00,S,,TM44,0.0696284926150589,0,225.86048291826344,,1.9212299098713204,1.9212299098713204,,0.0010496382803248,4326112.81694092,0.0075971510857314,,,,,,,,,,,,0.0010496382803248,0.0075971510857314,TM44,,,,TM44
1a03c9579098,ridge,"{""sidewall_angle"": 5.0, ""substrate_height"": 1000.0, ""topclad_height"": 800.0, ""substrate_material"": ""Al2O3"", ""topclad_material"": ""SiO2"", ""core_eq_o"": ""(1+2.8032/(1-0.015287/x**2)+0.36335/(1-0.036095/x**2)-33508000/(1+367200000/x**2))**0.5"", ""core_eq_e"": ""(1+0.017061/(1-0.043855/x**2)+3.1976/(1-0.022642/x**2)-57269000/(1-74226000/x**2))**0.5"", ""core_chi2"": ""AlN"", ""h_core"": 300.0, ""w_core"": 300.0}",screened,3,TE00,S,,TM24,0.0776656792294224,2,224.38727712314264,,1.9242300563118573,1.9242300563118573,,0.0009260537410717,4944841.716094625,0.006990129376932,,,,,,,,,,,,0.0009260537410717,0.006990129376932,TM24,,,,TM24
1a03c9579098,ridge,"{""sidewall_angle"": 5.0, ""substrate_height"": 1000.0, ""topclad_height"": 800.0, ""substrate_material"": ""Al2O3"", ""topclad_material"": ""SiO2"", ""core_eq_o"": ""(1+2.8032/(1-0.015287/x**2)+0.36335/(1-0.036095/x**2)-33508000/(1+367200000/x**2))**0.5"", ""core_eq_e"": ""(1+0.017061/(1-0.043855/x**2)+3.1976/(1-0.022642/x**2)-57269000/(1-74226000/x**2))**0.5"", ""core_chi2"": ""AlN"", ""h_core"": 300.0, ""w_core"": 300.0}",screened,3,TE00,S,,TE31,0.876070601726195,3,221.6076117009326,,1.9299809537131736,1.9299809537131736,,0.000691789721034,6725947.968824492,0.0057351558663076,,,,,,,,,,,,0.000691789721034,0.0057351558663076,TE31,,,,TE31
1a03c9579098,ridge,"{""sidewall_angle"": 5.0, ""substrate_height"": 1000.0, ""topclad_height"": 800.0, ""substrate_material"": ""Al2O3"", ""topclad_material"": ""SiO2"", ""core_eq_o"": ""(1+2.8032/(1-0.015287/x**2)+0.36335/(1-0.036095/x**2)-33508000/(1+367200000/x**2))**0.5"", ""core_eq_e"": ""(1+0.017061/(1-0.043855/x**2)+3.1976/(1-0.022642/x**2)-57269000/(1-74226000/x**2))**0.5"", ""core_chi2"": ""AlN"", ""h_core"": 300.0, ""w_core"": 300.0}",screened,3,TE00,S,,TE33,0.9551787883410524,30,231.83315214903016,,1.9092996542289784,1.9092996542289784,,0.0003790065373761,11586065.00801651,0.0046438372707031,,,,,,,,,,,,0.0003790065373761,0.0046438372707031,TE33,,,,TE33
1a03c9579098,ridge,"{""sidewall_angle"": 5.0, ""substrate_height"": 1000.0, ""topclad_height"": 800.0, ""substrate_material"": ""Al2O3"", ""topclad_material"": ""SiO2"", ""core_eq_o"": ""(1+2.8032/(1-0.015287/x**2)+0.36335/(1-0.036095/x**2)-33508000/(1+367200000/x**2))**0.5"", ""core_eq_e"": ""(1+0.017061/(1-0.043855/x**2)+3.1976/(1-0.022642/x**2)-57269000/(1-74226000/x**2))**0.5"", ""core_chi2"": ""AlN"", ""h_core"": 300.0, ""w_core"": 300.0}",screened,3,TE00,S,,TE34,0.9574048628490356,5,215.71356159689057,,1.942432985395532,1.942432985395532,,0.0002388972383368,20162847.374724817,0.0033062919286574,,,,,,,,,,,,0.0002388972383368,0.0033062919286574,TE34,,,,TE34
1a03c9579098,ridge,"{""sidewall_angle"": 5.0, ""substrate_height"": 1000.0, ""topclad_height"": 800.0, ""substrate_material"": ""Al2O3"", ""topclad_material"": ""SiO2"", ""core_eq_o"": ""(1+2.8032/(1-0.015287/x**2)+0.36335/(1-0.036095/x**2)-33508000/(1+367200000/x**2))**0.5"", ""core_eq_e"": ""(1+0.017061/(1-0.043855/x**2)+3.1976/(1-0.022642/x**2)-57269000/(1-74226000/x**2))**0.5"", ""core_chi2"": ""AlN"", ""h_core"": 300.0, ""w_core"": 300.0}",screened,3,TE00,S,,TE33,0.965620535569958,31,230.1679163681178,,1.9125661353175825,1.9125661353175825,,5.948092758378467e-05,74514249.90159255,0.0017888724437558,,,,,,,,,,,,5.948092758378467e-05,0.0017888724437558,TE33,,,,TE33
6161f3393bb0,ridge,"{""sidewall_angle"": 5.0, ""substrate_height"": 1000.0, ""topclad_height"": 800.0, ""substrate_material"": ""Al2O3"", ""topclad_material"": ""SiO2"", ""core_eq_o"": ""(1+2.8032/(1-0.015287/x**2)+0.36335/(1-0.036095/x**2)-33508000/(1+367200000/x**2))**0.5"", ""core_eq_e"": ""(1+0.017061/(1-0.043855/x**2)+3.1976/(1-0.022642/x**2)-57269000/(1-74226000/x**2))**0.5"", ""core_chi2"": ""AlN"", ""h_core"": 300.0, ""w_core"": 400.0}",refined,0,TM00,A,0.00170130001532,TM04,0.0090874103013672,2,218.59240511367807,218.58689848164155,2.0470012956602925,2.046902436374645,9.885928564745684e-05,5.447158507329163,735.8384814819676,0.0126401350321614,0.0135494309585282,0.093301100341292,0.0990010993041815,752.4683761844008,1569.751414348504,2115.9703959180383,0.0,2.7009865000000004,0.9686295349416116,0.0511075929788059,False,5.47604731547508,0.0127179850452113,TM04,runs\trial_grid\exports\6161f3393bb0_x00.npz,0.9999928801070428,0.9999380274061412,TM04
6161f3393bb0,ridge,"{""sidewall_angle"": 5.0, ""substrate_height"": 1000.0, ""topclad_height"": 800.0, ""substrate_material"": ""Al2O3"", ""topclad_material"": ""SiO2"", ""core_eq_o"": ""(1+2.8032/(1-0.015287/x**2)+0.36335/(1-0.036095/x**2)-33508000/(1+367200000/x**2))**0.5"", ""core_eq_e"": ""(1+0.017061/(1-0.043855/x**2)+3.1976/(1-0.022642/x**2)-57269000/(1-74226000/x**2))**0.5"", ""core_chi2"": ""AlN"", ""h_core"": 300.0, ""w_core"": 400.0}",refined,0,TM00,A,0.0016134330327364,TM60,0.0437287145624939,3,215.1563096818036,215.14733854229715,2.0533032139711587,2.053053193008741,0.0002500209624178,0.9690209077660972,4230.66197833136,0.0049535670527211,0.0018780492750982,0.0918999482913946,0.0583360262526773,760.1064356643599,1556.0614403330362,72885.89640239194,0.0,0.35099825,0.0988420043617406,9.46708409310966e-05,False,0.9537879462021251,0.0049169393589111,TM61,runs\trial_grid\exports\6161f3393bb0_x01.npz,0.9999999140246898,0.9999715384457002,TM61
6161f3393bb0,ridge,"{""sidewall_angle"": 5.0, ""substrate_height"": 1000.0, ""topclad_height"": 800.0, ""substrate_material"": ""Al2O3"", ""topclad_material"": ""SiO2"", ""core_eq_o"": ""(1+2.8032/(1-0.015287/x**2)+0.36335/(1-0.036095/x**2)-33508000/(1+367200000/x**2))**0.5"", ""core_eq_e"": ""(1+0.017061/(1-0.043855/x**2)+3.1976/(1-0.022642/x**2)-57269000/(1-74226000/x**2))**0.5"", ""core_chi2"": ""AlN"", ""h_core"": 300.0, ""w_core"": 400.0}",refined,1,TM10,S,0.0183065165921641,TM61,0.2709301365792412,6,216.72842403406835,216.73082935808716,1.8905420330496177,1.8905980125978308,-5.5979548212903296e-05,0.0552397443661433,93691.61945351324,0.0011566942141983,2.922091697968424e-24,0.1029144538604662,0.0844209296786626,3529.273780284842,1685.006769519503,122239.04284806784,0.0,0.19099905,0.0564806828613519,1.7621851522614312e-06,False,0.1959547143397613,0.0021694492880874,TM61,runs\trial_grid\exports\6161f3393bb0_x02.npz,0.9999685593629252,0.9966094275896128,TM61
6161f3393bb0,ridge,"{""sidewall_angle"": 5.0, ""substrate_height"": 1000.0, ""topclad_height"": 800.0, ""substrate_material"": ""Al2O3"", ""topclad_material"": ""SiO2"", ""core_eq_o"": ""(1+2.8032/(1-0.015287/x**2)+0.36335/(1-0.036095/x**2)-33508000/(1+367200000/x**2))**0.5"", ""core_eq_e"": ""(1+0.017061/(1-0.043855/x**2)+3.1976/(1-0.022642/x**2)-57269000/(1-74226000/x**2))**0.5"", ""core_chi2"": ""AlN"", ""h_core"": 300.0, ""w_core"": 400.0}",refined,0,TM00,A,0.0017620728216265,TM42,0.102506394949453,1,220.9006325441668,220.9004832339417,2.0428749204509176,2.042872276836503,2.643614414488127e-06,0.0878459453112958,44948.54273286196,0.0015357247812221,0.0001628474945317,0.0942577108156067,0.0856193146215568,747.2167041616925,1578.7273730739507,32530.60854007774,0.0,0.600997,0.1930054267042209,3.272357631076857e-05,False,0.0891927918196909,0.0015447648360884,TM42,runs\trial_grid\exports\6161f3393bb0_x03.npz,0.9999970852631316,0.9999947156226257,TM42
6161f3393bb0,ridge,"{""sidewall_angle"": 5.0, ""substrate_height"": 1000.0, ""topclad_height"": 800.0, ""substrate_material"": ""Al2O3"", ""topclad_material"": ""SiO2"", ""core_eq_o"": ""(1+2.8032/(1-0.015287/x**2)+0.36335/(1-0.036095/x**2)-33508000/(1+367200000/x**2))**0.5"", ""core_eq_e"": ""(1+0.017061/(1-0.043855/x**2)+3.1976/(1-0.022642/x**2)-57269000/(1-74226000/x**2))**0.5"", ""core_chi2"": ""AlN"", ""h_core"": 300.0, ""w_core"": 400.0}",refined,0,TM00,A,0.0020863295978549,TM41,0.0985744468214288,37,232.40707672774408,232.4085456471193,2.0234455395765405,2.023462295433861,-1.6755857320749357e-05,0.0694572187816819,52852.04334707313,0.0014621862530765,0.0001242548918128,0.0992168711714273,0.0777227901161219,719.6477324827439,1620.8099248220772,34878.73377852639,0.0,0.5809971,0.1824086734950149,2.311044773318825e-05,False,0.071297209466062,0.0014762565792045,TM41,runs\trial_grid\exports\6161f3393bb0_x04.npz,0.9999790347187096,0.9998864439061536,TM41
6161f3393bb0,ridge,"{""sidewall_angle"": 5.0, ""substrate_height"": 1000.0, ""topclad_height"": 800.0, ""substrate_material"": ""Al2O3"", ""topclad_material"": ""SiO2"", ""core_eq_o"": ""(1+2.8032/(1-0.015287/x**2)+0.36335/(1-0.036095/x**2)-33508000/(1+367200000/x**2))**0.5"", ""core_eq_e"": ""(1+0.017061/(1-0.043855/x**2)+3.1976/(1-0.022642/x**2)-57269000/(1-74226000/x**2))**0.5"", ""core_chi2"": ""AlN"", ""h_core"": 300.0, ""w_core"": 400.0}",refined,0,TM00,A,0.0021303208824697,TE31,0.9293152458296666,39,233.8763479059205,233.877837547462,2.021088003751046,2.021101780373357,-1.3776622310945896e-05,0.0685412339992519,53072.90560298567,0.0014668249228657,0.0002296733814212,0.0998736553950897,0.0896210437375756,715.9570143937972,1625.8645008639562,39897.99193395524,0.0,0.53099735,0.1637258529883638,1.837326938141173e-05,False,0.0694663206640581,0.0014794342554763,TE32,runs\trial_grid\exports\6161f3393bb0_x05.npz,0.9999954227210348,0.999993958811477,TE32
6161f3393bb0,ridge,"{""sidewall_angle"": 5.0, ""substrate_height"": 1000.0, ""topclad_height"": 800.0, ""substrate_material"": ""Al2O3"", ""topclad_material"": ""SiO2"", ""core_eq_o"": ""(1+2.8032/(1-0.015287/x**2)+0.36335/(1-0.036095/x**2)-33508000/(1+367200000/x**2))**0.5"", ""core_eq_e"": ""(1+0.017061/(1-0.043855/x**2)+3.1976/(1-0.022642/x**2)-57269000/(1-74226000/x**2))**0.5"", ""core_chi2"": ""AlN"", ""h_core"": 300.0, ""w_core"": 400.0}",refined,0,TM00,A,0.0018923494875313,TM23,0.0885758208877012,33,225.67739561493968,225.6755624285213,2.0345895248804835,2.0345645367838943,2.498809658924017e-05,0.0383829350649057,99773.82950062364,0.0010697644377341,0.0001393824254847,0.0962774062277335,0.0979685605044569,736.0540271229161,1596.7370067419072,12535.571727256824,0.0,1.09099455,0.3856594065477676,5.708815907750485e-05,False,0.0390564800265951,0.0010777856012362,TM43,runs\trial_grid\exports\6161f3393bb0_x06.npz,0.9999983436952322,0.9999762962922168,TM43
6161f3393bb0,ridge,"{""sidewall_angle"": 5.0, ""substrate_height"": 1000.0, ""topclad_height"": 800.0, ""substrate_material"": ""Al2O3"", ""topclad_material"": ""SiO2"", ""core_eq_o"": ""(1+2.8032/(1-0.015287/x**2)+0.36335/(1-0.036095/x**2)-33508000/(1+367200000/x**2))**0.5"", ""core_eq_e"": ""(1+0.017061/(1-0.043855/x**2)+3.1976/(1-0.022642/x**2)-57269000/(1-74226000/x**2))**0.5"", ""core_chi2"": ""AlN"", ""h_core"": 300.0, ""w_core"": 400.0}",refined,0,TM00,A,0.0017887041896256,TE32,0.9239331024096958,0,221.89554743587823,221.896937762352,2.0411216487649653,2.041142001587702,-2.0352822736935398e-05,0.0123619147205606,317367.24940010486,0.0005797938883634,1.294477808253344e-05,0.094673899475733,0.087564711241239,744.9242453754342,1582.541372300365,41623.618015647975,0.0,0.5109974500000001,0.1583679643552088,3.1004191595718007e-06,False,0.0128683815646813,0.0005896042677233,TE33,runs\trial_grid\exports\6161f3393bb0_x07.npz,0.9999870788873356,0.9999953785883458,TE33
6161f3393bb0,ridge,"{""sidewall_angle"": 5.0, ""substrate_height"": 1000.0, ""topclad_height"": 800.0, ""substrate_material"": ""Al2O3"", ""topclad_material"": ""SiO2"", ""core_eq_o"": ""(1+2.8032/(1-0.015287/x**2)+0.36335/(1-0.036095/x**2)-33508000/(1+367200000/x**2))**0.5"", ""core_eq_e"": ""(1+0.017061/(1-0.043855/x**2)+3.1976/(1-0.022642/x**2)-57269000/(1-74226000/x**2))**0.5"", ""core_chi2"": ""AlN"", ""h_core"": 300.0, ""w_core"": 400.0}",screened,0,TM00,A,,TE13,0.9804061430329986,32,227.3167532462128,,2.0318617689517584,2.0318617689517584,,0.0086602848325626,437601.1784291217,0.0005086142626705,,,,,,,,,,,,0.0086602848325626,0.0005086142626705,TE13,,,,TE13
6161f3393bb0,ridge,"{""sidewall_angle"": 5.0, ""substrate_height"": 1000.0, ""topclad_height"": 800.0, ""substrate_material"": ""Al2O3"", ""topclad_material"": ""SiO2"", ""core_eq_o"": ""(1+2.8032/(1-0.015287/x**2)+0.36335/(1-0.036095/x**2)-33508000/(1+367200000/x**2))**0.5"", ""core_eq_e"": ""(1+0.017061/(1-0.043855/x**2)+3.1976/(1-0.022642/x**2)-57269000/(1-74226000/x**2))**0.5"", ""core_chi2"": ""AlN"", ""h_core"": 300.0, ""w_core"": 400.0}",screened,3,TE00,S,,TM42,0.0948593849322887,1,224.88134882532503,,1.9708604754892975,1.9708604754892975,,0.0021988638182153,1929670.5812403376,0.0111003481143757,,,,,,,,,,,,0.0021988638182153,0.0111003481143757,TM42,,,,TM42
6161f3393bb0,ridge,"{""sidewall_angle"": 5.0, ""substrate_height"": 1000.0, ""topclad_height"": 800.0, ""substrate_material"": ""Al2O3"", ""topclad_material"": ""SiO2"", ""core_eq_o"": ""(1+2.8032/(1-0.015287/x**2)+0.36335/(1-0.036095/x**2)-33508000/(1+367200000/x**2))**0.5"", ""core_eq_e"": ""(1+0.017061/(1-0.043855/x**2)+3.1976/(1-0.022642/x**2)-57269000/(1-74226000/x**2))**0.5"", ""core_chi2"": ""AlN"", ""h_core"": 300.0, ""w_core"": 400.0}",screened,3,TE00,S,,TM61,0.155464445683922,3,217.73545095922827,,1.9836970970104464,1.9836970970104464,,0.0005412514673912,8201108.803231788,0.0053257346948638,,,,,,,,,,,,0.0005412514673912,0.0053257346948638,TM61,,,,TM61
6161f3393bb0,ridge,"{""sidewall_angle"": 5.0, ""substrate_height"": 1000.0, ""topclad_height"": 800.0, ""substrate_material"": ""Al2O3"", ""topclad_material"": ""SiO2"", ""core_eq_o"": ""(1+2.8032/(1-0.015287/x**2)+0.36335/(1-0.036095/x**2)-33508000/(1+367200000/x**2))**0.5"", ""core_eq_e"": ""(1+0.017061/(1-0.043855/x**2)+3.1976/(1-0.022642/x**2)-57269000/(1-74226000/x**2))**0.5"", ""core_chi2"": ""AlN"", ""h_core"": 300.0, ""w_core"": 400.0}",screened,3,TE00,S,,TM43,0.1104416689185705,33,230.86005373819384,,1.96055238663682,1.96055238663682,,0.0003255799114978,12562193.67116641,0.0045786126039199,,,,,,,,,,,,0.0003255799114978,0.0045786126039199,TM43,,,,TM43
6161f3393bb0,ridge,"{""sidewall_angle"": 5.0, ""substrate_height"": 1000.0, ""topclad_height"": 800.0, ""substrate_material"": ""Al2O3"", ""topclad_material"": ""SiO2"", ""core_eq_o"": ""(1+2.8032/(1-0.015287/x**2)+0.36335/(1-0.036095/x**2)-33508000/(1+367200000/x**2))**0.5"", ""core_eq_e"": ""(1+0.017061/(1-0.043855/x**2)+3.1976/(1-0.022642/x**2)-57269000/(1-74226000/x**2))**0.5"", ""core_chi2"": ""AlN"", ""h_core"": 300.0, ""w_core"": 400.0}",screened,3,TE00,S,,TE54,0.6193007704404702,6,216.04070369991348,,1.986804968417968,1.986804968417968,,0.0002086706036573,21505912.43463876,0.003336006766708,,,,,,,,,,,,0.0002086706036573,0.003336006766708,TE54,,,,TE54
6161f3393bb0,ridge,"{""sidewall_angle"": 5.0, ""substrate_height"": 1000.0, ""topclad_height"": 800.0, ""substrate_material"": ""Al2O3"", ""topclad_material"": ""SiO2"", ""core_eq_o"": ""(1+2.8032/(1-0.015287/x**2)+0.36335/(1-0.036095/x**2)-33508000/(1+367200000/x**2))**0.5"", ""core_eq_e"": ""(1+0.017061/(1-0.043855/x**2)+3.1976/(1-0.022642/x**2)-57269000/(1-74226000/x**2))**0.5"", ""core_chi2"": ""AlN"", ""h_core"": 300.0, ""w_core"": 400.0}",screened,3,TE00,S,,TE33,0.9139863153062444,0,226.74111561665237,,1.967637982673689,1.967637982673689,,0.0001241161974035,33793362.89032489,0.0026610075670459,,,,,,,,,,,,0.0001241161974035,0.0026610075670459,TE33,,,,TE33
6161f3393bb0,ridge,"{""sidewall_angle"": 5.0, ""substrate_height"": 1000.0, ""topclad_height"": 800.0, ""substrate_material"": ""Al2O3"", ""topclad_material"": ""SiO2"", ""core_eq_o"": ""(1+2.8032/(1-0.015287/x**2)+0.36335/(1-0.036095/x**2)-33508000/(1+367200000/x**2))**0.5"", ""core_eq_e"": ""(1+0.017061/(1-0.043855/x**2)+3.1976/(1-0.022642/x**2)-57269000/(1-74226000/x**2))**0.5"", ""core_chi2"": ""AlN"", ""h_core"": 300.0, ""w_core"": 400.0}",screened,3,TE00,S,,TE53,0.8240164160543761,4,217.2741257144841,,1.9845430871897067,1.9845430871897067,,0.0001154037980627,38577875.0760712,0.0024823088717154,,,,,,,,,,,,0.0001154037980627,0.0024823088717154,TE53,,,,TE53
6161f3393bb0,ridge,"{""sidewall_angle"": 5.0, ""substrate_height"": 1000.0, ""topclad_height"": 800.0, ""substrate_material"": ""Al2O3"", ""topclad_material"": ""SiO2"", ""core_eq_o"": ""(1+2.8032/(1-0.015287/x**2)+0.36335/(1-0.036095/x**2)-33508000/(1+367200000/x**2))**0.5"", ""core_eq_e"": ""(1+0.017061/(1-0.043855/x**2)+3.1976/(1-0.022642/x**2)-57269000/(1-74226000/x**2))**0.5"", ""core_chi2"": ""AlN"", ""h_core"": 300.0, ""w_core"": 400.0}",screened,3,TE00,S,,TE54,0.9340809962886524,5,216.846237332944,,1.9853277599834167,1.9853277599834167,,4.710089812116207e-05,94782117.88453455,0.0015888471691316,,,,,,,,,,,,4.710089812116207e-05,0.0015888471691316,TE54,,,,TE54
6161f3393bb0,ridge,"{""sidewall_angle"": 5.0, ""substrate_height"": 1000.0, ""topclad_height"": 800.0, ""substrate_material"": ""Al2O3"", ""topclad_material"": ""SiO2"", ""core_eq_o"": ""(1+2.8032/(1-0.015287/x**2)+0.36335/(1-0.036095/x**2)-33508000/(1+367200000/x**2))**0.5"", ""core_eq_e"": ""(1+0.017061/(1-0.043855/x**2)+3.1976/(1-0.022642/x**2)-57269000/(1-74226000/x**2))**0.5"", ""core_chi2"": ""AlN"", ""h_core"": 300.0, ""w_core"": 400.0}",screened,3,TE00,S,,TM04,0.0105228017814206,2,222.6631676802158,,1.9748065803447243,1.9748065803447243,,2.8461677813089185e-05,151155885.7610527,0.0013676335514743,,,,,,,,,,,,2.8461677813089185e-05,0.0013676335514743,TM04,,,,TM04
6161f3393bb0,ridge,"{""sidewall_angle"": 5.0, ""substrate_height"": 1000.0, ""topclad_height"": 800.0, ""substrate_material"": ""Al2O3"", ""topclad_material"": ""SiO2"", ""core_eq_o"": ""(1+2.8032/(1-0.015287/x**2)+0.36335/(1-0.036095/x**2)-33508000/(1+367200000/x**2))**0.5"", ""core_eq_e"": ""(1+0.017061/(1-0.043855/x**2)+3.1976/(1-0.022642/x**2)-57269000/(1-74226000/x**2))**0.5"", ""core_chi2"": ""AlN"", ""h_core"": 300.0, ""w_core"": 400.0}",screened,3,TE00,S,,TE33,0.9819896228408096,32,233.95287942918145,,1.9553414256337092,1.9553414256337092,,7.830049843398958e-07,5127042342.477636,0.0002279269298883,,,,,,,,,,,,7.830049843398958e-07,0.0002279269298883,TE33,,,,TE33
22014072663e,ridge,"{""sidewall_angle"": 5.0, ""substrate_height"": 1000.0, ""topclad_height"": 800.0, ""substrate_material"": ""Al2O3"", ""topclad_material"": ""SiO2"", ""core_eq_o"": ""(1+2.8032/(1-0.015287/x**2)+0.36335/(1-0.036095/x**2)-33508000/(1+367200000/x**2))**0.5"", ""core_eq_e"": ""(1+0.017061/(1-0.043855/x**2)+3.1976/(1-0.022642/x**2)-57269000/(1-74226000/x**2))**0.5"", ""core_chi2"": ""AlN"", ""h_core"": 300.0, ""w_core"": 500.0}",refined,1,TM10,S,0.0088099127700222,TM80,0.0278959229221153,4,216.3650390975478,216.35544703721092,1.9602042731258384,1.9599550902394287,0.0002491828864092,3.984576291235256,1169.3672301108627,0.0106726415459542,1.0355039131768548e-27,0.1171374028123813,0.0739804224881944,1861.7108886337944,1615.528635635138,78507.44452576496,0.0,0.29099855,0.0874131124683896,0.0003044635556137,False,3.945669409990308,0.0106170257529317,TM81,runs\trial_grid\exports\22014072663e_x00.npz,0.9999885009871118,0.9999747194836676,TM81
22014072663e,ridge,"{""sidewall_angle"": 5.0, ""substrate_height"": 1000.0, ""topclad_height"": 800.0, ""substrate_material"": ""Al2O3"", ""topclad_material"": ""SiO2"", ""core_eq_o"": ""(1+2.8032/(1-0.015287/x**2)+0.36335/(1-0.036095/x**2)-33508000/(1+367200000/x**2))**0.5"", ""core_eq_e"": ""(1+0.017061/(1-0.043855/x**2)+3.1976/(1-0.022642/x**2)-57269000/(1-74226000/x**2))**0.5"", ""core_chi2"": ""AlN"", ""h_core"": 300.0, ""w_core"": 500.0}",refined,1,TM10,S,0.0101443142263354,TM04,0.1334690806991667,33,225.7540838691404,225.7506139777051,1.9364008370234644,1.9363603723393603,4.046468410412452e-05,3.7985603972010313,1168.662335791956,0.0123254913541835,1.5623062560456387e-27,0.1228456073040927,0.146094360859569,1822.71903074878,1649.993171828275,4353.816719410885,0.0,1.5609922,0.5706481116649128,0.0123696042471685,False,3.9392037034527134,0.0125722417419049,TM04,runs\trial_grid\exports\22014072663e_x01.npz,0.9999963391002836,0.9999330448445538,TM04
22014072663e,ridge,"{""sidewall_angle"": 5.0, ""substrate_height"": 1000.0, ""topclad_height"": 800.0, ""substrate_material"": ""Al2O3"", ""topclad_material"": ""SiO2"", ""core_eq_o"": ""(1+2.8032/(1-0.015287/x**2)+0.36335/(1-0.036095/x**2)-33508000/(1+367200000/x**2))**0.5"", ""core_eq_e"": ""(1+0.017061/(1-0.043855/x**2)+3.1976/(1-0.022642/x**2)-57269000/(1-74226000/x**2))**0.5"", ""core_chi2"": ""AlN"", ""h_core"": 300.0, ""w_core"": 500.0}",refined,0,TM00,A,0.0013320885957488,TM04,0.064355935267552,1,218.03417915812503,218.0357647187414,2.065280213384424,2.065308646734941,-2.8433350517165223e-05,3.937956216467189,996.077317987234,0.0117808883202369,0.0119242853043509,0.1118675018988499,0.1263680500319677,415.6141970985631,1550.0055207662972,3153.760760818001,0.0,2.4609877000000004,0.9038257754202126,0.0321692049843917,False,3.72875633113378,0.011495759784867,TM44,runs\trial_grid\exports\22014072663e_x02.npz,0.9999878635005016,0.9999978858526766,TM44
22014072663e,ridge,"{""sidewall_angle"": 5.0, ""substrate_height"": 1000.0, ""topclad_height"": 800.0, ""substrate_material"": ""Al2O3"", ""topclad_material"": ""SiO2"", ""core_eq_o"": ""(1+2.8032/(1-0.015287/x**2)+0.36335/(1-0.036095/x**2)-33508000/(1+367200000/x**2))**0.5"", ""core_eq_e"": ""(1+0.017061/(1-0.043855/x**2)+3.1976/(1-0.022642/x**2)-57269000/(1-74226000/x**2))**0.5"", ""core_chi2"": ""AlN"", ""h_core"": 300.0, ""w_core"": 500.0}",refined,1,TM10,S,0.0091540374878899,TM24,0.1279116670770355,3,218.9010873367093,218.90003322814408,1.9536524773308883,1.9536330098029973,1.946752789083739e-05,1.6680430454444846,2756.2291597220637,0.0074369687920486,7.224584180925722e-31,0.1186327169956818,0.1320134769853723,1851.7855761734927,1625.2343390532692,9266.11920210343,0.0,1.0809946,0.3953422027318046,0.002607075505185,False,1.6353636651589234,0.0073788632577315,TM44,runs\trial_grid\exports\22014072663e_x03.npz,0.9999924311799324,0.99999058506766,TM44
22014072663e,ridge,"{""sidewall_angle"": 5.0, ""substrate_height"": 1000.0, ""topclad_height"": 800.0, ""substrate_material"": ""Al2O3"", ""topclad_material"": ""SiO2"", ""core_eq_o"": ""(1+2.8032/(1-0.015287/x**2)+0.36335/(1-0.036095/x**2)-33508000/(1+367200000/x**2))**0.5"", ""core_eq_e"": ""(1+0.017061/(1-0.043855/x**2)+3.1976/(1-0.022642/x**2)-57269000/(1-74226000/x**2))**0.5"", ""core_chi2"": ""AlN"", ""h_core"": 300.0, ""w_core"": 500.0}",refined,0,TM00,A,0.0015885748308369,TM60,0.0404924551680963,35,229.77686926743905,229.77588256341505,2.046376335418666,2.046363868775813,1.2466642852704268e-05,0.9974076864833143,3640.1294532406064,0.0059946454440691,0.0012055590938726,0.1173743048839622,0.0796967377094071,403.5981706813692,1594.6581752808706,33417.178736901216,0.0,0.63099685,0.1947844757196194,0.0003784263703501,False,1.0055285911687286,0.0060178957520106,TM61,runs\trial_grid\exports\22014072663e_x04.npz,0.9999998440234928,0.9999770775864631,TM61
22014072663e,ridge,"{""sidewall_angle"": 5.0, ""substrate_height"": 1000.0, ""topclad_height"": 800.0, ""substrate_material"": ""Al2O3"", ""topclad_material"": ""SiO2"", ""core_eq_o"": ""(1+2.8032/(1-0.015287/x**2)+0.36335/(1-0.036095/x**2)-33508000/(1+367200000/x**2))**0.5"", ""core_eq_e"": ""(1+0.017061/(1-0.043855/x**2)+3.1976/(1-0.022642/x**2)-57269000/(1-74226000/x**2))**0.5"", ""core_chi2"": ""AlN"", ""h_core"": 300.0, ""w_core"": 500.0}",refined,0,TM00,A,0.0013214284426907,TM43,0.4869059639021802,2,217.5153493915513,217.496132713446,2.0661629397494,2.065791900499197,0.0003710392502029,0.4549539201467131,8653.525722968732,0.0038522510488196,0.0007672849808292,0.1116331932104695,0.1178649273049605,416.13472796494256,1547.9279491412317,15028.67699455911,0.0,1.05099475,0.3594861728920461,0.000587938354541,False,0.4292602626752508,0.003749604911228,TE53,runs\trial_grid\exports\22014072663e_x05.npz,0.9999806166465074,0.9611527187720514,TM44
22014072663e,ridge,"{""sidewall_angle"": 5.0, ""substrate_height"": 1000.0, ""topclad_height"": 800.0, ""substrate_material"": ""Al2O3"", ""topclad_material"": ""SiO2"", ""core_eq_o"": ""(1+2.8032/(1-0.015287/x**2)+0.36335/(1-0.036095/x**2)-33508000/(1+367200000/x**2))**0.5"", ""core_eq_e"": ""(1+0.017061/(1-0.043855/x**2)+3.1976/(1-0.022642/x**2)-57269000/(1-74226000/x**2))**0.5"", ""core_chi2"": ""AlN"", ""h_core"": 300.0, ""w_core"": 500.0}",refined,1,TM10,S,0.0100331014149472,TE33,0.8446805143285425,34,225.01236927601929,225.01218191273784,1.938237997923048,1.9382357024789696,2.295444077926589e-06,0.300630762487965,14821.393056977657,0.0031946878484746,2.819903345148177e-27,0.1223770197154604,0.1177657308255239,1826.0231944659583,1647.4197304699574,20947.095712444887,0.0,0.6809966000000001,0.2397948355945299,0.0001728673878239,False,0.3025689782463076,0.0032046623400867,TE33,runs\trial_grid\exports\22014072663e_x06.npz,0.9999999961597376,0.999997980996144,TE33
22014072663e,ridge,"{""sidewall_angle"": 5.0, ""substrate_height"": 1000.0, ""topclad_height"": 800.0, ""substrate_material"": ""Al2O3"", ""topclad_material"": ""SiO2"", ""core_eq_o"": ""(1+2.8032/(1-0.015287/x**2)+0.36335/(1-0.036095/x**2)-33508000/(1+367200000/x**2))**0.5"", ""core_eq_e"": ""(1+0.017061/(1-0.043855/x**2)+3.1976/(1-0.022642/x**2)-57269000/(1-74226000/x**2))**0.5"", ""core_chi2"": ""AlN"", ""h_core"": 300.0, ""w_core"": 500.0}",refined,1,TM10,S,0.00926005447214,TM62,0.3919662312899828,2,219.6642731890325,219.66545424650155,1.951699300631196,1.9517208629389549,-2.156230775884893e-05,0.2579782937721716,17750.49566910689,0.0027888585387911,6.5468218076402195e-28,0.1190892657490627,0.1171560245046666,1848.710106714215,1628.0987462294763,29760.324953385138,0.0,0.5509972500000001,0.1873502315980061,9.055066303226412e-05,False,0.2884787090553138,0.0029399460710127,TM63,runs\trial_grid\exports\22014072663e_x07.npz,0.9999992930337778,0.992325997549401,TM63
22014072663e,ridge,"{""sidewall_angle"": 5.0, ""substrate_height"": 1000.0, ""topclad_height"": 800.0, ""substrate_material"": ""Al2O3"", ""topclad_material"": ""SiO2"", ""core_eq_o"": ""(1+2.8032/(1-0.015287/x**2)+0.36335/(1-0.036095/x**2)-33508000/(1+367200000/x**2))**0.5"", ""core_eq_e"": ""(1+0.017061/(1-0.043855/x**2)+3.1976/(1-0.022642/x**2)-57269000/(1-74226000/x**2))**0.5"", ""core_chi2"": ""AlN"", ""h_core"": 300.0, ""w_core"": 500.0}",screened,1,TM10,S,,TM62,0.1620434394752156,42,230.51410869846637,,1.924784299408852,1.924784299408852,,0.2507483601135558,17289.271608803305,0.0028979473566939,,,,,,,,,,,,0.2507483601135558,0.0028979473566939,TM62,,,,TM62
22014072663e,ridge,"{""sidewall_angle"": 5.0, ""substrate_height"": 1000.0, ""topclad_height"": 800.0, ""substrate_material"": ""Al2O3"", ""topclad_material"": ""SiO2"", ""core_eq_o"": ""(1+2.8032/(1-0.015287/x**2)+0.36335/(1-0.036095/x**2)-33508000/(1+367200000/x**2))**0.5"", ""core_eq_e"": ""(1+0.017061/(1-0.043855/x**2)+3.1976/(1-0.022642/x**2)-57269000/(1-74226000/x**2))**0.5"", ""core_chi2"": ""AlN"", ""h_core"": 300.0, ""w_core"": 500.0}",screened,1,TM10,S,,TE52,0.8599928347816893,40,229.71934085176096,,1.926702282003161,1.926702282003161,,0.1750919706753126,24857.12149999053,0.0024368510730361,,,,,,,,,,,,0.1750919706753126,0.0024368510730361,TE52,,,,TE52
22014072663e,ridge,"{""sidewall_angle"": 5.0, ""substrate_height"": 1000.0, ""topclad_height"": 800.0, ""substrate_material"": ""Al2O3"", ""topclad_material"": ""SiO2"", ""core_eq_o"": ""(1+2.8032/(1-0.015287/x**2)+0.36335/(1-0.036095/x**2)-33508000/(1+367200000/x**2))**0.5"", ""core_eq_e"": ""(1+0.017061/(1-0.043855/x**2)+3.1976/(1-0.022642/x**2)-57269000/(1-74226000/x**2))**0.5"", ""core_chi2"": ""AlN"", ""h_core"": 300.0, ""w_core"": 500.0}",screened,1,TM10,S,,TE53,0.6893601798806595,1,219.48808880491572,,1.9521663771650597,1.9521663771650597,,0.0611087471528641,75003.27806076115,0.0013581302702787,,,,,,,,,,,,0.0611087471528641,0.0013581302702787,TE53,,,,TE53
22014072663e,ridge,"{""sidewall_angle"": 5.0, ""substrate_height"": 1000.0, ""topclad_height"": 800.0, ""substrate_material"": ""Al2O3"", ""topclad_material"": ""SiO2"", ""core_eq_o"": ""(1+2.8032/(1-0.015287/x**2)+0.36335/(1-0.036095/x**2)-33508000/(1+367200000/x**2))**0.5"", ""core_eq_e"": ""(1+0.017061/(1-0.043855/x**2)+3.1976/(1-0.022642/x**2)-57269000/(1-74226000/x**2))**0.5"", ""core_chi2"": ""AlN"", ""h_core"": 300.0, ""w_core"": 500.0}",screened,1,TM10,S,,TE54,0.9339336942599376,0,220.095610747226,,1.9506022936964489,1.9506022936964489,,0.0175700488097258,260048.34907682476,0.0007557985447996,,,,,,,,,,,,0.0175700488097258,0.0007557985447996,TE54,,,,TE54
22014072663e,ridge,"{""sidewall_angle"": 5.0, ""substrate_height"": 1000.0, ""topclad_height"": 800.0, ""substrate_material"": ""Al2O3"", ""topclad_material"": ""SiO2"", ""core_eq_o"": ""(1+2.8032/(1-0.015287/x**2)+0.36335/(1-0.036095/x**2)-33508000/(1+367200000/x**2))**0.5"", ""core_eq_e"": ""(1+0.017061/(1-0.043855/x**2)+3.1976/(1-0.022642/x**2)-57269000/(1-74226000/x**2))**0.5"", ""core_chi2"": ""AlN"", ""h_core"": 300.0, ""w_core"": 500.0}",screened,0,TM00,A,,TM13,0.3489619817712583,32,228.0052810669685,,2.0491452184617285,2.0491452184617285,,0.0163864818765363,224110.53822704905,0.0007816611792369,,,,,,,,,,,,0.0163864818765363,0.0007816611792369,TM13,,,,TM13
22014072663e,ridge,"{""sidewall_angle"": 5.0, ""substrate_height"": 1000.0, ""topclad_height"": 800.0, ""substrate_material"": ""Al2O3"", ""topclad_material"": ""SiO2"", ""core_eq_o"": ""(1+2.8032/(1-0.015287/x**2)+0.36335/(1-0.036095/x**2)-33508000/(1+367200000/x**2))**0.5"", ""core_eq_e"": ""(1+0.017061/(1-0.043855/x**2)+3.1976/(1-0.022642/x**2)-57269000/(1-74226000/x**2))**0.5"", ""core_chi2"": ""AlN"", ""h_core"": 300.0, ""w_core"": 500.0}",screened,0,TM00,A,,TM33,0.3211148577797901,3,217.34840298496047,,2.066498951758701,2.066498951758701,,0.0159649354182135,246814.33682056572,0.0007138077608843,,,,,,,,,,,,0.0159649354182135,0.0007138077608843,TM33,,,,TM33
22014072663e,ridge,"{""sidewall_angle"": 5.0, ""substrate_height"": 1000.0, ""topclad_height"": 800.0, ""substrate_material"": ""Al2O3"", ""topclad_material"": ""SiO2"", ""core_eq_o"": ""(1+2.8032/(1-0.015287/x**2)+0.36335/(1-0.036095/x**2)-33508000/(1+367200000/x**2))**0.5"", ""core_eq_e"": ""(1+0.017061/(1-0.043855/x**2)+3.1976/(1-0.022642/x**2)-57269000/(1-74226000/x**2))**0.5"", ""core_chi2"": ""AlN"", ""h_core"": 300.0, ""w_core"": 500.0}",screened,0,TM00,A,,TE43,0.7792812784593678,36,228.223908289076,,2.048804373433474,2.048804373433474,,0.0159315720024608,230183.20845076887,0.0007715645467971,,,,,,,,,,,,0.0159315720024608,0.0007715645467971,TE43,,,,TE43
22014072663e,ridge,"{""sidewall_angle"": 5.0, ""substrate_height"": 1000.0, ""topclad_height"": 800.0, ""substrate_material"": ""Al2O3"", ""topclad_material"": ""SiO2"", ""core_eq_o"": ""(1+2.8032/(1-0.015287/x**2)+0.36335/(1-0.036095/x**2)-33508000/(1+367200000/x**2))**0.5"", ""core_eq_e"": ""(1+0.017061/(1-0.043855/x**2)+3.1976/(1-0.022642/x**2)-57269000/(1-74226000/x**2))**0.5"", ""core_chi2"": ""AlN"", ""h_core"": 300.0, ""w_core"": 500.0}",screened,0,TM00,A,,TM62,0.0551489661019632,30,222.43056363134716,,2.058015590315727,2.058015590315727,,0.0132376922512218,287745.69698713574,0.0006603804990385,,,,,,,,,,,,0.0132376922512218,0.0006603804990385,TM62,,,,TM62
22014072663e,ridge,"{""sidewall_angle"": 5.0, ""substrate_height"": 1000.0, ""topclad_height"": 800.0, ""substrate_material"": ""Al2O3"", ""topclad_material"": ""SiO2"", ""core_eq_o"": ""(1+2.8032/(1-0.015287/x**2)+0.36335/(1-0.036095/x**2)-33508000/(1+367200000/x**2))**0.5"", ""core_eq_e"": ""(1+0.017061/(1-0.043855/x**2)+3.1976/(1-0.022642/x**2)-57269000/(1-74226000/x**2))**0.5"", ""core_chi2"": ""AlN"", ""h_core"": 300.0, ""w_core"": 500.0}",screened,0,TM00,A,,TM43,0.3877652400291751,38,231.27105887826983,,2.04413391316474,2.04413391316474,,0.0109448227427942,328531.248277392,0.0006402762695085,,,,,,,,,,,,0.0109448227427942,0.0006402762695085,TM43,,,,TM43
22014072663e,ridge,"{""sidewall_angle"": 5.0, ""substrate_height"": 1000.0, ""topclad_height"": 800.0, ""substrate_material"": ""Al2O3"", ""topclad_material"": ""SiO2"", ""core_eq_o"": ""(1+2.8032/(1-0.015287/x**2)+0.36335/(1-0.036095/x**2)-33508000/(1+367200000/x**2))**0.5"", ""core_eq_e"": ""(1+0.017061/(1-0.043855/x**2)+3.1976/(1-0.022642/x**2)-57269000/(1-74226000/x**2))**0.5"", ""core_chi2"": ""AlN"", ""h_core"": 300.0, ""w_core"": 500.0}",screened,0,TM00,A,,TM63,0.1203579456440797,4,215.0428079882536,,2.070433047953612,2.070433047953612,,0.0090660692571911,441472.4162187871,0.0005247777547703,,,,,,,,,,,,0.0090660692571911,0.0005247777547703,TM63,,,,TM63
22014072663e,ridge,"{""sidewall_angle"": 5.0, ""substrate_height"": 1000.0, ""topclad_height"": 800.0, ""substrate_material"": ""Al2O3"", ""topclad_material"": ""SiO2"", ""core_eq_o"": ""(1+2.8032/(1-0.015287/x**2)+0.36335/(1-0.036095/x**2)-33508000/(1+367200000/x**2))**0.5"", ""core_eq_e"": ""(1+0.017061/(1-0.043855/x**2)+3.1976/(1-0.022642/x**2)-57269000/(1-74226000/x**2))**0.5"", ""core_chi2"": ""AlN"", ""h_core"": 300.0, ""w_core"": 500.0}",screened,1,TM10,S,,TM63,0.1406728167129305,35,223.70901779683405,,1.941515275671562,1.941515275671562,,0.0085199026279468,526419.5081339709,0.0005301423333946,,,,,,,,,,,,0.0085199026279468,0.0005301423333946,TM63,,,,TM63
22014072663e,ridge,"{""sidewall_angle"": 5.0, ""substrate_height"": 1000.0, ""topclad_height"": 800.0, ""substrate_material"": ""Al2O3"", ""topclad_material"": ""SiO2"", ""core_eq_o"": ""(1+2.8032/(1-0.015287/x**2)+0.36335/(1-0.036095/x**2)-33508000/(1+367200000/x**2))**0.5"", ""core_eq_e"": ""(1+0.017061/(1-0.043855/x**2)+3.1976/(1-0.022642/x**2)-57269000/(1-74226000/x**2))**0.5"", ""core_chi2"": ""AlN"", ""h_core"": 300.0, ""w_core"": 500.0}",screened,0,TM00,A,,TE51,0.9666410958727012,0,220.76956890334804,,2.060720998737672,2.060720998737672,,0.0052990497405521,726811.882783301,0.0004164311805554,,,,,,,,,,,,0.0052990497405521,0.0004164311805554,TE51,,,,TE51
22014072663e,ridge,"{""sidewall_angle"": 5.0, ""substrate_height"": 1000.0, ""topclad_height"": 800.0, ""substrate_material"": ""Al2O3"", ""topclad_material"": ""SiO2"", ""core_eq_o"": ""(1+2.8032/(1-0.015287/x**2)+0.36335/(1-0.036095/x**2)-33508000/(1+367200000/x**2))**0.5"", ""core_eq_e"": ""(1+0.017061/(1-0.043855/x**2)+3.1976/(1-0.022642/x**2)-57269000/(1-74226000/x**2))**0.5"", ""core_chi2"": ""AlN"", ""h_core"": 300.0, ""w_core"": 500.0}",screened,0,TM00,A,,TE51,0.9682489204640854,33,227.21687726084804,,2.050374358707772,2.050374358707772,,0.0018710382019249,1972843.8366867271,0.0002562418649694,,,,,,,,,,,,0.0018710382019249,0.0002562418649694,TE51,,,,TE51
22014072663e,ridge,"{""sidewall_angle"": 5.0, ""substrate_height"": 1000.0, ""topclad_height"": 800.0, ""substrate_material"": ""Al2O3"", ""topclad_material"": ""SiO2"", ""core_eq_o"": ""(1+2.8032/(1-0.015287/x**2)+0.36335/(1-0.036095/x**2)-33508000/(1+367200000/x**2))**0.5"", ""core_eq_e"": ""(1+0.017061/(1-0.043855/x**2)+3.1976/(1-0.022642/x**2)-57269000/(1-74226000/x**2))**0.5"", ""core_chi2"": ""AlN"", ""h_core"": 300.0, ""w_core"": 500.0}",screened,3,TE00,S,,TM61,0.0927278591974739,35,234.70376996474852,,1.9793939037093624,1.9793939037093624,,0.0010720292310836,3586844.7582119084,0.0088146325486044,,,,,,,,,,,,0.0010720292310836,0.0088146325486044,TM61,,,,TM61
22014072663e,ridge,"{""sidewall_angle"": 5.0, ""substrate_height"": 1000.0, ""topclad_height"": 800.0, ""substrate_material"": ""Al2O3"", ""topclad_material"": ""SiO2"", ""core_eq_o"": ""(1+2.8032/(1-0.015287/x**2)+0.36335/(1-0.036095/x**2)-33508000/(1+367200000/x**2))**0.5"", ""core_eq_e"": ""(1+0.017061/(1-0.043855/x**2)+3.1976/(1-0.022642/x**2)-57269000/(1-74226000/x**2))**0.5"", ""core_chi2"": ""AlN"", ""h_core"": 300.0, ""w_core"": 500.0}",screened,3,TE00,S,,TM61,0.0745135752429637,30,226.23590381645917,,1.992402697194116,1.992402697194116,,0.0010322022180772,3931305.6932433806,0.0082286954417715,,,,,,,,,,,,0.0010322022180772,0.0082286954417715,TM61,,,,TM61
22014072663e,ridge,"{""sidewall_angle"": 5.0, ""substrate_height"": 1000.0, ""topclad_height"": 800.0, ""substrate_material"": ""Al2O3"", ""topclad_material"": ""SiO2"", ""core_eq_o"": ""(1+2.8032/(1-0.015287/x**2)+0.36335/(1-0.036095/x**2)-33508000/(1+367200000/x**2))**0.5"", ""core_eq_e"": ""(1+0.017061/(1-0.043855/x**2)+3.1976/(1-0.022642/x**2)-57269000/(1-74226000/x**2))**0.5"", ""core_chi2"": ""AlN"", ""h_core"": 300.0, ""w_core"": 500.0}",screened,3,TE00,S,,TM63,0.2717108599263418,4,217.4105149409397,,2.006693479600144,2.006693479600144,,0.0002487468016779,17289972.830499414,0.0038449720268331,,,,,,,,,,,,0.0002487468016779,0.0038449720268331,TM63,,,,TM63
22014072663e,ridge,"{""sidewall_angle"": 5.0, ""substrate_height"": 1000.0, ""topclad_height"": 800.0, ""substrate_material"": ""Al2O3"", ""topclad_material"": ""SiO2"", ""core_eq_o"": ""(1+2.8032/(1-0.015287/x**2)+0.36335/(1-0.036095/x**2)-33508000/(1+367200000/x**2))**0.5"", ""core_eq_e"": ""(1+0.017061/(1-0.043855/x**2)+3.1976/(1-0.022642/x**2)-57269000/(1-74226000/x**2))**0.5"", ""core_chi2"": ""AlN"", ""h_core"": 300.0, ""w_core"": 500.0}",screened,3,TE00,S,,TM63,0.1354381086984916,3,220.4849227521832,,2.001601295730675,2.001601295730675,,7.296149488186294e-05,57752632.68036194,0.0021646996425967,,,,,,,,,,,,7.296149488186294e-05,0.0021646996425967,TM63,,,,TM63
22014072663e,ridge,"{""sidewall_angle"": 5.0, ""substrate_height"": 1000.0, ""topclad_height"": 800.0, ""substrate_material"": ""Al2O3"", ""topclad_material"": ""SiO2"", ""core_eq_o"": ""(1+2.8032/(1-0.015287/x**2)+0.36335/(1-0.036095/x**2)-33508000/(1+367200000/x**2))**0.5"", ""core_eq_e"": ""(1+0.017061/(1-0.043855/x**2)+3.1976/(1-0.022642/x**2)-57269000/(1-74226000/x**2))**0.5"", ""core_chi2"": ""AlN"", ""h_core"": 300.0, ""w_core"": 500.0}",screened,3,TE00,S,,TE33,0.8741688876087256,36,234.2183030729781,,1.9801301487819587,1.9801301487819587,,6.211793545915273e-05,62089211.11874767,0.0021772250493577,,,,,,,,,,,,6.211793545915273e-05,0.0021772250493577,TE33,,,,TE33
22014072663e,ridge,"{""sidewall_angle"": 5.0, ""substrate_height"": 1000.0, ""topclad_height"": 800.0, ""substrate_material"": ""Al2O3"", ""topclad_material"": ""SiO2"", ""core_eq_o"": ""(1+2.8032/(1-0.015287/x**2)+0.36335/(1-0.036095/x**2)-33508000/(1+367200000/x**2))**0.5"", ""core_eq_e"": ""(1+0.017061/(1-0.043855/x**2)+3.1976/(1-0.022642/x**2)-57269000/(1-74226000/x**2))**0.5"", ""core_chi2"": ""AlN"", ""h_core"": 300.0, ""w_core"": 500.0}",screened,3,TE00,S,,TE34,0.9446388979116808,6,216.87937760770623,,2.0075778104142583,2.0075778104142583,,4.146697069337747e-05,104087849.84508224,0.0016196630471719,,,,,,,,,,,,4.146697069337747e-05,0.0016196630471719,TE34,,,,TE34
22014072663e,ridge,"{""sidewall_angle"": 5.0, ""substrate_height"": 1000.0, ""topclad_height"": 800.0, ""substrate_material"": ""Al2O3"", ""topclad_material"": ""SiO2"", ""core_eq_o"": ""(1+2.8032/(1-0.015287/x**2)+0.36335/(1-0.036095/x**2)-33508000/(1+367200000/x**2))**0.5"", ""core_eq_e"": ""(1+0.017061/(1-0.043855/x**2)+3.1976/(1-0.022642/x**2)-57269000/(1-74226000/x**2))**0.5"", ""core_chi2"": ""AlN"", ""h_core"": 300.0, ""w_core"": 500.0}",screened,3,TE00,S,,TM24,0.139694052628428,1,221.6170435345364,,1.9997785153347245,1.9997785153347245,,3.43926509664847e-05,121601340.73793216,0.0015806328390875,,,,,,,,,,,,3.43926509664847e-05,0.0015806328390875,TM24,,,,TM24
22014072663e,ridge,"{""sidewall_angle"": 5.0, ""substrate_height"": 1000.0, ""topclad_height"": 800.0, ""substrate_material"": ""Al2O3"", ""topclad_material"": ""SiO2"", ""core_eq_o"": ""(1+2.8032/(1-0.015287/x**2)+0.36335/(1-0.036095/x**2)-33508000/(1+367200000/x**2))**0.5"", ""core_eq_e"": ""(1+0.017061/(1-0.043855/x**2)+3.1976/(1-0.022642/x**2)-57269000/(1-74226000/x**2))**0.5"", ""core_chi2"": ""AlN"", ""h_core"": 300.0, ""w_core"": 500.0}",screened,3,TE00,S,,TM43,0.1482361198562757,32,233.16958633402484,,1.9817206023117293,1.9817206023117293,,2.213545139758163e-05,175386662.44858968,0.0013017334971119,,,,,,,,,,,,2.213545139758163e-05,0.0013017334971119,TM43,,,,TM43
22014072663e,ridge,"{""sidewall_angle"": 5.0, ""substrate_height"": 1000.0, ""topclad_height"": 800.0, ""substrate_material"": ""Al2O3"", ""topclad_material"": ""SiO2"", ""core_eq_o"": ""(1+2.8032/(1-0.015287/x**2)+0.36335/(1-0.036095/x**2)-33508000/(1+367200000/x**2))**0.5"", ""core_eq_e"": ""(1+0.017061/(1-0.043855/x**2)+3.1976/(1-0.022642/x**2)-57269000/(1-74226000/x**2))**0.5"", ""core_chi2"": ""AlN"", ""h_core"": 300.0, ""w_core"": 500.0}",screened,3,TE00,S,,TE51,0.9498554504140236,0,224.95575794890428,,1.9944029906760063,1.9944029906760063,,5.368262675224621e-06,762235704.5457517,0.0005941597205603,,,,,,,,,,,,5.368262675224621e-06,0.0005941597205603,TE51,,,,TE51
22014072663e,ridge,"{""sidewall_angle"": 5.0, ""substrate_height"": 1000.0, ""topclad_height"": 800.0, ""substrate_material"": ""Al2O3"", ""topclad_material"": ""SiO2"", ""core_eq_o"": ""(1+2.8032/(1-0.015287/x**2)+0.36335/(1-0.036095/x**2)-33508000/(1+367200000/x**2))**0.5"", ""core_eq_e"": ""(1+0.017061/(1-0.043855/x**2)+3.1976/(1-0.022642/x**2)-57269000/(1-74226000/x**2))**0.5"", ""core_chi2"": ""AlN"", ""h_core"": 300.0, ""w_core"": 500.0}",screened,0,TM00,A,,TE33,0.7499434007263028,37,230.7148189599558,,2.044966042417563,2.044966042417563,,4.733269749798398e-06,762404560.2427906,1.3234181349822482e-05,,,,,,,,,,,,4.733269749798398e-06,1.3234181349822482e-05,TE33,,,,TE33
22014072663e,ridge,"{""sidewall_angle"": 5.0, ""substrate_height"": 1000.0, ""topclad_height"": 800.0, ""substrate_material"": ""Al2O3"", ""topclad_material"": ""SiO2"", ""core_eq_o"": ""(1+2.8032/(1-0.015287/x**2)+0.36335/(1-0.036095/x**2)-33508000/(1+367200000/x**2))**0.5"", ""core_eq_e"": ""(1+0.017061/(1-0.043855/x**2)+3.1976/(1-0.022642/x**2)-57269000/(1-74226000/x**2))**0.5"", ""core_chi2"": ""AlN"", ""h_core"": 300.0, ""w_core"": 500.0}",screened,3,TE00,S,,TE51,0.9256632481939444,33,232.71833175501092,,1.982404961978511,1.982404961978511,,4.7009506047289374e-06,828193882.0723045,0.0005826412974088,,,,,,,,,,,,4.7009506047289374e-06,0.0005826412974088,TE51,,,,TE51
22014072663e,ridge,"{""sidewall_angle"": 5.0, ""substrate_height"": 1000.0, ""topclad_height"": 800.0, ""substrate_material"": ""Al2O3"", ""topclad_material"": ""SiO2"", ""core_eq_o"": ""(1+2.8032/(1-0.015287/x**2)+0.36335/(1-0.036095/x**2)-33508000/(1+367200000/x**2))**0.5"", ""core_eq_e"": ""(1+0.017061/(1-0.043855/x**2)+3.1976/(1-0.022642/x**2)-57269000/(1-74226000/x**2))**0.5"", ""core_chi2"": ""AlN"", ""h_core"": 300.0, ""w_core"": 500.0}",screened,3,TE00,S,,TE53,0.8656730635089595,5,216.78495715724085,,2.007735018180696,2.007735018180696,,1.2662058051735166e-06,3410941384.562756,0.0002751139495542,,,,,,,,,,,,1.2662058051735166e-06,0.0002751139495542,TE53,,,,TE53
22014072663e,ridge,"{""sidewall_angle"": 5.0, ""substrate_height"": 1000.0, ""topclad_height"": 800.0, ""substrate_material"": ""Al2O3"", ""topclad_material"": ""SiO2"", ""core_eq_o"": ""(1+2.8032/(1-0.015287/x**2)+0.36335/(1-0.036095/x**2)-33508000/(1+367200000/x**2))**0.5"", ""core_eq_e"": ""(1+0.017061/(1-0.043855/x**2)+3.1976/(1-0.022642/x**2)-57269000/(1-74226000/x**2))**0.5"", ""core_chi2"": ""AlN"", ""h_core"": 300.0, ""w_core"": 500.0}",screened,3,TE00,S,,TE33,0.8444968537485086,2,221.08307599433792,,2.0006382341734907,2.0006382341734907,,8.884458424877658e-07,4723983530.41103,0.000240751711687,,,,,,,,,,,,8.884458424877658e-07,0.000240751711687,TE33,,,,TE33
22014072663e,ridge,"{""sidewall_angle"": 5.0, ""substrate_height"": 1000.0, ""topclad_height"": 800.0, ""substrate_material"": ""Al2O3"", ""topclad_material"": ""SiO2"", ""core_eq_o"": ""(1+2.8032/(1-0.015287/x**2)+0.36335/(1-0.036095/x**2)-33508000/(1+367200000/x**2))**0.5"", ""core_eq_e"": ""(1+0.017061/(1-0.043855/x**2)+3.1976/(1-0.022642/x**2)-57269000/(1-74226000/x**2))**0.5"", ""core_chi2"": ""AlN"", ""h_core"": 300.0, ""w_core"": 500.0}",screened,3,TE00,S,,TM44,0.1562167281344061,7,216.44135880820556,,2.0083071011218085,2.0083071011218085,,2.460985885543072e-07,17590412588.42781,0.0001252844633464,,,,,,,,,,,,2.460985885543072e-07,0.0001252844633464,TM44,,,,TM44
eb165d8d6f8a,ridge,"{""sidewall_angle"": 5.0, ""substrate_height"": 1000.0, ""topclad_height"": 800.0, ""substrate_material"": ""Al2O3"", ""topclad_material"": ""SiO2"", ""core_eq_o"": ""(1+2.8032/(1-0.015287/x**2)+0.36335/(1-0.036095/x**2)-33508000/(1+367200000/x**2))**0.5"", ""core_eq_e"": ""(1+0.017061/(1-0.043855/x**2)+3.1976/(1-0.022642/x**2)-57269000/(1-74226000/x**2))**0.5"", ""core_chi2"": ""AlN"", ""h_core"": 300.0, ""w_core"": 600.0}",refined,0,TM00,A,0.0010661573857981,TM04,0.0069066510819843,5,217.63540033443653,217.62731025029623,2.075986581690096,2.075829215588517,0.000157366101579,3.600706018093371,1076.6352083443253,0.0122527471102792,0.0121181476324948,0.1308548646652584,0.1445376514518956,255.7000085545845,1539.6146282801144,1558.7840239167683,0.0,3.5709821500000007,1.275353293688425,0.0585664204220097,False,3.534305501220884,0.012192155180555,TM04,runs\trial_grid\exports\eb165d8d6f8a_x00.npz,0.9999837778873512,0.9994128221618276,TM04
eb165d8d6f8a,ridge,"{""sidewall_angle"": 5.0, ""substrate_height"": 1000.0, ""topclad_height"": 800.0, ""substrate_material"": ""Al2O3"", ""topclad_material"": ""SiO2"", ""core_eq_o"": ""(1+2.8032/(1-0.015287/x**2)+0.36335/(1-0.036095/x**2)-33508000/(1+367200000/x**2))**0.5"", ""core_eq_e"": ""(1+0.017061/(1-0.043855/x**2)+3.1976/(1-0.022642/x**2)-57269000/(1-74226000/x**2))**0.5"", ""core_chi2"": ""AlN"", ""h_core"": 300.0, ""w_core"": 600.0}",refined,1,TM10,S,0.0071074444749975,TM04,0.0063806404436905,5,222.56208722498607,222.55867458328683,1.986440104561796,1.9863926829021368,4.742165965865297e-05,2.773942136789859,1525.247069453979,0.0110698446873265,7.86815806985056e-32,0.1381046138815778,0.150991168686136,1085.425887724213,1606.572303160054,1355.49770105086,0.0,2.9709851500000006,1.0142792972225714,0.0285372762745564,False,2.746108059729175,0.0110832121455576,TM04,runs\trial_grid\exports\eb165d8d6f8a_x01.npz,0.9999708198383296,0.999898385328354,TM04
eb165d8d6f8a,ridge,"{""sidewall_angle"": 5.0, ""substrate_height"": 1000.0, ""topclad_height"": 800.0, ""substrate_material"": ""Al2O3"", ""topclad_material"": ""SiO2"", ""core_eq_o"": ""(1+2.8032/(1-0.015287/x**2)+0.36335/(1-0.036095/x**2)-33508000/(1+367200000/x**2))**0.5"", ""core_eq_e"": ""(1+0.017061/(1-0.043855/x**2)+3.1976/(1-0.022642/x**2)-57269000/(1-74226000/x**2))**0.5"", ""core_chi2"": ""AlN"", ""h_core"": 300.0, ""w_core"": 600.0}",refined,1,TM10,S,0.0075058992651966,TM60?,0.0859267479659691,30,228.38863574798623,228.3880680910306,1.9737243131508893,1.973716740223571,7.572927318566514e-06,2.2780044002750897,1798.0206625613537,0.0094589498406954,2.8577245407119573e-29,0.1417195302865916,0.105768288487251,1073.1337691199683,1627.782377397493,28923.85156308231,0.0,0.6209969000000001,0.2042715510066938,0.0009505398561214,False,2.087576232690095,0.0090838289477048,TM82,runs\trial_grid\exports\eb165d8d6f8a_x02.npz,0.9999872299007208,0.999354169788064,TM82
eb165d8d6f8a,ridge,"{""sidewall_angle"": 5.0, ""substrate_height"": 1000.0, ""topclad_height"": 800.0, ""substrate_material"": ""Al2O3"", ""topclad_material"": ""SiO2"", ""core_eq_o"": ""(1+2.8032/(1-0.015287/x**2)+0.36335/(1-0.036095/x**2)-33508000/(1+367200000/x**2))**0.5"", ""core_eq_e"": ""(1+0.017061/(1-0.043855/x**2)+3.1976/(1-0.022642/x**2)-57269000/(1-74226000/x**2))**0.5"", ""core_chi2"": ""AlN"", ""h_core"": 300.0, ""w_core"": 600.0}",refined,1,TM10,S,0.0069128024067403,TM24,0.3192426986226342,7,218.49916599965928,218.48375467451277,1.9955692686027489,1.9952968224924408,0.0002724461103082,1.323089547856328,3272.849935366911,0.0072030939848965,8.966673998907323e-31,0.1356764095713721,0.1619344010099238,1093.257921194054,1591.1874486781005,6791.67460845973,0.0,1.43099285,0.5267314029179836,0.0036708586408672,False,1.4063939576982416,0.0074456294349917,TE24,runs\trial_grid\exports\eb165d8d6f8a_x03.npz,0.9999887675889184,0.9722195449764764,TM24
eb165d8d6f8a,ridge,"{""sidewall_angle"": 5.0, ""substrate_height"": 1000.0, ""topclad_height"": 800.0, ""substrate_material"": ""Al2O3"", ""topclad_material"": ""SiO2"", ""core_eq_o"": ""(1+2.8032/(1-0.015287/x**2)+0.36335/(1-0.036095/x**2)-33508000/(1+367200000/x**2))**0.5"", ""core_eq_e"": ""(1+0.017061/(1-0.043855/x**2)+3.1976/(1-0.022642/x**2)-57269000/(1-74226000/x**2))**0.5"", ""core_chi2"": ""AlN"", ""h_core"": 300.0, ""w_core"": 600.0}",refined,1,TM10,S,0.007541225295526,TM80?,0.0745556081914174,31,228.8407036299109,228.840963924724,1.9727549220309568,1.972758383441393,-3.461410436278456e-06,1.221984824384744,3343.516677623007,0.0069680909294096,2.6610245682108735e-29,0.1420065923452508,0.1016753233192597,1072.1273645253325,1629.3793469587397,30055.387875322664,0.0,0.600997,0.1984005113788573,0.0004810069892846,False,1.169569992044014,0.006827954680594,TM82,runs\trial_grid\exports\eb165d8d6f8a_x04.npz,0.999993391701315,0.9999495274151996,TM82
eb165d8d6f8a,ridge,"{""sidewall_angle"": 5.0, ""substrate_height"": 1000.0, ""topclad_height"": 800.0, ""substrate_material"": ""Al2O3"", ""topclad_material"": ""SiO2"", ""core_eq_o"": ""(1+2.8032/(1-0.015287/x**2)+0.36335/(1-0.036095/x**2)-33508000/(1+367200000/x**2))**0.5"", ""core_eq_e"": ""(1+0.017061/(1-0.043855/x**2)+3.1976/(1-0.022642/x**2)-57269000/(1-74226000/x**2))**0.5"", ""core_chi2"": ""AlN"", ""h_core"": 300.0, ""w_core"": 600.0}",refined,1,TM10,S,0.0074658572683353,TE52,0.8657510430983284,0,227.86745195213345,227.869013734936,1.9748448969508512,1.9748626903338005,-1.7793382949271574e-05,0.199225889275495,20617.821186978545,0.0028408274767013,1.1601786509123314e-28,0.1413897405002808,0.123272702554696,1074.284326830775,1625.931185870025,21485.717409338675,0.0,0.7409963,0.2542776706658278,0.0001288137497915,False,0.2010744958487359,0.0028624850040302,TE53,runs\trial_grid\exports\eb165d8d6f8a_x05.npz,0.9999776524232786,0.9999596658348024,TE53
eb165d8d6f8a,ridge,"{""sidewall_angle"": 5.0, ""substrate_height"": 1000.0, ""topclad_height"": 800.0, ""substrate_material"": ""Al2O3"", ""topclad_material"": ""SiO2"", ""core_eq_o"": ""(1+2.8032/(1-0.015287/x**2)+0.36335/(1-0.036095/x**2)-33508000/(1+367200000/x**2))**0.5"", ""core_eq_e"": ""(1+0.017061/(1-0.043855/x**2)+3.1976/(1-0.022642/x**2)-57269000/(1-74226000/x**2))**0.5"", ""core_chi2"": ""AlN"", ""h_core"": 300.0, ""w_core"": 600.0}",refined,1,TM10,S,0.0073086400580212,TM43,0.4396156700057737,2,225.71054128217625,225.7192542356119,1.9795167684785329,1.979633736434675,-0.0001169679561421,0.1062968106368133,39104.69376605608,0.0020336553105668,4.9431582045851886e-29,0.140038202465285,0.1488594049602326,1078.938660459721,1618.1570180546958,15041.539321249298,0.0,0.9209954,0.3254618715750423,0.0001125953535829,False,0.1326460822278041,0.002271525551421,TM63,runs\trial_grid\exports\eb165d8d6f8a_x06.npz,0.999997521499184,0.98615078248044,TM63
eb165d8d6f8a,ridge,"{""sidewall_angle"": 5.0, ""substrate_height"": 1000.0, ""topclad_height"": 800.0, ""substrate_material"": ""Al2O3"", ""topclad_material"": ""SiO2"", ""core_eq_o"": ""(1+2.8032/(1-0.015287/x**2)+0.36335/(1-0.036095/x**2)-33508000/(1+367200000/x**2))**0.5"", ""core_eq_e"": ""(1+0.017061/(1-0.043855/x**2)+3.1976/(1-0.022642/x**2)-57269000/(1-74226000/x**2))**0.5"", ""core_chi2"": ""AlN"", ""h_core"": 300.0, ""w_core"": 600.0}",refined,0,TM00,A,0.0011592955972281,TM80,0.033233101902135,31,223.06868675161607,223.07045595366083,2.067363240900601,2.067391262847559,-2.80219469575016e-05,0.1172626859765948,31861.24255881582,0.0021513105512631,0.0005920850153102,0.1336063564456547,0.0911164206790877,252.70653450319176,1561.0177755279958,29958.22080932147,0.0,0.7009965000000001,0.2167571746834291,5.509431666846253e-05,False,0.1116836428788751,0.0021056261095226,TM82,runs\trial_grid\exports\eb165d8d6f8a_x07.npz,0.9999891912869568,0.9999948390635822,TM82
eb165d8d6f8a,ridge,"{""sidewall_angle"": 5.0, ""substrate_height"": 1000.0, ""topclad_height"": 800.0, ""substrate_material"": ""Al2O3"", ""topclad_material"": ""SiO2"", ""core_eq_o"": ""(1+2.8032/(1-0.015287/x**2)+0.36335/(1-0.036095/x**2)-33508000/(1+367200000/x**2))**0.5"", ""core_eq_e"": ""(1+0.017061/(1-0.043855/x**2)+3.1976/(1-0.022642/x**2)-57269000/(1-74226000/x**2))**0.5"", ""core_chi2"": ""AlN"", ""h_core"": 300.0, ""w_core"": 600.0}",screened,1,TM10,S,,TE14,0.5115935315078661,8,218.37745021663324,,1.9958867035123424,1.9958867035123424,,0.0860121265879999,50370.133535807865,0.0018205011607552,,,,,,,,,,,,0.0860121265879999,0.0018205011607552,TE14,,,,TE14
eb165d8d6f8a,ridge,"{""sidewall_angle"": 5.0, ""substrate_height"": 1000.0, ""topclad_height"": 800.0, ""substrate_material"": ""Al2O3"", ""topclad_material"": ""SiO2"", ""core_eq_o"": ""(1+2.8032/(1-0.015287/x**2)+0.36335/(1-0.036095/x**2)-33508000/(1+367200000/x**2))**0.5"", ""core_eq_e"": ""(1+0.017061/(1-0.043855/x**2)+3.1976/(1-0.022642/x**2)-57269000/(1-74226000/x**2))**0.5"", ""core_chi2"": ""AlN"", ""h_core"": 300.0, ""w_core"": 600.0}",screened,0,TM00,A,,TM82,0.0651100537880681,30,222.6794102293939,,2.0680119563971764,2.0680119563971764,,0.0749664178694285,49965.47309959023,0.0017237393636678,,,,,,,,,,,,0.0749664178694285,0.0017237393636678,TM82,,,,TM82
eb165d8d6f8a,ridge,"{""sidewall_angle"": 5.0, ""substrate_height"": 1000.0, ""topclad_height"": 800.0, ""substrate_material"": ""Al2O3"", ""topclad_material"": ""SiO2"", ""core_eq_o"": ""(1+2.8032/(1-0.015287/x**2)+0.36335/(1-0.036095/x**2)-33508000/(1+367200000/x**2))**0.5"", ""core_eq_e"": ""(1+0.017061/(1-0.043855/x**2)+3.1976/(1-0.022642/x**2)-57269000/(1-74226000/x**2))**0.5"", ""core_chi2"": ""AlN"", ""h_core"": 300.0, ""w_core"": 600.0}",screened,0,TM00,A,,TE72,0.8671141204733306,6,215.0628486267538,,2.08023715407016,2.08023715407016,,0.0495150512720593,79680.02406670584,0.0013584998169107,,,,,,,,,,,,0.0495150512720593,0.0013584998169107,TE72,,,,TE72
eb165d8d6f8a,ridge,"{""sidewall_angle"": 5.0, ""substrate_height"": 1000.0, ""topclad_height"": 800.0, ""substrate_material"": ""Al2O3"", ""topclad_material"": ""SiO2"", ""core_eq_o"": ""(1+2.8032/(1-0.015287/x**2)+0.36335/(1-0.036095/x**2)-33508000/(1+367200000/x**2))**0.5"", ""core_eq_e"": ""(1+0.017061/(1-0.043855/x**2)+3.1976/(1-0.022642/x**2)-57269000/(1-74226000/x**2))**0.5"", ""core_chi2"": ""AlN"", ""h_core"": 300.0, ""w_core"": 600.0}",screened,1,TM10,S,,TE53,0.8125712830929678,1,225.8080667402455,,1.979324691952978,1.979324691952978,,0.0283022462510741,146792.91211072676,0.0010511761173643,,,,,,,,,,,,0.0283022462510741,0.0010511761173643,TE53,,,,TE53
eb165d8d6f8a,ridge,"{""sidewall_angle"": 5.0, ""substrate_height"": 1000.0, ""topclad_height"": 800.0, ""substrate_material"": ""Al2O3"", ""topclad_material"": ""SiO2"", ""core_eq_o"": ""(1+2.8032/(1-0.015287/x**2)+0.36335/(1-0.036095/x**2)-33508000/(1+367200000/x**2))**0.5"", ""core_eq_e"": ""(1+0.017061/(1-0.043855/x**2)+3.1976/(1-0.022642/x**2)-57269000/(1-74226000/x**2))**0.5"", ""core_chi2"": ""AlN"", ""h_core"": 300.0, ""w_core"": 600.0}",screened,1,TM10,S,,TE53,0.8592895982811739,10,215.7705342170573,,2.0018577003874163,2.0018577003874163,,0.0276367421613018,159142.1770400461,0.0009824806729791,,,,,,,,,,,,0.0276367421613018,0.0009824806729791,TE53,,,,TE53
eb165d8d6f8a,ridge,"{""sidewall_angle"": 5.0, ""substrate_height"": 1000.0, ""topclad_height"": 800.0, ""substrate_material"": ""Al2O3"", ""topclad_material"": ""SiO2"", ""core_eq_o"": ""(1+2.8032/(1-0.015287/x**2)+0.36335/(1-0.036095/x**2)-33508000/(1+367200000/x**2))**0.5"", ""core_eq_e"": ""(1+0.017061/(1-0.043855/x**2)+3.1976/(1-0.022642/x**2)-57269000/(1-74226000/x**2))**0.5"", ""core_chi2"": ""AlN"", ""h_core"": 300.0, ""w_core"": 600.0}",screened,1,TM10,S,,TM82,0.0577019618163466,4,221.57773485630585,,1.9886671231532504,1.9886671231532504,,0.0264049827943624,161113.38287920857,0.0009701081971848,,,,,,,,,,,,0.0264049827943624,0.0009701081971848,TM82,,,,TM82
eb165d8d6f8a,ridge,"{""sidewall_angle"": 5.0, ""substrate_height"": 1000.0, ""topclad_height"": 800.0, ""substrate_material"": ""Al2O3"", ""topclad_material"": ""SiO2"", ""core_eq_o"": ""(1+2.8032/(1-0.015287/x**2)+0.36335/(1-0.036095/x**2)-33508000/(1+367200000/x**2))**0.5"", ""core_eq_e"": ""(1+0.017061/(1-0.043855/x**2)+3.1976/(1-0.022642/x**2)-57269000/(1-74226000/x**2))**0.5"", ""core_chi2"": ""AlN"", ""h_core"": 300.0, ""w_core"": 600.0}",screened,0,TM00,A,,TM82,0.0619522074517122,4,217.54339313350363,,2.0761878105894933,2.0761878105894933,,0.0241971300010528,160287.79670055787,0.0009448702325407,,,,,,,,,,,,0.0241971300010528,0.0009448702325407,TM82,,,,TM82
eb165d8d6f8a,ridge,"{""sidewall_angle"": 5.0, ""substrate_height"": 1000.0, ""topclad_height"": 800.0, ""substrate_material"": ""Al2O3"", ""topclad_material"": ""SiO2"", ""core_eq_o"": ""(1+2.8032/(1-0.015287/x**2)+0.36335/(1-0.036095/x**2)-33508000/(1+367200000/x**2))**0.5"", ""core_eq_e"": ""(1+0.017061/(1-0.043855/x**2)+3.1976/(1-0.022642/x**2)-57269000/(1-74226000/x**2))**0.5"", ""core_chi2"": ""AlN"", ""h_core"": 300.0, ""w_core"": 600.0}",screened,1,TM10,S,,TM83,0.1149723294641795,9,216.27183963525363,,2.000709488060669,2.000709488060669,,0.0231189921707506,189685.9142852446,0.0008992016312517,,,,,,,,,,,,0.0231189921707506,0.0008992016312517,TM83,,,,TM83
eb165d8d6f8a,ridge,"{""sidewall_angle"": 5.0, ""substrate_height"": 1000.0, ""topclad_height"": 800.0, ""substrate_material"": ""Al2O3"", ""topclad_material"": ""SiO2"", ""core_eq_o"": ""(1+2.8032/(1-0.015287/x**2)+0.36335/(1-0.036095/x**2)-33508000/(1+367200000/x**2))**0.5"", ""core_eq_e"": ""(1+0.017061/(1-0.043855/x**2)+3.1976/(1-0.022642/x**2)-57269000/(1-74226000/x**2))**0.5"", ""core_chi2"": ""AlN"", ""h_core"": 300.0, ""w_core"": 600.0}",screened,0,TM00,A,,TM23,0.0473780850207648,38,230.2318627263088,,2.0566510411513965,2.0566510411513965,,0.0149171410030544,238812.8796799018,0.0008268158546306,,,,,,,,,,,,0.0149171410030544,0.0008268158546306,TM23,,,,TM23
eb165d8d6f8a,ridge,"{""sidewall_angle"": 5.0, ""substrate_height"": 1000.0, ""topclad_height"": 800.0, ""substrate_material"": ""Al2O3"", ""topclad_material"": ""SiO2"", ""core_eq_o"": ""(1+2.8032/(1-0.015287/x**2)+0.36335/(1-0.036095/x**2)-33508000/(1+367200000/x**2))**0.5"", ""core_eq_e"": ""(1+0.017061/(1-0.043855/x**2)+3.1976/(1-0.022642/x**2)-57269000/(1-74226000/x**2))**0.5"", ""core_chi2"": ""AlN"", ""h_core"": 300.0, ""w_core"": 600.0}",screened,1,TM10,S,,TE72,0.9088440390049156,6,219.20062444347815,,1.9940012684860768,1.9940012684860768,,0.0109316943647413,394465.1845329392,0.000629046766539,,,,,,,,,,,,0.0109316943647413,0.000629046766539,TE72,,,,TE72
eb165d8d6f8a,ridge,"{""sidewall_angle"": 5.0, ""substrate_height"": 1000.0, ""topclad_height"": 800.0, ""substrate_material"": ""Al2O3"", ""topclad_material"": ""SiO2"", ""core_eq_o"": ""(1+2.8032/(1-0.015287/x**2)+0.36335/(1-0.036095/x**2)-33508000/(1+367200000/x**2))**0.5"", ""core_eq_e"": ""(1+0.017061/(1-0.043855/x**2)+3.1976/(1-0.022642/x**2)-57269000/(1-74226000/x**2))**0.5"", ""core_chi2"": ""AlN"", ""h_core"": 300.0, ""w_core"": 600.0}",screened,0,TM00,A,,TE52,0.9742440267961978,37,231.1037918048753,,2.0554115557335955,2.0554115557335955,,0.0099890873436604,354584.45293427364,0.0006559135511343,,,,,,,,,,,,0.0099890873436604,0.0006559135511343,TE52,,,,TE52
eb165d8d6f8a,ridge,"{""sidewall_angle"": 5.0, ""substrate_height"": 1000.0, ""topclad_height"": 800.0, ""substrate_material"": ""Al2O3"", ""topclad_material"": ""SiO2"", ""core_eq_o"": ""(1+2.8032/(1-0.015287/x**2)+0.36335/(1-0.036095/x**2)-33508000/(1+367200000/x**2))**0.5"", ""core_eq_e"": ""(1+0.017061/(1-0.043855/x**2)+3.1976/(1-0.022642/x**2)-57269000/(1-74226000/x**2))**0.5"", ""core_chi2"": ""AlN"", ""h_core"": 300.0, ""w_core"": 600.0}",screened,0,TM00,A,,TE53,0.7575509082470763,0,221.41583467313157,,2.069976394127644,2.069976394127644,,0.0074941790800684,504102.0064029557,0.0005462465546665,,,,,,,,,,,,0.0074941790800684,0.0005462465546665,TE53,,,,TE53
eb165d8d6f8a,ridge,"{""sidewall_angle"": 5.0, ""substrate_height"": 1000.0, ""topclad_height"": 800.0, ""substrate_material"": ""Al2O3"", ""topclad_material"": ""SiO2"", ""core_eq_o"": ""(1+2.8032/(1-0.015287/x**2)+0.36335/(1-0.036095/x**2)-33508000/(1+367200000/x**2))**0.5"", ""core_eq_e"": ""(1+0.017061/(1-0.043855/x**2)+3.1976/(1-0.022642/x**2)-57269000/(1-74226000/x**2))**0.5"", ""core_chi2"": ""AlN"", ""h_core"": 300.0, ""w_core"": 600.0}",screened,4,TE10,A,,TM82,0.0991932930780366,41,233.83257044202932,,1.8914555849968189,1.8914555849968189,,0.0058252570894575,762153.5493802404,0.0226184129327328,,,,,,,,,,,,0.0058252570894575,0.0226184129327328,TM82,,,,TM82
eb165d8d6f8a,ridge,"{""sidewall_angle"": 5.0, ""substrate_height"": 1000.0, ""topclad_height"": 800.0, ""substrate_material"": ""Al2O3"", ""topclad_material"": ""SiO2"", ""core_eq_o"": ""(1+2.8032/(1-0.015287/x**2)+0.36335/(1-0.036095/x**2)-33508000/(1+367200000/x**2))**0.5"", ""core_eq_e"": ""(1+0.017061/(1-0.043855/x**2)+3.1976/(1-0.022642/x**2)-57269000/(1-74226000/x**2))**0.5"", ""core_chi2"": ""AlN"", ""h_core"": 300.0, ""w_core"": 600.0}",screened,0,TM00,A,,TM63,0.3542097494881467,1,220.42671635970885,,2.071514142563148,2.071514142563148,,0.0058216255924356,653310.4166437626,0.0004765710284248,,,,,,,,,,,,0.0058216255924356,0.0004765710284248,TM63,,,,TM63
eb165d8d6f8a,ridge,"{""sidewall_angle"": 5.0, ""substrate_height"": 1000.0, ""topclad_height"": 800.0, ""substrate_material"": ""Al2O3"", ""topclad_material"": ""SiO2"", ""core_eq_o"": ""(1+2.8032/(1-0.015287/x**2)+0.36335/(1-0.036095/x**2)-33508000/(1+367200000/x**2))**0.5"", ""core_eq_e"": ""(1+0.017061/(1-0.043855/x**2)+3.1976/(1-0.022642/x**2)-57269000/(1-74226000/x**2))**0.5"", ""core_chi2"": ""AlN"", ""h_core"": 300.0, ""w_core"": 600.0}",screened,4,TE10,A,,TM83,0.1799870996794711,44,234.6156764011314,,1.8897158125255835,1.8897158125255835,,0.0036595270776805,1208446.7372706027,0.0184771992667667,,,,,,,,,,,,0.0036595270776805,0.0184771992667667,TM83,,,,TM83
eb165d8d6f8a,ridge,"{""sidewall_angle"": 5.0, ""substrate_height"": 1000.0, ""topclad_height"": 800.0, ""substrate_material"": ""Al2O3"", ""topclad_material"": ""SiO2"", ""core_eq_o"": ""(1+2.8032/(1-0.015287/x**2)+0.36335/(1-0.036095/x**2)-33508000/(1+367200000/x**2))**0.5"", ""core_eq_e"": ""(1+0.017061/(1-0.043855/x**2)+3.1976/(1-0.022642/x**2)-57269000/(1-74226000/x**2))**0.5"", ""core_chi2"": ""AlN"", ""h_core"": 300.0, ""w_core"": 600.0}",screened,4,TE10,A,,TM82,0.0619426877464572,34,225.7192181172304,,1.9096451558666976,1.9096451558666976,,0.0034884353505697,1327181.2706094296,0.0166225181481959,,,,,,,,,,,,0.0034884353505697,0.0166225181481959,TM82,,,,TM82
eb165d8d6f8a,ridge,"{""sidewall_angle"": 5.0, ""substrate_height"": 1000.0, ""topclad_height"": 800.0, ""substrate_material"": ""Al2O3"", ""topclad_material"": ""SiO2"", ""core_eq_o"": ""(1+2.8032/(1-0.015287/x**2)+0.36335/(1-0.036095/x**2)-33508000/(1+367200000/x**2))**0.5"", ""core_eq_e"": ""(1+0.017061/(1-0.043855/x**2)+3.1976/(1-0.022642/x**2)-57269000/(1-74226000/x**2))**0.5"", ""core_chi2"": ""AlN"", ""h_core"": 300.0, ""w_core"": 600.0}",screened,4,TE10,A,,TM83,0.3600045705681735,3,217.07719189431512,,1.929649837231696,1.929649837231696,,0.0018036708995886,2689891.8206691705,0.0114594306985455,,,,,,,,,,,,0.0018036708995886,0.0114594306985455,TM83,,,,TM83
eb165d8d6f8a,ridge,"{""sidewall_angle"": 5.0, ""substrate_height"": 1000.0, ""topclad_height"": 800.0, ""substrate_material"": ""Al2O3"", ""topclad_material"": ""SiO2"", ""core_eq_o"": ""(1+2.8032/(1-0.015287/x**2)+0.36335/(1-0.036095/x**2)-33508000/(1+367200000/x**2))**0.5"", ""core_eq_e"": ""(1+0.017061/(1-0.043855/x**2)+3.1976/(1-0.022642/x**2)-57269000/(1-74226000/x**2))**0.5"", ""core_chi2"": ""AlN"", ""h_core"": 300.0, ""w_core"": 600.0}",screened,4,TE10,A,,TE53,0.8465055035317204,40,231.88745216855995,,1.8957769200424104,1.8957769200424104,,0.0010923291144401,4104746.318888193,0.0098228099875325,,,,,,,,,,,,0.0010923291144401,0.0098228099875325,TE53,,,,TE53
eb165d8d6f8a,ridge,"{""sidewall_angle"": 5.0, ""substrate_height"": 1000.0, ""topclad_height"": 800.0, ""substrate_material"": ""Al2O3"", ""topclad_material"": ""SiO2"", ""core_eq_o"": ""(1+2.8032/(1-0.015287/x**2)+0.36335/(1-0.036095/x**2)-33508000/(1+367200000/x**2))**0.5"", ""core_eq_e"": ""(1+0.017061/(1-0.043855/x**2)+3.1976/(1-0.022642/x**2)-57269000/(1-74226000/x**2))**0.5"", ""core_chi2"": ""AlN"", ""h_core"": 300.0, ""w_core"": 600.0}",screened,0,TM00,A,,TE53,0.95905866749823,2,219.8452796095054,,2.072430115869859,2.072430115869859,,0.0008573336532919,4453815.046886582,0.0001824515027291,,,,,,,,,,,,0.0008573336532919,0.0001824515027291,TE53,,,,TE53
eb165d8d6f8a,ridge,"{""sidewall_angle"": 5.0, ""substrate_height"": 1000.0, ""topclad_height"": 800.0, ""substrate_material"": ""Al2O3"", ""topclad_material"": ""SiO2"", ""core_eq_o"": ""(1+2.8032/(1-0.015287/x**2)+0.36335/(1-0.036095/x**2)-33508000/(1+367200000/x**2))**0.5"", ""core_eq_e"": ""(1+0.017061/(1-0.043855/x**2)+3.1976/(1-0.022642/x**2)-57269000/(1-74226000/x**2))**0.5"", ""core_chi2"": ""AlN"", ""h_core"": 300.0, ""w_core"": 600.0}",screened,4,TE10,A,,TM63,0.2089898123893082,38,231.0317651103689,,1.8976779409330449,1.8976779409330449,,0.0007157011863788,6292357.176979539,0.0080088053278581,,,,,,,,,,,,0.0007157011863788,0.0080088053278581,TM63,,,,TM63
eb165d8d6f8a,ridge,"{""sidewall_angle"": 5.0, ""substrate_height"": 1000.0, ""topclad_height"": 800.0, ""substrate_material"": ""Al2O3"", ""topclad_material"": ""SiO2"", ""core_eq_o"": ""(1+2.8032/(1-0.015287/x**2)+0.36335/(1-0.036095/x**2)-33508000/(1+367200000/x**2))**0.5"", ""core_eq_e"": ""(1+0.017061/(1-0.043855/x**2)+3.1976/(1-0.022642/x**2)-57269000/(1-74226000/x**2))**0.5"", ""core_chi2"": ""AlN"", ""h_core"": 300.0, ""w_core"": 600.0}",screened,4,TE10,A,,TM104,0.3039760562833188,6,215.8308741144805,,1.932578033259924,1.932578033259924,,0.0006346553086974,7698034.46779111,0.0067524814970162,,,,,,,,,,,,0.0006346553086974,0.0067524814970162,TM104,,,,TM104
eb165d8d6f8a,ridge,"{""sidewall_angle"": 5.0, ""substrate_height"": 1000.0, ""topclad_height"": 800.0, ""substrate_material"": ""Al2O3"", ""topclad_material"": ""SiO2"", ""core_eq_o"": ""(1+2.8032/(1-0.015287/x**2)+0.36335/(1-0.036095/x**2)-33508000/(1+367200000/x**2))**0.5"", ""core_eq_e"": ""(1+0.017061/(1-0.043855/x**2)+3.1976/(1-0.022642/x**2)-57269000/(1-74226000/x**2))**0.5"", ""core_chi2"": ""AlN"", ""h_core"": 300.0, ""w_core"": 600.0}",screened,4,TE10,A,,TM54,0.2194030886158842,2,219.41336209819812,,1.924161057064264,1.924161057064264,,0.0005649952085597,8477364.416822782,0.0066229012158217,,,,,,,,,,,,0.0005649952085597,0.0066229012158217,TM54,,,,TM54
eb165d8d6f8a,ridge,"{""sidewall_angle"": 5.0, ""substrate_height"": 1000.0, ""topclad_height"": 800.0, ""substrate_material"": ""Al2O3"", ""topclad_material"": ""SiO2"", ""core_eq_o"": ""(1+2.8032/(1-0.015287/x**2)+0.36335/(1-0.036095/x**2)-33508000/(1+367200000/x**2))**0.5"", ""core_eq_e"": ""(1+0.017061/(1-0.043855/x**2)+3.1976/(1-0.022642/x**2)-57269000/(1-74226000/x**2))**0.5"", ""core_chi2"": ""AlN"", ""h_core"": 300.0, ""w_core"": 600.0}",screened,3,TE00,S,,TM82,0.075654368343479,30,226.37626673326025,,2.005656275927395,2.005656275927395,,0.0003969759000782,10008305.983456813,0.0054382313831269,,,,,,,,,,,,0.0003969759000782,0.0054382313831269,TM82,,,,TM82
eb165d8d6f8a,ridge,"{""sidewall_angle"": 5.0, ""substrate_height"": 1000.0, ""topclad_height"": 800.0, ""substrate_material"": ""Al2O3"", ""topclad_material"": ""SiO2"", ""core_eq_o"": ""(1+2.8032/(1-0.015287/x**2)+0.36335/(1-0.036095/x**2)-33508000/(1+367200000/x**2))**0.5"", ""core_eq_e"": ""(1+0.017061/(1-0.043855/x**2)+3.1976/(1-0.022642/x**2)-57269000/(1-74226000/x**2))**0.5"", ""core_chi2"": ""AlN"", ""h_core"": 300.0, ""w_core"": 600.0}",screened,3,TE00,S,,TM82,0.0575401281439224,4,220.30539523510103,,2.0147447973498145,2.0147447973498145,,0.0002841318355578,14565511.219562655,0.0044058711623366,,,,,,,,,,,,0.0002841318355578,0.0044058711623366,TM82,,,,TM82
eb165d8d6f8a,ridge,"{""sidewall_angle"": 5.0, ""substrate_height"": 1000.0, ""topclad_height"": 800.0, ""substrate_material"": ""Al2O3"", ""topclad_material"": ""SiO2"", ""core_eq_o"": ""(1+2.8032/(1-0.015287/x**2)+0.36335/(1-0.036095/x**2)-33508000/(1+367200000/x**2))**0.5"", ""core_eq_e"": ""(1+0.017061/(1-0.043855/x**2)+3.1976/(1-0.022642/x**2)-57269000/(1-74226000/x**2))**0.5"", ""core_chi2"": ""AlN"", ""h_core"": 300.0, ""w_core"": 600.0}",screened,0,TM00,A,,TM62,0.0802185222466446,39,234.11760854124617,,2.051127283092065,2.051127283092065,,0.0002645682579581,13127205.791114211,0.0001086279934193,,,,,,,,,,,,0.0002645682579581,0.0001086279934193,TM62,,,,TM62
eb165d8d6f8a,ridge,"{""sidewall_angle"": 5.0, ""substrate_height"": 1000.0, ""topclad_height"": 800.0, ""substrate_material"": ""Al2O3"", ""topclad_material"": ""SiO2"", ""core_eq_o"": ""(1+2.8032/(1-0.015287/x**2)+0.36335/(1-0.036095/x**2)-33508000/(1+367200000/x**2))**0.5"", ""core_eq_e"": ""(1+0.017061/(1-0.043855/x**2)+3.1976/(1-0.022642/x**2)-57269000/(1-74226000/x**2))**0.5"", ""core_chi2"": ""AlN"", ""h_core"": 300.0, ""w_core"": 600.0}",screened,4,TE10,A,,TE104,0.6780177013859401,4,216.0176999500274,,1.9321390900959328,1.9321390900959328,,0.0002561890834711,19050288.970791813,0.0043123477197018,,,,,,,,,,,,0.0002561890834711,0.0043123477197018,TE104,,,,TE104
eb165d8d6f8a,ridge,"{""sidewall_angle"": 5.0, ""substrate_height"": 1000.0, ""topclad_height"": 800.0, ""substrate_material"": ""Al2O3"", ""topclad_material"": ""SiO2"", ""core_eq_o"": ""(1+2.8032/(1-0.015287/x**2)+0.36335/(1-0.036095/x**2)-33508000/(1+367200000/x**2))**0.5"", ""core_eq_e"": ""(1+0.017061/(1-0.043855/x**2)+3.1976/(1-0.022642/x**2)-57269000/(1-74226000/x**2))**0.5"", ""core_chi2"": ""AlN"", ""h_core"": 300.0, ""w_core"": 600.0}",screened,4,TE10,A,,TE54,0.8600253377443001,5,216.22634704797625,,1.9316488783590864,1.9316488783590864,,0.0001562014241136,31208238.30640387,0.0034576035911286,,,,,,,,,,,,0.0001562014241136,0.0034576035911286,TE54,,,,TE54
eb165d8d6f8a,ridge,"{""sidewall_angle"": 5.0, ""substrate_height"": 1000.0, ""topclad_height"": 800.0, ""substrate_material"": ""Al2O3"", ""topclad_material"": ""SiO2"", ""core_eq_o"": ""(1+2.8032/(1-0.015287/x**2)+0.36335/(1-0.036095/x**2)-33508000/(1+367200000/x**2))**0.5"", ""core_eq_e"": ""(1+0.017061/(1-0.043855/x**2)+3.1976/(1-0.022642/x**2)-57269000/(1-74226000/x**2))**0.5"", ""core_chi2"": ""AlN"", ""h_core"": 300.0, ""w_core"": 600.0}",screened,4,TE10,A,,TM04,0.0076626143102263,33,228.4722745023117,,1.903422961264256,1.903422961264256,,0.0001498772369187,30447204.468906667,0.0041784034990083,,,,,,,,,,,,0.0001498772369187,0.0041784034990083,TM04,,,,TM04
eb165d8d6f8a,ridge,"{""sidewall_angle"": 5.0, ""substrate_height"": 1000.0, ""topclad_height"": 800.0, ""substrate_material"": ""Al2O3"", ""topclad_material"": ""SiO2"", ""core_eq_o"": ""(1+2.8032/(1-0.015287/x**2)+0.36335/(1-0.036095/x**2)-33508000/(1+367200000/x**2))**0.5"", ""core_eq_e"": ""(1+0.017061/(1-0.043855/x**2)+3.1976/(1-0.022642/x**2)-57269000/(1-74226000/x**2))**0.5"", ""core_chi2"": ""AlN"", ""h_core"": 300.0, ""w_core"": 600.0}",screened,4,TE10,A,,TE53,0.9115598089946916,42,234.87344829225117,,1.889143138502591,1.889143138502591,,0.0001465192245096,30143867.29544915,0.0037703296708506,,,,,,,,,,,,0.0001465192245096,0.0037703296708506,TE53,,,,TE53
eb165d8d6f8a,ridge,"{""sidewall_angle"": 5.0, ""substrate_height"": 1000.0, ""topclad_height"": 800.0, ""substrate_material"": ""Al2O3"", ""topclad_material"": ""SiO2"", ""core_eq_o"": ""(1+2.8032/(1-0.015287/x**2)+0.36335/(1-0.036095/x**2)-33508000/(1+367200000/x**2))**0.5"", ""core_eq_e"": ""(1+0.017061/(1-0.043855/x**2)+3.1976/(1-0.022642/x**2)-57269000/(1-74226000/x**2))**0.5"", ""core_chi2"": ""AlN"", ""h_core"": 300.0, ""w_core"": 600.0}",screened,4,TE10,A,,TE73,0.8354926400451615,1,219.5235157372692,,1.9239022535282464,1.9239022535282464,,0.0001359620329759,35206857.74141843,0.0032765675279268,,,,,,,,,,,,0.0001359620329759,0.0032765675279268,TE73,,,,TE73
eb165d8d6f8a,ridge,"{""sidewall_angle"": 5.0, ""substrate_height"": 1000.0, ""topclad_height"": 800.0, ""substrate_material"": ""Al2O3"", ""topclad_material"": ""SiO2"", ""core_eq_o"": ""(1+2.8032/(1-0.015287/x**2)+0.36335/(1-0.036095/x**2)-33508000/(1+367200000/x**2))**0.5"", ""core_eq_e"": ""(1+0.017061/(1-0.043855/x**2)+3.1976/(1-0.022642/x**2)-57269000/(1-74226000/x**2))**0.5"", ""core_chi2"": ""AlN"", ""h_core"": 300.0, ""w_core"": 600.0}",screened,4,TE10,A,,TM24,0.1286665922264357,0,222.7282256462981,,1.9165012427543129,1.9165012427543129,,8.585076671481203e-05,54794127.48051344,0.0028435745189911,,,,,,,,,,,,8.585076671481203e-05,0.0028435745189911,TM24,,,,TM24
eb165d8d6f8a,ridge,"{""sidewall_angle"": 5.0, ""substrate_height"": 1000.0, ""topclad_height"": 800.0, ""substrate_material"": ""Al2O3"", ""topclad_material"": ""SiO2"", ""core_eq_o"": ""(1+2.8032/(1-0.015287/x**2)+0.36335/(1-0.036095/x**2)-33508000/(1+367200000/x**2))**0.5"", ""core_eq_e"": ""(1+0.017061/(1-0.043855/x**2)+3.1976/(1-0.022642/x**2)-57269000/(1-74226000/x**2))**0.5"", ""core_chi2"": ""AlN"", ""h_core"": 300.0, ""w_core"": 600.0}",screened,4,TE10,A,,TE74,0.8756922511358235,30,223.68000960927893,,1.9143098362328763,1.9143098362328763,,8.501566487278881e-05,55051103.70512724,0.0026800330327705,,,,,,,,,,,,8.501566487278881e-05,0.0026800330327705,TE74,,,,TE74
eb165d8d6f8a,ridge,"{""sidewall_angle"": 5.0, ""substrate_height"": 1000.0, ""topclad_height"": 800.0, ""substrate_material"": ""Al2O3"", ""topclad_material"": ""SiO2"", ""core_eq_o"": ""(1+2.8032/(1-0.015287/x**2)+0.36335/(1-0.036095/x**2)-33508000/(1+367200000/x**2))**0.5"", ""core_eq_e"": ""(1+0.017061/(1-0.043855/x**2)+3.1976/(1-0.022642/x**2)-57269000/(1-74226000/x**2))**0.5"", ""core_chi2"": ""AlN"", ""h_core"": 300.0, ""w_core"": 600.0}",screened,4,TE10,A,,TM64,0.3131806231464524,7,215.61311009514944,,1.9330896650016944,1.9330896650016944,,7.39229717132012e-05,66171393.70863176,0.0023763916877241,,,,,,,,,,,,7.39229717132012e-05,0.0023763916877241,TM64,,,,TM64
eb165d8d6f8a,ridge,"{""sidewall_angle"": 5.0, ""substrate_height"": 1000.0, ""topclad_height"": 800.0, ""substrate_material"": ""Al2O3"", ""topclad_material"": ""SiO2"", ""core_eq_o"": ""(1+2.8032/(1-0.015287/x**2)+0.36335/(1-0.036095/x**2)-33508000/(1+367200000/x**2))**0.5"", ""core_eq_e"": ""(1+0.017061/(1-0.043855/x**2)+3.1976/(1-0.022642/x**2)-57269000/(1-74226000/x**2))**0.5"", ""core_chi2"": ""AlN"", ""h_core"": 300.0, ""w_core"": 600.0}",screened,3,TE00,S,,TM83,0.1108451699272069,9,215.5001900413428,,2.0222438384232557,2.0222438384232557,,5.260376903276731e-05,81309873.30980703,0.0018539144828733,,,,,,,,,,,,5.260376903276731e-05,0.0018539144828733,TM83,,,,TM83
eb165d8d6f8a,ridge,"{""sidewall_angle"": 5.0, ""substrate_height"": 1000.0, ""topclad_height"": 800.0, ""substrate_material"": ""Al2O3"", ""topclad_material"": ""SiO2"", ""core_eq_o"": ""(1+2.8032/(1-0.015287/x**2)+0.36335/(1-0.036095/x**2)-33508000/(1+367200000/x**2))**0.5"", ""core_eq_e"": ""(1+0.017061/(1-0.043855/x**2)+3.1976/(1-0.022642/x**2)-57269000/(1-74226000/x**2))**0.5"", ""core_chi2"": ""AlN"", ""h_core"": 300.0, ""w_core"": 600.0}",screened,3,TE00,S,,TM04,0.0061662290634225,5,220.92010491024692,,2.013817578856097,2.013817578856097,,4.854219681110819e-05,84899617.41007122,0.0019856090251731,,,,,,,,,,,,4.854219681110819e-05,0.0019856090251731,TM04,,,,TM04
eb165d8d6f8a,ridge,"{""sidewall_angle"": 5.0, ""substrate_height"": 1000.0, ""topclad_height"": 800.0, ""substrate_material"": ""Al2O3"", ""topclad_material"": ""SiO2"", ""core_eq_o"": ""(1+2.8032/(1-0.015287/x**2)+0.36335/(1-0.036095/x**2)-33508000/(1+367200000/x**2))**0.5"", ""core_eq_e"": ""(1+0.017061/(1-0.043855/x**2)+3.1976/(1-0.022642/x**2)-57269000/(1-74226000/x**2))**0.5"", ""core_chi2"": ""AlN"", ""h_core"": 300.0, ""w_core"": 600.0}",screened,4,TE10,A,,TE72,0.940397863135444,39,230.7523512740499,,1.898298695372288,1.898298695372288,,3.109956621543248e-05,145015950.9625387,0.0016393258461102,,,,,,,,,,,,3.109956621543248e-05,0.0016393258461102,TE72,,,,TE72
eb165d8d6f8a,ridge,"{""sidewall_angle"": 5.0, ""substrate_height"": 1000.0, ""topclad_height"": 800.0, ""substrate_material"": ""Al2O3"", ""topclad_material"": ""SiO2"", ""core_eq_o"": ""(1+2.8032/(1-0.015287/x**2)+0.36335/(1-0.036095/x**2)-33508000/(1+367200000/x**2))**0.5"", ""core_eq_e"": ""(1+0.017061/(1-0.043855/x**2)+3.1976/(1-0.022642/x**2)-57269000/(1-74226000/x**2))**0.5"", ""core_chi2"": ""AlN"", ""h_core"": 300.0, ""w_core"": 600.0}",screened,3,TE00,S,,TM24,0.1704721647073363,7,217.369453666386,,2.0193200256059507,2.0193200256059507,,2.2872331873331144e-05,184600594.76124865,0.0012851619562985,,,,,,,,,,,,2.2872331873331144e-05,0.0012851619562985,TM24,,,,TM24
eb165d8d6f8a,ridge,"{""sidewall_angle"": 5.0, ""substrate_height"": 1000.0, ""topclad_height"": 800.0, ""substrate_material"": ""Al2O3"", ""topclad_material"": ""SiO2"", ""core_eq_o"": ""(1+2.8032/(1-0.015287/x**2)+0.36335/(1-0.036095/x**2)-33508000/(1+367200000/x**2))**0.5"", ""core_eq_e"": ""(1+0.017061/(1-0.043855/x**2)+3.1976/(1-0.022642/x**2)-57269000/(1-74226000/x**2))**0.5"", ""core_chi2"": ""AlN"", ""h_core"": 300.0, ""w_core"": 600.0}",screened,3,TE00,S,,TE14,0.9527824311729192,8,217.10687875474093,,2.019730732732482,2.019730732732482,,2.201432861845418e-05,192142302.17165276,0.0012465924215277,,,,,,,,,,,,2.201432861845418e-05,0.0012465924215277,TE14,,,,TE14
eb165d8d6f8a,ridge,"{""sidewall_angle"": 5.0, ""substrate_height"": 1000.0, ""topclad_height"": 800.0, ""substrate_material"": ""Al2O3"", ""topclad_material"": ""SiO2"", ""core_eq_o"": ""(1+2.8032/(1-0.015287/x**2)+0.36335/(1-0.036095/x**2)-33508000/(1+367200000/x**2))**0.5"", ""core_eq_e"": ""(1+0.017061/(1-0.043855/x**2)+3.1976/(1-0.022642/x**2)-57269000/(1-74226000/x**2))**0.5"", ""core_chi2"": ""AlN"", ""h_core"": 300.0, ""w_core"": 600.0}",screened,4,TE10,A,,TE34,0.985567991955006,31,223.32306561300263,,1.9151316712623063,1.9151316712623063,,1.530058357550753e-05,306467871.17253363,0.0011749378138844,,,,,,,,,,,,1.530058357550753e-05,0.0011749378138844,TE34,,,,TE34
eb165d8d6f8a,ridge,"{""sidewall_angle"": 5.0, ""substrate_height"": 1000.0, ""topclad_height"": 800.0, ""substrate_material"": ""Al2O3"", ""topclad_material"": ""SiO2"", ""core_eq_o"": ""(1+2.8032/(1-0.015287/x**2)+0.36335/(1-0.036095/x**2)-33508000/(1+367200000/x**2))**0.5"", ""core_eq_e"": ""(1+0.017061/(1-0.043855/x**2)+3.1976/(1-0.022642/x**2)-57269000/(1-74226000/x**2))**0.5"", ""core_chi2"": ""AlN"", ""h_core"": 300.0, ""w_core"": 600.0}",screened,3,TE00,S,,TE53,0.9350107464516934,2,223.74936863408016,,2.0095499615492445,2.0095499615492445,,8.300440497898256e-06,487118722.4829008,0.0007831281556691,,,,,,,,,,,,8.300440497898256e-06,0.0007831281556691,TE53,,,,TE53
eb165d8d6f8a,ridge,"{""sidewall_angle"": 5.0, ""substrate_height"": 1000.0, ""topclad_height"": 800.0, ""substrate_material"": ""Al2O3"", ""topclad_material"": ""SiO2"", ""core_eq_o"": ""(1+2.8032/(1-0.015287/x**2)+0.36335/(1-0.036095/x**2)-33508000/(1+367200000/x**2))**0.5"", ""core_eq_e"": ""(1+0.017061/(1-0.043855/x**2)+3.1976/(1-0.022642/x**2)-57269000/(1-74226000/x**2))**0.5"", ""core_chi2"": ""AlN"", ""h_core"": 300.0, ""w_core"": 600.0}",screened,3,TE00,S,,TM63,0.2521238074012261,1,223.9473591763592,,2.009251315700961,2.009251315700961,,6.306128604011386e-06,640322150.599568,0.0006864333343228,,,,,,,,,,,,6.306128604011386e-06,0.0006864333343228,TM63,,,,TM63
eb165d8d6f8a,ridge,"{""sidewall_angle"": 5.0, ""substrate_height"": 1000.0, ""topclad_height"": 800.0, ""substrate_material"": ""Al2O3"", ""topclad_material"": ""SiO2"", ""core_eq_o"": ""(1+2.8032/(1-0.015287/x**2)+0.36335/(1-0.036095/x**2)-33508000/(1+367200000/x**2))**0.5"", ""core_eq_e"": ""(1+0.017061/(1-0.043855/x**2)+3.1976/(1-0.022642/x**2)-57269000/(1-74226000/x**2))**0.5"", ""core_chi2"": ""AlN"", ""h_core"": 300.0, ""w_core"": 600.0}",screened,3,TE00,S,,TE13,0.9739373507510304,33,234.93164691275544,,1.9933996258877729,1.9933996258877729,,4.5636157745297705e-06,823342981.692792,0.0006350631021656,,,,,,,,,,,,4.5636157745297705e-06,0.0006350631021656,TE13,,,,TE13
eb165d8d6f8a,ridge,"{""sidewall_angle"": 5.0, ""substrate_height"": 1000.0, ""topclad_height"": 800.0, ""substrate_material"": ""Al2O3"", ""topclad_material"": ""SiO2"", ""core_eq_o"": ""(1+2.8032/(1-0.015287/x**2)+0.36335/(1-0.036095/x**2)-33508000/(1+367200000/x**2))**0.5"", ""core_eq_e"": ""(1+0.017061/(1-0.043855/x**2)+3.1976/(1-0.022642/x**2)-57269000/(1-74226000/x**2))**0.5"", ""core_chi2"": ""AlN"", ""h_core"": 300.0, ""w_core"": 600.0}",screened,3,TE00,S,,TE72,0.9102019021705128,6,217.9526039578869,,2.0184078897927558,2.0184078897927558,,4.108314075883366e-06,1023626350.4662992,0.0005314330599052,,,,,,,,,,,,4.108314075883366e-06,0.0005314330599052,TE72,,,,TE72
eb165d8d6f8a,ridge,"{""sidewall_angle"": 5.0, ""substrate_height"": 1000.0, ""topclad_height"": 800.0, ""substrate_material"": ""Al2O3"", ""topclad_material"": ""SiO2"", ""core_eq_o"": ""(1+2.8032/(1-0.015287/x**2)+0.36335/(1-0.036095/x**2)-33508000/(1+367200000/x**2))**0.5"", ""core_eq_e"": ""(1+0.017061/(1-0.043855/x**2)+3.1976/(1-0.022642/x**2)-57269000/(1-74226000/x**2))**0.5"", ""core_chi2"": ""AlN"", ""h_core"": 300.0, ""w_core"": 600.0}",screened,1,TM10,S,,TE72,0.9662769943473852,3,224.9738145110317,,1.9811264305002376,1.9811264305002376,,2.737363660697892e-06,1524835542.9084065,1.0202612015802791e-05,,,,,,,,,,,,2.737363660697892e-06,1.0202612015802791e-05,TE72,,,,TE72
eb165d8d6f8a,ridge,"{""sidewall_angle"": 5.0, ""substrate_height"": 1000.0, ""topclad_height"": 800.0, ""substrate_material"": ""Al2O3"", ""topclad_material"": ""SiO2"", ""core_eq_o"": ""(1+2.8032/(1-0.015287/x**2)+0.36335/(1-0.036095/x**2)-33508000/(1+367200000/x**2))**0.5"", ""core_eq_e"": ""(1+0.017061/(1-0.043855/x**2)+3.1976/(1-0.022642/x**2)-57269000/(1-74226000/x**2))**0.5"", ""core_chi2"": ""AlN"", ""h_core"": 300.0, ""w_core"": 600.0}",screened,3,TE00,S,,TM82,0.0557984868189307,31,226.78414374451333,,2.0050613968701234,2.0050613968701234,,2.7096705918554955e-06,1462281974.3739033,0.0004497057638999,,,,,,,,,,,,2.7096705918554955e-06,0.0004497057638999,TM82,,,,TM82
eb165d8d6f8a,ridge,"{""sidewall_angle"": 5.0, ""substrate_height"": 1000.0, ""topclad_height"": 800.0, ""substrate_material"": ""Al2O3"", ""topclad_material"": ""SiO2"", ""core_eq_o"": ""(1+2.8032/(1-0.015287/x**2)+0.36335/(1-0.036095/x**2)-33508000/(1+367200000/x**2))**0.5"", ""core_eq_e"": ""(1+0.017061/(1-0.043855/x**2)+3.1976/(1-0.022642/x**2)-57269000/(1-74226000/x**2))**0.5"", ""core_chi2"": ""AlN"", ""h_core"": 300.0, ""w_core"": 600.0}",screened,3,TE00,S,,TE72,0.9667766104487018,3,223.0943557002481,,2.010537972850236,2.010537972850236,,1.162940457264741e-06,3492082853.5122385,0.0002907379794771,,,,,,,,,,,,1.162940457264741e-06,0.0002907379794771,TE72,,,,TE72
eb165d8d6f8a,ridge,"{""sidewall_angle"": 5.0, ""substrate_height"": 1000.0, ""topclad_height"": 800.0, ""substrate_material"": ""Al2O3"", ""topclad_material"": ""SiO2"", ""core_eq_o"": ""(1+2.8032/(1-0.015287/x**2)+0.36335/(1-0.036095/x**2)-33508000/(1+367200000/x**2))**0.5"", ""core_eq_e"": ""(1+0.017061/(1-0.043855/x**2)+3.1976/(1-0.022642/x**2)-57269000/(1-74226000/x**2))**0.5"", ""core_chi2"": ""AlN"", ""h_core"": 300.0, ""w_core"": 600.0}",screened,3,TE00,S,,TE53,0.8552653034603604,0,225.55804393294,,2.006849634696493,2.006849634696493,,8.339992621323557e-07,4789930556.426231,0.0002519758944387,,,,,,,,,,,,8.339992621323557e-07,0.0002519758944387,TE53,,,,TE53
eb165d8d6f8a,ridge,"{""sidewall_angle"": 5.0, ""substrate_height"": 1000.0, ""topclad_height"": 800.0, ""substrate_material"": ""Al2O3"", ""topclad_material"": ""SiO2"", ""core_eq_o"": ""(1+2.8032/(1-0.015287/x**2)+0.36335/(1-0.036095/x**2)-33508000/(1+367200000/x**2))**0.5"", ""core_eq_e"": ""(1+0.017061/(1-0.043855/x**2)+3.1976/(1-0.022642/x**2)-57269000/(1-74226000/x**2))**0.5"", ""core_chi2"": ""AlN"", ""h_core"": 300.0, ""w_core"": 600.0}",screened,0,TM00,A,,TE72,0.9647012845663124,3,219.39513156989167,,2.07316495615375,2.07316495615375,,1.1806184398432383e-07,32440751945.395287,2.126092735127147e-06,,,,,,,,,,,,1.1806184398432383e-07,2.126092735127147e-06,TE72,,,,TE72
eb165d8d6f8a,ridge,"{""sidewall_angle"": 5.0, ""substrate_height"": 1000.0, ""topclad_height"": 800.0, ""substrate_material"": ""Al2O3"", ""topclad_material"": ""SiO2"", ""core_eq_o"": ""(1+2.8032/(1-0.015287/x**2)+0.36335/(1-0.036095/x**2)-33508000/(1+367200000/x**2))**0.5"", ""core_eq_e"": ""(1+0.017061/(1-0.043855/x**2)+3.1976/(1-0.022642/x**2)-57269000/(1-74226000/x**2))**0.5"", ""core_chi2"": ""AlN"", ""h_core"": 300.0, ""w_core"": 600.0}",screened,0,TM00,A,,TE13,0.9952629674376744,33,228.8229270821792,,2.058728260967576,2.058728260967576,,1.9893154829601943e-08,180740803619.9696,9.409094470875818e-07,,,,,,,,,,,,1.9893154829601943e-08,9.409094470875818e-07,TE13,,,,TE13
4ba92adb5fc8,ridge,"{""sidewall_angle"": 5.0, ""substrate_height"": 1000.0, ""topclad_height"": 800.0, ""substrate_material"": ""Al2O3"", ""topclad_material"": ""SiO2"", ""core_eq_o"": ""(1+2.8032/(1-0.015287/x**2)+0.36335/(1-0.036095/x**2)-33508000/(1+367200000/x**2))**0.5"", ""core_eq_e"": ""(1+0.017061/(1-0.043855/x**2)+3.1976/(1-0.022642/x**2)-57269000/(1-74226000/x**2))**0.5"", ""core_chi2"": ""AlN"", ""h_core"": 300.0, ""w_core"": 700.0}",refined,2,TM20,A,0.0164841318967731,TM100,0.0259957473588985,37,229.38027725239667,229.37939679833343,1.888915426537387,1.8889031908809504,1.2235656436709874e-05,4.659477873759547,994.1957368425316,0.0139720471367991,0.0055320103763665,0.1697628664108662,0.111480901872995,1745.115589402704,1662.8089963491764,45615.50764598697,0.0,0.4209979,0.1363493105290461,0.0008662497976578,False,4.127395090701183,0.0131845896325228,TM101,runs\trial_grid\exports\4ba92adb5fc8_x00.npz,0.9999966545146372,0.9995932582843328,TM101
4ba92adb5fc8,ridge,"{""sidewall_angle"": 5.0, ""substrate_height"": 1000.0, ""topclad_height"": 800.0, ""substrate_material"": ""Al2O3"", ""topclad_material"": ""SiO2"", ""core_eq_o"": ""(1+2.8032/(1-0.015287/x**2)+0.36335/(1-0.036095/x**2)-33508000/(1+367200000/x**2))**0.5"", ""core_eq_e"": ""(1+0.017061/(1-0.043855/x**2)+3.1976/(1-0.022642/x**2)-57269000/(1-74226000/x**2))**0.5"", ""core_chi2"": ""AlN"", ""h_core"": 300.0, ""w_core"": 700.0}",refined,2,TM20,A,0.0166603894261287,TM04,0.0042529730350627,35,230.1771515691682,230.1678664991872,1.886667794025244,1.886598610834286,6.918319095805536e-05,3.8815431091191,1189.4790715402837,0.0162077615654389,0.0002982566624457,0.1704783132742457,0.2107946439942983,1742.810777416447,1665.4046655004988,1212.0116138633111,0.0,2.6809866,0.8771037494726701,0.0298611376167537,False,3.894914545242612,0.0161238351791034,TM04,runs\trial_grid\exports\4ba92adb5fc8_x01.npz,0.9999997216034602,0.9998675570551838,TM04
4ba92adb5fc8,ridge,"{""sidewall_angle"": 5.0, ""substrate_height"": 1000.0, ""topclad_height"": 800.0, ""substrate_material"": ""Al2O3"", ""topclad_material"": ""SiO2"", ""core_eq_o"": ""(1+2.8032/(1-0.015287/x**2)+0.36335/(1-0.036095/x**2)-33508000/(1+367200000/x**2))**0.5"", ""core_eq_e"": ""(1+0.017061/(1-0.043855/x**2)+3.1976/(1-0.022642/x**2)-57269000/(1-74226000/x**2))**0.5"", ""core_chi2"": ""AlN"", ""h_core"": 300.0, ""w_core"": 700.0}",refined,0,TM00,A,0.0008768526008146,TM04,0.0051747614033618,4,217.4159564135873,217.40954346758852,2.0826763761404377,2.082552341952275,0.0001240341881625,3.1168566423158577,1234.2890056935637,0.0122364356590082,0.0120170920485457,0.1500653798990208,0.1694660822793879,169.91280207189195,1533.895211169435,1265.8494007065435,0.0,4.0209799,1.4196447559166927,0.062816855514467,False,3.182456724117703,0.0123162893889817,TM04,runs\trial_grid\exports\4ba92adb5fc8_x02.npz,0.9999838720935172,0.9999332692638124,TM04
4ba92adb5fc8,ridge,"{""sidewall_angle"": 5.0, ""substrate_height"": 1000.0, ""topclad_height"": 800.0, ""substrate_material"": ""Al2O3"", ""topclad_material"": ""SiO2"", ""core_eq_o"": ""(1+2.8032/(1-0.015287/x**2)+0.36335/(1-0.036095/x**2)-33508000/(1+367200000/x**2))**0.5"", ""core_eq_e"": ""(1+0.017061/(1-0.043855/x**2)+3.1976/(1-0.022642/x**2)-57269000/(1-74226000/x**2))**0.5"", ""core_chi2"": ""AlN"", ""h_core"": 300.0, ""w_core"": 700.0}",refined,1,TM10,S,0.0161409172869073,TM04,0.0098204707257898,4,220.8913466021569,220.8904012601269,2.016498542270383,2.01648372580666,1.4816463723033024e-05,2.293321933184458,1790.3710543399368,0.0107393131617275,2.5659758294982035e-34,0.1565442664590873,0.1721721248430957,695.9176091138629,1592.2445046535138,1631.8121502404074,0.0,3.0409848000000004,1.0717819690591617,0.0263437694902596,False,2.3517700471870144,0.0108898241041558,TM84,runs\trial_grid\exports\4ba92adb5fc8_x03.npz,0.999941344789605,0.9998928465783598,TM84
4ba92adb5fc8,ridge,"{""sidewall_angle"": 5.0, ""substrate_height"": 1000.0, ""topclad_height"": 800.0, ""substrate_material"": ""Al2O3"", ""topclad_material"": ""SiO2"", ""core_eq_o"": ""(1+2.8032/(1-0.015287/x**2)+0.36335/(1-0.036095/x**2)-33508000/(1+367200000/x**2))**0.5"", ""core_eq_e"": ""(1+0.017061/(1-0.043855/x**2)+3.1976/(1-0.022642/x**2)-57269000/(1-74226000/x**2))**0.5"", ""core_chi2"": ""AlN"", ""h_core"": 300.0, ""w_core"": 700.0}",refined,2,TM20,A,0.0137039246372789,TM120,0.0579073053168638,8,215.07750529716887,215.07347432790783,1.9304507386176877,1.9303278687622,0.0001228698554873,1.7145353635908025,2879.1949229463944,0.0078311258220785,0.0029222778209988,0.1579942369478599,0.1097232107444383,1776.975318502764,1610.8136423709027,65655.02101140733,0.0,0.33099835,0.1018647472651787,0.0001779075058555,False,1.6783544397148094,0.0077519469694977,TM122,runs\trial_grid\exports\4ba92adb5fc8_x04.npz,0.9999999586476428,0.9997974466684768,TM122
4ba92adb5fc8,ridge,"{""sidewall_angle"": 5.0, ""substrate_height"": 1000.0, ""topclad_height"": 800.0, ""substrate_material"": ""Al2O3"", ""topclad_material"": ""SiO2"", ""core_eq_o"": ""(1+2.8032/(1-0.015287/x**2)+0.36335/(1-0.036095/x**2)-33508000/(1+367200000/x**2))**0.5"", ""core_eq_e"": ""(1+0.017061/(1-0.043855/x**2)+3.1976/(1-0.022642/x**2)-57269000/(1-74226000/x**2))**0.5"", ""core_chi2"": ""AlN"", ""h_core"": 300.0, ""w_core"": 700.0}",refined,2,TM20,A,0.0142765657169315,TM44,0.1660014161429405,5,218.41767759942277,218.4114862485281,1.920530762616808,1.9204146803570168,0.0001160822597912,1.362253115692454,3568.494987223025,0.0075902923721754,0.0009097548989337,0.1605767454601746,0.1876526441929176,1771.050970923514,1623.7897857452906,12000.256100277507,0.0,0.9509952500000002,0.3446064002925961,0.0016177242226139,False,1.2382307290091588,0.0072378743543948,TM44,runs\trial_grid\exports\4ba92adb5fc8_x05.npz,0.999980616620718,0.9996469678287904,TM44
4ba92adb5fc8,ridge,"{""sidewall_angle"": 5.0, ""substrate_height"": 1000.0, ""topclad_height"": 800.0, ""substrate_material"": ""Al2O3"", ""topclad_material"": ""SiO2"", ""core_eq_o"": ""(1+2.8032/(1-0.015287/x**2)+0.36335/(1-0.036095/x**2)-33508000/(1+367200000/x**2))**0.5"", ""core_eq_e"": ""(1+0.017061/(1-0.043855/x**2)+3.1976/(1-0.022642/x**2)-57269000/(1-74226000/x**2))**0.5"", ""core_chi2"": ""AlN"", ""h_core"": 300.0, ""w_core"": 700.0}",refined,1,TM10,S,0.0134786629339826,TM100,0.019472573326425,2,222.4146563144286,222.41327682540947,2.0134103858656376,2.013386694807524,2.3691058113950447e-05,0.925008265644538,4398.370429309829,0.0063017551506783,3.663423495442436e-33,0.1572256856531856,0.1060688700874434,694.9474479862519,1596.0183624074743,36551.944912701445,0.0,0.5609972000000001,0.1764592081553135,0.000288027706065,False,0.9396991453984416,0.0063738112872711,TM101,runs\trial_grid\exports\4ba92adb5fc8_x06.npz,0.999678593280836,0.9999862683348092,TM101
4ba92adb5fc8,ridge,"{""sidewall_angle"": 5.0, ""substrate_height"": 1000.0, ""topclad_height"": 800.0, ""substrate_material"": ""Al2O3"", ""topclad_material"": ""SiO2"", ""core_eq_o"": ""(1+2.8032/(1-0.015287/x**2)+0.36335/(1-0.036095/x**2)-33508000/(1+367200000/x**2))**0.5"", ""core_eq_e"": ""(1+0.017061/(1-0.043855/x**2)+3.1976/(1-0.022642/x**2)-57269000/(1-74226000/x**2))**0.5"", ""core_chi2"": ""AlN"", ""h_core"": 300.0, ""w_core"": 700.0}",refined,1,TM10,S,0.0264731089286952,TM24,0.3088012658583386,8,218.1504768471448,218.14804279018327,2.022128501755075,2.0220848645058327,4.363724924250079e-05,0.7463041502818324,5593.851776535299,0.0059059338700898,2.2596985430537704e-34,0.1558789827117606,0.1833967170934368,695.8757399792069,1588.21480947357,10250.572892415645,0.0,1.23099385,0.4424703593349583,0.0014611144063986,False,0.7209976575600824,0.0057723727580558,TM64,runs\trial_grid\exports\4ba92adb5fc8_x07.npz,0.9994988845448836,0.9998610813940008,TM84
4ba92adb5fc8,ridge,"{""sidewall_angle"": 5.0, ""substrate_height"": 1000.0, ""topclad_height"": 800.0, ""substrate_material"": ""Al2O3"", ""topclad_material"": ""SiO2"", ""core_eq_o"": ""(1+2.8032/(1-0.015287/x**2)+0.36335/(1-0.036095/x**2)-33508000/(1+367200000/x**2))**0.5"", ""core_eq_e"": ""(1+0.017061/(1-0.043855/x**2)+3.1976/(1-0.022642/x**2)-57269000/(1-74226000/x**2))**0.5"", ""core_chi2"": ""AlN"", ""h_core"": 300.0, ""w_core"": 700.0}",screened,2,TM20,A,,TM83,0.1173333201684845,34,227.89502352495987,,1.8931535154300665,1.8931535154300665,,0.5813311700088656,8018.723421055166,0.0049977134845794,,,,,,,,,,,,0.5813311700088656,0.0049977134845794,TM83,,,,TM83
4ba92adb5fc8,ridge,"{""sidewall_angle"": 5.0, ""substrate_height"": 1000.0, ""topclad_height"": 800.0, ""substrate_material"": ""Al2O3"", ""topclad_material"": ""SiO2"", ""core_eq_o"": ""(1+2.8032/(1-0.015287/x**2)+0.36335/(1-0.036095/x**2)-33508000/(1+367200000/x**2))**0.5"", ""core_eq_e"": ""(1+0.017061/(1-0.043855/x**2)+3.1976/(1-0.022642/x**2)-57269000/(1-74226000/x**2))**0.5"", ""core_chi2"": ""AlN"", ""h_core"": 300.0, ""w_core"": 700.0}",screened,1,TM10,S,,TE73,0.6746797577815603,9,217.75397443007384,,2.022979542295044,2.022979542295044,,0.3929519845491649,10649.025916112125,0.0041368738645257,,,,,,,,,,,,0.3929519845491649,0.0041368738645257,TE73,,,,TE73
4ba92adb5fc8,ridge,"{""sidewall_angle"": 5.0, ""substrate_height"": 1000.0, ""topclad_height"": 800.0, ""substrate_material"": ""Al2O3"", ""topclad_material"": ""SiO2"", ""core_eq_o"": ""(1+2.8032/(1-0.015287/x**2)+0.36335/(1-0.036095/x**2)-33508000/(1+367200000/x**2))**0.5"", ""core_eq_e"": ""(1+0.017061/(1-0.043855/x**2)+3.1976/(1-0.022642/x**2)-57269000/(1-74226000/x**2))**0.5"", ""core_chi2"": ""AlN"", ""h_core"": 300.0, ""w_core"": 700.0}",screened,2,TM20,A,,TM64,0.2374138696694756,32,225.0903389661777,,1.9011300762804773,1.9011300762804773,,0.3098193486216183,15229.943059574778,0.0038810453911613,,,,,,,,,,,,0.3098193486216183,0.0038810453911613,TM64,,,,TM64
4ba92adb5fc8,ridge,"{""sidewall_angle"": 5.0, ""substrate_height"": 1000.0, ""topclad_height"": 800.0, ""substrate_material"": ""Al2O3"", ""topclad_material"": ""SiO2"", ""core_eq_o"": ""(1+2.8032/(1-0.015287/x**2)+0.36335/(1-0.036095/x**2)-33508000/(1+367200000/x**2))**0.5"", ""core_eq_e"": ""(1+0.017061/(1-0.043855/x**2)+3.1976/(1-0.022642/x**2)-57269000/(1-74226000/x**2))**0.5"", ""core_chi2"": ""AlN"", ""h_core"": 300.0, ""w_core"": 700.0}",screened,1,TM10,S,,TM82,0.1012825496625079,34,234.8784008352725,,1.9891937412731775,1.9891937412731775,,0.2301134387236225,16439.803666867072,0.0033884632004682,,,,,,,,,,,,0.2301134387236225,0.0033884632004682,TM82,,,,TM82
4ba92adb5fc8,ridge,"{""sidewall_angle"": 5.0, ""substrate_height"": 1000.0, ""topclad_height"": 800.0, ""substrate_material"": ""Al2O3"", ""topclad_material"": ""SiO2"", ""core_eq_o"": ""(1+2.8032/(1-0.015287/x**2)+0.36335/(1-0.036095/x**2)-33508000/(1+367200000/x**2))**0.5"", ""core_eq_e"": ""(1+0.017061/(1-0.043855/x**2)+3.1976/(1-0.022642/x**2)-57269000/(1-74226000/x**2))**0.5"", ""core_chi2"": ""AlN"", ""h_core"": 300.0, ""w_core"": 700.0}",screened,2,TM20,A,,TE93,0.66061056871861,7,215.4269890991671,,1.9294187080906704,1.9294187080906704,,0.1998349958697479,24660.665894144797,0.0027297026110254,,,,,,,,,,,,0.1998349958697479,0.0027297026110254,TE93,,,,TE93
4ba92adb5fc8,ridge,"{""sidewall_angle"": 5.0, ""substrate_height"": 1000.0, ""topclad_height"": 800.0, ""substrate_material"": ""Al2O3"", ""topclad_material"": ""SiO2"", ""core_eq_o"": ""(1+2.8032/(1-0.015287/x**2)+0.36335/(1-0.036095/x**2)-33508000/(1+367200000/x**2))**0.5"", ""core_eq_e"": ""(1+0.017061/(1-0.043855/x**2)+3.1976/(1-0.022642/x**2)-57269000/(1-74226000/x**2))**0.5"", ""core_chi2"": ""AlN"", ""h_core"": 300.0, ""w_core"": 700.0}",screened,2,TM20,A,,TE54,0.8571348474041818,30,225.25394027956528,,1.9006647919306363,1.9006647919306363,,0.1012257590152768,46580.44135798692,0.0021731897111758,,,,,,,,,,,,0.1012257590152768,0.0021731897111758,TE54,,,,TE54
4ba92adb5fc8,ridge,"{""sidewall_angle"": 5.0, ""substrate_height"": 1000.0, ""topclad_height"": 800.0, ""substrate_material"": ""Al2O3"", ""topclad_material"": ""SiO2"", ""core_eq_o"": ""(1+2.8032/(1-0.015287/x**2)+0.36335/(1-0.036095/x**2)-33508000/(1+367200000/x**2))**0.5"", ""core_eq_e"": ""(1+0.017061/(1-0.043855/x**2)+3.1976/(1-0.022642/x**2)-57269000/(1-74226000/x**2))**0.5"", ""core_chi2"": ""AlN"", ""h_core"": 300.0, ""w_core"": 700.0}",screened,2,TM20,A,,TE94,0.8766469755109587,3,219.2703346931008,,1.9180415788952847,1.9180415788952847,,0.0767497980417184,63087.74020330628,0.0017412935852021,,,,,,,,,,,,0.0767497980417184,0.0017412935852021,TE94,,,,TE94
4ba92adb5fc8,ridge,"{""sidewall_angle"": 5.0, ""substrate_height"": 1000.0, ""topclad_height"": 800.0, ""substrate_material"": ""Al2O3"", ""topclad_material"": ""SiO2"", ""core_eq_o"": ""(1+2.8032/(1-0.015287/x**2)+0.36335/(1-0.036095/x**2)-33508000/(1+367200000/x**2))**0.5"", ""core_eq_e"": ""(1+0.017061/(1-0.043855/x**2)+3.1976/(1-0.022642/x**2)-57269000/(1-74226000/x**2))**0.5"", ""core_chi2"": ""AlN"", ""h_core"": 300.0, ""w_core"": 700.0}",screened,1,TM10,S,,TM43,0.1237892441745247,30,228.33464330732303,,2.001715746761369,2.001715746761369,,0.0733133859538675,53582.36924078434,0.0018921731979247,,,,,,,,,,,,0.0733133859538675,0.0018921731979247,TM43,,,,TM43
4ba92adb5fc8,ridge,"{""sidewall_angle"": 5.0, ""substrate_height"": 1000.0, ""topclad_height"": 800.0, ""substrate_material"": ""Al2O3"", ""topclad_material"": ""SiO2"", ""core_eq_o"": ""(1+2.8032/(1-0.015287/x**2)+0.36335/(1-0.036095/x**2)-33508000/(1+367200000/x**2))**0.5"", ""core_eq_e"": ""(1+0.017061/(1-0.043855/x**2)+3.1976/(1-0.022642/x**2)-57269000/(1-74226000/x**2))**0.5"", ""core_chi2"": ""AlN"", ""h_core"": 300.0, ""w_core"": 700.0}",screened,2,TM20,A,,TE73,0.8235610641747142,33,227.02468957652803,,1.895628756960565,1.895628756960565,,0.0626865767490857,74640.65190063902,0.0016726530691581,,,,,,,,,,,,0.0626865767490857,0.0016726530691581,TE73,,,,TE73
4ba92adb5fc8,ridge,"{""sidewall_angle"": 5.0, ""substrate_height"": 1000.0, ""topclad_height"": 800.0, ""substrate_material"": ""Al2O3"", ""topclad_material"": ""SiO2"", ""core_eq_o"": ""(1+2.8032/(1-0.015287/x**2)+0.36335/(1-0.036095/x**2)-33508000/(1+367200000/x**2))**0.5"", ""core_eq_e"": ""(1+0.017061/(1-0.043855/x**2)+3.1976/(1-0.022642/x**2)-57269000/(1-74226000/x**2))**0.5"", ""core_chi2"": ""AlN"", ""h_core"": 300.0, ""w_core"": 700.0}",screened,1,TM10,S,,TE74,0.510262505895127,6,218.6103606632784,,2.021202628472793,2.021202628472793,,0.0565600304997568,73599.58145542175,0.0015579254084081,,,,,,,,,,,,0.0565600304997568,0.0015579254084081,TE74,,,,TE74
4ba92adb5fc8,ridge,"{""sidewall_angle"": 5.0, ""substrate_height"": 1000.0, ""topclad_height"": 800.0, ""substrate_material"": ""Al2O3"", ""topclad_material"": ""SiO2"", ""core_eq_o"": ""(1+2.8032/(1-0.015287/x**2)+0.36335/(1-0.036095/x**2)-33508000/(1+367200000/x**2))**0.5"", ""core_eq_e"": ""(1+0.017061/(1-0.043855/x**2)+3.1976/(1-0.022642/x**2)-57269000/(1-74226000/x**2))**0.5"", ""core_chi2"": ""AlN"", ""h_core"": 300.0, ""w_core"": 700.0}",screened,0,TM00,A,,TM101,0.0183452273403246,2,219.13468129779164,,2.080006502546392,2.080006502546392,,0.0503934739900534,75433.7007591013,0.0014774265860254,,,,,,,,,,,,0.0503934739900534,0.0014774265860254,TM101,,,,TM101
4ba92adb5fc8,ridge,"{""sidewall_angle"": 5.0, ""substrate_height"": 1000.0, ""topclad_height"": 800.0, ""substrate_material"": ""Al2O3"", ""topclad_material"": ""SiO2"", ""core_eq_o"": ""(1+2.8032/(1-0.015287/x**2)+0.36335/(1-0.036095/x**2)-33508000/(1+367200000/x**2))**0.5"", ""core_eq_e"": ""(1+0.017061/(1-0.043855/x**2)+3.1976/(1-0.022642/x**2)-57269000/(1-74226000/x**2))**0.5"", ""core_chi2"": ""AlN"", ""h_core"": 300.0, ""w_core"": 700.0}",screened,2,TM20,A,,TE73,0.54890862242673,0,224.2127482766752,,1.9036691830525672,1.9036691830525672,,0.0494818918040703,95722.64403240684,0.0014555884623211,,,,,,,,,,,,0.0494818918040703,0.0014555884623211,TE73,,,,TE73
4ba92adb5fc8,ridge,"{""sidewall_angle"": 5.0, ""substrate_height"": 1000.0, ""topclad_height"": 800.0, ""substrate_material"": ""Al2O3"", ""topclad_material"": ""SiO2"", ""core_eq_o"": ""(1+2.8032/(1-0.015287/x**2)+0.36335/(1-0.036095/x**2)-33508000/(1+367200000/x**2))**0.5"", ""core_eq_e"": ""(1+0.017061/(1-0.043855/x**2)+3.1976/(1-0.022642/x**2)-57269000/(1-74226000/x**2))**0.5"", ""core_chi2"": ""AlN"", ""h_core"": 300.0, ""w_core"": 700.0}",screened,2,TM20,A,,TE94,0.981820898389748,4,218.9079593535859,,1.919114287803219,1.919114287803219,,0.0446278468139928,108673.70384850742,0.0013599770259855,,,,,,,,,,,,0.0446278468139928,0.0013599770259855,TE94,,,,TE94
4ba92adb5fc8,ridge,"{""sidewall_angle"": 5.0, ""substrate_height"": 1000.0, ""topclad_height"": 800.0, ""substrate_material"": ""Al2O3"", ""topclad_material"": ""SiO2"", ""core_eq_o"": ""(1+2.8032/(1-0.015287/x**2)+0.36335/(1-0.036095/x**2)-33508000/(1+367200000/x**2))**0.5"", ""core_eq_e"": ""(1+0.017061/(1-0.043855/x**2)+3.1976/(1-0.022642/x**2)-57269000/(1-74226000/x**2))**0.5"", ""core_chi2"": ""AlN"", ""h_core"": 300.0, ""w_core"": 700.0}",screened,0,TM00,A,,TE104,0.5671342081559206,7,215.38175178718103,,2.0859487446753064,2.0859487446753064,,0.040605752279976,96081.49563677552,0.0013428767330232,,,,,,,,,,,,0.040605752279976,0.0013428767330232,TE104,,,,TE104
4ba92adb5fc8,ridge,"{""sidewall_angle"": 5.0, ""substrate_height"": 1000.0, ""topclad_height"": 800.0, ""substrate_material"": ""Al2O3"", ""topclad_material"": ""SiO2"", ""core_eq_o"": ""(1+2.8032/(1-0.015287/x**2)+0.36335/(1-0.036095/x**2)-33508000/(1+367200000/x**2))**0.5"", ""core_eq_e"": ""(1+0.017061/(1-0.043855/x**2)+3.1976/(1-0.022642/x**2)-57269000/(1-74226000/x**2))**0.5"", ""core_chi2"": ""AlN"", ""h_core"": 300.0, ""w_core"": 700.0}",screened,1,TM10,S,,TE73,0.9424552717451864,0,227.53040453684096,,2.003288362465115,2.003288362465115,,0.0377705246201282,104494.5703731976,0.001318222394735,,,,,,,,,,,,0.0377705246201282,0.001318222394735,TE73,,,,TE73
4ba92adb5fc8,ridge,"{""sidewall_angle"": 5.0, ""substrate_height"": 1000.0, ""topclad_height"": 800.0, ""substrate_material"": ""Al2O3"", ""topclad_material"": ""SiO2"", ""core_eq_o"": ""(1+2.8032/(1-0.015287/x**2)+0.36335/(1-0.036095/x**2)-33508000/(1+367200000/x**2))**0.5"", ""core_eq_e"": ""(1+0.017061/(1-0.043855/x**2)+3.1976/(1-0.022642/x**2)-57269000/(1-74226000/x**2))**0.5"", ""core_chi2"": ""AlN"", ""h_core"": 300.0, ""w_core"": 700.0}",screened,1,TM10,S,,TE73,0.613291812902425,5,219.5557210473229,,2.019241102389952,2.019241102389952,,0.0249647882682433,165796.0147172141,0.0010482522632861,,,,,,,,,,,,0.0249647882682433,0.0010482522632861,TE73,,,,TE73
4ba92adb5fc8,ridge,"{""sidewall_angle"": 5.0, ""substrate_height"": 1000.0, ""topclad_height"": 800.0, ""substrate_material"": ""Al2O3"", ""topclad_material"": ""SiO2"", ""core_eq_o"": ""(1+2.8032/(1-0.015287/x**2)+0.36335/(1-0.036095/x**2)-33508000/(1+367200000/x**2))**0.5"", ""core_eq_e"": ""(1+0.017061/(1-0.043855/x**2)+3.1976/(1-0.022642/x**2)-57269000/(1-74226000/x**2))**0.5"", ""core_chi2"": ""AlN"", ""h_core"": 300.0, ""w_core"": 700.0}",screened,2,TM20,A,,TE92,0.9429691102614728,31,224.94389594464752,,1.9015496428169776,1.9015496428169776,,0.0248372387132788,190099.6354059672,0.0010069443198559,,,,,,,,,,,,0.0248372387132788,0.0010069443198559,TE92,,,,TE92
4ba92adb5fc8,ridge,"{""sidewall_angle"": 5.0, ""substrate_height"": 1000.0, ""topclad_height"": 800.0, ""substrate_material"": ""Al2O3"", ""topclad_material"": ""SiO2"", ""core_eq_o"": ""(1+2.8032/(1-0.015287/x**2)+0.36335/(1-0.036095/x**2)-33508000/(1+367200000/x**2))**0.5"", ""core_eq_e"": ""(1+0.017061/(1-0.043855/x**2)+3.1976/(1-0.022642/x**2)-57269000/(1-74226000/x**2))**0.5"", ""core_chi2"": ""AlN"", ""h_core"": 300.0, ""w_core"": 700.0}",screened,2,TM20,A,,TE54,0.660138284247618,2,224.44212630698095,,1.9030042339790896,1.9030042339790896,,0.0238676725238441,198252.16609562057,0.0010252587072695,,,,,,,,,,,,0.0238676725238441,0.0010252587072695,TE54,,,,TE54
4ba92adb5fc8,ridge,"{""sidewall_angle"": 5.0, ""substrate_height"": 1000.0, ""topclad_height"": 800.0, ""substrate_material"": ""Al2O3"", ""topclad_material"": ""SiO2"", ""core_eq_o"": ""(1+2.8032/(1-0.015287/x**2)+0.36335/(1-0.036095/x**2)-33508000/(1+367200000/x**2))**0.5"", ""core_eq_e"": ""(1+0.017061/(1-0.043855/x**2)+3.1976/(1-0.022642/x**2)-57269000/(1-74226000/x**2))**0.5"", ""core_chi2"": ""AlN"", ""h_core"": 300.0, ""w_core"": 700.0}",screened,1,TM10,S,,TE92,0.8926457986108315,7,218.29323886791877,,2.021860623755369,2.021860623755369,,0.0214871819899118,194107.51494364016,0.000956549339869,,,,,,,,,,,,0.0214871819899118,0.000956549339869,TE92,,,,TE92
4ba92adb5fc8,ridge,"{""sidewall_angle"": 5.0, ""substrate_height"": 1000.0, ""topclad_height"": 800.0, ""substrate_material"": ""Al2O3"", ""topclad_material"": ""SiO2"", ""core_eq_o"": ""(1+2.8032/(1-0.015287/x**2)+0.36335/(1-0.036095/x**2)-33508000/(1+367200000/x**2))**0.5"", ""core_eq_e"": ""(1+0.017061/(1-0.043855/x**2)+3.1976/(1-0.022642/x**2)-57269000/(1-74226000/x**2))**0.5"", ""core_chi2"": ""AlN"", ""h_core"": 300.0, ""w_core"": 700.0}",screened,0,TM00,A,,TM83,0.340806829366946,5,216.4740401670957,,2.084219257881136,2.084219257881136,,0.0162810752408643,237810.5307676569,0.0008404892735546,,,,,,,,,,,,0.0162810752408643,0.0008404892735546,TM83,,,,TM83
4ba92adb5fc8,ridge,"{""sidewall_angle"": 5.0, ""substrate_height"": 1000.0, ""topclad_height"": 800.0, ""substrate_material"": ""Al2O3"", ""topclad_material"": ""SiO2"", ""core_eq_o"": ""(1+2.8032/(1-0.015287/x**2)+0.36335/(1-0.036095/x**2)-33508000/(1+367200000/x**2))**0.5"", ""core_eq_e"": ""(1+0.017061/(1-0.043855/x**2)+3.1976/(1-0.022642/x**2)-57269000/(1-74226000/x**2))**0.5"", ""core_chi2"": ""AlN"", ""h_core"": 300.0, ""w_core"": 700.0}",screened,0,TM00,A,,TM104,0.3434174322818413,8,215.3012515764994,,2.0860762055673767,2.0860762055673767,,0.0158633323862662,246080.9432664201,0.0008266743715068,,,,,,,,,,,,0.0158633323862662,0.0008266743715068,TM104,,,,TM104
4ba92adb5fc8,ridge,"{""sidewall_angle"": 5.0, ""substrate_height"": 1000.0, ""topclad_height"": 800.0, ""substrate_material"": ""Al2O3"", ""topclad_material"": ""SiO2"", ""core_eq_o"": ""(1+2.8032/(1-0.015287/x**2)+0.36335/(1-0.036095/x**2)-33508000/(1+367200000/x**2))**0.5"", ""core_eq_e"": ""(1+0.017061/(1-0.043855/x**2)+3.1976/(1-0.022642/x**2)-57269000/(1-74226000/x**2))**0.5"", ""core_chi2"": ""AlN"", ""h_core"": 300.0, ""w_core"": 700.0}",screened,1,TM10,S,,TE73,0.9880104293537916,1,227.54052720328465,,2.003268568512377,2.003268568512377,,0.0111118740953946,355167.8622944501,0.000727227452376,,,,,,,,,,,,0.0111118740953946,0.000727227452376,TE73,,,,TE73
4ba92adb5fc8,ridge,"{""sidewall_angle"": 5.0, ""substrate_height"": 1000.0, ""topclad_height"": 800.0, ""substrate_material"": ""Al2O3"", ""topclad_material"": ""SiO2"", ""core_eq_o"": ""(1+2.8032/(1-0.015287/x**2)+0.36335/(1-0.036095/x**2)-33508000/(1+367200000/x**2))**0.5"", ""core_eq_e"": ""(1+0.017061/(1-0.043855/x**2)+3.1976/(1-0.022642/x**2)-57269000/(1-74226000/x**2))**0.5"", ""core_chi2"": ""AlN"", ""h_core"": 300.0, ""w_core"": 700.0}",screened,1,TM10,S,,TM82,0.155805323906104,32,231.1059857580995,,1.9963586933825497,1.9963586933825497,,0.0068942617404876,560699.4662659825,0.0005674729423258,,,,,,,,,,,,0.0068942617404876,0.0005674729423258,TM82,,,,TM82
4ba92adb5fc8,ridge,"{""sidewall_angle"": 5.0, ""substrate_height"": 1000.0, ""topclad_height"": 800.0, ""substrate_material"": ""Al2O3"", ""topclad_material"": ""SiO2"", ""core_eq_o"": ""(1+2.8032/(1-0.015287/x**2)+0.36335/(1-0.036095/x**2)-33508000/(1+367200000/x**2))**0.5"", ""core_eq_e"": ""(1+0.017061/(1-0.043855/x**2)+3.1976/(1-0.022642/x**2)-57269000/(1-74226000/x**2))**0.5"", ""core_chi2"": ""AlN"", ""h_core"": 300.0, ""w_core"": 700.0}",screened,0,TM00,A,,TM63,0.0284657306002935,38,231.4997164762514,,2.0618780867030964,2.0618780867030964,,0.0063868339197528,547495.463423329,0.000586190689821,,,,,,,,,,,,0.0063868339197528,0.000586190689821,TM63,,,,TM63
4ba92adb5fc8,ridge,"{""sidewall_angle"": 5.0, ""substrate_height"": 1000.0, ""topclad_height"": 800.0, ""substrate_material"": ""Al2O3"", ""topclad_material"": ""SiO2"", ""core_eq_o"": ""(1+2.8032/(1-0.015287/x**2)+0.36335/(1-0.036095/x**2)-33508000/(1+367200000/x**2))**0.5"", ""core_eq_e"": ""(1+0.017061/(1-0.043855/x**2)+3.1976/(1-0.022642/x**2)-57269000/(1-74226000/x**2))**0.5"", ""core_chi2"": ""AlN"", ""h_core"": 300.0, ""w_core"": 700.0}",screened,0,TM00,A,,TE73,0.7128698414689911,34,228.96068465300883,,2.065426480268384,2.065426480268384,,0.0043246500657631,822344.893858475,0.0004673292416626,,,,,,,,,,,,0.0043246500657631,0.0004673292416626,TE73,,,,TE73
4ba92adb5fc8,ridge,"{""sidewall_angle"": 5.0, ""substrate_height"": 1000.0, ""topclad_height"": 800.0, ""substrate_material"": ""Al2O3"", ""topclad_material"": ""SiO2"", ""core_eq_o"": ""(1+2.8032/(1-0.015287/x**2)+0.36335/(1-0.036095/x**2)-33508000/(1+367200000/x**2))**0.5"", ""core_eq_e"": ""(1+0.017061/(1-0.043855/x**2)+3.1976/(1-0.022642/x**2)-57269000/(1-74226000/x**2))**0.5"", ""core_chi2"": ""AlN"", ""h_core"": 300.0, ""w_core"": 700.0}",screened,0,TM00,A,,TE73,0.8291617452252823,35,229.3733275370029,,2.06483433402822,2.06483433402822,,0.0041420953937147,856237.9220284098,0.0004543807071671,,,,,,,,,,,,0.0041420953937147,0.0004543807071671,TE73,,,,TE73
4ba92adb5fc8,ridge,"{""sidewall_angle"": 5.0, ""substrate_height"": 1000.0, ""topclad_height"": 800.0, ""substrate_material"": ""Al2O3"", ""topclad_material"": ""SiO2"", ""core_eq_o"": ""(1+2.8032/(1-0.015287/x**2)+0.36335/(1-0.036095/x**2)-33508000/(1+367200000/x**2))**0.5"", ""core_eq_e"": ""(1+0.017061/(1-0.043855/x**2)+3.1976/(1-0.022642/x**2)-57269000/(1-74226000/x**2))**0.5"", ""core_chi2"": ""AlN"", ""h_core"": 300.0, ""w_core"": 700.0}",screened,0,TM00,A,,TM43,0.081974409050473,30,223.70254902641256,,2.073063097357266,2.073063097357266,,0.0033739666499376,1092033.1210686837,0.0004024678430933,,,,,,,,,,,,0.0033739666499376,0.0004024678430933,TM43,,,,TM43
4ba92adb5fc8,ridge,"{""sidewall_angle"": 5.0, ""substrate_height"": 1000.0, ""topclad_height"": 800.0, ""substrate_material"": ""Al2O3"", ""topclad_material"": ""SiO2"", ""core_eq_o"": ""(1+2.8032/(1-0.015287/x**2)+0.36335/(1-0.036095/x**2)-33508000/(1+367200000/x**2))**0.5"", ""core_eq_e"": ""(1+0.017061/(1-0.043855/x**2)+3.1976/(1-0.022642/x**2)-57269000/(1-74226000/x**2))**0.5"", ""core_chi2"": ""AlN"", ""h_core"": 300.0, ""w_core"": 700.0}",screened,0,TM00,A,,TE73,0.7153895902032036,37,229.5359953393765,,2.0646009042725946,2.0646009042725946,,0.0026489773986775,1337420.0538216513,0.0003606282460321,,,,,,,,,,,,0.0026489773986775,0.0003606282460321,TE73,,,,TE73
4ba92adb5fc8,ridge,"{""sidewall_angle"": 5.0, ""substrate_height"": 1000.0, ""topclad_height"": 800.0, ""substrate_material"": ""Al2O3"", ""topclad_material"": ""SiO2"", ""core_eq_o"": ""(1+2.8032/(1-0.015287/x**2)+0.36335/(1-0.036095/x**2)-33508000/(1+367200000/x**2))**0.5"", ""core_eq_e"": ""(1+0.017061/(1-0.043855/x**2)+3.1976/(1-0.022642/x**2)-57269000/(1-74226000/x**2))**0.5"", ""core_chi2"": ""AlN"", ""h_core"": 300.0, ""w_core"": 700.0}",screened,0,TM00,A,,TE72,0.9712187874995464,0,222.62970225602385,,2.074678009057732,2.074678009057732,,0.0025487035020335,1456191.1479964936,0.0003405427251696,,,,,,,,,,,,0.0025487035020335,0.0003405427251696,TE72,,,,TE72
4ba92adb5fc8,ridge,"{""sidewall_angle"": 5.0, ""substrate_height"": 1000.0, ""topclad_height"": 800.0, ""substrate_material"": ""Al2O3"", ""topclad_material"": ""SiO2"", ""core_eq_o"": ""(1+2.8032/(1-0.015287/x**2)+0.36335/(1-0.036095/x**2)-33508000/(1+367200000/x**2))**0.5"", ""core_eq_e"": ""(1+0.017061/(1-0.043855/x**2)+3.1976/(1-0.022642/x**2)-57269000/(1-74226000/x**2))**0.5"", ""core_chi2"": ""AlN"", ""h_core"": 300.0, ""w_core"": 700.0}",screened,4,TE10,A,,TM83,0.1027500574820557,34,224.9222418647001,,1.944299730515546,1.944299730515546,,0.002278488060643,1938897.3263655896,0.0143303566982543,,,,,,,,,,,,0.002278488060643,0.0143303566982543,TM83,,,,TM83
4ba92adb5fc8,ridge,"{""sidewall_angle"": 5.0, ""substrate_height"": 1000.0, ""topclad_height"": 800.0, ""substrate_material"": ""Al2O3"", ""topclad_material"": ""SiO2"", ""core_eq_o"": ""(1+2.8032/(1-0.015287/x**2)+0.36335/(1-0.036095/x**2)-33508000/(1+367200000/x**2))**0.5"", ""core_eq_e"": ""(1+0.017061/(1-0.043855/x**2)+3.1976/(1-0.022642/x**2)-57269000/(1-74226000/x**2))**0.5"", ""core_chi2"": ""AlN"", ""h_core"": 300.0, ""w_core"": 700.0}",screened,1,TM10,S,,TE54,0.9748297053367718,11,217.32041273809065,,2.0238791384508583,2.0238791384508583,,0.0015473753255951,2711474.92710615,0.0002796797979847,,,,,,,,,,,,0.0015473753255951,0.0002796797979847,TE54,,,,TE54
4ba92adb5fc8,ridge,"{""sidewall_angle"": 5.0, ""substrate_height"": 1000.0, ""topclad_height"": 800.0, ""substrate_material"": ""Al2O3"", ""topclad_material"": ""SiO2"", ""core_eq_o"": ""(1+2.8032/(1-0.015287/x**2)+0.36335/(1-0.036095/x**2)-33508000/(1+367200000/x**2))**0.5"", ""core_eq_e"": ""(1+0.017061/(1-0.043855/x**2)+3.1976/(1-0.022642/x**2)-57269000/(1-74226000/x**2))**0.5"", ""core_chi2"": ""AlN"", ""h_core"": 300.0, ""w_core"": 700.0}",screened,2,TM20,A,,TM102,0.0851795740872589,1,222.0730249730581,,1.9098720745253968,1.9098720745253968,,0.0013956449456095,3425915.321497234,0.0002307220107112,,,,,,,,,,,,0.0013956449456095,0.0002307220107112,TM102,,,,TM102
4ba92adb5fc8,ridge,"{""sidewall_angle"": 5.0, ""substrate_height"": 1000.0, ""topclad_height"": 800.0, ""substrate_material"": ""Al2O3"", ""topclad_material"": ""SiO2"", ""core_eq_o"": ""(1+2.8032/(1-0.015287/x**2)+0.36335/(1-0.036095/x**2)-33508000/(1+367200000/x**2))**0.5"", ""core_eq_e"": ""(1+0.017061/(1-0.043855/x**2)+3.1976/(1-0.022642/x**2)-57269000/(1-74226000/x**2))**0.5"", ""core_chi2"": ""AlN"", ""h_core"": 300.0, ""w_core"": 700.0}",screened,3,TE00,S,,TE54,0.9748297053367718,11,217.1294337799013,,2.027486207037263,2.027486207037263,,0.0013402470023153,3119320.8975324244,0.0026624844324045,,,,,,,,,,,,0.0013402470023153,0.0026624844324045,TE54,,,,TE54
4ba92adb5fc8,ridge,"{""sidewall_angle"": 5.0, ""substrate_height"": 1000.0, ""topclad_height"": 800.0, ""substrate_material"": ""Al2O3"", ""topclad_material"": ""SiO2"", ""core_eq_o"": ""(1+2.8032/(1-0.015287/x**2)+0.36335/(1-0.036095/x**2)-33508000/(1+367200000/x**2))**0.5"", ""core_eq_e"": ""(1+0.017061/(1-0.043855/x**2)+3.1976/(1-0.022642/x**2)-57269000/(1-74226000/x**2))**0.5"", ""core_chi2"": ""AlN"", ""h_core"": 300.0, ""w_core"": 700.0}",screened,2,TM20,A,,TM103,0.1372932522170652,6,216.16997455410925,,1.927219311418013,1.927219311418013,,0.0012529542271512,3919554.0636707726,0.0002156667664636,,,,,,,,,,,,0.0012529542271512,0.0002156667664636,TM103,,,,TM103
4ba92adb5fc8,ridge,"{""sidewall_angle"": 5.0, ""substrate_height"": 1000.0, ""topclad_height"": 800.0, ""substrate_material"": ""Al2O3"", ""topclad_material"": ""SiO2"", ""core_eq_o"": ""(1+2.8032/(1-0.015287/x**2)+0.36335/(1-0.036095/x**2)-33508000/(1+367200000/x**2))**0.5"", ""core_eq_e"": ""(1+0.017061/(1-0.043855/x**2)+3.1976/(1-0.022642/x**2)-57269000/(1-74226000/x**2))**0.5"", ""core_chi2"": ""AlN"", ""h_core"": 300.0, ""w_core"": 700.0}",screened,4,TE10,A,,TM102,0.0967482949309978,1,220.01206861338767,,1.9543772684889813,1.9543772684889813,,0.0009565711547657,4752482.502698866,0.0088726821466961,,,,,,,,,,,,0.0009565711547657,0.0088726821466961,TM102,,,,TM102
4ba92adb5fc8,ridge,"{""sidewall_angle"": 5.0, ""substrate_height"": 1000.0, ""topclad_height"": 800.0, ""substrate_material"": ""Al2O3"", ""topclad_material"": ""SiO2"", ""core_eq_o"": ""(1+2.8032/(1-0.015287/x**2)+0.36335/(1-0.036095/x**2)-33508000/(1+367200000/x**2))**0.5"", ""core_eq_e"": ""(1+0.017061/(1-0.043855/x**2)+3.1976/(1-0.022642/x**2)-57269000/(1-74226000/x**2))**0.5"", ""core_chi2"": ""AlN"", ""h_core"": 300.0, ""w_core"": 700.0}",screened,1,TM10,S,,TM83,0.0610257685749252,3,221.10105648104772,,2.016098893747617,2.016098893747617,,0.0008126603115989,5045797.813841813,0.0001879011591146,,,,,,,,,,,,0.0008126603115989,0.0001879011591146,TM83,,,,TM83
4ba92adb5fc8,ridge,"{""sidewall_angle"": 5.0, ""substrate_height"": 1000.0, ""topclad_height"": 800.0, ""substrate_material"": ""Al2O3"", ""topclad_material"": ""SiO2"", ""core_eq_o"": ""(1+2.8032/(1-0.015287/x**2)+0.36335/(1-0.036095/x**2)-33508000/(1+367200000/x**2))**0.5"", ""core_eq_e"": ""(1+0.017061/(1-0.043855/x**2)+3.1976/(1-0.022642/x**2)-57269000/(1-74226000/x**2))**0.5"", ""core_chi2"": ""AlN"", ""h_core"": 300.0, ""w_core"": 700.0}",screened,3,TE00,S,,TM102,0.2684893543884313,10,216.9017262410594,,2.0278314049271904,2.0278314049271904,,0.0007723857687002,5421259.672480957,0.0019365148043954,,,,,,,,,,,,0.0007723857687002,0.0019365148043954,TM102,,,,TM102
4ba92adb5fc8,ridge,"{""sidewall_angle"": 5.0, ""substrate_height"": 1000.0, ""topclad_height"": 800.0, ""substrate_material"": ""Al2O3"", ""topclad_material"": ""SiO2"", ""core_eq_o"": ""(1+2.8032/(1-0.015287/x**2)+0.36335/(1-0.036095/x**2)-33508000/(1+367200000/x**2))**0.5"", ""core_eq_e"": ""(1+0.017061/(1-0.043855/x**2)+3.1976/(1-0.022642/x**2)-57269000/(1-74226000/x**2))**0.5"", ""core_chi2"": ""AlN"", ""h_core"": 300.0, ""w_core"": 700.0}",screened,1,TM10,S,,TE52,0.8487677563868044,33,232.9713718591545,,1.992815763507091,1.992815763507091,,0.0005452326848892,7014029.3349687215,0.0001637727133301,,,,,,,,,,,,0.0005452326848892,0.0001637727133301,TE52,,,,TE52
4ba92adb5fc8,ridge,"{""sidewall_angle"": 5.0, ""substrate_height"": 1000.0, ""topclad_height"": 800.0, ""substrate_material"": ""Al2O3"", ""topclad_material"": ""SiO2"", ""core_eq_o"": ""(1+2.8032/(1-0.015287/x**2)+0.36335/(1-0.036095/x**2)-33508000/(1+367200000/x**2))**0.5"", ""core_eq_e"": ""(1+0.017061/(1-0.043855/x**2)+3.1976/(1-0.022642/x**2)-57269000/(1-74226000/x**2))**0.5"", ""core_chi2"": ""AlN"", ""h_core"": 300.0, ""w_core"": 700.0}",screened,4,TE10,A,,TM101,0.0225185345606504,37,226.3314233894997,,1.941463387165524,1.941463387165524,,0.0004235259337737,10346624.58366949,0.0061499616436472,,,,,,,,,,,,0.0004235259337737,0.0061499616436472,TM101,,,,TM101
4ba92adb5fc8,ridge,"{""sidewall_angle"": 5.0, ""substrate_height"": 1000.0, ""topclad_height"": 800.0, ""substrate_material"": ""Al2O3"", ""topclad_material"": ""SiO2"", ""core_eq_o"": ""(1+2.8032/(1-0.015287/x**2)+0.36335/(1-0.036095/x**2)-33508000/(1+367200000/x**2))**0.5"", ""core_eq_e"": ""(1+0.017061/(1-0.043855/x**2)+3.1976/(1-0.022642/x**2)-57269000/(1-74226000/x**2))**0.5"", ""core_chi2"": ""AlN"", ""h_core"": 300.0, ""w_core"": 700.0}",screened,3,TE00,S,,TM84,0.0104359220008721,4,220.5636289517567,,2.0223190223397323,2.0223190223397323,,0.0002444045154298,16704366.141114172,0.0033146431439968,,,,,,,,,,,,0.0002444045154298,0.0033146431439968,TM84,,,,TM84
4ba92adb5fc8,ridge,"{""sidewall_angle"": 5.0, ""substrate_height"": 1000.0, ""topclad_height"": 800.0, ""substrate_material"": ""Al2O3"", ""topclad_material"": ""SiO2"", ""core_eq_o"": ""(1+2.8032/(1-0.015287/x**2)+0.36335/(1-0.036095/x**2)-33508000/(1+367200000/x**2))**0.5"", ""core_eq_e"": ""(1+0.017061/(1-0.043855/x**2)+3.1976/(1-0.022642/x**2)-57269000/(1-74226000/x**2))**0.5"", ""core_chi2"": ""AlN"", ""h_core"": 300.0, ""w_core"": 700.0}",screened,3,TE00,S,,TM82,0.1149131967963371,34,233.731563048734,,2.0039000926331103,2.0039000926331103,,0.0002265016389489,16497637.339026716,0.0043831569044989,,,,,,,,,,,,0.0002265016389489,0.0043831569044989,TM82,,,,TM82
4ba92adb5fc8,ridge,"{""sidewall_angle"": 5.0, ""substrate_height"": 1000.0, ""topclad_height"": 800.0, ""substrate_material"": ""Al2O3"", ""topclad_material"": ""SiO2"", ""core_eq_o"": ""(1+2.8032/(1-0.015287/x**2)+0.36335/(1-0.036095/x**2)-33508000/(1+367200000/x**2))**0.5"", ""core_eq_e"": ""(1+0.017061/(1-0.043855/x**2)+3.1976/(1-0.022642/x**2)-57269000/(1-74226000/x**2))**0.5"", ""core_chi2"": ""AlN"", ""h_core"": 300.0, ""w_core"": 700.0}",screened,3,TE00,S,,TM82,0.1823883882223493,32,230.24142763225504,,2.0086043899717305,2.0086043899717305,,0.0002263692898263,16892283.214159604,0.0041189779905814,,,,,,,,,,,,0.0002263692898263,0.0041189779905814,TM82,,,,TM82
4ba92adb5fc8,ridge,"{""sidewall_angle"": 5.0, ""substrate_height"": 1000.0, ""topclad_height"": 800.0, ""substrate_material"": ""Al2O3"", ""topclad_material"": ""SiO2"", ""core_eq_o"": ""(1+2.8032/(1-0.015287/x**2)+0.36335/(1-0.036095/x**2)-33508000/(1+367200000/x**2))**0.5"", ""core_eq_e"": ""(1+0.017061/(1-0.043855/x**2)+3.1976/(1-0.022642/x**2)-57269000/(1-74226000/x**2))**0.5"", ""core_chi2"": ""AlN"", ""h_core"": 300.0, ""w_core"": 700.0}",screened,3,TE00,S,,TM64,0.2998482640318762,8,217.94930220114745,,2.026243310774489,2.026243310774489,,0.0001902065214499,21854701.18294205,0.002800934753076,,,,,,,,,,,,0.0001902065214499,0.002800934753076,TM64,,,,TM64
4ba92adb5fc8,ridge,"{""sidewall_angle"": 5.0, ""substrate_height"": 1000.0, ""topclad_height"": 800.0, ""substrate_material"": ""Al2O3"", ""topclad_material"": ""SiO2"", ""core_eq_o"": ""(1+2.8032/(1-0.015287/x**2)+0.36335/(1-0.036095/x**2)-33508000/(1+367200000/x**2))**0.5"", ""core_eq_e"": ""(1+0.017061/(1-0.043855/x**2)+3.1976/(1-0.022642/x**2)-57269000/(1-74226000/x**2))**0.5"", ""core_chi2"": ""AlN"", ""h_core"": 300.0, ""w_core"": 700.0}",screened,3,TE00,S,,TE73,0.6746797577815603,9,217.57044090716263,,2.0268176532838487,2.0268176532838487,,0.0001882136138824,22144260.00045484,0.0027049882752356,,,,,,,,,,,,0.0001882136138824,0.0027049882752356,TE73,,,,TE73
4ba92adb5fc8,ridge,"{""sidewall_angle"": 5.0, ""substrate_height"": 1000.0, ""topclad_height"": 800.0, ""substrate_material"": ""Al2O3"", ""topclad_material"": ""SiO2"", ""core_eq_o"": ""(1+2.8032/(1-0.015287/x**2)+0.36335/(1-0.036095/x**2)-33508000/(1+367200000/x**2))**0.5"", ""core_eq_e"": ""(1+0.017061/(1-0.043855/x**2)+3.1976/(1-0.022642/x**2)-57269000/(1-74226000/x**2))**0.5"", ""core_chi2"": ""AlN"", ""h_core"": 300.0, ""w_core"": 700.0}",screened,3,TE00,S,,TM101,0.0198103497981892,2,222.06574350940457,,2.02014567533197,2.02014567533197,,0.0001854984574952,21782339.401468832,0.0026736012466128,,,,,,,,,,,,0.0001854984574952,0.0026736012466128,TM101,,,,TM101
4ba92adb5fc8,ridge,"{""sidewall_angle"": 5.0, ""substrate_height"": 1000.0, ""topclad_height"": 800.0, ""substrate_material"": ""Al2O3"", ""topclad_material"": ""SiO2"", ""core_eq_o"": ""(1+2.8032/(1-0.015287/x**2)+0.36335/(1-0.036095/x**2)-33508000/(1+367200000/x**2))**0.5"", ""core_eq_e"": ""(1+0.017061/(1-0.043855/x**2)+3.1976/(1-0.022642/x**2)-57269000/(1-74226000/x**2))**0.5"", ""core_chi2"": ""AlN"", ""h_core"": 300.0, ""w_core"": 700.0}",screened,3,TE00,S,,TM83,0.0786919230875218,3,220.8061238323428,,2.021968166594119,2.021968166594119,,0.0001461225814489,27892890.28830448,0.0023793450688571,,,,,,,,,,,,0.0001461225814489,0.0023793450688571,TM83,,,,TM83
4ba92adb5fc8,ridge,"{""sidewall_angle"": 5.0, ""substrate_height"": 1000.0, ""topclad_height"": 800.0, ""substrate_material"": ""Al2O3"", ""topclad_material"": ""SiO2"", ""core_eq_o"": ""(1+2.8032/(1-0.015287/x**2)+0.36335/(1-0.036095/x**2)-33508000/(1+367200000/x**2))**0.5"", ""core_eq_e"": ""(1+0.017061/(1-0.043855/x**2)+3.1976/(1-0.022642/x**2)-57269000/(1-74226000/x**2))**0.5"", ""core_chi2"": ""AlN"", ""h_core"": 300.0, ""w_core"": 700.0}",screened,0,TM00,A,,TE52,0.5325241223977926,33,226.96762419614592,,2.0682865399028234,2.0682865399028234,,0.0001095958897441,32885300.679025467,7.221098769574702e-05,,,,,,,,,,,,0.0001095958897441,7.221098769574702e-05,TE52,,,,TE52
4ba92adb5fc8,ridge,"{""sidewall_angle"": 5.0, ""substrate_height"": 1000.0, ""topclad_height"": 800.0, ""substrate_material"": ""Al2O3"", ""topclad_material"": ""SiO2"", ""core_eq_o"": ""(1+2.8032/(1-0.015287/x**2)+0.36335/(1-0.036095/x**2)-33508000/(1+367200000/x**2))**0.5"", ""core_eq_e"": ""(1+0.017061/(1-0.043855/x**2)+3.1976/(1-0.022642/x**2)-57269000/(1-74226000/x**2))**0.5"", ""core_chi2"": ""AlN"", ""h_core"": 300.0, ""w_core"": 700.0}",screened,4,TE10,A,,TE84,0.5104671474992694,32,222.0181889974577,,1.950259948525914,1.950259948525914,,9.574394485226822e-05,46923466.59199633,0.0030251615368913,,,,,,,,,,,,9.574394485226822e-05,0.0030251615368913,TE84,,,,TE84
4ba92adb5fc8,ridge,"{""sidewall_angle"": 5.0, ""substrate_height"": 1000.0, ""topclad_height"": 800.0, ""substrate_material"": ""Al2O3"", ""topclad_material"": ""SiO2"", ""core_eq_o"": ""(1+2.8032/(1-0.015287/x**2)+0.36335/(1-0.036095/x**2)-33508000/(1+367200000/x**2))**0.5"", ""core_eq_e"": ""(1+0.017061/(1-0.043855/x**2)+3.1976/(1-0.022642/x**2)-57269000/(1-74226000/x**2))**0.5"", ""core_chi2"": ""AlN"", ""h_core"": 300.0, ""w_core"": 700.0}",screened,0,TM00,A,,TE73,0.5230103627175425,32,225.995913108362,,2.0696809540305727,2.0696809540305727,,6.463955945676545e-05,56123695.0013525,5.503744045007699e-05,,,,,,,,,,,,6.463955945676545e-05,5.503744045007699e-05,TE73,,,,TE73
4ba92adb5fc8,ridge,"{""sidewall_angle"": 5.0, ""substrate_height"": 1000.0, ""topclad_height"": 800.0, ""substrate_material"": ""Al2O3"", ""topclad_material"": ""SiO2"", ""core_eq_o"": ""(1+2.8032/(1-0.015287/x**2)+0.36335/(1-0.036095/x**2)-33508000/(1+367200000/x**2))**0.5"", ""core_eq_e"": ""(1+0.017061/(1-0.043855/x**2)+3.1976/(1-0.022642/x**2)-57269000/(1-74226000/x**2))**0.5"", ""core_chi2"": ""AlN"", ""h_core"": 300.0, ""w_core"": 700.0}",screened,4,TE10,A,,TE54,0.7901141526684816,2,221.45103066332004,,1.9514239725545357,1.9514239725545357,,6.39476759014558e-05,70488933.47845016,0.002440348241451,,,,,,,,,,,,6.39476759014558e-05,0.002440348241451,TE54,,,,TE54
4ba92adb5fc8,ridge,"{""sidewall_angle"": 5.0, ""substrate_height"": 1000.0, ""topclad_height"": 800.0, ""substrate_material"": ""Al2O3"", ""topclad_material"": ""SiO2"", ""core_eq_o"": ""(1+2.8032/(1-0.015287/x**2)+0.36335/(1-0.036095/x**2)-33508000/(1+367200000/x**2))**0.5"", ""core_eq_e"": ""(1+0.017061/(1-0.043855/x**2)+3.1976/(1-0.022642/x**2)-57269000/(1-74226000/x**2))**0.5"", ""core_chi2"": ""AlN"", ""h_core"": 300.0, ""w_core"": 700.0}",screened,4,TE10,A,,TE73,0.7814162467377671,39,233.33344426075985,,1.927510701549692,1.927510701549692,,5.378140370530244e-05,78339268.79077931,0.0023278079138541,,,,,,,,,,,,5.378140370530244e-05,0.0023278079138541,TE73,,,,TE73
4ba92adb5fc8,ridge,"{""sidewall_angle"": 5.0, ""substrate_height"": 1000.0, ""topclad_height"": 800.0, ""substrate_material"": ""Al2O3"", ""topclad_material"": ""SiO2"", ""core_eq_o"": ""(1+2.8032/(1-0.015287/x**2)+0.36335/(1-0.036095/x**2)-33508000/(1+367200000/x**2))**0.5"", ""core_eq_e"": ""(1+0.017061/(1-0.043855/x**2)+3.1976/(1-0.022642/x**2)-57269000/(1-74226000/x**2))**0.5"", ""core_chi2"": ""AlN"", ""h_core"": 300.0, ""w_core"": 700.0}",screened,4,TE10,A,,TE93,0.8731714752163626,3,217.26036140568004,,1.96015453603446,1.96015453603446,,5.362538399772704e-05,86169520.84414795,0.0020968783233909,,,,,,,,,,,,5.362538399772704e-05,0.0020968783233909,TE93,,,,TE93
4ba92adb5fc8,ridge,"{""sidewall_angle"": 5.0, ""substrate_height"": 1000.0, ""topclad_height"": 800.0, ""substrate_material"": ""Al2O3"", ""topclad_material"": ""SiO2"", ""core_eq_o"": ""(1+2.8032/(1-0.015287/x**2)+0.36335/(1-0.036095/x**2)-33508000/(1+367200000/x**2))**0.5"", ""core_eq_e"": ""(1+0.017061/(1-0.043855/x**2)+3.1976/(1-0.022642/x**2)-57269000/(1-74226000/x**2))**0.5"", ""core_chi2"": ""AlN"", ""h_core"": 300.0, ""w_core"": 700.0}",screened,4,TE10,A,,TE54,0.9541583871802108,4,216.78946592418868,,1.961143288858506,1.961143288858506,,3.755477687567482e-05,123391859.44960994,0.0017943805001704,,,,,,,,,,,,3.755477687567482e-05,0.0017943805001704,TE54,,,,TE54
4ba92adb5fc8,ridge,"{""sidewall_angle"": 5.0, ""substrate_height"": 1000.0, ""topclad_height"": 800.0, ""substrate_material"": ""Al2O3"", ""topclad_material"": ""SiO2"", ""core_eq_o"": ""(1+2.8032/(1-0.015287/x**2)+0.36335/(1-0.036095/x**2)-33508000/(1+367200000/x**2))**0.5"", ""core_eq_e"": ""(1+0.017061/(1-0.043855/x**2)+3.1976/(1-0.022642/x**2)-57269000/(1-74226000/x**2))**0.5"", ""core_chi2"": ""AlN"", ""h_core"": 300.0, ""w_core"": 700.0}",screened,1,TM10,S,,TM102,0.1629719342311748,10,217.03131516793223,,2.024478986333129,2.024478986333129,,2.5421351558110984e-05,165338031.79321778,3.433595959896598e-05,,,,,,,,,,,,2.5421351558110984e-05,3.433595959896598e-05,TM102,,,,TM102
4ba92adb5fc8,ridge,"{""sidewall_angle"": 5.0, ""substrate_height"": 1000.0, ""topclad_height"": 800.0, ""substrate_material"": ""Al2O3"", ""topclad_material"": ""SiO2"", ""core_eq_o"": ""(1+2.8032/(1-0.015287/x**2)+0.36335/(1-0.036095/x**2)-33508000/(1+367200000/x**2))**0.5"", ""core_eq_e"": ""(1+0.017061/(1-0.043855/x**2)+3.1976/(1-0.022642/x**2)-57269000/(1-74226000/x**2))**0.5"", ""core_chi2"": ""AlN"", ""h_core"": 300.0, ""w_core"": 700.0}",screened,3,TE00,S,,TE92,0.8926457986108315,7,218.0829302802756,,2.0260407345612257,2.0260407345612257,,2.015779743122264e-05,206027447.08536035,0.0008752338496292,,,,,,,,,,,,2.015779743122264e-05,0.0008752338496292,TE92,,,,TE92
4ba92adb5fc8,ridge,"{""sidewall_angle"": 5.0, ""substrate_height"": 1000.0, ""topclad_height"": 800.0, ""substrate_material"": ""Al2O3"", ""topclad_material"": ""SiO2"", ""core_eq_o"": ""(1+2.8032/(1-0.015287/x**2)+0.36335/(1-0.036095/x**2)-33508000/(1+367200000/x**2))**0.5"", ""core_eq_e"": ""(1+0.017061/(1-0.043855/x**2)+3.1976/(1-0.022642/x**2)-57269000/(1-74226000/x**2))**0.5"", ""core_chi2"": ""AlN"", ""h_core"": 300.0, ""w_core"": 700.0}",screened,4,TE10,A,,TM04,0.0052813799062042,35,225.62929143186204,,1.942874985200262,1.942874985200262,,1.49760091396187e-05,293788233.8958468,0.0013229343636982,,,,,,,,,,,,1.49760091396187e-05,0.0013229343636982,TM04,,,,TM04
4ba92adb5fc8,ridge,"{""sidewall_angle"": 5.0, ""substrate_height"": 1000.0, ""topclad_height"": 800.0, ""substrate_material"": ""Al2O3"", ""topclad_material"": ""SiO2"", ""core_eq_o"": ""(1+2.8032/(1-0.015287/x**2)+0.36335/(1-0.036095/x**2)-33508000/(1+367200000/x**2))**0.5"", ""core_eq_e"": ""(1+0.017061/(1-0.043855/x**2)+3.1976/(1-0.022642/x**2)-57269000/(1-74226000/x**2))**0.5"", ""core_chi2"": ""AlN"", ""h_core"": 300.0, ""w_core"": 700.0}",screened,4,TE10,A,,TM83,0.4892217100263761,30,222.27409782091843,,1.9497347265522345,1.9497347265522345,,1.4425461589267724e-05,310972519.4402529,0.0011368002755166,,,,,,,,,,,,1.4425461589267724e-05,0.0011368002755166,TM83,,,,TM83
4ba92adb5fc8,ridge,"{""sidewall_angle"": 5.0, ""substrate_height"": 1000.0, ""topclad_height"": 800.0, ""substrate_material"": ""Al2O3"", ""topclad_material"": ""SiO2"", ""core_eq_o"": ""(1+2.8032/(1-0.015287/x**2)+0.36335/(1-0.036095/x**2)-33508000/(1+367200000/x**2))**0.5"", ""core_eq_e"": ""(1+0.017061/(1-0.043855/x**2)+3.1976/(1-0.022642/x**2)-57269000/(1-74226000/x**2))**0.5"", ""core_chi2"": ""AlN"", ""h_core"": 300.0, ""w_core"": 700.0}",screened,0,TM00,A,,TE33,0.9890743584194106,1,222.3405863411184,,2.075113203240777,2.075113203240777,,1.1769082272375378e-05,315973420.1177277,2.3415783018844e-05,,,,,,,,,,,,1.1769082272375378e-05,2.3415783018844e-05,TE33,,,,TE33
4ba92adb5fc8,ridge,"{""sidewall_angle"": 5.0, ""substrate_height"": 1000.0, ""topclad_height"": 800.0, ""substrate_material"": ""Al2O3"", ""topclad_material"": ""SiO2"", ""core_eq_o"": ""(1+2.8032/(1-0.015287/x**2)+0.36335/(1-0.036095/x**2)-33508000/(1+367200000/x**2))**0.5"", ""core_eq_e"": ""(1+0.017061/(1-0.043855/x**2)+3.1976/(1-0.022642/x**2)-57269000/(1-74226000/x**2))**0.5"", ""core_chi2"": ""AlN"", ""h_core"": 300.0, ""w_core"": 700.0}",screened,4,TE10,A,,TE73,0.7690689114921032,33,223.68844493106175,,1.946831949810848,1.946831949810848,,9.955745400594038e-06,446899374.575463,0.0009619024356709,,,,,,,,,,,,9.955745400594038e-06,0.0009619024356709,TE73,,,,TE73
4ba92adb5fc8,ridge,"{""sidewall_angle"": 5.0, ""substrate_height"": 1000.0, ""topclad_height"": 800.0, ""substrate_material"": ""Al2O3"", ""topclad_material"": ""SiO2"", ""core_eq_o"": ""(1+2.8032/(1-0.015287/x**2)+0.36335/(1-0.036095/x**2)-33508000/(1+367200000/x**2))**0.5"", ""core_eq_e"": ""(1+0.017061/(1-0.043855/x**2)+3.1976/(1-0.022642/x**2)-57269000/(1-74226000/x**2))**0.5"", ""core_chi2"": ""AlN"", ""h_core"": 300.0, ""w_core"": 700.0}",screened,3,TE00,S,,TE73,0.9740689360452124,0,226.80607580577916,,2.013382402070392,2.013382402070392,,9.71451520867122e-06,402760357.3771138,0.0007834091617023,,,,,,,,,,,,9.71451520867122e-06,0.0007834091617023,TE73,,,,TE73
4ba92adb5fc8,ridge,"{""sidewall_angle"": 5.0, ""substrate_height"": 1000.0, ""topclad_height"": 800.0, ""substrate_material"": ""Al2O3"", ""topclad_material"": ""SiO2"", ""core_eq_o"": ""(1+2.8032/(1-0.015287/x**2)+0.36335/(1-0.036095/x**2)-33508000/(1+367200000/x**2))**0.5"", ""core_eq_e"": ""(1+0.017061/(1-0.043855/x**2)+3.1976/(1-0.022642/x**2)-57269000/(1-74226000/x**2))**0.5"", ""core_chi2"": ""AlN"", ""h_core"": 300.0, ""w_core"": 700.0}",screened,0,TM00,A,,TM83,0.0690684226363349,3,217.98287007277835,,2.08183023549061,2.08183023549061,,8.51934603369561e-06,449747851.7230378,1.9193547345824444e-05,,,,,,,,,,,,8.51934603369561e-06,1.9193547345824444e-05,TM83,,,,TM83
4ba92adb5fc8,ridge,"{""sidewall_angle"": 5.0, ""substrate_height"": 1000.0, ""topclad_height"": 800.0, ""substrate_material"": ""Al2O3"", ""topclad_material"": ""SiO2"", ""core_eq_o"": ""(1+2.8032/(1-0.015287/x**2)+0.36335/(1-0.036095/x**2)-33508000/(1+367200000/x**2))**0.5"", ""core_eq_e"": ""(1+0.017061/(1-0.043855/x**2)+3.1976/(1-0.022642/x**2)-57269000/(1-74226000/x**2))**0.5"", ""core_chi2"": ""AlN"", ""h_core"": 300.0, ""w_core"": 700.0}",screened,4,TE10,A,,TE74,0.7193980590739818,0,221.47069852850703,,1.9513836066350183,1.9513836066350183,,6.046705157990176e-06,745378263.8188049,0.0007433849648221,,,,,,,,,,,,6.046705157990176e-06,0.0007433849648221,TE74,,,,TE74
4ba92adb5fc8,ridge,"{""sidewall_angle"": 5.0, ""substrate_height"": 1000.0, ""topclad_height"": 800.0, ""substrate_material"": ""Al2O3"", ""topclad_material"": ""SiO2"", ""core_eq_o"": ""(1+2.8032/(1-0.015287/x**2)+0.36335/(1-0.036095/x**2)-33508000/(1+367200000/x**2))**0.5"", ""core_eq_e"": ""(1+0.017061/(1-0.043855/x**2)+3.1976/(1-0.022642/x**2)-57269000/(1-74226000/x**2))**0.5"", ""core_chi2"": ""AlN"", ""h_core"": 300.0, ""w_core"": 700.0}",screened,3,TE00,S,,TE52,0.824119307539987,33,231.80449187553643,,2.006497560842682,2.006497560842682,,5.627425040909322e-06,672491349.366531,0.0006605503134647,,,,,,,,,,,,5.627425040909322e-06,0.0006605503134647,TE52,,,,TE52
4ba92adb5fc8,ridge,"{""sidewall_angle"": 5.0, ""substrate_height"": 1000.0, ""topclad_height"": 800.0, ""substrate_material"": ""Al2O3"", ""topclad_material"": ""SiO2"", ""core_eq_o"": ""(1+2.8032/(1-0.015287/x**2)+0.36335/(1-0.036095/x**2)-33508000/(1+367200000/x**2))**0.5"", ""core_eq_e"": ""(1+0.017061/(1-0.043855/x**2)+3.1976/(1-0.022642/x**2)-57269000/(1-74226000/x**2))**0.5"", ""core_chi2"": ""AlN"", ""h_core"": 300.0, ""w_core"": 700.0}",screened,3,TE00,S,,TE73,0.9693810293802276,1,226.75206791102065,,2.013457693562695,2.013457693562695,,4.909334726308835e-06,797266179.004382,0.0005669983908159,,,,,,,,,,,,4.909334726308835e-06,0.0005669983908159,TE73,,,,TE73
4ba92adb5fc8,ridge,"{""sidewall_angle"": 5.0, ""substrate_height"": 1000.0, ""topclad_height"": 800.0, ""substrate_material"": ""Al2O3"", ""topclad_material"": ""SiO2"", ""core_eq_o"": ""(1+2.8032/(1-0.015287/x**2)+0.36335/(1-0.036095/x**2)-33508000/(1+367200000/x**2))**0.5"", ""core_eq_e"": ""(1+0.017061/(1-0.043855/x**2)+3.1976/(1-0.022642/x**2)-57269000/(1-74226000/x**2))**0.5"", ""core_chi2"": ""AlN"", ""h_core"": 300.0, ""w_core"": 700.0}",screened,4,TE10,A,,TM44,0.2116390686527092,5,216.6298269773359,,1.9614784873595164,1.9614784873595164,,3.753755542845285e-06,1235671084.188532,0.0005717656552679,,,,,,,,,,,,3.753755542845285e-06,0.0005717656552679,TM44,,,,TM44
4ba92adb5fc8,ridge,"{""sidewall_angle"": 5.0, ""substrate_height"": 1000.0, ""topclad_height"": 800.0, ""substrate_material"": ""Al2O3"", ""topclad_material"": ""SiO2"", ""core_eq_o"": ""(1+2.8032/(1-0.015287/x**2)+0.36335/(1-0.036095/x**2)-33508000/(1+367200000/x**2))**0.5"", ""core_eq_e"": ""(1+0.017061/(1-0.043855/x**2)+3.1976/(1-0.022642/x**2)-57269000/(1-74226000/x**2))**0.5"", ""core_chi2"": ""AlN"", ""h_core"": 300.0, ""w_core"": 700.0}",screened,4,TE10,A,,TE92,0.8466747513255313,31,222.1111872741032,,1.9500690807873653,1.9500690807873653,,3.168797906350095e-06,1417002528.4148266,0.0005226545954877,,,,,,,,,,,,3.168797906350095e-06,0.0005226545954877,TE92,,,,TE92
4ba92adb5fc8,ridge,"{""sidewall_angle"": 5.0, ""substrate_height"": 1000.0, ""topclad_height"": 800.0, ""substrate_material"": ""Al2O3"", ""topclad_material"": ""SiO2"", ""core_eq_o"": ""(1+2.8032/(1-0.015287/x**2)+0.36335/(1-0.036095/x**2)-33508000/(1+367200000/x**2))**0.5"", ""core_eq_e"": ""(1+0.017061/(1-0.043855/x**2)+3.1976/(1-0.022642/x**2)-57269000/(1-74226000/x**2))**0.5"", ""core_chi2"": ""AlN"", ""h_core"": 300.0, ""w_core"": 700.0}",screened,0,TM00,A,,TE73,0.747468284858087,6,215.65196114021867,,2.0855209057306348,2.0855209057306348,,1.2724163076905483e-06,3060386874.112071,7.320010818081237e-06,,,,,,,,,,,,1.2724163076905483e-06,7.320010818081237e-06,TE73,,,,TE73
4ba92adb5fc8,ridge,"{""sidewall_angle"": 5.0, ""substrate_height"": 1000.0, ""topclad_height"": 800.0, ""substrate_material"": ""Al2O3"", ""topclad_material"": ""SiO2"", ""core_eq_o"": ""(1+2.8032/(1-0.015287/x**2)+0.36335/(1-0.036095/x**2)-33508000/(1+367200000/x**2))**0.5"", ""core_eq_e"": ""(1+0.017061/(1-0.043855/x**2)+3.1976/(1-0.022642/x**2)-57269000/(1-74226000/x**2))**0.5"", ""core_chi2"": ""AlN"", ""h_core"": 300.0, ""w_core"": 700.0}",screened,4,TE10,A,,TM43,0.3636605067888571,40,233.73358353958295,,1.926721187530125,1.926721187530125,,1.179993439328154e-06,3562686241.6194496,0.0003550273784993,,,,,,,,,,,,1.179993439328154e-06,0.0003550273784993,TM43,,,,TM43
4ba92adb5fc8,ridge,"{""sidewall_angle"": 5.0, ""substrate_height"": 1000.0, ""topclad_height"": 800.0, ""substrate_material"": ""Al2O3"", ""topclad_material"": ""SiO2"", ""core_eq_o"": ""(1+2.8032/(1-0.015287/x**2)+0.36335/(1-0.036095/x**2)-33508000/(1+367200000/x**2))**0.5"", ""core_eq_e"": ""(1+0.017061/(1-0.043855/x**2)+3.1976/(1-0.022642/x**2)-57269000/(1-74226000/x**2))**0.5"", ""core_chi2"": ""AlN"", ""h_core"": 300.0, ""w_core"": 700.0}",screened,3,TE00,S,,TM43,0.1070724325556469,30,227.61676761635425,,2.012252230333659,2.012252230333659,,4.875885883540933e-07,7980805666.687014,0.0001950361924828,,,,,,,,,,,,4.875885883540933e-07,0.0001950361924828,TM43,,,,TM43
4ba92adb5fc8,ridge,"{""sidewall_angle"": 5.0, ""substrate_height"": 1000.0, ""topclad_height"": 800.0, ""substrate_material"": ""Al2O3"", ""topclad_material"": ""SiO2"", ""core_eq_o"": ""(1+2.8032/(1-0.015287/x**2)+0.36335/(1-0.036095/x**2)-33508000/(1+367200000/x**2))**0.5"", ""core_eq_e"": ""(1+0.017061/(1-0.043855/x**2)+3.1976/(1-0.022642/x**2)-57269000/(1-74226000/x**2))**0.5"", ""core_chi2"": ""AlN"", ""h_core"": 300.0, ""w_core"": 700.0}",screened,3,TE00,S,,TE73,0.613291812902425,5,219.2965258946799,,2.024200959525898,2.024200959525898,,3.344135197901064e-07,12315379940.832125,0.0001148182609768,,,,,,,,,,,,3.344135197901064e-07,0.0001148182609768,TE73,,,,TE73
4ba92adb5fc8,ridge,"{""sidewall_angle"": 5.0, ""substrate_height"": 1000.0, ""topclad_height"": 800.0, ""substrate_material"": ""Al2O3"", ""topclad_material"": ""SiO2"", ""core_eq_o"": ""(1+2.8032/(1-0.015287/x**2)+0.36335/(1-0.036095/x**2)-33508000/(1+367200000/x**2))**0.5"", ""core_eq_e"": ""(1+0.017061/(1-0.043855/x**2)+3.1976/(1-0.022642/x**2)-57269000/(1-74226000/x**2))**0.5"", ""core_chi2"": ""AlN"", ""h_core"": 300.0, ""w_core"": 700.0}",screened,3,TE00,S,,TE71,0.949825293937088,37,234.8909020282532,,2.0023374382873333,2.0023374382873333,,2.2985417358833805e-07,16134645810.44359,0.0001391408481625,,,,,,,,,,,,2.2985417358833805e-07,0.0001391408481625,TE71,,,,TE71
4ba92adb5fc8,ridge,"{""sidewall_angle"": 5.0, ""substrate_height"": 1000.0, ""topclad_height"": 800.0, ""substrate_material"": ""Al2O3"", ""topclad_material"": ""SiO2"", ""core_eq_o"": ""(1+2.8032/(1-0.015287/x**2)+0.36335/(1-0.036095/x**2)-33508000/(1+367200000/x**2))**0.5"", ""core_eq_e"": ""(1+0.017061/(1-0.043855/x**2)+3.1976/(1-0.022642/x**2)-57269000/(1-74226000/x**2))**0.5"", ""core_chi2"": ""AlN"", ""h_core"": 300.0, ""w_core"": 700.0}",screened,3,TE00,S,,TE74,0.510262505895127,6,218.4011059937716,,2.025558389595909,2.025558389595909,,1.3230558282026714e-07,31320875026.484783,7.128191410977237e-05,,,,,,,,,,,,1.3230558282026714e-07,7.128191410977237e-05,TE74,,,,TE74
4ba92adb5fc8,ridge,"{""sidewall_angle"": 5.0, ""substrate_height"": 1000.0, ""topclad_height"": 800.0, ""substrate_material"": ""Al2O3"", ""topclad_material"": ""SiO2"", ""core_eq_o"": ""(1+2.8032/(1-0.015287/x**2)+0.36335/(1-0.036095/x**2)-33508000/(1+367200000/x**2))**0.5"", ""core_eq_e"": ""(1+0.017061/(1-0.043855/x**2)+3.1976/(1-0.022642/x**2)-57269000/(1-74226000/x**2))**0.5"", ""core_chi2"": ""AlN"", ""h_core"": 300.0, ""w_core"": 700.0}",screened,4,TE10,A,,TE53,0.9279829546876504,43,234.04286186194915,,1.926110951084019,1.926110951084019,,2.9090480479231768e-08,144268138557.8788,5.590553194760496e-05,,,,,,,,,,,,2.9090480479231768e-08,5.590553194760496e-05,TE53,,,,TE53
6dc02431d95f,ridge,"{""sidewall_angle"": 5.0, ""substrate_height"": 1000.0, ""topclad_height"": 800.0, ""substrate_material"": ""Al2O3"", ""topclad_material"": ""SiO2"", ""core_eq_o"": ""(1+2.8032/(1-0.015287/x**2)+0.36335/(1-0.036095/x**2)-33508000/(1+367200000/x**2))**0.5"", ""core_eq_e"": ""(1+0.017061/(1-0.043855/x**2)+3.1976/(1-0.022642/x**2)-57269000/(1-74226000/x**2))**0.5"", ""core_chi2"": ""AlN"", ""h_core"": 300.0, ""w_core"": 800.0}",refined,0,TM00,A,0.0007292520649743,TM04,0.0416950289706569,6,217.2530501530492,217.2488376358947,2.0871848926542342,2.0871035425744355,8.135007979870323e-05,2.67404574067956,1431.4941806820136,0.0120372574191958,0.0114930080768206,0.1693765366596812,0.1915929903062851,119.80829771685688,1530.3631144437593,1444.7593199928776,0.0,3.87098065,1.3833157807376124,0.0511695378431301,False,2.740530936901141,0.0121403803931757,TM04,runs\trial_grid\exports\6dc02431d95f_x00.npz,0.9999864277135394,0.999563460323316,TM04
6dc02431d95f,ridge,"{""sidewall_angle"": 5.0, ""substrate_height"": 1000.0, ""topclad_height"": 800.0, ""substrate_material"": ""Al2O3"", ""topclad_material"": ""SiO2"", ""core_eq_o"": ""(1+2.8032/(1-0.015287/x**2)+0.36335/(1-0.036095/x**2)-33508000/(1+367200000/x**2))**0.5"", ""core_eq_e"": ""(1+0.017061/(1-0.043855/x**2)+3.1976/(1-0.022642/x**2)-57269000/(1-74226000/x**2))**0.5"", ""core_chi2"": ""AlN"", ""h_core"": 300.0, ""w_core"": 800.0}",refined,2,TM20,A,0.012990494008874,TM04,0.0279779274034322,32,225.82907575069265,225.8267250721944,1.941148244313701,1.9411210859290149,2.7158384686032377e-05,2.5810653606713903,1706.189533018499,0.0125401220440294,3.814735774652968e-05,0.1835409947342963,0.2052383344782671,1166.7383197955326,1628.3235411526866,1486.5942547015425,0.0,2.8009860000000004,0.9616196218157592,0.0238674287853123,False,2.645896088397728,0.0127059460649197,TM04,runs\trial_grid\exports\6dc02431d95f_x01.npz,0.99999567478898,0.9999589138660464,TM04
6dc02431d95f,ridge,"{""sidewall_angle"": 5.0, ""substrate_height"": 1000.0, ""topclad_height"": 800.0, ""substrate_material"": ""Al2O3"", ""topclad_material"": ""SiO2"", ""core_eq_o"": ""(1+2.8032/(1-0.015287/x**2)+0.36335/(1-0.036095/x**2)-33508000/(1+367200000/x**2))**0.5"", ""core_eq_e"": ""(1+0.017061/(1-0.043855/x**2)+3.1976/(1-0.022642/x**2)-57269000/(1-74226000/x**2))**0.5"", ""core_chi2"": ""AlN"", ""h_core"": 300.0, ""w_core"": 800.0}",refined,1,TM10,S,0.0060457651964371,TM04,0.0174815787309898,6,219.84948115182965,219.8461383382765,2.036292302810262,2.0362368257088304,5.5477101431833375e-05,1.898637899404291,2120.0908008042998,0.0102456293168866,8.360375512370191e-35,0.1736330063247813,0.1943973722020683,473.6843305089765,1554.3570566250223,1265.4892356113455,0.0,3.6209819,1.2627376455423855,0.0302739020872804,False,1.918528638250952,0.010307405012635,TM04,runs\trial_grid\exports\6dc02431d95f_x02.npz,0.9999997324980204,0.9999904966948586,TM04
6dc02431d95f,ridge,"{""sidewall_angle"": 5.0, ""substrate_height"": 1000.0, ""topclad_height"": 800.0, ""substrate_material"": ""Al2O3"", ""topclad_material"": ""SiO2"", ""core_eq_o"": ""(1+2.8032/(1-0.015287/x**2)+0.36335/(1-0.036095/x**2)-33508000/(1+367200000/x**2))**0.5"", ""core_eq_e"": ""(1+0.017061/(1-0.043855/x**2)+3.1976/(1-0.022642/x**2)-57269000/(1-74226000/x**2))**0.5"", ""core_chi2"": ""AlN"", ""h_core"": 300.0, ""w_core"": 800.0}",refined,2,TM20,A,0.0128339648960701,TM120,0.0205537630018413,33,223.0447743059701,223.04537365100052,1.948274202966341,1.9482842098228923,-1.0006856551614264e-05,1.9311186474633415,2312.120638595738,0.009342187756336,0.0047683846009547,0.1813251834954828,0.124780027233121,1170.3053388041585,1618.4245455447813,39418.635764049526,0.0,0.5009975000000001,0.1596402504897714,0.0004921457722383,False,1.7944244974478425,0.0090247131286571,TM122,runs\trial_grid\exports\6dc02431d95f_x03.npz,0.9999757100152924,0.9999842603767892,TM122
6dc02431d95f,ridge,"{""sidewall_angle"": 5.0, ""substrate_height"": 1000.0, ""topclad_height"": 800.0, ""substrate_material"": ""Al2O3"", ""topclad_material"": ""SiO2"", ""core_eq_o"": ""(1+2.8032/(1-0.015287/x**2)+0.36335/(1-0.036095/x**2)-33508000/(1+367200000/x**2))**0.5"", ""core_eq_e"": ""(1+0.017061/(1-0.043855/x**2)+3.1976/(1-0.022642/x**2)-57269000/(1-74226000/x**2))**0.5"", ""core_chi2"": ""AlN"", ""h_core"": 300.0, ""w_core"": 800.0}",refined,1,TM10,S,0.0052419088006859,TM24,0.0266250078385696,9,217.81058834833556,217.80745753034407,2.040228697718,2.040167470491421,6.122722657853075e-05,1.085188736370713,3757.2426861844847,0.0075566828743033,1.058523558228016e-33,0.1722231828255973,0.1968205211904935,475.2816694875518,1547.046125489292,2369.2902313040745,0.0,2.77098615,1.0080162531646335,0.0110265676622484,False,1.0450571471151504,0.0074439186721811,TM24,runs\trial_grid\exports\6dc02431d95f_x04.npz,0.9999518615057976,0.9999849801709872,TM24
6dc02431d95f,ridge,"{""sidewall_angle"": 5.0, ""substrate_height"": 1000.0, ""topclad_height"": 800.0, ""substrate_material"": ""Al2O3"", ""topclad_material"": ""SiO2"", ""core_eq_o"": ""(1+2.8032/(1-0.015287/x**2)+0.36335/(1-0.036095/x**2)-33508000/(1+367200000/x**2))**0.5"", ""core_eq_e"": ""(1+0.017061/(1-0.043855/x**2)+3.1976/(1-0.022642/x**2)-57269000/(1-74226000/x**2))**0.5"", ""core_chi2"": ""AlN"", ""h_core"": 300.0, ""w_core"": 800.0}",refined,2,TM20,A,0.0128379783892978,TM44,0.2740178650449558,4,218.1629487714344,218.1616966015636,1.9609859802212304,1.9609625299576976,2.345026353234303e-05,0.6230037641385328,7346.577943257278,0.0054492782797286,0.0003148514272473,0.1775907106175314,0.2057015996463018,1175.7762736447537,1600.6917916672571,14580.728231854102,0.0,0.93099535,0.3289667604420616,0.0006742092501518,False,0.5579720493402376,0.005169155414,TM124,runs\trial_grid\exports\6dc02431d95f_x05.npz,0.9999767696913596,0.9974430739425206,TM124
6dc02431d95f,ridge,"{""sidewall_angle"": 5.0, ""substrate_height"": 1000.0, ""topclad_height"": 800.0, ""substrate_material"": ""Al2O3"", ""topclad_material"": ""SiO2"", ""core_eq_o"": ""(1+2.8032/(1-0.015287/x**2)+0.36335/(1-0.036095/x**2)-33508000/(1+367200000/x**2))**0.5"", ""core_eq_e"": ""(1+0.017061/(1-0.043855/x**2)+3.1976/(1-0.022642/x**2)-57269000/(1-74226000/x**2))**0.5"", ""core_chi2"": ""AlN"", ""h_core"": 300.0, ""w_core"": 800.0}",refined,1,TM10,S,0.0634097994084869,TM100,0.028092875324869,35,232.5638718602717,232.5687209329147,2.0130799854418417,2.0131390695752183,-5.908413337651908e-05,0.676462772474652,5503.408940957636,0.0063849395710516,1.4436491582444494e-33,0.1882758502532334,0.1270585413666207,445.3685830560914,1585.463367658791,23033.01060118797,0.0,0.7909960500000001,0.260080940521938,0.0004575735954097,False,0.4467315472781755,0.0061971651120589,TM101,runs\trial_grid\exports\6dc02431d95f_x06.npz,0.971762863309575,0.9999831833692772,TM101
6dc02431d95f,ridge,"{""sidewall_angle"": 5.0, ""substrate_height"": 1000.0, ""topclad_height"": 800.0, ""substrate_material"": ""Al2O3"", ""topclad_material"": ""SiO2"", ""core_eq_o"": ""(1+2.8032/(1-0.015287/x**2)+0.36335/(1-0.036095/x**2)-33508000/(1+367200000/x**2))**0.5"", ""core_eq_e"": ""(1+0.017061/(1-0.043855/x**2)+3.1976/(1-0.022642/x**2)-57269000/(1-74226000/x**2))**0.5"", ""core_chi2"": ""AlN"", ""h_core"": 300.0, ""w_core"": 800.0}",refined,1,TM10,S,0.0055984189048552,TM120,0.0266433885404248,7,218.79860730824225,218.79589732395803,2.038313362718932,2.038255559597033,5.7803121898292176e-05,0.2936445187706335,13798.900403126368,0.0036929639896469,1.297377233669274e-33,0.1729011916761855,0.1219501479682813,474.5287460086919,1550.6285735645884,33843.11906761105,0.0,0.6209969000000001,0.1923088946926123,0.0001085977036793,False,0.2921528141962667,0.0036871903014775,TM121,runs\trial_grid\exports\6dc02431d95f_x07.npz,0.9999844221306528,0.999990309703016,TM121
6dc02431d95f,ridge,"{""sidewall_angle"": 5.0, ""substrate_height"": 1000.0, ""topclad_height"": 800.0, ""substrate_material"": ""Al2O3"", ""topclad_material"": ""SiO2"", ""core_eq_o"": ""(1+2.8032/(1-0.015287/x**2)+0.36335/(1-0.036095/x**2)-33508000/(1+367200000/x**2))**0.5"", ""core_eq_e"": ""(1+0.017061/(1-0.043855/x**2)+3.1976/(1-0.022642/x**2)-57269000/(1-74226000/x**2))**0.5"", ""core_chi2"": ""AlN"", ""h_core"": 300.0, ""w_core"": 800.0}",screened,2,TM20,A,,TM63,0.1663928117304353,35,227.29533318585217,,1.937461169628033,1.937461169628033,,0.2536044546344493,17239.278548416307,0.0035691583205587,,,,,,,,,,,,0.2536044546344493,0.0035691583205587,TM63,,,,TM63
6dc02431d95f,ridge,"{""sidewall_angle"": 5.0, ""substrate_height"": 1000.0, ""topclad_height"": 800.0, ""substrate_material"": ""Al2O3"", ""topclad_material"": ""SiO2"", ""core_eq_o"": ""(1+2.8032/(1-0.015287/x**2)+0.36335/(1-0.036095/x**2)-33508000/(1+367200000/x**2))**0.5"", ""core_eq_e"": ""(1+0.017061/(1-0.043855/x**2)+3.1976/(1-0.022642/x**2)-57269000/(1-74226000/x**2))**0.5"", ""core_chi2"": ""AlN"", ""h_core"": 300.0, ""w_core"": 800.0}",screened,2,TM20,A,,TM102,0.1104504890021918,40,233.4863551727227,,1.921986238347588,1.921986238347588,,0.2418178653364626,17550.6743656798,0.0035387238787688,,,,,,,,,,,,0.2418178653364626,0.0035387238787688,TM102,,,,TM102
6dc02431d95f,ridge,"{""sidewall_angle"": 5.0, ""substrate_height"": 1000.0, ""topclad_height"": 800.0, ""substrate_material"": ""Al2O3"", ""topclad_material"": ""SiO2"", ""core_eq_o"": ""(1+2.8032/(1-0.015287/x**2)+0.36335/(1-0.036095/x**2)-33508000/(1+367200000/x**2))**0.5"", ""core_eq_e"": ""(1+0.017061/(1-0.043855/x**2)+3.1976/(1-0.022642/x**2)-57269000/(1-74226000/x**2))**0.5"", ""core_chi2"": ""AlN"", ""h_core"": 300.0, ""w_core"": 800.0}",screened,2,TM20,A,,TM84,0.0346533910059968,30,222.73023901164984,,1.9491204935605888,1.9491204935605888,,0.1363156992302152,32804.67344328138,0.002753067934058,,,,,,,,,,,,0.1363156992302152,0.002753067934058,TM84,,,,TM84
6dc02431d95f,ridge,"{""sidewall_angle"": 5.0, ""substrate_height"": 1000.0, ""topclad_height"": 800.0, ""substrate_material"": ""Al2O3"", ""topclad_material"": ""SiO2"", ""core_eq_o"": ""(1+2.8032/(1-0.015287/x**2)+0.36335/(1-0.036095/x**2)-33508000/(1+367200000/x**2))**0.5"", ""core_eq_e"": ""(1+0.017061/(1-0.043855/x**2)+3.1976/(1-0.022642/x**2)-57269000/(1-74226000/x**2))**0.5"", ""core_chi2"": ""AlN"", ""h_core"": 300.0, ""w_core"": 800.0}",screened,2,TM20,A,,TM124,0.3766721030631687,6,217.60797235678376,,1.962490577280116,1.962490577280116,,0.1308281549087335,35081.847993531504,0.0024257505980815,,,,,,,,,,,,0.1308281549087335,0.0024257505980815,TM124,,,,TM124
6dc02431d95f,ridge,"{""sidewall_angle"": 5.0, ""substrate_height"": 1000.0, ""topclad_height"": 800.0, ""substrate_material"": ""Al2O3"", ""topclad_material"": ""SiO2"", ""core_eq_o"": ""(1+2.8032/(1-0.015287/x**2)+0.36335/(1-0.036095/x**2)-33508000/(1+367200000/x**2))**0.5"", ""core_eq_e"": ""(1+0.017061/(1-0.043855/x**2)+3.1976/(1-0.022642/x**2)-57269000/(1-74226000/x**2))**0.5"", ""core_chi2"": ""AlN"", ""h_core"": 300.0, ""w_core"": 800.0}",screened,2,TM20,A,,TE113,0.5037920309473394,2,218.99497350954613,,1.9588247280967213,1.9588247280967213,,0.1285153802870754,35460.58460905133,0.0024377739374188,,,,,,,,,,,,0.1285153802870754,0.0024377739374188,TE113,,,,TE113
6dc02431d95f,ridge,"{""sidewall_angle"": 5.0, ""substrate_height"": 1000.0, ""topclad_height"": 800.0, ""substrate_material"": ""Al2O3"", ""topclad_material"": ""SiO2"", ""core_eq_o"": ""(1+2.8032/(1-0.015287/x**2)+0.36335/(1-0.036095/x**2)-33508000/(1+367200000/x**2))**0.5"", ""core_eq_e"": ""(1+0.017061/(1-0.043855/x**2)+3.1976/(1-0.022642/x**2)-57269000/(1-74226000/x**2))**0.5"", ""core_chi2"": ""AlN"", ""h_core"": 300.0, ""w_core"": 800.0}",screened,0,TM00,A,,TE73,0.9626861035139612,8,217.48910840466823,,2.086870483318149,2.086870483318149,,0.0939035081134233,40692.34255132706,0.0021627704986178,,,,,,,,,,,,0.0939035081134233,0.0021627704986178,TE73,,,,TE73
6dc02431d95f,ridge,"{""sidewall_angle"": 5.0, ""substrate_height"": 1000.0, ""topclad_height"": 800.0, ""substrate_material"": ""Al2O3"", ""topclad_material"": ""SiO2"", ""core_eq_o"": ""(1+2.8032/(1-0.015287/x**2)+0.36335/(1-0.036095/x**2)-33508000/(1+367200000/x**2))**0.5"", ""core_eq_e"": ""(1+0.017061/(1-0.043855/x**2)+3.1976/(1-0.022642/x**2)-57269000/(1-74226000/x**2))**0.5"", ""core_chi2"": ""AlN"", ""h_core"": 300.0, ""w_core"": 800.0}",screened,2,TM20,A,,TM102,0.0896022545958508,0,220.7493409403478,,1.9542340613405356,1.9542340613405356,,0.0884484878689234,51066.611878473326,0.0019838856829735,,,,,,,,,,,,0.0884484878689234,0.0019838856829735,TM102,,,,TM102
6dc02431d95f,ridge,"{""sidewall_angle"": 5.0, ""substrate_height"": 1000.0, ""topclad_height"": 800.0, ""substrate_material"": ""Al2O3"", ""topclad_material"": ""SiO2"", ""core_eq_o"": ""(1+2.8032/(1-0.015287/x**2)+0.36335/(1-0.036095/x**2)-33508000/(1+367200000/x**2))**0.5"", ""core_eq_e"": ""(1+0.017061/(1-0.043855/x**2)+3.1976/(1-0.022642/x**2)-57269000/(1-74226000/x**2))**0.5"", ""core_chi2"": ""AlN"", ""h_core"": 300.0, ""w_core"": 800.0}",screened,2,TM20,A,,TE94,0.8340462257087903,5,218.26463606483333,,1.9607550126678408,1.9607550126678408,,0.0608165896268899,75213.74409775062,0.0016788513637926,,,,,,,,,,,,0.0608165896268899,0.0016788513637926,TE94,,,,TE94
6dc02431d95f,ridge,"{""sidewall_angle"": 5.0, ""substrate_height"": 1000.0, ""topclad_height"": 800.0, ""substrate_material"": ""Al2O3"", ""topclad_material"": ""SiO2"", ""core_eq_o"": ""(1+2.8032/(1-0.015287/x**2)+0.36335/(1-0.036095/x**2)-33508000/(1+367200000/x**2))**0.5"", ""core_eq_e"": ""(1+0.017061/(1-0.043855/x**2)+3.1976/(1-0.022642/x**2)-57269000/(1-74226000/x**2))**0.5"", ""core_chi2"": ""AlN"", ""h_core"": 300.0, ""w_core"": 800.0}",screened,2,TM20,A,,TE92,0.9182986642040832,34,226.34886503407475,,1.939852798635909,1.939852798635909,,0.0599412083947248,73276.97973229022,0.0016863838771534,,,,,,,,,,,,0.0599412083947248,0.0016863838771534,TE92,,,,TE92
6dc02431d95f,ridge,"{""sidewall_angle"": 5.0, ""substrate_height"": 1000.0, ""topclad_height"": 800.0, ""substrate_material"": ""Al2O3"", ""topclad_material"": ""SiO2"", ""core_eq_o"": ""(1+2.8032/(1-0.015287/x**2)+0.36335/(1-0.036095/x**2)-33508000/(1+367200000/x**2))**0.5"", ""core_eq_e"": ""(1+0.017061/(1-0.043855/x**2)+3.1976/(1-0.022642/x**2)-57269000/(1-74226000/x**2))**0.5"", ""core_chi2"": ""AlN"", ""h_core"": 300.0, ""w_core"": 800.0}",screened,0,TM00,A,,TM24,0.0255963658637395,9,215.65291910697457,,2.0897151333918407,2.0897151333918407,,0.0591124468608913,65479.467910350126,0.0017583398304595,,,,,,,,,,,,0.0591124468608913,0.0017583398304595,TM24,,,,TM24
6dc02431d95f,ridge,"{""sidewall_angle"": 5.0, ""substrate_height"": 1000.0, ""topclad_height"": 800.0, ""substrate_material"": ""Al2O3"", ""topclad_material"": ""SiO2"", ""core_eq_o"": ""(1+2.8032/(1-0.015287/x**2)+0.36335/(1-0.036095/x**2)-33508000/(1+367200000/x**2))**0.5"", ""core_eq_e"": ""(1+0.017061/(1-0.043855/x**2)+3.1976/(1-0.022642/x**2)-57269000/(1-74226000/x**2))**0.5"", ""core_chi2"": ""AlN"", ""h_core"": 300.0, ""w_core"": 800.0}",screened,3,TE00,S,,TM101,0.0272388927646277,35,232.73390610963088,,2.0107962737244938,2.0107962737244938,,0.0439307806176713,84910.92485044884,0.006852705922596,,,,,,,,,,,,0.0439307806176713,0.006852705922596,TM101,,,,TM101
6dc02431d95f,ridge,"{""sidewall_angle"": 5.0, ""substrate_height"": 1000.0, ""topclad_height"": 800.0, ""substrate_material"": ""Al2O3"", ""topclad_material"": ""SiO2"", ""core_eq_o"": ""(1+2.8032/(1-0.015287/x**2)+0.36335/(1-0.036095/x**2)-33508000/(1+367200000/x**2))**0.5"", ""core_eq_e"": ""(1+0.017061/(1-0.043855/x**2)+3.1976/(1-0.022642/x**2)-57269000/(1-74226000/x**2))**0.5"", ""core_chi2"": ""AlN"", ""h_core"": 300.0, ""w_core"": 800.0}",screened,1,TM10,S,,TM102,0.0857330202324953,10,216.95750260065455,,2.0419407059112946,2.0419407059112946,,0.0439256184735082,93316.70862657877,0.0014163776838431,,,,,,,,,,,,0.0439256184735082,0.0014163776838431,TM102,,,,TM102
6dc02431d95f,ridge,"{""sidewall_angle"": 5.0, ""substrate_height"": 1000.0, ""topclad_height"": 800.0, ""substrate_material"": ""Al2O3"", ""topclad_material"": ""SiO2"", ""core_eq_o"": ""(1+2.8032/(1-0.015287/x**2)+0.36335/(1-0.036095/x**2)-33508000/(1+367200000/x**2))**0.5"", ""core_eq_e"": ""(1+0.017061/(1-0.043855/x**2)+3.1976/(1-0.022642/x**2)-57269000/(1-74226000/x**2))**0.5"", ""core_chi2"": ""AlN"", ""h_core"": 300.0, ""w_core"": 800.0}",screened,0,TM00,A,,TM101,0.0450860410641289,35,228.535349931147,,2.0706761576971644,2.0706761576971644,,0.0408344783041303,86753.23749050904,0.0014863585569772,,,,,,,,,,,,0.0408344783041303,0.0014863585569772,TM101,,,,TM101
6dc02431d95f,ridge,"{""sidewall_angle"": 5.0, ""substrate_height"": 1000.0, ""topclad_height"": 800.0, ""substrate_material"": ""Al2O3"", ""topclad_material"": ""SiO2"", ""core_eq_o"": ""(1+2.8032/(1-0.015287/x**2)+0.36335/(1-0.036095/x**2)-33508000/(1+367200000/x**2))**0.5"", ""core_eq_e"": ""(1+0.017061/(1-0.043855/x**2)+3.1976/(1-0.022642/x**2)-57269000/(1-74226000/x**2))**0.5"", ""core_chi2"": ""AlN"", ""h_core"": 300.0, ""w_core"": 800.0}",screened,1,TM10,S,,TM63,0.1284048945652188,4,221.7385818642321,,2.032739785589736,2.032739785589736,,0.0375158960019357,106026.1049644134,0.0013704201732293,,,,,,,,,,,,0.0375158960019357,0.0013704201732293,TM63,,,,TM63
6dc02431d95f,ridge,"{""sidewall_angle"": 5.0, ""substrate_height"": 1000.0, ""topclad_height"": 800.0, ""substrate_material"": ""Al2O3"", ""topclad_material"": ""SiO2"", ""core_eq_o"": ""(1+2.8032/(1-0.015287/x**2)+0.36335/(1-0.036095/x**2)-33508000/(1+367200000/x**2))**0.5"", ""core_eq_e"": ""(1+0.017061/(1-0.043855/x**2)+3.1976/(1-0.022642/x**2)-57269000/(1-74226000/x**2))**0.5"", ""core_chi2"": ""AlN"", ""h_core"": 300.0, ""w_core"": 800.0}",screened,2,TM20,A,,TE93,0.8692812884572645,8,216.69796670792115,,1.96489572558019,1.96489572558019,,0.0347454914510748,132717.85957826648,0.0012243925935911,,,,,,,,,,,,0.0347454914510748,0.0012243925935911,TE93,,,,TE93
6dc02431d95f,ridge,"{""sidewall_angle"": 5.0, ""substrate_height"": 1000.0, ""topclad_height"": 800.0, ""substrate_material"": ""Al2O3"", ""topclad_material"": ""SiO2"", ""core_eq_o"": ""(1+2.8032/(1-0.015287/x**2)+0.36335/(1-0.036095/x**2)-33508000/(1+367200000/x**2))**0.5"", ""core_eq_e"": ""(1+0.017061/(1-0.043855/x**2)+3.1976/(1-0.022642/x**2)-57269000/(1-74226000/x**2))**0.5"", ""core_chi2"": ""AlN"", ""h_core"": 300.0, ""w_core"": 800.0}",screened,2,TM20,A,,TE72,0.6467467751726951,38,231.4318685381029,,1.9270780367416087,1.9270780367416087,,0.0286697366106117,149481.72205497586,0.0012023872814115,,,,,,,,,,,,0.0286697366106117,0.0012023872814115,TE72,,,,TE72
6dc02431d95f,ridge,"{""sidewall_angle"": 5.0, ""substrate_height"": 1000.0, ""topclad_height"": 800.0, ""substrate_material"": ""Al2O3"", ""topclad_material"": ""SiO2"", ""core_eq_o"": ""(1+2.8032/(1-0.015287/x**2)+0.36335/(1-0.036095/x**2)-33508000/(1+367200000/x**2))**0.5"", ""core_eq_e"": ""(1+0.017061/(1-0.043855/x**2)+3.1976/(1-0.022642/x**2)-57269000/(1-74226000/x**2))**0.5"", ""core_chi2"": ""AlN"", ""h_core"": 300.0, ""w_core"": 800.0}",screened,2,TM20,A,,TE73,0.9432591731967211,31,226.53009150570983,,1.939394857726072,1.939394857726072,,0.0236075972752205,185889.01071437044,0.0010835866082991,,,,,,,,,,,,0.0236075972752205,0.0010835866082991,TE73,,,,TE73
6dc02431d95f,ridge,"{""sidewall_angle"": 5.0, ""substrate_height"": 1000.0, ""topclad_height"": 800.0, ""substrate_material"": ""Al2O3"", ""topclad_material"": ""SiO2"", ""core_eq_o"": ""(1+2.8032/(1-0.015287/x**2)+0.36335/(1-0.036095/x**2)-33508000/(1+367200000/x**2))**0.5"", ""core_eq_e"": ""(1+0.017061/(1-0.043855/x**2)+3.1976/(1-0.022642/x**2)-57269000/(1-74226000/x**2))**0.5"", ""core_chi2"": ""AlN"", ""h_core"": 300.0, ""w_core"": 800.0}",screened,2,TM20,A,,TM102,0.3422012306729911,37,230.06042528364148,,1.930476994146776,1.930476994146776,,0.0228867901893841,188492.2106768101,0.0010600905766342,,,,,,,,,,,,0.0228867901893841,0.0010600905766342,TM102,,,,TM102
6dc02431d95f,ridge,"{""sidewall_angle"": 5.0, ""substrate_height"": 1000.0, ""topclad_height"": 800.0, ""substrate_material"": ""Al2O3"", ""topclad_material"": ""SiO2"", ""core_eq_o"": ""(1+2.8032/(1-0.015287/x**2)+0.36335/(1-0.036095/x**2)-33508000/(1+367200000/x**2))**0.5"", ""core_eq_e"": ""(1+0.017061/(1-0.043855/x**2)+3.1976/(1-0.022642/x**2)-57269000/(1-74226000/x**2))**0.5"", ""core_chi2"": ""AlN"", ""h_core"": 300.0, ""w_core"": 800.0}",screened,1,TM10,S,,TM102,0.3296881498247789,0,226.85810661341287,,2.023255231765057,2.023255231765057,,0.0207804371984255,185455.92861258148,0.00103703677902,,,,,,,,,,,,0.0207804371984255,0.00103703677902,TM102,,,,TM102
6dc02431d95f,ridge,"{""sidewall_angle"": 5.0, ""substrate_height"": 1000.0, ""topclad_height"": 800.0, ""substrate_material"": ""Al2O3"", ""topclad_material"": ""SiO2"", ""core_eq_o"": ""(1+2.8032/(1-0.015287/x**2)+0.36335/(1-0.036095/x**2)-33508000/(1+367200000/x**2))**0.5"", ""core_eq_e"": ""(1+0.017061/(1-0.043855/x**2)+3.1976/(1-0.022642/x**2)-57269000/(1-74226000/x**2))**0.5"", ""core_chi2"": ""AlN"", ""h_core"": 300.0, ""w_core"": 800.0}",screened,1,TM10,S,,TE73,0.9711044364247856,8,220.3681390321814,,2.035312933237468,2.035312933237468,,0.0184223718631583,217780.65239221827,0.0009560361263879,,,,,,,,,,,,0.0184223718631583,0.0009560361263879,TE73,,,,TE73
6dc02431d95f,ridge,"{""sidewall_angle"": 5.0, ""substrate_height"": 1000.0, ""topclad_height"": 800.0, ""substrate_material"": ""Al2O3"", ""topclad_material"": ""SiO2"", ""core_eq_o"": ""(1+2.8032/(1-0.015287/x**2)+0.36335/(1-0.036095/x**2)-33508000/(1+367200000/x**2))**0.5"", ""core_eq_e"": ""(1+0.017061/(1-0.043855/x**2)+3.1976/(1-0.022642/x**2)-57269000/(1-74226000/x**2))**0.5"", ""core_chi2"": ""AlN"", ""h_core"": 300.0, ""w_core"": 800.0}",screened,1,TM10,S,,TE93,0.6597089852498242,1,226.4784202374018,,2.023942000702338,2.023942000702338,,0.0181694497627922,212601.53985603416,0.0009664209830161,,,,,,,,,,,,0.0181694497627922,0.0009664209830161,TE93,,,,TE93
6dc02431d95f,ridge,"{""sidewall_angle"": 5.0, ""substrate_height"": 1000.0, ""topclad_height"": 800.0, ""substrate_material"": ""Al2O3"", ""topclad_material"": ""SiO2"", ""core_eq_o"": ""(1+2.8032/(1-0.015287/x**2)+0.36335/(1-0.036095/x**2)-33508000/(1+367200000/x**2))**0.5"", ""core_eq_e"": ""(1+0.017061/(1-0.043855/x**2)+3.1976/(1-0.022642/x**2)-57269000/(1-74226000/x**2))**0.5"", ""core_chi2"": ""AlN"", ""h_core"": 300.0, ""w_core"": 800.0}",screened,1,TM10,S,,TM83,0.054883932337774,31,229.87328520560064,,2.017801438507519,2.017801438507519,,0.0129803026166464,291513.6663562451,0.0008774042813502,,,,,,,,,,,,0.0129803026166464,0.0008774042813502,TM83,,,,TM83
6dc02431d95f,ridge,"{""sidewall_angle"": 5.0, ""substrate_height"": 1000.0, ""topclad_height"": 800.0, ""substrate_material"": ""Al2O3"", ""topclad_material"": ""SiO2"", ""core_eq_o"": ""(1+2.8032/(1-0.015287/x**2)+0.36335/(1-0.036095/x**2)-33508000/(1+367200000/x**2))**0.5"", ""core_eq_e"": ""(1+0.017061/(1-0.043855/x**2)+3.1976/(1-0.022642/x**2)-57269000/(1-74226000/x**2))**0.5"", ""core_chi2"": ""AlN"", ""h_core"": 300.0, ""w_core"": 800.0}",screened,1,TM10,S,,TE92,0.9512989990077232,5,220.55090511250967,,2.0349697710867507,2.0349697710867507,,0.0120515034299179,332524.17124912137,0.0007597956392652,,,,,,,,,,,,0.0120515034299179,0.0007597956392652,TE92,,,,TE92
6dc02431d95f,ridge,"{""sidewall_angle"": 5.0, ""substrate_height"": 1000.0, ""topclad_height"": 800.0, ""substrate_material"": ""Al2O3"", ""topclad_material"": ""SiO2"", ""core_eq_o"": ""(1+2.8032/(1-0.015287/x**2)+0.36335/(1-0.036095/x**2)-33508000/(1+367200000/x**2))**0.5"", ""core_eq_e"": ""(1+0.017061/(1-0.043855/x**2)+3.1976/(1-0.022642/x**2)-57269000/(1-74226000/x**2))**0.5"", ""core_chi2"": ""AlN"", ""h_core"": 300.0, ""w_core"": 800.0}",screened,1,TM10,S,,TM123,0.2516893727735558,12,215.35181671835423,,2.045073737502907,2.045073737502907,,0.0114753180396474,360883.7265213783,0.0007311333169193,,,,,,,,,,,,0.0114753180396474,0.0007311333169193,TM123,,,,TM123
6dc02431d95f,ridge,"{""sidewall_angle"": 5.0, ""substrate_height"": 1000.0, ""topclad_height"": 800.0, ""substrate_material"": ""Al2O3"", ""topclad_material"": ""SiO2"", ""core_eq_o"": ""(1+2.8032/(1-0.015287/x**2)+0.36335/(1-0.036095/x**2)-33508000/(1+367200000/x**2))**0.5"", ""core_eq_e"": ""(1+0.017061/(1-0.043855/x**2)+3.1976/(1-0.022642/x**2)-57269000/(1-74226000/x**2))**0.5"", ""core_chi2"": ""AlN"", ""h_core"": 300.0, ""w_core"": 800.0}",screened,0,TM00,A,,TM63,0.0724560282007851,37,232.22446190746143,,2.06565216704067,2.06565216704067,,0.0089032433348307,388168.4840588634,0.0007396867005885,,,,,,,,,,,,0.0089032433348307,0.0007396867005885,TM63,,,,TM63
6dc02431d95f,ridge,"{""sidewall_angle"": 5.0, ""substrate_height"": 1000.0, ""topclad_height"": 800.0, ""substrate_material"": ""Al2O3"", ""topclad_material"": ""SiO2"", ""core_eq_o"": ""(1+2.8032/(1-0.015287/x**2)+0.36335/(1-0.036095/x**2)-33508000/(1+367200000/x**2))**0.5"", ""core_eq_e"": ""(1+0.017061/(1-0.043855/x**2)+3.1976/(1-0.022642/x**2)-57269000/(1-74226000/x**2))**0.5"", ""core_chi2"": ""AlN"", ""h_core"": 300.0, ""w_core"": 800.0}",screened,0,TM00,A,,TM121,0.0406455641562194,7,216.75668256197287,,2.08800516765054,2.08800516765054,,0.0073654771520699,521453.32231086097,0.0005894262400198,,,,,,,,,,,,0.0073654771520699,0.0005894262400198,TM121,,,,TM121
6dc02431d95f,ridge,"{""sidewall_angle"": 5.0, ""substrate_height"": 1000.0, ""topclad_height"": 800.0, ""substrate_material"": ""Al2O3"", ""topclad_material"": ""SiO2"", ""core_eq_o"": ""(1+2.8032/(1-0.015287/x**2)+0.36335/(1-0.036095/x**2)-33508000/(1+367200000/x**2))**0.5"", ""core_eq_e"": ""(1+0.017061/(1-0.043855/x**2)+3.1976/(1-0.022642/x**2)-57269000/(1-74226000/x**2))**0.5"", ""core_chi2"": ""AlN"", ""h_core"": 300.0, ""w_core"": 800.0}",screened,0,TM00,A,,TM82,0.0767386694948254,40,234.25838636454768,,2.062933729844524,2.062933729844524,,0.0038646965634824,882255.7506482902,0.0004782331917928,,,,,,,,,,,,0.0038646965634824,0.0004782331917928,TM82,,,,TM82
6dc02431d95f,ridge,"{""sidewall_angle"": 5.0, ""substrate_height"": 1000.0, ""topclad_height"": 800.0, ""substrate_material"": ""Al2O3"", ""topclad_material"": ""SiO2"", ""core_eq_o"": ""(1+2.8032/(1-0.015287/x**2)+0.36335/(1-0.036095/x**2)-33508000/(1+367200000/x**2))**0.5"", ""core_eq_e"": ""(1+0.017061/(1-0.043855/x**2)+3.1976/(1-0.022642/x**2)-57269000/(1-74226000/x**2))**0.5"", ""core_chi2"": ""AlN"", ""h_core"": 300.0, ""w_core"": 800.0}",screened,0,TM00,A,,TE72,0.946478224925204,34,229.92564736613704,,2.068729379667833,2.068729379667833,,0.0037889309004132,926303.8230048696,0.0004592066090004,,,,,,,,,,,,0.0037889309004132,0.0004592066090004,TE72,,,,TE72
6dc02431d95f,ridge,"{""sidewall_angle"": 5.0, ""substrate_height"": 1000.0, ""topclad_height"": 800.0, ""substrate_material"": ""Al2O3"", ""topclad_material"": ""SiO2"", ""core_eq_o"": ""(1+2.8032/(1-0.015287/x**2)+0.36335/(1-0.036095/x**2)-33508000/(1+367200000/x**2))**0.5"", ""core_eq_e"": ""(1+0.017061/(1-0.043855/x**2)+3.1976/(1-0.022642/x**2)-57269000/(1-74226000/x**2))**0.5"", ""core_chi2"": ""AlN"", ""h_core"": 300.0, ""w_core"": 800.0}",screened,1,TM10,S,,TM102,0.1945340457013694,2,224.82248594007103,,2.0269494378765813,2.0269494378765813,,0.0036522193099261,1068540.3790089772,0.0004290075709824,,,,,,,,,,,,0.0036522193099261,0.0004290075709824,TM102,,,,TM102
6dc02431d95f,ridge,"{""sidewall_angle"": 5.0, ""substrate_height"": 1000.0, ""topclad_height"": 800.0, ""substrate_material"": ""Al2O3"", ""topclad_material"": ""SiO2"", ""core_eq_o"": ""(1+2.8032/(1-0.015287/x**2)+0.36335/(1-0.036095/x**2)-33508000/(1+367200000/x**2))**0.5"", ""core_eq_e"": ""(1+0.017061/(1-0.043855/x**2)+3.1976/(1-0.022642/x**2)-57269000/(1-74226000/x**2))**0.5"", ""core_chi2"": ""AlN"", ""h_core"": 300.0, ""w_core"": 800.0}",screened,1,TM10,S,,TE33,0.9701496735551288,30,228.31457378613612,,2.0206208037855653,2.0206208037855653,,0.0035528405793431,1075124.0447786078,0.0004521668206633,,,,,,,,,,,,0.0035528405793431,0.0004521668206633,TE33,,,,TE33
6dc02431d95f,ridge,"{""sidewall_angle"": 5.0, ""substrate_height"": 1000.0, ""topclad_height"": 800.0, ""substrate_material"": ""Al2O3"", ""topclad_material"": ""SiO2"", ""core_eq_o"": ""(1+2.8032/(1-0.015287/x**2)+0.36335/(1-0.036095/x**2)-33508000/(1+367200000/x**2))**0.5"", ""core_eq_e"": ""(1+0.017061/(1-0.043855/x**2)+3.1976/(1-0.022642/x**2)-57269000/(1-74226000/x**2))**0.5"", ""core_chi2"": ""AlN"", ""h_core"": 300.0, ""w_core"": 800.0}",screened,0,TM00,A,,TM63,0.1343230537692094,4,219.07483697545555,,2.0844138504963525,2.0844138504963525,,0.0032571391981077,1160333.576913474,0.0004065513320412,,,,,,,,,,,,0.0032571391981077,0.0004065513320412,TM63,,,,TM63
6dc02431d95f,ridge,"{""sidewall_angle"": 5.0, ""substrate_height"": 1000.0, ""topclad_height"": 800.0, ""substrate_material"": ""Al2O3"", ""topclad_material"": ""SiO2"", ""core_eq_o"": ""(1+2.8032/(1-0.015287/x**2)+0.36335/(1-0.036095/x**2)-33508000/(1+367200000/x**2))**0.5"", ""core_eq_e"": ""(1+0.017061/(1-0.043855/x**2)+3.1976/(1-0.022642/x**2)-57269000/(1-74226000/x**2))**0.5"", ""core_chi2"": ""AlN"", ""h_core"": 300.0, ""w_core"": 800.0}",screened,2,TM20,A,,TE112,0.8205830453041557,3,218.46117042784087,,1.9602355716185635,1.9602355716185635,,0.0028533265536143,1601515.8315121634,0.0003555872427474,,,,,,,,,,,,0.0028533265536143,0.0003555872427474,TE112,,,,TE112
6dc02431d95f,ridge,"{""sidewall_angle"": 5.0, ""substrate_height"": 1000.0, ""topclad_height"": 800.0, ""substrate_material"": ""Al2O3"", ""topclad_material"": ""SiO2"", ""core_eq_o"": ""(1+2.8032/(1-0.015287/x**2)+0.36335/(1-0.036095/x**2)-33508000/(1+367200000/x**2))**0.5"", ""core_eq_e"": ""(1+0.017061/(1-0.043855/x**2)+3.1976/(1-0.022642/x**2)-57269000/(1-74226000/x**2))**0.5"", ""core_chi2"": ""AlN"", ""h_core"": 300.0, ""w_core"": 800.0}",screened,1,TM10,S,,TE14,0.9880714309435242,11,216.67964897430952,,2.042482856900339,2.042482856900339,,0.0014583462373969,2815683.732471123,0.0002692747108884,,,,,,,,,,,,0.0014583462373969,0.0002692747108884,TE14,,,,TE14
6dc02431d95f,ridge,"{""sidewall_angle"": 5.0, ""substrate_height"": 1000.0, ""topclad_height"": 800.0, ""substrate_material"": ""Al2O3"", ""topclad_material"": ""SiO2"", ""core_eq_o"": ""(1+2.8032/(1-0.015287/x**2)+0.36335/(1-0.036095/x**2)-33508000/(1+367200000/x**2))**0.5"", ""core_eq_e"": ""(1+0.017061/(1-0.043855/x**2)+3.1976/(1-0.022642/x**2)-57269000/(1-74226000/x**2))**0.5"", ""core_chi2"": ""AlN"", ""h_core"": 300.0, ""w_core"": 800.0}",screened,4,TE10,A,,TM102,0.1340150042248465,40,231.2179474002684,,1.9545772320621229,1.9545772320621229,,0.0014050625066056,2928591.445168636,0.0118981152041129,,,,,,,,,,,,0.0014050625066056,0.0118981152041129,TM102,,,,TM102
6dc02431d95f,ridge,"{""sidewall_angle"": 5.0, ""substrate_height"": 1000.0, ""topclad_height"": 800.0, ""substrate_material"": ""Al2O3"", ""topclad_material"": ""SiO2"", ""core_eq_o"": ""(1+2.8032/(1-0.015287/x**2)+0.36335/(1-0.036095/x**2)-33508000/(1+367200000/x**2))**0.5"", ""core_eq_e"": ""(1+0.017061/(1-0.043855/x**2)+3.1976/(1-0.022642/x**2)-57269000/(1-74226000/x**2))**0.5"", ""core_chi2"": ""AlN"", ""h_core"": 300.0, ""w_core"": 800.0}",screened,2,TM20,A,,TE91,0.9379028746300226,39,234.7190327622397,,1.918931194978172,1.918931194978172,,0.0013439289329992,3139821.0564183323,0.0002636832813014,,,,,,,,,,,,0.0013439289329992,0.0002636832813014,TE91,,,,TE91
6dc02431d95f,ridge,"{""sidewall_angle"": 5.0, ""substrate_height"": 1000.0, ""topclad_height"": 800.0, ""substrate_material"": ""Al2O3"", ""topclad_material"": ""SiO2"", ""core_eq_o"": ""(1+2.8032/(1-0.015287/x**2)+0.36335/(1-0.036095/x**2)-33508000/(1+367200000/x**2))**0.5"", ""core_eq_e"": ""(1+0.017061/(1-0.043855/x**2)+3.1976/(1-0.022642/x**2)-57269000/(1-74226000/x**2))**0.5"", ""core_chi2"": ""AlN"", ""h_core"": 300.0, ""w_core"": 800.0}",screened,0,TM00,A,,TM102,0.2415826388152985,0,223.43125747384988,,2.077933876134543,2.077933876134543,,0.00115318244719,3180350.397063988,0.0002466462939885,,,,,,,,,,,,0.00115318244719,0.0002466462939885,TM102,,,,TM102
6dc02431d95f,ridge,"{""sidewall_angle"": 5.0, ""substrate_height"": 1000.0, ""topclad_height"": 800.0, ""substrate_material"": ""Al2O3"", ""topclad_material"": ""SiO2"", ""core_eq_o"": ""(1+2.8032/(1-0.015287/x**2)+0.36335/(1-0.036095/x**2)-33508000/(1+367200000/x**2))**0.5"", ""core_eq_e"": ""(1+0.017061/(1-0.043855/x**2)+3.1976/(1-0.022642/x**2)-57269000/(1-74226000/x**2))**0.5"", ""core_chi2"": ""AlN"", ""h_core"": 300.0, ""w_core"": 800.0}",screened,0,TM00,A,,TE72,0.9356971017840802,36,231.4556982792245,,2.0666796563531475,2.0666796563531475,,0.0010014775573039,3468642.609921717,0.0002391294543579,,,,,,,,,,,,0.0010014775573039,0.0002391294543579,TE72,,,,TE72
6dc02431d95f,ridge,"{""sidewall_angle"": 5.0, ""substrate_height"": 1000.0, ""topclad_height"": 800.0, ""substrate_material"": ""Al2O3"", ""topclad_material"": ""SiO2"", ""core_eq_o"": ""(1+2.8032/(1-0.015287/x**2)+0.36335/(1-0.036095/x**2)-33508000/(1+367200000/x**2))**0.5"", ""core_eq_e"": ""(1+0.017061/(1-0.043855/x**2)+3.1976/(1-0.022642/x**2)-57269000/(1-74226000/x**2))**0.5"", ""core_chi2"": ""AlN"", ""h_core"": 300.0, ""w_core"": 800.0}",screened,4,TE10,A,,TM102,0.086324823834993,0,219.75521132366703,,1.9757986896469373,1.9757986896469373,,0.0007287712549401,6051434.611581439,0.0077661259217384,,,,,,,,,,,,0.0007287712549401,0.0077661259217384,TM102,,,,TM102
6dc02431d95f,ridge,"{""sidewall_angle"": 5.0, ""substrate_height"": 1000.0, ""topclad_height"": 800.0, ""substrate_material"": ""Al2O3"", ""topclad_material"": ""SiO2"", ""core_eq_o"": ""(1+2.8032/(1-0.015287/x**2)+0.36335/(1-0.036095/x**2)-33508000/(1+367200000/x**2))**0.5"", ""core_eq_e"": ""(1+0.017061/(1-0.043855/x**2)+3.1976/(1-0.022642/x**2)-57269000/(1-74226000/x**2))**0.5"", ""core_chi2"": ""AlN"", ""h_core"": 300.0, ""w_core"": 800.0}",screened,0,TM00,A,,TE33,0.9094358134106072,30,224.0200458107529,,2.077067885320947,2.077067885320947,,0.0006194355544106,5897039.794895581,0.0001832454849729,,,,,,,,,,,,0.0006194355544106,0.0001832454849729,TE33,,,,TE33
6dc02431d95f,ridge,"{""sidewall_angle"": 5.0, ""substrate_height"": 1000.0, ""topclad_height"": 800.0, ""substrate_material"": ""Al2O3"", ""topclad_material"": ""SiO2"", ""core_eq_o"": ""(1+2.8032/(1-0.015287/x**2)+0.36335/(1-0.036095/x**2)-33508000/(1+367200000/x**2))**0.5"", ""core_eq_e"": ""(1+0.017061/(1-0.043855/x**2)+3.1976/(1-0.022642/x**2)-57269000/(1-74226000/x**2))**0.5"", ""core_chi2"": ""AlN"", ""h_core"": 300.0, ""w_core"": 800.0}",screened,0,TM00,A,,TM83,0.0473768944436037,31,225.91311632401676,,2.074347966797619,2.074347966797619,,0.0005364859684959,6721557.737848776,0.0001734004853787,,,,,,,,,,,,0.0005364859684959,0.0001734004853787,TM83,,,,TM83
6dc02431d95f,ridge,"{""sidewall_angle"": 5.0, ""substrate_height"": 1000.0, ""topclad_height"": 800.0, ""substrate_material"": ""Al2O3"", ""topclad_material"": ""SiO2"", ""core_eq_o"": ""(1+2.8032/(1-0.015287/x**2)+0.36335/(1-0.036095/x**2)-33508000/(1+367200000/x**2))**0.5"", ""core_eq_e"": ""(1+0.017061/(1-0.043855/x**2)+3.1976/(1-0.022642/x**2)-57269000/(1-74226000/x**2))**0.5"", ""core_chi2"": ""AlN"", ""h_core"": 300.0, ""w_core"": 800.0}",screened,0,TM00,A,,TE92,0.9214026718664788,1,222.8065834745664,,2.0788526476369085,2.0788526476369085,,0.0004480929305556,8219790.953673244,0.0001519308843124,,,,,,,,,,,,0.0004480929305556,0.0001519308843124,TE92,,,,TE92
6dc02431d95f,ridge,"{""sidewall_angle"": 5.0, ""substrate_height"": 1000.0, ""topclad_height"": 800.0, ""substrate_material"": ""Al2O3"", ""topclad_material"": ""SiO2"", ""core_eq_o"": ""(1+2.8032/(1-0.015287/x**2)+0.36335/(1-0.036095/x**2)-33508000/(1+367200000/x**2))**0.5"", ""core_eq_e"": ""(1+0.017061/(1-0.043855/x**2)+3.1976/(1-0.022642/x**2)-57269000/(1-74226000/x**2))**0.5"", ""core_chi2"": ""AlN"", ""h_core"": 300.0, ""w_core"": 800.0}",screened,0,TM00,A,,TM102,0.0741440692233728,10,215.2076718232105,,2.090404916694772,2.090404916694772,,0.0003811664445768,10186725.652256876,0.0001339236414394,,,,,,,,,,,,0.0003811664445768,0.0001339236414394,TM102,,,,TM102
6dc02431d95f,ridge,"{""sidewall_angle"": 5.0, ""substrate_height"": 1000.0, ""topclad_height"": 800.0, ""substrate_material"": ""Al2O3"", ""topclad_material"": ""SiO2"", ""core_eq_o"": ""(1+2.8032/(1-0.015287/x**2)+0.36335/(1-0.036095/x**2)-33508000/(1+367200000/x**2))**0.5"", ""core_eq_e"": ""(1+0.017061/(1-0.043855/x**2)+3.1976/(1-0.022642/x**2)-57269000/(1-74226000/x**2))**0.5"", ""core_chi2"": ""AlN"", ""h_core"": 300.0, ""w_core"": 800.0}",screened,2,TM20,A,,TE14,0.9960426381025408,1,222.00653604386304,,1.9509886887150691,1.9509886887150691,,0.00036579717553,12269303.249391023,0.0001373230264242,,,,,,,,,,,,0.00036579717553,0.0001373230264242,TE14,,,,TE14
6dc02431d95f,ridge,"{""sidewall_angle"": 5.0, ""substrate_height"": 1000.0, ""topclad_height"": 800.0, ""substrate_material"": ""Al2O3"", ""topclad_material"": ""SiO2"", ""core_eq_o"": ""(1+2.8032/(1-0.015287/x**2)+0.36335/(1-0.036095/x**2)-33508000/(1+367200000/x**2))**0.5"", ""core_eq_e"": ""(1+0.017061/(1-0.043855/x**2)+3.1976/(1-0.022642/x**2)-57269000/(1-74226000/x**2))**0.5"", ""core_chi2"": ""AlN"", ""h_core"": 300.0, ""w_core"": 800.0}",screened,4,TE10,A,,TM124,0.3483274987284235,6,216.81793589608603,,1.9814595095037475,1.9814595095037475,,0.0003493322078975,12857939.49555072,0.0051675376929058,,,,,,,,,,,,0.0003493322078975,0.0051675376929058,TM124,,,,TM124
6dc02431d95f,ridge,"{""sidewall_angle"": 5.0, ""substrate_height"": 1000.0, ""topclad_height"": 800.0, ""substrate_material"": ""Al2O3"", ""topclad_material"": ""SiO2"", ""core_eq_o"": ""(1+2.8032/(1-0.015287/x**2)+0.36335/(1-0.036095/x**2)-33508000/(1+367200000/x**2))**0.5"", ""core_eq_e"": ""(1+0.017061/(1-0.043855/x**2)+3.1976/(1-0.022642/x**2)-57269000/(1-74226000/x**2))**0.5"", ""core_chi2"": ""AlN"", ""h_core"": 300.0, ""w_core"": 800.0}",screened,4,TE10,A,,TM73,0.4897993471290844,37,228.04684338754063,,1.960347742951152,1.960347742951152,,0.0003298524656759,12711266.030333586,0.0056789488288359,,,,,,,,,,,,0.0003298524656759,0.0056789488288359,TM73,,,,TM73
6dc02431d95f,ridge,"{""sidewall_angle"": 5.0, ""substrate_height"": 1000.0, ""topclad_height"": 800.0, ""substrate_material"": ""Al2O3"", ""topclad_material"": ""SiO2"", ""core_eq_o"": ""(1+2.8032/(1-0.015287/x**2)+0.36335/(1-0.036095/x**2)-33508000/(1+367200000/x**2))**0.5"", ""core_eq_e"": ""(1+0.017061/(1-0.043855/x**2)+3.1976/(1-0.022642/x**2)-57269000/(1-74226000/x**2))**0.5"", ""core_chi2"": ""AlN"", ""h_core"": 300.0, ""w_core"": 800.0}",screened,4,TE10,A,,TM121,0.0215977904339621,33,221.87961418394855,,1.9717971075848768,1.9717971075848768,,0.0002388649623322,18221414.77184926,0.0044582660765893,,,,,,,,,,,,0.0002388649623322,0.0044582660765893,TM121,,,,TM121
6dc02431d95f,ridge,"{""sidewall_angle"": 5.0, ""substrate_height"": 1000.0, ""topclad_height"": 800.0, ""substrate_material"": ""Al2O3"", ""topclad_material"": ""SiO2"", ""core_eq_o"": ""(1+2.8032/(1-0.015287/x**2)+0.36335/(1-0.036095/x**2)-33508000/(1+367200000/x**2))**0.5"", ""core_eq_e"": ""(1+0.017061/(1-0.043855/x**2)+3.1976/(1-0.022642/x**2)-57269000/(1-74226000/x**2))**0.5"", ""core_chi2"": ""AlN"", ""h_core"": 300.0, ""w_core"": 800.0}",screened,1,TM10,S,,TE73,0.8091010473686603,3,223.50437707745309,,2.0294243231034423,2.0294243231034423,,0.0002372548758456,16582508.504931103,0.000109354087011,,,,,,,,,,,,0.0002372548758456,0.000109354087011,TE73,,,,TE73
6dc02431d95f,ridge,"{""sidewall_angle"": 5.0, ""substrate_height"": 1000.0, ""topclad_height"": 800.0, ""substrate_material"": ""Al2O3"", ""topclad_material"": ""SiO2"", ""core_eq_o"": ""(1+2.8032/(1-0.015287/x**2)+0.36335/(1-0.036095/x**2)-33508000/(1+367200000/x**2))**0.5"", ""core_eq_e"": ""(1+0.017061/(1-0.043855/x**2)+3.1976/(1-0.022642/x**2)-57269000/(1-74226000/x**2))**0.5"", ""core_chi2"": ""AlN"", ""h_core"": 300.0, ""w_core"": 800.0}",screened,4,TE10,A,,TE94,0.7349639670758725,7,216.63944598871217,,1.9818035014911568,1.9818035014911568,,0.0002176581871909,20659707.54354285,0.0040763547316293,,,,,,,,,,,,0.0002176581871909,0.0040763547316293,TE94,,,,TE94
6dc02431d95f,ridge,"{""sidewall_angle"": 5.0, ""substrate_height"": 1000.0, ""topclad_height"": 800.0, ""substrate_material"": ""Al2O3"", ""topclad_material"": ""SiO2"", ""core_eq_o"": ""(1+2.8032/(1-0.015287/x**2)+0.36335/(1-0.036095/x**2)-33508000/(1+367200000/x**2))**0.5"", ""core_eq_e"": ""(1+0.017061/(1-0.043855/x**2)+3.1976/(1-0.022642/x**2)-57269000/(1-74226000/x**2))**0.5"", ""core_chi2"": ""AlN"", ""h_core"": 300.0, ""w_core"": 800.0}",screened,2,TM20,A,,TE94,0.5241937474625022,7,217.47537226274537,,1.962841039819733,1.962841039819733,,0.0002071063853823,22176192.348826263,9.584114759230256e-05,,,,,,,,,,,,0.0002071063853823,9.584114759230256e-05,TE94,,,,TE94
6dc02431d95f,ridge,"{""sidewall_angle"": 5.0, ""substrate_height"": 1000.0, ""topclad_height"": 800.0, ""substrate_material"": ""Al2O3"", ""topclad_material"": ""SiO2"", ""core_eq_o"": ""(1+2.8032/(1-0.015287/x**2)+0.36335/(1-0.036095/x**2)-33508000/(1+367200000/x**2))**0.5"", ""core_eq_e"": ""(1+0.017061/(1-0.043855/x**2)+3.1976/(1-0.022642/x**2)-57269000/(1-74226000/x**2))**0.5"", ""core_chi2"": ""AlN"", ""h_core"": 300.0, ""w_core"": 800.0}",screened,0,TM00,A,,TE53,0.9961219308928596,32,229.26770528522584,,2.069650669713729,2.069650669713729,,0.0001952913637386,18050784.13155465,0.0001069788619639,,,,,,,,,,,,0.0001952913637386,0.0001069788619639,TE53,,,,TE53
6dc02431d95f,ridge,"{""sidewall_angle"": 5.0, ""substrate_height"": 1000.0, ""topclad_height"": 800.0, ""substrate_material"": ""Al2O3"", ""topclad_material"": ""SiO2"", ""core_eq_o"": ""(1+2.8032/(1-0.015287/x**2)+0.36335/(1-0.036095/x**2)-33508000/(1+367200000/x**2))**0.5"", ""core_eq_e"": ""(1+0.017061/(1-0.043855/x**2)+3.1976/(1-0.022642/x**2)-57269000/(1-74226000/x**2))**0.5"", ""core_chi2"": ""AlN"", ""h_core"": 300.0, ""w_core"": 800.0}",screened,0,TM00,A,,TM102,0.1229423340810223,2,221.77437231926197,,2.0803708254304536,2.0803708254304536,,0.0001735093806873,21379034.239245877,9.326481365886304e-05,,,,,,,,,,,,0.0001735093806873,9.326481365886304e-05,TM102,,,,TM102
6dc02431d95f,ridge,"{""sidewall_angle"": 5.0, ""substrate_height"": 1000.0, ""topclad_height"": 800.0, ""substrate_material"": ""Al2O3"", ""topclad_material"": ""SiO2"", ""core_eq_o"": ""(1+2.8032/(1-0.015287/x**2)+0.36335/(1-0.036095/x**2)-33508000/(1+367200000/x**2))**0.5"", ""core_eq_e"": ""(1+0.017061/(1-0.043855/x**2)+3.1976/(1-0.022642/x**2)-57269000/(1-74226000/x**2))**0.5"", ""core_chi2"": ""AlN"", ""h_core"": 300.0, ""w_core"": 800.0}",screened,4,TE10,A,,TE102,0.5090585999188347,38,229.21377689744727,,1.9582069997211708,1.9582069997211708,,8.850728446531864e-05,47045682.93438438,0.002960419574828,,,,,,,,,,,,8.850728446531864e-05,0.002960419574828,TE102,,,,TE102
6dc02431d95f,ridge,"{""sidewall_angle"": 5.0, ""substrate_height"": 1000.0, ""topclad_height"": 800.0, ""substrate_material"": ""Al2O3"", ""topclad_material"": ""SiO2"", ""core_eq_o"": ""(1+2.8032/(1-0.015287/x**2)+0.36335/(1-0.036095/x**2)-33508000/(1+367200000/x**2))**0.5"", ""core_eq_e"": ""(1+0.017061/(1-0.043855/x**2)+3.1976/(1-0.022642/x**2)-57269000/(1-74226000/x**2))**0.5"", ""core_chi2"": ""AlN"", ""h_core"": 300.0, ""w_core"": 800.0}",screened,3,TE00,S,,TM121,0.0238113886819425,7,219.19082748619263,,2.029417145418293,2.029417145418293,,6.407256831959079e-05,63844745.979598805,0.0022499913426128,,,,,,,,,,,,6.407256831959079e-05,0.0022499913426128,TM121,,,,TM121
6dc02431d95f,ridge,"{""sidewall_angle"": 5.0, ""substrate_height"": 1000.0, ""topclad_height"": 800.0, ""substrate_material"": ""Al2O3"", ""topclad_material"": ""SiO2"", ""core_eq_o"": ""(1+2.8032/(1-0.015287/x**2)+0.36335/(1-0.036095/x**2)-33508000/(1+367200000/x**2))**0.5"", ""core_eq_e"": ""(1+0.017061/(1-0.043855/x**2)+3.1976/(1-0.022642/x**2)-57269000/(1-74226000/x**2))**0.5"", ""core_chi2"": ""AlN"", ""h_core"": 300.0, ""w_core"": 800.0}",screened,3,TE00,S,,TM04,0.0164320897856903,6,220.3244639795126,,2.0277834344727026,2.0277834344727026,,4.855805968969805e-05,83580418.70737468,0.0021375170106879,,,,,,,,,,,,4.855805968969805e-05,0.0021375170106879,TM04,,,,TM04
6dc02431d95f,ridge,"{""sidewall_angle"": 5.0, ""substrate_height"": 1000.0, ""topclad_height"": 800.0, ""substrate_material"": ""Al2O3"", ""topclad_material"": ""SiO2"", ""core_eq_o"": ""(1+2.8032/(1-0.015287/x**2)+0.36335/(1-0.036095/x**2)-33508000/(1+367200000/x**2))**0.5"", ""core_eq_e"": ""(1+0.017061/(1-0.043855/x**2)+3.1976/(1-0.022642/x**2)-57269000/(1-74226000/x**2))**0.5"", ""core_chi2"": ""AlN"", ""h_core"": 300.0, ""w_core"": 800.0}",screened,0,TM00,A,,TE72,0.8773024714167662,3,220.25647137810697,,2.082603356526268,2.082603356526268,,4.3954971610576845e-05,85284670.04213484,4.710057672660509e-05,,,,,,,,,,,,4.3954971610576845e-05,4.710057672660509e-05,TE72,,,,TE72
6dc02431d95f,ridge,"{""sidewall_angle"": 5.0, ""substrate_height"": 1000.0, ""topclad_height"": 800.0, ""substrate_material"": ""Al2O3"", ""topclad_material"": ""SiO2"", ""core_eq_o"": ""(1+2.8032/(1-0.015287/x**2)+0.36335/(1-0.036095/x**2)-33508000/(1+367200000/x**2))**0.5"", ""core_eq_e"": ""(1+0.017061/(1-0.043855/x**2)+3.1976/(1-0.022642/x**2)-57269000/(1-74226000/x**2))**0.5"", ""core_chi2"": ""AlN"", ""h_core"": 300.0, ""w_core"": 800.0}",screened,4,TE10,A,,TE94,0.7563691512446961,5,217.3400231347964,,1.9804533247312448,1.9804533247312448,,4.011352183128667e-05,111607139.8670172,0.001772763034619,,,,,,,,,,,,4.011352183128667e-05,0.001772763034619,TE94,,,,TE94
6dc02431d95f,ridge,"{""sidewall_angle"": 5.0, ""substrate_height"": 1000.0, ""topclad_height"": 800.0, ""substrate_material"": ""Al2O3"", ""topclad_material"": ""SiO2"", ""core_eq_o"": ""(1+2.8032/(1-0.015287/x**2)+0.36335/(1-0.036095/x**2)-33508000/(1+367200000/x**2))**0.5"", ""core_eq_e"": ""(1+0.017061/(1-0.043855/x**2)+3.1976/(1-0.022642/x**2)-57269000/(1-74226000/x**2))**0.5"", ""core_chi2"": ""AlN"", ""h_core"": 300.0, ""w_core"": 800.0}",screened,4,TE10,A,,TM24,0.0320285385437554,30,221.3362796510073,,1.972817461316254,1.972817461316254,,3.564986112975304e-05,122498920.19835676,0.0018835901079962,,,,,,,,,,,,3.564986112975304e-05,0.0018835901079962,TM24,,,,TM24
6dc02431d95f,ridge,"{""sidewall_angle"": 5.0, ""substrate_height"": 1000.0, ""topclad_height"": 800.0, ""substrate_material"": ""Al2O3"", ""topclad_material"": ""SiO2"", ""core_eq_o"": ""(1+2.8032/(1-0.015287/x**2)+0.36335/(1-0.036095/x**2)-33508000/(1+367200000/x**2))**0.5"", ""core_eq_e"": ""(1+0.017061/(1-0.043855/x**2)+3.1976/(1-0.022642/x**2)-57269000/(1-74226000/x**2))**0.5"", ""core_chi2"": ""AlN"", ""h_core"": 300.0, ""w_core"": 800.0}",screened,4,TE10,A,,TE92,0.9411396670123574,34,224.63064116388705,,1.9666308233273584,1.9666308233273584,,3.5137367331275504e-05,121809254.96502802,0.0017908938135849,,,,,,,,,,,,3.5137367331275504e-05,0.0017908938135849,TE92,,,,TE92
6dc02431d95f,ridge,"{""sidewall_angle"": 5.0, ""substrate_height"": 1000.0, ""topclad_height"": 800.0, ""substrate_material"": ""Al2O3"", ""topclad_material"": ""SiO2"", ""core_eq_o"": ""(1+2.8032/(1-0.015287/x**2)+0.36335/(1-0.036095/x**2)-33508000/(1+367200000/x**2))**0.5"", ""core_eq_e"": ""(1+0.017061/(1-0.043855/x**2)+3.1976/(1-0.022642/x**2)-57269000/(1-74226000/x**2))**0.5"", ""core_chi2"": ""AlN"", ""h_core"": 300.0, ""w_core"": 800.0}",screened,4,TE10,A,,TE91,0.8882075448046878,39,231.9419589736018,,1.953276904096351,1.953276904096351,,3.2107743481789605e-05,127613362.7604704,0.0017981047293907,,,,,,,,,,,,3.2107743481789605e-05,0.0017981047293907,TE91,,,,TE91
6dc02431d95f,ridge,"{""sidewall_angle"": 5.0, ""substrate_height"": 1000.0, ""topclad_height"": 800.0, ""substrate_material"": ""Al2O3"", ""topclad_material"": ""SiO2"", ""core_eq_o"": ""(1+2.8032/(1-0.015287/x**2)+0.36335/(1-0.036095/x**2)-33508000/(1+367200000/x**2))**0.5"", ""core_eq_e"": ""(1+0.017061/(1-0.043855/x**2)+3.1976/(1-0.022642/x**2)-57269000/(1-74226000/x**2))**0.5"", ""core_chi2"": ""AlN"", ""h_core"": 300.0, ""w_core"": 800.0}",screened,4,TE10,A,,TE33,0.9656464521570296,41,234.61712268277492,,1.948472298324595,1.948472298324595,,3.101455302155334e-05,130073366.8019095,0.0018831507012335,,,,,,,,,,,,3.101455302155334e-05,0.0018831507012335,TE33,,,,TE33
6dc02431d95f,ridge,"{""sidewall_angle"": 5.0, ""substrate_height"": 1000.0, ""topclad_height"": 800.0, ""substrate_material"": ""Al2O3"", ""topclad_material"": ""SiO2"", ""core_eq_o"": ""(1+2.8032/(1-0.015287/x**2)+0.36335/(1-0.036095/x**2)-33508000/(1+367200000/x**2))**0.5"", ""core_eq_e"": ""(1+0.017061/(1-0.043855/x**2)+3.1976/(1-0.022642/x**2)-57269000/(1-74226000/x**2))**0.5"", ""core_chi2"": ""AlN"", ""h_core"": 300.0, ""w_core"": 800.0}",screened,3,TE00,S,,TM24,0.0277202665283957,9,218.269369703408,,2.030759732000488,2.030759732000488,,2.973380692876431e-05,138466364.2043801,0.0016366171828352,,,,,,,,,,,,2.973380692876431e-05,0.0016366171828352,TM24,,,,TM24
6dc02431d95f,ridge,"{""sidewall_angle"": 5.0, ""substrate_height"": 1000.0, ""topclad_height"": 800.0, ""substrate_material"": ""Al2O3"", ""topclad_material"": ""SiO2"", ""core_eq_o"": ""(1+2.8032/(1-0.015287/x**2)+0.36335/(1-0.036095/x**2)-33508000/(1+367200000/x**2))**0.5"", ""core_eq_e"": ""(1+0.017061/(1-0.043855/x**2)+3.1976/(1-0.022642/x**2)-57269000/(1-74226000/x**2))**0.5"", ""core_chi2"": ""AlN"", ""h_core"": 300.0, ""w_core"": 800.0}",screened,3,TE00,S,,TM102,0.4893629637168088,0,227.18953159488035,,2.0182645751467736,2.0182645751467736,,2.617220629843924e-05,147912461.50211623,0.0013524540257578,,,,,,,,,,,,2.617220629843924e-05,0.0013524540257578,TM102,,,,TM102
6dc02431d95f,ridge,"{""sidewall_angle"": 5.0, ""substrate_height"": 1000.0, ""topclad_height"": 800.0, ""substrate_material"": ""Al2O3"", ""topclad_material"": ""SiO2"", ""core_eq_o"": ""(1+2.8032/(1-0.015287/x**2)+0.36335/(1-0.036095/x**2)-33508000/(1+367200000/x**2))**0.5"", ""core_eq_e"": ""(1+0.017061/(1-0.043855/x**2)+3.1976/(1-0.022642/x**2)-57269000/(1-74226000/x**2))**0.5"", ""core_chi2"": ""AlN"", ""h_core"": 300.0, ""w_core"": 800.0}",screened,3,TE00,S,,TM102,0.2373313004859561,2,225.1806460780852,,2.0209860804691697,2.0209860804691697,,2.592966241230372e-05,151358589.82675824,0.0013285496532978,,,,,,,,,,,,2.592966241230372e-05,0.0013285496532978,TM102,,,,TM102
6dc02431d95f,ridge,"{""sidewall_angle"": 5.0, ""substrate_height"": 1000.0, ""topclad_height"": 800.0, ""substrate_material"": ""Al2O3"", ""topclad_material"": ""SiO2"", ""core_eq_o"": ""(1+2.8032/(1-0.015287/x**2)+0.36335/(1-0.036095/x**2)-33508000/(1+367200000/x**2))**0.5"", ""core_eq_e"": ""(1+0.017061/(1-0.043855/x**2)+3.1976/(1-0.022642/x**2)-57269000/(1-74226000/x**2))**0.5"", ""core_chi2"": ""AlN"", ""h_core"": 300.0, ""w_core"": 800.0}",screened,4,TE10,A,,TM04,0.0195701745751257,32,223.98154910257827,,1.9678497841454363,1.9678497841454363,,2.1575004456946665e-05,199161235.41485175,0.0015596000606322,,,,,,,,,,,,2.1575004456946665e-05,0.0015596000606322,TM04,,,,TM04
6dc02431d95f,ridge,"{""sidewall_angle"": 5.0, ""substrate_height"": 1000.0, ""topclad_height"": 800.0, ""substrate_material"": ""Al2O3"", ""topclad_material"": ""SiO2"", ""core_eq_o"": ""(1+2.8032/(1-0.015287/x**2)+0.36335/(1-0.036095/x**2)-33508000/(1+367200000/x**2))**0.5"", ""core_eq_e"": ""(1+0.017061/(1-0.043855/x**2)+3.1976/(1-0.022642/x**2)-57269000/(1-74226000/x**2))**0.5"", ""core_chi2"": ""AlN"", ""h_core"": 300.0, ""w_core"": 800.0}",screened,3,TE00,S,,TE14,0.9488788924911736,11,217.2181527890894,,2.0322913808188146,2.0322913808188146,,2.0776496550997357e-05,199633559.20965904,0.0013836139139459,,,,,,,,,,,,2.0776496550997357e-05,0.0013836139139459,TE14,,,,TE14
6dc02431d95f,ridge,"{""sidewall_angle"": 5.0, ""substrate_height"": 1000.0, ""topclad_height"": 800.0, ""substrate_material"": ""Al2O3"", ""topclad_material"": ""SiO2"", ""core_eq_o"": ""(1+2.8032/(1-0.015287/x**2)+0.36335/(1-0.036095/x**2)-33508000/(1+367200000/x**2))**0.5"", ""core_eq_e"": ""(1+0.017061/(1-0.043855/x**2)+3.1976/(1-0.022642/x**2)-57269000/(1-74226000/x**2))**0.5"", ""core_chi2"": ""AlN"", ""h_core"": 300.0, ""w_core"": 800.0}",screened,4,TE10,A,,TE14,0.9966366694143218,1,220.5401551302026,,1.9743125413750289,1.9743125413750289,,1.860545478971272e-05,235880842.05459,0.0013240405225597,,,,,,,,,,,,1.860545478971272e-05,0.0013240405225597,TE14,,,,TE14
6dc02431d95f,ridge,"{""sidewall_angle"": 5.0, ""substrate_height"": 1000.0, ""topclad_height"": 800.0, ""substrate_material"": ""Al2O3"", ""topclad_material"": ""SiO2"", ""core_eq_o"": ""(1+2.8032/(1-0.015287/x**2)+0.36335/(1-0.036095/x**2)-33508000/(1+367200000/x**2))**0.5"", ""core_eq_e"": ""(1+0.017061/(1-0.043855/x**2)+3.1976/(1-0.022642/x**2)-57269000/(1-74226000/x**2))**0.5"", ""core_chi2"": ""AlN"", ""h_core"": 300.0, ""w_core"": 800.0}",screened,3,TE00,S,,TE73,0.8091010473686603,3,223.9297289792752,,2.022730761289145,2.022730761289145,,1.6540698284866915e-05,239311978.76489785,0.0010615283544003,,,,,,,,,,,,1.6540698284866915e-05,0.0010615283544003,TE73,,,,TE73
6dc02431d95f,ridge,"{""sidewall_angle"": 5.0, ""substrate_height"": 1000.0, ""topclad_height"": 800.0, ""substrate_material"": ""Al2O3"", ""topclad_material"": ""SiO2"", ""core_eq_o"": ""(1+2.8032/(1-0.015287/x**2)+0.36335/(1-0.036095/x**2)-33508000/(1+367200000/x**2))**0.5"", ""core_eq_e"": ""(1+0.017061/(1-0.043855/x**2)+3.1976/(1-0.022642/x**2)-57269000/(1-74226000/x**2))**0.5"", ""core_chi2"": ""AlN"", ""h_core"": 300.0, ""w_core"": 800.0}",screened,3,TE00,S,,TM83,0.0576655211454219,31,230.1317193825421,,2.0142807581380047,2.0142807581380047,,1.5977434437558332e-05,237539590.4577192,0.0007425373029523,,,,,,,,,,,,1.5977434437558332e-05,0.0007425373029523,TM83,,,,TM83
6dc02431d95f,ridge,"{""sidewall_angle"": 5.0, ""substrate_height"": 1000.0, ""topclad_height"": 800.0, ""substrate_material"": ""Al2O3"", ""topclad_material"": ""SiO2"", ""core_eq_o"": ""(1+2.8032/(1-0.015287/x**2)+0.36335/(1-0.036095/x**2)-33508000/(1+367200000/x**2))**0.5"", ""core_eq_e"": ""(1+0.017061/(1-0.043855/x**2)+3.1976/(1-0.022642/x**2)-57269000/(1-74226000/x**2))**0.5"", ""core_chi2"": ""AlN"", ""h_core"": 300.0, ""w_core"": 800.0}",screened,3,TE00,S,,TM102,0.135536753709672,10,217.3503324342506,,2.0320987918349807,2.0320987918349807,,1.4426365777301325e-05,287239402.1997729,0.0011042559872075,,,,,,,,,,,,1.4426365777301325e-05,0.0011042559872075,TM102,,,,TM102
6dc02431d95f,ridge,"{""sidewall_angle"": 5.0, ""substrate_height"": 1000.0, ""topclad_height"": 800.0, ""substrate_material"": ""Al2O3"", ""topclad_material"": ""SiO2"", ""core_eq_o"": ""(1+2.8032/(1-0.015287/x**2)+0.36335/(1-0.036095/x**2)-33508000/(1+367200000/x**2))**0.5"", ""core_eq_e"": ""(1+0.017061/(1-0.043855/x**2)+3.1976/(1-0.022642/x**2)-57269000/(1-74226000/x**2))**0.5"", ""core_chi2"": ""AlN"", ""h_core"": 300.0, ""w_core"": 800.0}",screened,4,TE10,A,,TM84,0.2872805976440657,4,217.27134908607115,,1.980585675757989,1.980585675757989,,1.2997345819159996e-05,344600201.0474348,0.001029538973227,,,,,,,,,,,,1.2997345819159996e-05,0.001029538973227,TM84,,,,TM84
6dc02431d95f,ridge,"{""sidewall_angle"": 5.0, ""substrate_height"": 1000.0, ""topclad_height"": 800.0, ""substrate_material"": ""Al2O3"", ""topclad_material"": ""SiO2"", ""core_eq_o"": ""(1+2.8032/(1-0.015287/x**2)+0.36335/(1-0.036095/x**2)-33508000/(1+367200000/x**2))**0.5"", ""core_eq_e"": ""(1+0.017061/(1-0.043855/x**2)+3.1976/(1-0.022642/x**2)-57269000/(1-74226000/x**2))**0.5"", ""core_chi2"": ""AlN"", ""h_core"": 300.0, ""w_core"": 800.0}",screened,4,TE10,A,,TM63,0.1416242144615219,35,225.61760600972983,,1.9648041866357453,1.9648041866357453,,5.850314528542006e-06,727232050.1355898,0.0007508556379879,,,,,,,,,,,,5.850314528542006e-06,0.0007508556379879,TM63,,,,TM63
6dc02431d95f,ridge,"{""sidewall_angle"": 5.0, ""substrate_height"": 1000.0, ""topclad_height"": 800.0, ""substrate_material"": ""Al2O3"", ""topclad_material"": ""SiO2"", ""core_eq_o"": ""(1+2.8032/(1-0.015287/x**2)+0.36335/(1-0.036095/x**2)-33508000/(1+367200000/x**2))**0.5"", ""core_eq_e"": ""(1+0.017061/(1-0.043855/x**2)+3.1976/(1-0.022642/x**2)-57269000/(1-74226000/x**2))**0.5"", ""core_chi2"": ""AlN"", ""h_core"": 300.0, ""w_core"": 800.0}",screened,4,TE10,A,,TE93,0.909278509140524,8,215.89591048464644,,1.9832364690998925,1.9832364690998925,,4.004055548119807e-06,1128349390.2538695,0.0005481318236664,,,,,,,,,,,,4.004055548119807e-06,0.0005481318236664,TE93,,,,TE93
6dc02431d95f,ridge,"{""sidewall_angle"": 5.0, ""substrate_height"": 1000.0, ""topclad_height"": 800.0, ""substrate_material"": ""Al2O3"", ""topclad_material"": ""SiO2"", ""core_eq_o"": ""(1+2.8032/(1-0.015287/x**2)+0.36335/(1-0.036095/x**2)-33508000/(1+367200000/x**2))**0.5"", ""core_eq_e"": ""(1+0.017061/(1-0.043855/x**2)+3.1976/(1-0.022642/x**2)-57269000/(1-74226000/x**2))**0.5"", ""core_chi2"": ""AlN"", ""h_core"": 300.0, ""w_core"": 800.0}",screened,3,TE00,S,,TE92,0.950264076924924,5,221.0110123334266,,2.0268212570856683,2.0268212570856683,,3.963058182777241e-06,1019181182.6511468,0.0005679013720482,,,,,,,,,,,,3.963058182777241e-06,0.0005679013720482,TE92,,,,TE92
6dc02431d95f,ridge,"{""sidewall_angle"": 5.0, ""substrate_height"": 1000.0, ""topclad_height"": 800.0, ""substrate_material"": ""Al2O3"", ""topclad_material"": ""SiO2"", ""core_eq_o"": ""(1+2.8032/(1-0.015287/x**2)+0.36335/(1-0.036095/x**2)-33508000/(1+367200000/x**2))**0.5"", ""core_eq_e"": ""(1+0.017061/(1-0.043855/x**2)+3.1976/(1-0.022642/x**2)-57269000/(1-74226000/x**2))**0.5"", ""core_chi2"": ""AlN"", ""h_core"": 300.0, ""w_core"": 800.0}",screened,0,TM00,A,,TE92,0.9436242120999382,5,217.7704600956037,,2.0864346093538697,2.0864346093538697,,3.887446127649589e-06,981023405.1083477,1.3784796724757476e-05,,,,,,,,,,,,3.887446127649589e-06,1.3784796724757476e-05,TE92,,,,TE92
6dc02431d95f,ridge,"{""sidewall_angle"": 5.0, ""substrate_height"": 1000.0, ""topclad_height"": 800.0, ""substrate_material"": ""Al2O3"", ""topclad_material"": ""SiO2"", ""core_eq_o"": ""(1+2.8032/(1-0.015287/x**2)+0.36335/(1-0.036095/x**2)-33508000/(1+367200000/x**2))**0.5"", ""core_eq_e"": ""(1+0.017061/(1-0.043855/x**2)+3.1976/(1-0.022642/x**2)-57269000/(1-74226000/x**2))**0.5"", ""core_chi2"": ""AlN"", ""h_core"": 300.0, ""w_core"": 800.0}",screened,3,TE00,S,,TM63,0.1289204589026161,4,222.14558860573177,,2.0252311817080875,2.0252311817080875,,2.6863749322469964e-06,1491729900.2409663,0.0004778617445106,,,,,,,,,,,,2.6863749322469964e-06,0.0004778617445106,TM63,,,,TM63
6dc02431d95f,ridge,"{""sidewall_angle"": 5.0, ""substrate_height"": 1000.0, ""topclad_height"": 800.0, ""substrate_material"": ""Al2O3"", ""topclad_material"": ""SiO2"", ""core_eq_o"": ""(1+2.8032/(1-0.015287/x**2)+0.36335/(1-0.036095/x**2)-33508000/(1+367200000/x**2))**0.5"", ""core_eq_e"": ""(1+0.017061/(1-0.043855/x**2)+3.1976/(1-0.022642/x**2)-57269000/(1-74226000/x**2))**0.5"", ""core_chi2"": ""AlN"", ""h_core"": 300.0, ""w_core"": 800.0}",screened,3,TE00,S,,TE73,0.9711044364247856,8,220.8566252789828,,2.027037626015533,2.027037626015533,,2.5562592440344835e-06,1581775462.2167523,0.0004632758644893,,,,,,,,,,,,2.5562592440344835e-06,0.0004632758644893,TE73,,,,TE73
6dc02431d95f,ridge,"{""sidewall_angle"": 5.0, ""substrate_height"": 1000.0, ""topclad_height"": 800.0, ""substrate_material"": ""Al2O3"", ""topclad_material"": ""SiO2"", ""core_eq_o"": ""(1+2.8032/(1-0.015287/x**2)+0.36335/(1-0.036095/x**2)-33508000/(1+367200000/x**2))**0.5"", ""core_eq_e"": ""(1+0.017061/(1-0.043855/x**2)+3.1976/(1-0.022642/x**2)-57269000/(1-74226000/x**2))**0.5"", ""core_chi2"": ""AlN"", ""h_core"": 300.0, ""w_core"": 800.0}",screened,4,TE10,A,,TE104,0.5037920309473394,2,218.03971498553832,,1.979104854143456,1.979104854143456,,1.312303905687614e-06,3396596669.514065,0.0003351474022617,,,,,,,,,,,,1.312303905687614e-06,0.0003351474022617,TE104,,,,TE104
6dc02431d95f,ridge,"{""sidewall_angle"": 5.0, ""substrate_height"": 1000.0, ""topclad_height"": 800.0, ""substrate_material"": ""Al2O3"", ""topclad_material"": ""SiO2"", ""core_eq_o"": ""(1+2.8032/(1-0.015287/x**2)+0.36335/(1-0.036095/x**2)-33508000/(1+367200000/x**2))**0.5"", ""core_eq_e"": ""(1+0.017061/(1-0.043855/x**2)+3.1976/(1-0.022642/x**2)-57269000/(1-74226000/x**2))**0.5"", ""core_chi2"": ""AlN"", ""h_core"": 300.0, ""w_core"": 800.0}",screened,3,TE00,S,,TE33,0.9701496735551288,30,228.67024822188705,,2.0162585981273424,2.0162585981273424,,7.400250062241791e-07,5179067904.836768,0.0001573935033656,,,,,,,,,,,,7.400250062241791e-07,0.0001573935033656,TE33,,,,TE33
6dc02431d95f,ridge,"{""sidewall_angle"": 5.0, ""substrate_height"": 1000.0, ""topclad_height"": 800.0, ""substrate_material"": ""Al2O3"", ""topclad_material"": ""SiO2"", ""core_eq_o"": ""(1+2.8032/(1-0.015287/x**2)+0.36335/(1-0.036095/x**2)-33508000/(1+367200000/x**2))**0.5"", ""core_eq_e"": ""(1+0.017061/(1-0.043855/x**2)+3.1976/(1-0.022642/x**2)-57269000/(1-74226000/x**2))**0.5"", ""core_chi2"": ""AlN"", ""h_core"": 300.0, ""w_core"": 800.0}",screened,3,TE00,S,,TM123,0.4170759214082134,13,215.3416181623857,,2.0350255377795627,2.0350255377795627,,1.7885132911341318e-07,23501647985.71204,0.0001220426862184,,,,,,,,,,,,1.7885132911341318e-07,0.0001220426862184,TM123,,,,TM123
6dc02431d95f,ridge,"{""sidewall_angle"": 5.0, ""substrate_height"": 1000.0, ""topclad_height"": 800.0, ""substrate_material"": ""Al2O3"", ""topclad_material"": ""SiO2"", ""core_eq_o"": ""(1+2.8032/(1-0.015287/x**2)+0.36335/(1-0.036095/x**2)-33508000/(1+367200000/x**2))**0.5"", ""core_eq_e"": ""(1+0.017061/(1-0.043855/x**2)+3.1976/(1-0.022642/x**2)-57269000/(1-74226000/x**2))**0.5"", ""core_chi2"": ""AlN"", ""h_core"": 300.0, ""w_core"": 800.0}",screened,3,TE00,S,,TM84,0.4551308825049446,14,215.0457582621239,,2.035456612908258,2.035456612908258,,1.7208790897671558e-07,24477009518.814564,0.0001237613327596,,,,,,,,,,,,1.7208790897671558e-07,0.0001237613327596,TM84,,,,TM84
6dc02431d95f,ridge,"{""sidewall_angle"": 5.0, ""substrate_height"": 1000.0, ""topclad_height"": 800.0, ""substrate_material"": ""Al2O3"", ""topclad_material"": ""SiO2"", ""core_eq_o"": ""(1+2.8032/(1-0.015287/x**2)+0.36335/(1-0.036095/x**2)-33508000/(1+367200000/x**2))**0.5"", ""core_eq_e"": ""(1+0.017061/(1-0.043855/x**2)+3.1976/(1-0.022642/x**2)-57269000/(1-74226000/x**2))**0.5"", ""core_chi2"": ""AlN"", ""h_core"": 300.0, ""w_core"": 800.0}",screened,3,TE00,S,,TM123,0.2516893727735558,12,215.73902352796844,,2.034446508418162,2.034446508418162,,1.700245828481517e-07,24651767456.79077,0.0001208803236269,,,,,,,,,,,,1.700245828481517e-07,0.0001208803236269,TM123,,,,TM123
6dc02431d95f,ridge,"{""sidewall_angle"": 5.0, ""substrate_height"": 1000.0, ""topclad_height"": 800.0, ""substrate_material"": ""Al2O3"", ""topclad_material"": ""SiO2"", ""core_eq_o"": ""(1+2.8032/(1-0.015287/x**2)+0.36335/(1-0.036095/x**2)-33508000/(1+367200000/x**2))**0.5"", ""core_eq_e"": ""(1+0.017061/(1-0.043855/x**2)+3.1976/(1-0.022642/x**2)-57269000/(1-74226000/x**2))**0.5"", ""core_chi2"": ""AlN"", ""h_core"": 300.0, ""w_core"": 800.0}",screened,3,TE00,S,,TE93,0.6597089852498242,1,226.83563212389748,,2.018744014759345,2.018744014759345,,1.6014767571550032e-07,24230873807.617496,0.000105229021303,,,,,,,,,,,,1.6014767571550032e-07,0.000105229021303,TE93,,,,TE93
6dc02431d95f,ridge,"{""sidewall_angle"": 5.0, ""substrate_height"": 1000.0, ""topclad_height"": 800.0, ""substrate_material"": ""Al2O3"", ""topclad_material"": ""SiO2"", ""core_eq_o"": ""(1+2.8032/(1-0.015287/x**2)+0.36335/(1-0.036095/x**2)-33508000/(1+367200000/x**2))**0.5"", ""core_eq_e"": ""(1+0.017061/(1-0.043855/x**2)+3.1976/(1-0.022642/x**2)-57269000/(1-74226000/x**2))**0.5"", ""core_chi2"": ""AlN"", ""h_core"": 300.0, ""w_core"": 800.0}",screened,4,TE10,A,,TE112,0.7945056382865978,3,217.54468905601297,,1.9800588854151504,1.9800588854151504,,4.4644062678828045e-08,100152322813.87358,6.04979604270736e-05,,,,,,,,,,,,4.4644062678828045e-08,6.04979604270736e-05,TE112,,,,TE112
6dc02431d95f,ridge,"{""sidewall_angle"": 5.0, ""substrate_height"": 1000.0, ""topclad_height"": 800.0, ""substrate_material"": ""Al2O3"", ""topclad_material"": ""SiO2"", ""core_eq_o"": ""(1+2.8032/(1-0.015287/x**2)+0.36335/(1-0.036095/x**2)-33508000/(1+367200000/x**2))**0.5"", ""core_eq_e"": ""(1+0.017061/(1-0.043855/x**2)+3.1976/(1-0.022642/x**2)-57269000/(1-74226000/x**2))**0.5"", ""core_chi2"": ""AlN"", ""h_core"": 300.0, ""w_core"": 800.0}",screened,4,TE10,A,,TE73,0.9604871681498264,31,224.6795776156181,,1.9665389232398491,1.9665389232398491,,4.155388812741431e-10,10296971725554.07,6.293909927072418e-06,,,,,,,,,,,,4.155388812741431e-10,6.293909927072418e-06,TE73,,,,TE73
5575565c7993,ridge,"{""sidewall_angle"": 5.0, ""substrate_height"": 1000.0, ""topclad_height"": 800.0, ""substrate_material"": ""Al2O3"", ""topclad_material"": ""SiO2"", ""core_eq_o"": ""(1+2.8032/(1-0.015287/x**2)+0.36335/(1-0.036095/x**2)-33508000/(1+367200000/x**2))**0.5"", ""core_eq_e"": ""(1+0.017061/(1-0.043855/x**2)+3.1976/(1-0.022642/x**2)-57269000/(1-74226000/x**2))**0.5"", ""core_chi2"": ""AlN"", ""h_core"": 350.0, ""w_core"": 300.0}",refined,0,TM00,A,0.0016737636892582,TM40,0.0862795021017823,1,219.6886812506941,219.6837998657361,2.029854713354604,2.029765257354137,8.945600046672553e-05,6.729176849698287,604.7877622333956,0.0124044445915594,0.0046885566261722,0.0802306169100456,0.0482513611293243,1736.1304115639573,1194.715726880607,87190.94866707345,0.0,0.29099855,0.082003027272351,0.000452503260514,False,6.872961335724601,0.012533268712252,TM41,runs\trial_grid\exports\5575565c7993_x00.npz,0.9999996609981282,0.9999790492693552,TM41
5575565c7993,ridge,"{""sidewall_angle"": 5.0, ""substrate_height"": 1000.0, ""topclad_height"": 800.0, ""substrate_material"": ""Al2O3"", ""topclad_material"": ""SiO2"", ""core_eq_o"": ""(1+2.8032/(1-0.015287/x**2)+0.36335/(1-0.036095/x**2)-33508000/(1+367200000/x**2))**0.5"", ""core_eq_e"": ""(1+0.017061/(1-0.043855/x**2)+3.1976/(1-0.022642/x**2)-57269000/(1-74226000/x**2))**0.5"", ""core_chi2"": ""AlN"", ""h_core"": 350.0, ""w_core"": 300.0}",refined,0,TM00,A,0.0019603828316127,TE13,0.5559056992669373,35,230.25047947454965,230.249254134186,2.0109108746632933,2.010897549367069,1.3325296223776206e-05,4.580473839765144,831.8958163795741,0.0109230353248832,0.0034603539492269,0.0841273332215454,0.0899906889665365,1665.7491503914148,1229.3174514520445,14535.301959257857,0.0,0.9109954500000002,0.3248814140812145,0.0048345954693446,False,4.43228487484119,0.010735652788397,TE13,runs\trial_grid\exports\5575565c7993_x01.npz,0.9999997730377944,0.9999195468298232,TE13
5575565c7993,ridge,"{""sidewall_angle"": 5.0, ""substrate_height"": 1000.0, ""topclad_height"": 800.0, ""substrate_material"": ""Al2O3"", ""topclad_material"": ""SiO2"", ""core_eq_o"": ""(1+2.8032/(1-0.015287/x**2)+0.36335/(1-0.036095/x**2)-33508000/(1+367200000/x**2))**0.5"", ""core_eq_e"": ""(1+0.017061/(1-0.043855/x**2)+3.1976/(1-0.022642/x**2)-57269000/(1-74226000/x**2))**0.5"", ""core_chi2"": ""AlN"", ""h_core"": 350.0, ""w_core"": 300.0}",refined,0,TM00,A,0.001996787048863,TE13,0.5742654589002542,36,231.51248560333545,231.51170157232613,2.008749586239213,2.0087416817920825,7.904447130613335e-06,3.3091485274554797,1142.6552943335007,0.0094337831654023,0.0072777001455691,0.0846099011362384,0.0919196115754863,1656.856842402108,1233.2745530223692,14709.421656315171,0.0,0.9109954500000002,0.3225687842882195,0.0034431895792998,False,3.327718740657762,0.0094328636443969,TE13,runs\trial_grid\exports\5575565c7993_x02.npz,0.999991851377136,0.9997766647463447,TE13
5575565c7993,ridge,"{""sidewall_angle"": 5.0, ""substrate_height"": 1000.0, ""topclad_height"": 800.0, ""substrate_material"": ""Al2O3"", ""topclad_material"": ""SiO2"", ""core_eq_o"": ""(1+2.8032/(1-0.015287/x**2)+0.36335/(1-0.036095/x**2)-33508000/(1+367200000/x**2))**0.5"", ""core_eq_e"": ""(1+0.017061/(1-0.043855/x**2)+3.1976/(1-0.022642/x**2)-57269000/(1-74226000/x**2))**0.5"", ""core_chi2"": ""AlN"", ""h_core"": 350.0, ""w_core"": 300.0}",refined,0,TM00,A,0.0015588351659463,TM24,0.1524022276158267,5,215.0901052703545,215.08556212964055,2.038636161752665,2.038519563527972,0.0001165982246931,0.4849679577979923,8641.87108984635,0.0032283131855469,0.0004892149154723,0.0786100613653607,0.0739374509514699,1763.566150271423,1178.8382104873951,47644.78332060248,0.0,0.43099785,0.1357659352456635,8.93911813463054e-05,False,0.4814510627619266,0.0032167893572557,TM44,runs\trial_grid\exports\5575565c7993_x03.npz,0.9999999676276298,0.9999549859753916,TM44
5575565c7993,ridge,"{""sidewall_angle"": 5.0, ""substrate_height"": 1000.0, ""topclad_height"": 800.0, ""substrate_material"": ""Al2O3"", ""topclad_material"": ""SiO2"", ""core_eq_o"": ""(1+2.8032/(1-0.015287/x**2)+0.36335/(1-0.036095/x**2)-33508000/(1+367200000/x**2))**0.5"", ""core_eq_e"": ""(1+0.017061/(1-0.043855/x**2)+3.1976/(1-0.022642/x**2)-57269000/(1-74226000/x**2))**0.5"", ""core_chi2"": ""AlN"", ""h_core"": 350.0, ""w_core"": 300.0}",refined,0,TM00,A,0.00159384210724,TE31,0.8505081650467899,3,216.5159233989564,216.51124580648812,2.0358754376566472,2.0357866913891467,8.874626750055015e-05,0.2398927655289366,17311.093958000558,0.0023129829299384,0.000682222240954,0.0791077578909113,0.0797391211691279,1755.3146755819575,1183.8129123751423,115734.31117282849,0.0,0.23099885,0.063981990435945,9.820478388061272e-06,False,0.2005275034250623,0.0021078607271748,TE32,runs\trial_grid\exports\5575565c7993_x04.npz,0.9999919375651828,0.9996596314293674,TE32
5575565c7993,ridge,"{""sidewall_angle"": 5.0, ""substrate_height"": 1000.0, ""topclad_height"": 800.0, ""substrate_material"": ""Al2O3"", ""topclad_material"": ""SiO2"", ""core_eq_o"": ""(1+2.8032/(1-0.015287/x**2)+0.36335/(1-0.036095/x**2)-33508000/(1+367200000/x**2))**0.5"", ""core_eq_e"": ""(1+0.017061/(1-0.043855/x**2)+3.1976/(1-0.022642/x**2)-57269000/(1-74226000/x**2))**0.5"", ""core_chi2"": ""AlN"", ""h_core"": 350.0, ""w_core"": 300.0}",refined,3,TE00,S,0.9962162307503916,TM42,0.1670576440107741,6,218.5101985563441,218.50428959276235,1.9475823846272304,1.9474621585372145,0.0001202260900159,0.0116009621076644,401474.429209564,0.024032761819532,3.809471860074842e-29,0.0879488430969477,0.0659458005053497,3589.6972861348154,1511.310192595981,100809.13190007268,0.0,0.2209989,0.0665727250908832,5.141462561353886e-07,False,0.0114162842537119,0.0238899077348978,TM42,runs\trial_grid\exports\5575565c7993_x05.npz,0.9999870034203564,0.9999124600547364,TM42
5575565c7993,ridge,"{""sidewall_angle"": 5.0, ""substrate_height"": 1000.0, ""topclad_height"": 800.0, ""substrate_material"": ""Al2O3"", ""topclad_material"": ""SiO2"", ""core_eq_o"": ""(1+2.8032/(1-0.015287/x**2)+0.36335/(1-0.036095/x**2)-33508000/(1+367200000/x**2))**0.5"", ""core_eq_e"": ""(1+0.017061/(1-0.043855/x**2)+3.1976/(1-0.022642/x**2)-57269000/(1-74226000/x**2))**0.5"", ""core_chi2"": ""AlN"", ""h_core"": 350.0, ""w_core"": 300.0}",screened,3,TE00,S,,TM44,0.1487626743203642,5,218.80043107719084,,1.9470084797877556,1.9470084797877556,,0.0097645981063983,476103.9397844562,0.0221640849960763,,,,,,,,,,,,0.0097645981063983,0.0221640849960763,TM44,,,,TM44
5575565c7993,ridge,"{""sidewall_angle"": 5.0, ""substrate_height"": 1000.0, ""topclad_height"": 800.0, ""substrate_material"": ""Al2O3"", ""topclad_material"": ""SiO2"", ""core_eq_o"": ""(1+2.8032/(1-0.015287/x**2)+0.36335/(1-0.036095/x**2)-33508000/(1+367200000/x**2))**0.5"", ""core_eq_e"": ""(1+0.017061/(1-0.043855/x**2)+3.1976/(1-0.022642/x**2)-57269000/(1-74226000/x**2))**0.5"", ""core_chi2"": ""AlN"", ""h_core"": 350.0, ""w_core"": 300.0}",screened,0,TM00,A,,TE31,0.9678872074245726,0,222.2032388750002,,2.0252435693702737,2.0252435693702737,,0.0093347946844866,429060.6617887553,0.0004697622786008,,,,,,,,,,,,0.0093347946844866,0.0004697622786008,TE31,,,,TE31
5575565c7993,ridge,"{""sidewall_angle"": 5.0, ""substrate_height"": 1000.0, ""topclad_height"": 800.0, ""substrate_material"": ""Al2O3"", ""topclad_material"": ""SiO2"", ""core_eq_o"": ""(1+2.8032/(1-0.015287/x**2)+0.36335/(1-0.036095/x**2)-33508000/(1+367200000/x**2))**0.5"", ""core_eq_e"": ""(1+0.017061/(1-0.043855/x**2)+3.1976/(1-0.022642/x**2)-57269000/(1-74226000/x**2))**0.5"", ""core_chi2"": ""AlN"", ""h_core"": 350.0, ""w_core"": 300.0}",screened,3,TE00,S,,TM40,0.1325247827387854,1,224.91377746618716,,1.934545879300829,1.934545879300829,,0.0036746804872524,1220582.7277817258,0.0140997574179999,,,,,,,,,,,,0.0036746804872524,0.0140997574179999,TM40,,,,TM40
5575565c7993,ridge,"{""sidewall_angle"": 5.0, ""substrate_height"": 1000.0, ""topclad_height"": 800.0, ""substrate_material"": ""Al2O3"", ""topclad_material"": ""SiO2"", ""core_eq_o"": ""(1+2.8032/(1-0.015287/x**2)+0.36335/(1-0.036095/x**2)-33508000/(1+367200000/x**2))**0.5"", ""core_eq_e"": ""(1+0.017061/(1-0.043855/x**2)+3.1976/(1-0.022642/x**2)-57269000/(1-74226000/x**2))**0.5"", ""core_chi2"": ""AlN"", ""h_core"": 350.0, ""w_core"": 300.0}",screened,3,TE00,S,,TE32,0.8261069844477098,7,215.4588188366889,,1.9539741988018684,1.9539741988018684,,0.0027534623540696,1722629.4090174,0.0114578693663445,,,,,,,,,,,,0.0027534623540696,0.0114578693663445,TE32,,,,TE32
5575565c7993,ridge,"{""sidewall_angle"": 5.0, ""substrate_height"": 1000.0, ""topclad_height"": 800.0, ""substrate_material"": ""Al2O3"", ""topclad_material"": ""SiO2"", ""core_eq_o"": ""(1+2.8032/(1-0.015287/x**2)+0.36335/(1-0.036095/x**2)-33508000/(1+367200000/x**2))**0.5"", ""core_eq_e"": ""(1+0.017061/(1-0.043855/x**2)+3.1976/(1-0.022642/x**2)-57269000/(1-74226000/x**2))**0.5"", ""core_chi2"": ""AlN"", ""h_core"": 350.0, ""w_core"": 300.0}",screened,0,TM00,A,,TE14,0.9390327610688388,2,217.81367310409752,,2.033443825863498,2.033443825863498,,0.0018719416653108,2199869.3923098845,0.0002050768537079,,,,,,,,,,,,0.0018719416653108,0.0002050768537079,TE14,,,,TE14
5575565c7993,ridge,"{""sidewall_angle"": 5.0, ""substrate_height"": 1000.0, ""topclad_height"": 800.0, ""substrate_material"": ""Al2O3"", ""topclad_material"": ""SiO2"", ""core_eq_o"": ""(1+2.8032/(1-0.015287/x**2)+0.36335/(1-0.036095/x**2)-33508000/(1+367200000/x**2))**0.5"", ""core_eq_e"": ""(1+0.017061/(1-0.043855/x**2)+3.1976/(1-0.022642/x**2)-57269000/(1-74226000/x**2))**0.5"", ""core_chi2"": ""AlN"", ""h_core"": 350.0, ""w_core"": 300.0}",screened,3,TE00,S,,TE32,0.8418490863643148,3,221.52216286914117,,1.94142194250074,1.94142194250074,,0.0011454481288705,3993801.07315734,0.00774367082376,,,,,,,,,,,,0.0011454481288705,0.00774367082376,TE32,,,,TE32
5575565c7993,ridge,"{""sidewall_angle"": 5.0, ""substrate_height"": 1000.0, ""topclad_height"": 800.0, ""substrate_material"": ""Al2O3"", ""topclad_material"": ""SiO2"", ""core_eq_o"": ""(1+2.8032/(1-0.015287/x**2)+0.36335/(1-0.036095/x**2)-33508000/(1+367200000/x**2))**0.5"", ""core_eq_e"": ""(1+0.017061/(1-0.043855/x**2)+3.1976/(1-0.022642/x**2)-57269000/(1-74226000/x**2))**0.5"", ""core_chi2"": ""AlN"", ""h_core"": 350.0, ""w_core"": 300.0}",screened,0,TM00,A,,TM25,0.1096861207503919,4,216.03630853626365,,2.036834686390085,2.036834686390085,,0.0009938554451142,4190944.9908134663,0.0001507580244592,,,,,,,,,,,,0.0009938554451142,0.0001507580244592,TM25,,,,TM25
5575565c7993,ridge,"{""sidewall_angle"": 5.0, ""substrate_height"": 1000.0, ""topclad_height"": 800.0, ""substrate_material"": ""Al2O3"", ""topclad_material"": ""SiO2"", ""core_eq_o"": ""(1+2.8032/(1-0.015287/x**2)+0.36335/(1-0.036095/x**2)-33508000/(1+367200000/x**2))**0.5"", ""core_eq_e"": ""(1+0.017061/(1-0.043855/x**2)+3.1976/(1-0.022642/x**2)-57269000/(1-74226000/x**2))**0.5"", ""core_chi2"": ""AlN"", ""h_core"": 350.0, ""w_core"": 300.0}",screened,3,TE00,S,,TM23,0.1271038037881884,33,232.71965331484057,,1.9192562719125628,1.9192562719125628,,0.0007743883331886,5540286.131579207,0.0068362127613971,,,,,,,,,,,,0.0007743883331886,0.0068362127613971,TM23,,,,TM23
5575565c7993,ridge,"{""sidewall_angle"": 5.0, ""substrate_height"": 1000.0, ""topclad_height"": 800.0, ""substrate_material"": ""Al2O3"", ""topclad_material"": ""SiO2"", ""core_eq_o"": ""(1+2.8032/(1-0.015287/x**2)+0.36335/(1-0.036095/x**2)-33508000/(1+367200000/x**2))**0.5"", ""core_eq_e"": ""(1+0.017061/(1-0.043855/x**2)+3.1976/(1-0.022642/x**2)-57269000/(1-74226000/x**2))**0.5"", ""core_chi2"": ""AlN"", ""h_core"": 350.0, ""w_core"": 300.0}",screened,0,TM00,A,,TM43,0.0955757602794126,33,225.87724837068023,,2.0185873664233838,2.0185873664233838,,0.0006845856788292,5717953.047082195,0.0001287899612095,,,,,,,,,,,,0.0006845856788292,0.0001287899612095,TM43,,,,TM43
5575565c7993,ridge,"{""sidewall_angle"": 5.0, ""substrate_height"": 1000.0, ""topclad_height"": 800.0, ""substrate_material"": ""Al2O3"", ""topclad_material"": ""SiO2"", ""core_eq_o"": ""(1+2.8032/(1-0.015287/x**2)+0.36335/(1-0.036095/x**2)-33508000/(1+367200000/x**2))**0.5"", ""core_eq_e"": ""(1+0.017061/(1-0.043855/x**2)+3.1976/(1-0.022642/x**2)-57269000/(1-74226000/x**2))**0.5"", ""core_chi2"": ""AlN"", ""h_core"": 350.0, ""w_core"": 300.0}",screened,3,TE00,S,,TM25,0.0889755798488113,4,220.5296686018864,,1.9434340972170032,1.9434340972170032,,8.423346678795414e-06,546295778.9959663,0.0006999748538474,,,,,,,,,,,,8.423346678795414e-06,0.0006999748538474,TM25,,,,TM25
5575565c7993,ridge,"{""sidewall_angle"": 5.0, ""substrate_height"": 1000.0, ""topclad_height"": 800.0, ""substrate_material"": ""Al2O3"", ""topclad_material"": ""SiO2"", ""core_eq_o"": ""(1+2.8032/(1-0.015287/x**2)+0.36335/(1-0.036095/x**2)-33508000/(1+367200000/x**2))**0.5"", ""core_eq_e"": ""(1+0.017061/(1-0.043855/x**2)+3.1976/(1-0.022642/x**2)-57269000/(1-74226000/x**2))**0.5"", ""core_chi2"": ""AlN"", ""h_core"": 350.0, ""w_core"": 300.0}",screened,3,TE00,S,,TE31,0.9639411158746176,0,229.2402316146621,,1.925996575491704,1.925996575491704,,4.76528356408799e-06,918161474.750419,0.0005288520900448,,,,,,,,,,,,4.76528356408799e-06,0.0005288520900448,TE31,,,,TE31
5575565c7993,ridge,"{""sidewall_angle"": 5.0, ""substrate_height"": 1000.0, ""topclad_height"": 800.0, ""substrate_material"": ""Al2O3"", ""topclad_material"": ""SiO2"", ""core_eq_o"": ""(1+2.8032/(1-0.015287/x**2)+0.36335/(1-0.036095/x**2)-33508000/(1+367200000/x**2))**0.5"", ""core_eq_e"": ""(1+0.017061/(1-0.043855/x**2)+3.1976/(1-0.022642/x**2)-57269000/(1-74226000/x**2))**0.5"", ""core_chi2"": ""AlN"", ""h_core"": 350.0, ""w_core"": 300.0}",screened,3,TE00,S,,TE34,0.9064594455733912,2,223.36996586697825,,1.937675759132742,1.937675759132742,,3.888730943673777e-06,1163738102.6872964,0.00045977436842,,,,,,,,,,,,3.888730943673777e-06,0.00045977436842,TE34,,,,TE34
cde1f4a6155a,ridge,"{""sidewall_angle"": 5.0, ""substrate_height"": 1000.0, ""topclad_height"": 800.0, ""substrate_material"": ""Al2O3"", ""topclad_material"": ""SiO2"", ""core_eq_o"": ""(1+2.8032/(1-0.015287/x**2)+0.36335/(1-0.036095/x**2)-33508000/(1+367200000/x**2))**0.5"", ""core_eq_e"": ""(1+0.017061/(1-0.043855/x**2)+3.1976/(1-0.022642/x**2)-57269000/(1-74226000/x**2))**0.5"", ""core_chi2"": ""AlN"", ""h_core"": 350.0, ""w_core"": 400.0}",refined,1,TM10,S,0.0246280020914757,TM60,0.1617586367019181,0,221.6176192135705,221.61784500934664,1.8932967518634451,1.893300667841933,-3.915978487700755e-06,14.899430210850864,330.7659731175762,0.0202826719650057,1.0120379591119151e-26,0.1124038088136913,0.0722727058897644,3758.9317504498144,1320.1909679793744,110999.30936976848,0.0,0.21099895,0.0614893780834164,0.0005633390555392,False,17.312510837180614,0.021762921492882,TM61,runs\trial_grid\exports\cde1f4a6155a_x00.npz,0.999974994358122,0.998984895609936,TM61
cde1f4a6155a,ridge,"{""sidewall_angle"": 5.0, ""substrate_height"": 1000.0, ""topclad_height"": 800.0, ""substrate_material"": ""Al2O3"", ""topclad_material"": ""SiO2"", ""core_eq_o"": ""(1+2.8032/(1-0.015287/x**2)+0.36335/(1-0.036095/x**2)-33508000/(1+367200000/x**2))**0.5"", ""core_eq_e"": ""(1+0.017061/(1-0.043855/x**2)+3.1976/(1-0.022642/x**2)-57269000/(1-74226000/x**2))**0.5"", ""core_chi2"": ""AlN"", ""h_core"": 350.0, ""w_core"": 400.0}",refined,0,TM00,A,0.0014365243088007,TM04,0.0106322231510062,34,228.8155445083343,228.8158990721077,2.050028075953529,2.050032318188814,-4.2422352848348055e-06,6.161930182254284,591.0005374399835,0.014435079721148,0.0086361622858589,0.1032814014776239,0.1098380356278027,788.7265305115806,1170.9932573241167,1734.211520743373,0.0,3.2409838000000004,1.1602640409020628,0.0829526832655708,False,6.081906918809011,0.0143661283650896,TM04,runs\trial_grid\exports\cde1f4a6155a_x01.npz,0.9999962801639644,0.9999950643699734,TM04
cde1f4a6155a,ridge,"{""sidewall_angle"": 5.0, ""substrate_height"": 1000.0, ""topclad_height"": 800.0, ""substrate_material"": ""Al2O3"", ""topclad_material"": ""SiO2"", ""core_eq_o"": ""(1+2.8032/(1-0.015287/x**2)+0.36335/(1-0.036095/x**2)-33508000/(1+367200000/x**2))**0.5"", ""core_eq_e"": ""(1+0.017061/(1-0.043855/x**2)+3.1976/(1-0.022642/x**2)-57269000/(1-74226000/x**2))**0.5"", ""core_chi2"": ""AlN"", ""h_core"": 350.0, ""w_core"": 400.0}",refined,1,TM10,S,0.0221763203794962,TE51?,0.573776428076098,2,216.9956790183219,216.99757871528803,1.9066845343532677,1.9067256006120683,-4.106625880107018e-05,2.067995797761622,2433.651094781726,0.0075025668529146,5.5350962379394234e-24,0.1094018474643042,0.1135251817810098,3809.417314811642,1302.7831488720924,115431.62201718864,0.0,0.200999,0.0594542803848074,7.309975237043365e-05,False,2.074667549067665,0.0074873601886736,TE55,runs\trial_grid\exports\cde1f4a6155a_x02.npz,0.99996361315207,0.999990456879001,TE55
cde1f4a6155a,ridge,"{""sidewall_angle"": 5.0, ""substrate_height"": 1000.0, ""topclad_height"": 800.0, ""substrate_material"": ""Al2O3"", ""topclad_material"": ""SiO2"", ""core_eq_o"": ""(1+2.8032/(1-0.015287/x**2)+0.36335/(1-0.036095/x**2)-33508000/(1+367200000/x**2))**0.5"", ""core_eq_e"": ""(1+0.017061/(1-0.043855/x**2)+3.1976/(1-0.022642/x**2)-57269000/(1-74226000/x**2))**0.5"", ""core_chi2"": ""AlN"", ""h_core"": 350.0, ""w_core"": 400.0}",refined,1,TM10,S,0.0249262418255276,TE50,0.785438300110561,30,222.1563246060203,222.1560085407247,1.891757591139616,1.8917529216762543,4.6694633613064696e-06,1.3858814159755874,3547.4575347655277,0.0062791751460533,7.538278271838434e-26,0.1127656123628726,0.092664832581671,3752.5776101006154,1322.1652083970275,130374.91892979424,0.0,0.1809991,0.0536998402137534,3.996428597299617e-05,False,1.6823327213061028,0.0068857430614202,TE53,runs\trial_grid\exports\cde1f4a6155a_x03.npz,0.9999554569881952,0.9997691066511186,TE53
cde1f4a6155a,ridge,"{""sidewall_angle"": 5.0, ""substrate_height"": 1000.0, ""topclad_height"": 800.0, ""substrate_material"": ""Al2O3"", ""topclad_material"": ""SiO2"", ""core_eq_o"": ""(1+2.8032/(1-0.015287/x**2)+0.36335/(1-0.036095/x**2)-33508000/(1+367200000/x**2))**0.5"", ""core_eq_e"": ""(1+0.017061/(1-0.043855/x**2)+3.1976/(1-0.022642/x**2)-57269000/(1-74226000/x**2))**0.5"", ""core_chi2"": ""AlN"", ""h_core"": 350.0, ""w_core"": 400.0}",refined,1,TM10,S,0.0220269979318198,TM61?,0.2362315617121786,3,216.70225588769196,216.7014774708921,1.907545782257408,1.907527839712108,1.7942545300186907e-05,0.7342565390811369,6863.7350568542,0.004402184121149,1.3235971942621768e-25,0.1092171837546625,0.1024727301932671,3812.368718346171,1301.650812286127,84037.83548975641,0.0,0.25099875,0.0771906951259527,4.3749966692332686e-05,False,1.1805846743607356,0.0055572005594883,TM65,runs\trial_grid\exports\cde1f4a6155a_x04.npz,0.9999735639598272,0.995794785302373,TM65
cde1f4a6155a,ridge,"{""sidewall_angle"": 5.0, ""substrate_height"": 1000.0, ""topclad_height"": 800.0, ""substrate_material"": ""Al2O3"", ""topclad_material"": ""SiO2"", ""core_eq_o"": ""(1+2.8032/(1-0.015287/x**2)+0.36335/(1-0.036095/x**2)-33508000/(1+367200000/x**2))**0.5"", ""core_eq_e"": ""(1+0.017061/(1-0.043855/x**2)+3.1976/(1-0.022642/x**2)-57269000/(1-74226000/x**2))**0.5"", ""core_chi2"": ""AlN"", ""h_core"": 350.0, ""w_core"": 400.0}",refined,0,TM00,A,0.00151728829556,TM41,0.1595433845426873,36,232.5381839987977,232.5402918566462,2.0443944641888856,2.04441790489285,-2.344070396453901e-05,0.2642669169506375,13453.200183653384,0.0029444688609329,0.0002955791809944,0.1047601943150538,0.0862695606835529,779.3113257052007,1183.0886549433535,36124.66824559007,0.0,0.600997,0.1834464666351305,8.893270466928109e-05,False,0.2621983321010734,0.002940354429295,TM41,runs\trial_grid\exports\cde1f4a6155a_x05.npz,0.999983869687074,0.9995800891526978,TM41
cde1f4a6155a,ridge,"{""sidewall_angle"": 5.0, ""substrate_height"": 1000.0, ""topclad_height"": 800.0, ""substrate_material"": ""Al2O3"", ""topclad_material"": ""SiO2"", ""core_eq_o"": ""(1+2.8032/(1-0.015287/x**2)+0.36335/(1-0.036095/x**2)-33508000/(1+367200000/x**2))**0.5"", ""core_eq_e"": ""(1+0.017061/(1-0.043855/x**2)+3.1976/(1-0.022642/x**2)-57269000/(1-74226000/x**2))**0.5"", ""core_chi2"": ""AlN"", ""h_core"": 350.0, ""w_core"": 400.0}",refined,1,TM10,S,0.0257954401227021,TM43,0.1553537944046568,32,223.6994107743434,223.69793441445267,1.8873723273501,1.8873486344326744,2.3692917425988117e-05,0.2405967532297717,20294.07606757146,0.0026041822582384,8.49992505072242e-24,0.1138165290050745,0.1127943223397229,3733.866522772327,1327.7538216738674,49369.87685657907,0.0,0.35099825,0.1169104371820906,3.288488530480216e-05,False,0.2500879398848744,0.0026630214652099,TM63,runs\trial_grid\exports\cde1f4a6155a_x06.npz,0.9999832271724992,0.9999060981336544,TM63
cde1f4a6155a,ridge,"{""sidewall_angle"": 5.0, ""substrate_height"": 1000.0, ""topclad_height"": 800.0, ""substrate_material"": ""Al2O3"", ""topclad_material"": ""SiO2"", ""core_eq_o"": ""(1+2.8032/(1-0.015287/x**2)+0.36335/(1-0.036095/x**2)-33508000/(1+367200000/x**2))**0.5"", ""core_eq_e"": ""(1+0.017061/(1-0.043855/x**2)+3.1976/(1-0.022642/x**2)-57269000/(1-74226000/x**2))**0.5"", ""core_chi2"": ""AlN"", ""h_core"": 350.0, ""w_core"": 400.0}",refined,1,TM10,S,0.0267143306282604,TM05,0.0188144501798004,33,225.28862789908743,225.26852765702088,1.8828917164454164,1.882702789390724,0.0001889270546926,0.1929134807924927,25135.2061342337,0.0028655707040304,2.607228765882976e-22,0.1149221768978283,0.1375473461598733,3713.833974118161,1333.4036559475535,2879.527011610615,0.0,1.51099245,0.5215700357408829,0.0005247927704251,False,0.1853257961565064,0.0027626229040199,TM05,runs\trial_grid\exports\cde1f4a6155a_x07.npz,0.999999164599376,0.9990155862607718,TM05
cde1f4a6155a,ridge,"{""sidewall_angle"": 5.0, ""substrate_height"": 1000.0, ""topclad_height"": 800.0, ""substrate_material"": ""Al2O3"", ""topclad_material"": ""SiO2"", ""core_eq_o"": ""(1+2.8032/(1-0.015287/x**2)+0.36335/(1-0.036095/x**2)-33508000/(1+367200000/x**2))**0.5"", ""core_eq_e"": ""(1+0.017061/(1-0.043855/x**2)+3.1976/(1-0.022642/x**2)-57269000/(1-74226000/x**2))**0.5"", ""core_chi2"": ""AlN"", ""h_core"": 350.0, ""w_core"": 400.0}",screened,0,TM00,A,,TM43,0.3163292003316591,38,233.3706920918765,,2.0431900429302647,2.0431900429302647,,0.1435644792580945,24631.45718989049,0.0021991397196139,,,,,,,,,,,,0.1435644792580945,0.0021991397196139,TM43,,,,TM43
cde1f4a6155a,ridge,"{""sidewall_angle"": 5.0, ""substrate_height"": 1000.0, ""topclad_height"": 800.0, ""substrate_material"": ""Al2O3"", ""topclad_material"": ""SiO2"", ""core_eq_o"": ""(1+2.8032/(1-0.015287/x**2)+0.36335/(1-0.036095/x**2)-33508000/(1+367200000/x**2))**0.5"", ""core_eq_e"": ""(1+0.017061/(1-0.043855/x**2)+3.1976/(1-0.022642/x**2)-57269000/(1-74226000/x**2))**0.5"", ""core_chi2"": ""AlN"", ""h_core"": 350.0, ""w_core"": 400.0}",screened,0,TM00,A,,TM42,0.1561655635020909,30,223.3595736640932,,2.0586501680653133,2.0586501680653133,,0.0740715990951422,50950.38891568784,0.0014875989763983,,,,,,,,,,,,0.0740715990951422,0.0014875989763983,TM42,,,,TM42
cde1f4a6155a,ridge,"{""sidewall_angle"": 5.0, ""substrate_height"": 1000.0, ""topclad_height"": 800.0, ""substrate_material"": ""Al2O3"", ""topclad_material"": ""SiO2"", ""core_eq_o"": ""(1+2.8032/(1-0.015287/x**2)+0.36335/(1-0.036095/x**2)-33508000/(1+367200000/x**2))**0.5"", ""core_eq_e"": ""(1+0.017061/(1-0.043855/x**2)+3.1976/(1-0.022642/x**2)-57269000/(1-74226000/x**2))**0.5"", ""core_chi2"": ""AlN"", ""h_core"": 350.0, ""w_core"": 400.0}",screened,0,TM00,A,,TM44,0.0992494612295347,1,219.14135691950688,,2.0655644730155704,2.0655644730155704,,0.040978136580078,94719.38285549716,0.00109648307881,,,,,,,,,,,,0.040978136580078,0.00109648307881,TM44,,,,TM44
cde1f4a6155a,ridge,"{""sidewall_angle"": 5.0, ""substrate_height"": 1000.0, ""topclad_height"": 800.0, ""substrate_material"": ""Al2O3"", ""topclad_material"": ""SiO2"", ""core_eq_o"": ""(1+2.8032/(1-0.015287/x**2)+0.36335/(1-0.036095/x**2)-33508000/(1+367200000/x**2))**0.5"", ""core_eq_e"": ""(1+0.017061/(1-0.043855/x**2)+3.1976/(1-0.022642/x**2)-57269000/(1-74226000/x**2))**0.5"", ""core_chi2"": ""AlN"", ""h_core"": 350.0, ""w_core"": 400.0}",screened,0,TM00,A,,TM63,0.182429636566257,3,215.3556133235404,,2.0720026686059665,2.0720026686059665,,0.0404623079793051,98406.10646988689,0.0010510965113117,,,,,,,,,,,,0.0404623079793051,0.0010510965113117,TM63,,,,TM63
cde1f4a6155a,ridge,"{""sidewall_angle"": 5.0, ""substrate_height"": 1000.0, ""topclad_height"": 800.0, ""substrate_material"": ""Al2O3"", ""topclad_material"": ""SiO2"", ""core_eq_o"": ""(1+2.8032/(1-0.015287/x**2)+0.36335/(1-0.036095/x**2)-33508000/(1+367200000/x**2))**0.5"", ""core_eq_e"": ""(1+0.017061/(1-0.043855/x**2)+3.1976/(1-0.022642/x**2)-57269000/(1-74226000/x**2))**0.5"", ""core_chi2"": ""AlN"", ""h_core"": 350.0, ""w_core"": 400.0}",screened,0,TM00,A,,TE33,0.6322735575025835,40,233.7108722537301,,2.042682715175933,2.042682715175933,,0.0331240607302883,106525.0820428086,0.0010546948143364,,,,,,,,,,,,0.0331240607302883,0.0010546948143364,TE33,,,,TE33
cde1f4a6155a,ridge,"{""sidewall_angle"": 5.0, ""substrate_height"": 1000.0, ""topclad_height"": 800.0, ""substrate_material"": ""Al2O3"", ""topclad_material"": ""SiO2"", ""core_eq_o"": ""(1+2.8032/(1-0.015287/x**2)+0.36335/(1-0.036095/x**2)-33508000/(1+367200000/x**2))**0.5"", ""core_eq_e"": ""(1+0.017061/(1-0.043855/x**2)+3.1976/(1-0.022642/x**2)-57269000/(1-74226000/x**2))**0.5"", ""core_chi2"": ""AlN"", ""h_core"": 350.0, ""w_core"": 400.0}",screened,1,TM10,S,,TE35,0.7538769515542192,5,215.01494382866775,,1.912526359034636,1.912526359034636,,0.020587859280562,246709.14862642565,0.0007244440077066,,,,,,,,,,,,0.020587859280562,0.0007244440077066,TE35,,,,TE35
cde1f4a6155a,ridge,"{""sidewall_angle"": 5.0, ""substrate_height"": 1000.0, ""topclad_height"": 800.0, ""substrate_material"": ""Al2O3"", ""topclad_material"": ""SiO2"", ""core_eq_o"": ""(1+2.8032/(1-0.015287/x**2)+0.36335/(1-0.036095/x**2)-33508000/(1+367200000/x**2))**0.5"", ""core_eq_e"": ""(1+0.017061/(1-0.043855/x**2)+3.1976/(1-0.022642/x**2)-57269000/(1-74226000/x**2))**0.5"", ""core_chi2"": ""AlN"", ""h_core"": 350.0, ""w_core"": 400.0}",screened,1,TM10,S,,TM65,0.4226456779668316,4,216.36703338491577,,1.9085714326537484,1.9085714326537484,,0.0123502173672924,408671.1543942876,0.0005790151755428,,,,,,,,,,,,0.0123502173672924,0.0005790151755428,TM65,,,,TM65
cde1f4a6155a,ridge,"{""sidewall_angle"": 5.0, ""substrate_height"": 1000.0, ""topclad_height"": 800.0, ""substrate_material"": ""Al2O3"", ""topclad_material"": ""SiO2"", ""core_eq_o"": ""(1+2.8032/(1-0.015287/x**2)+0.36335/(1-0.036095/x**2)-33508000/(1+367200000/x**2))**0.5"", ""core_eq_e"": ""(1+0.017061/(1-0.043855/x**2)+3.1976/(1-0.022642/x**2)-57269000/(1-74226000/x**2))**0.5"", ""core_chi2"": ""AlN"", ""h_core"": 350.0, ""w_core"": 400.0}",screened,0,TM00,A,,TM05,0.0159000687440611,4,215.145203842215,,2.0723604998643457,2.0723604998643457,,0.0115745117906437,344503.85578122,0.000583020508543,,,,,,,,,,,,0.0115745117906437,0.000583020508543,TM05,,,,TM05
cde1f4a6155a,ridge,"{""sidewall_angle"": 5.0, ""substrate_height"": 1000.0, ""topclad_height"": 800.0, ""substrate_material"": ""Al2O3"", ""topclad_material"": ""SiO2"", ""core_eq_o"": ""(1+2.8032/(1-0.015287/x**2)+0.36335/(1-0.036095/x**2)-33508000/(1+367200000/x**2))**0.5"", ""core_eq_e"": ""(1+0.017061/(1-0.043855/x**2)+3.1976/(1-0.022642/x**2)-57269000/(1-74226000/x**2))**0.5"", ""core_chi2"": ""AlN"", ""h_core"": 350.0, ""w_core"": 400.0}",screened,0,TM00,A,,TE14,0.9656450374874432,0,219.83937890190472,,2.0643773873254934,2.0643773873254934,,0.0087993393866031,439063.8678718093,0.0005081388319105,,,,,,,,,,,,0.0087993393866031,0.0005081388319105,TE14,,,,TE14
cde1f4a6155a,ridge,"{""sidewall_angle"": 5.0, ""substrate_height"": 1000.0, ""topclad_height"": 800.0, ""substrate_material"": ""Al2O3"", ""topclad_material"": ""SiO2"", ""core_eq_o"": ""(1+2.8032/(1-0.015287/x**2)+0.36335/(1-0.036095/x**2)-33508000/(1+367200000/x**2))**0.5"", ""core_eq_e"": ""(1+0.017061/(1-0.043855/x**2)+3.1976/(1-0.022642/x**2)-57269000/(1-74226000/x**2))**0.5"", ""core_chi2"": ""AlN"", ""h_core"": 350.0, ""w_core"": 400.0}",screened,0,TM00,A,,TE32,0.8890386155306641,31,224.10125148304851,,2.0574460999599475,2.0574460999599475,,0.0076845915867737,488721.3026383988,0.0004804122757722,,,,,,,,,,,,0.0076845915867737,0.0004804122757722,TE32,,,,TE32
cde1f4a6155a,ridge,"{""sidewall_angle"": 5.0, ""substrate_height"": 1000.0, ""topclad_height"": 800.0, ""substrate_material"": ""Al2O3"", ""topclad_material"": ""SiO2"", ""core_eq_o"": ""(1+2.8032/(1-0.015287/x**2)+0.36335/(1-0.036095/x**2)-33508000/(1+367200000/x**2))**0.5"", ""core_eq_e"": ""(1+0.017061/(1-0.043855/x**2)+3.1976/(1-0.022642/x**2)-57269000/(1-74226000/x**2))**0.5"", ""core_chi2"": ""AlN"", ""h_core"": 350.0, ""w_core"": 400.0}",screened,3,TE00,S,,TM42,0.1072552943110534,30,228.37294796803167,,1.9782282148257264,1.9782282148257264,,0.0015211838494663,2674581.442057474,0.0098941323873475,,,,,,,,,,,,0.0015211838494663,0.0098941323873475,TM42,,,,TM42
cde1f4a6155a,ridge,"{""sidewall_angle"": 5.0, ""substrate_height"": 1000.0, ""topclad_height"": 800.0, ""substrate_material"": ""Al2O3"", ""topclad_material"": ""SiO2"", ""core_eq_o"": ""(1+2.8032/(1-0.015287/x**2)+0.36335/(1-0.036095/x**2)-33508000/(1+367200000/x**2))**0.5"", ""core_eq_e"": ""(1+0.017061/(1-0.043855/x**2)+3.1976/(1-0.022642/x**2)-57269000/(1-74226000/x**2))**0.5"", ""core_chi2"": ""AlN"", ""h_core"": 350.0, ""w_core"": 400.0}",screened,1,TM10,S,,TE35,0.9651552765009668,1,218.1220474894768,,1.903437932769156,1.903437932769156,,0.0005348560228238,9360603.342443105,0.000125355317108,,,,,,,,,,,,0.0005348560228238,0.000125355317108,TE35,,,,TE35
cde1f4a6155a,ridge,"{""sidewall_angle"": 5.0, ""substrate_height"": 1000.0, ""topclad_height"": 800.0, ""substrate_material"": ""Al2O3"", ""topclad_material"": ""SiO2"", ""core_eq_o"": ""(1+2.8032/(1-0.015287/x**2)+0.36335/(1-0.036095/x**2)-33508000/(1+367200000/x**2))**0.5"", ""core_eq_e"": ""(1+0.017061/(1-0.043855/x**2)+3.1976/(1-0.022642/x**2)-57269000/(1-74226000/x**2))**0.5"", ""core_chi2"": ""AlN"", ""h_core"": 350.0, ""w_core"": 400.0}",screened,3,TE00,S,,TM61,0.1280047519111951,5,217.1434194183156,,1.997530606990455,1.997530606990455,,0.0005046656194048,8661211.272622822,0.0053427110512428,,,,,,,,,,,,0.0005046656194048,0.0053427110512428,TM61,,,,TM61
cde1f4a6155a,ridge,"{""sidewall_angle"": 5.0, ""substrate_height"": 1000.0, ""topclad_height"": 800.0, ""substrate_material"": ""Al2O3"", ""topclad_material"": ""SiO2"", ""core_eq_o"": ""(1+2.8032/(1-0.015287/x**2)+0.36335/(1-0.036095/x**2)-33508000/(1+367200000/x**2))**0.5"", ""core_eq_e"": ""(1+0.017061/(1-0.043855/x**2)+3.1976/(1-0.022642/x**2)-57269000/(1-74226000/x**2))**0.5"", ""core_chi2"": ""AlN"", ""h_core"": 350.0, ""w_core"": 400.0}",screened,3,TE00,S,,TE32,0.935561351433855,31,230.1360697387873,,1.975285660842329,1.975285660842329,,0.0003277027761589,12280520.839513697,0.0046357563429323,,,,,,,,,,,,0.0003277027761589,0.0046357563429323,TE32,,,,TE32
cde1f4a6155a,ridge,"{""sidewall_angle"": 5.0, ""substrate_height"": 1000.0, ""topclad_height"": 800.0, ""substrate_material"": ""Al2O3"", ""topclad_material"": ""SiO2"", ""core_eq_o"": ""(1+2.8032/(1-0.015287/x**2)+0.36335/(1-0.036095/x**2)-33508000/(1+367200000/x**2))**0.5"", ""core_eq_e"": ""(1+0.017061/(1-0.043855/x**2)+3.1976/(1-0.022642/x**2)-57269000/(1-74226000/x**2))**0.5"", ""core_chi2"": ""AlN"", ""h_core"": 350.0, ""w_core"": 400.0}",screened,3,TE00,S,,TM44,0.0978393861611029,1,223.40416349972483,,1.9866128873955884,1.9866128873955884,,0.000147803355059,28402035.17893316,0.0030767311128782,,,,,,,,,,,,0.000147803355059,0.0030767311128782,TM44,,,,TM44
cde1f4a6155a,ridge,"{""sidewall_angle"": 5.0, ""substrate_height"": 1000.0, ""topclad_height"": 800.0, ""substrate_material"": ""Al2O3"", ""topclad_material"": ""SiO2"", ""core_eq_o"": ""(1+2.8032/(1-0.015287/x**2)+0.36335/(1-0.036095/x**2)-33508000/(1+367200000/x**2))**0.5"", ""core_eq_e"": ""(1+0.017061/(1-0.043855/x**2)+3.1976/(1-0.022642/x**2)-57269000/(1-74226000/x**2))**0.5"", ""core_chi2"": ""AlN"", ""h_core"": 350.0, ""w_core"": 400.0}",screened,3,TE00,S,,TE34,0.9186362193596248,2,219.5908333569683,,1.9931922106151223,1.9931922106151223,,8.65483023880874e-05,49707453.249536745,0.0022472034688243,,,,,,,,,,,,8.65483023880874e-05,0.0022472034688243,TE34,,,,TE34
cde1f4a6155a,ridge,"{""sidewall_angle"": 5.0, ""substrate_height"": 1000.0, ""topclad_height"": 800.0, ""substrate_material"": ""Al2O3"", ""topclad_material"": ""SiO2"", ""core_eq_o"": ""(1+2.8032/(1-0.015287/x**2)+0.36335/(1-0.036095/x**2)-33508000/(1+367200000/x**2))**0.5"", ""core_eq_e"": ""(1+0.017061/(1-0.043855/x**2)+3.1976/(1-0.022642/x**2)-57269000/(1-74226000/x**2))**0.5"", ""core_chi2"": ""AlN"", ""h_core"": 350.0, ""w_core"": 400.0}",screened,3,TE00,S,,TM05,0.0113346103148295,4,218.51726193898037,,1.995095271750348,1.995095271750348,,6.076757868900696e-05,71288860.64484486,0.0019982944041751,,,,,,,,,,,,6.076757868900696e-05,0.0019982944041751,TM05,,,,TM05
cde1f4a6155a,ridge,"{""sidewall_angle"": 5.0, ""substrate_height"": 1000.0, ""topclad_height"": 800.0, ""substrate_material"": ""Al2O3"", ""topclad_material"": ""SiO2"", ""core_eq_o"": ""(1+2.8032/(1-0.015287/x**2)+0.36335/(1-0.036095/x**2)-33508000/(1+367200000/x**2))**0.5"", ""core_eq_e"": ""(1+0.017061/(1-0.043855/x**2)+3.1976/(1-0.022642/x**2)-57269000/(1-74226000/x**2))**0.5"", ""core_chi2"": ""AlN"", ""h_core"": 350.0, ""w_core"": 400.0}",screened,3,TE00,S,,TE51,0.8796309055155281,6,216.4964102932865,,1.9986775245586283,1.9986775245586283,,5.3124766913866805e-05,82628410.92472889,0.0017520295757299,,,,,,,,,,,,5.3124766913866805e-05,0.0017520295757299,TE51,,,,TE51
cde1f4a6155a,ridge,"{""sidewall_angle"": 5.0, ""substrate_height"": 1000.0, ""topclad_height"": 800.0, ""substrate_material"": ""Al2O3"", ""topclad_material"": ""SiO2"", ""core_eq_o"": ""(1+2.8032/(1-0.015287/x**2)+0.36335/(1-0.036095/x**2)-33508000/(1+367200000/x**2))**0.5"", ""core_eq_e"": ""(1+0.017061/(1-0.043855/x**2)+3.1976/(1-0.022642/x**2)-57269000/(1-74226000/x**2))**0.5"", ""core_chi2"": ""AlN"", ""h_core"": 350.0, ""w_core"": 400.0}",screened,3,TE00,S,,TM45,0.1334511162836393,3,218.4395767122701,,1.9952329800883837,1.9952329800883837,,4.8602711551745286e-05,89176829.4747819,0.0016964510205055,,,,,,,,,,,,4.8602711551745286e-05,0.0016964510205055,TM45,,,,TM45
cde1f4a6155a,ridge,"{""sidewall_angle"": 5.0, ""substrate_height"": 1000.0, ""topclad_height"": 800.0, ""substrate_material"": ""Al2O3"", ""topclad_material"": ""SiO2"", ""core_eq_o"": ""(1+2.8032/(1-0.015287/x**2)+0.36335/(1-0.036095/x**2)-33508000/(1+367200000/x**2))**0.5"", ""core_eq_e"": ""(1+0.017061/(1-0.043855/x**2)+3.1976/(1-0.022642/x**2)-57269000/(1-74226000/x**2))**0.5"", ""core_chi2"": ""AlN"", ""h_core"": 350.0, ""w_core"": 400.0}",screened,0,TM00,A,,TE34,0.8535500957252121,2,215.7298509192099,,2.071366224330985,2.071366224330985,,1.4070682941572542e-06,2822602287.91353,6.203652560318481e-06,,,,,,,,,,,,1.4070682941572542e-06,6.203652560318481e-06,TE34,,,,TE34
cde1f4a6155a,ridge,"{""sidewall_angle"": 5.0, ""substrate_height"": 1000.0, ""topclad_height"": 800.0, ""substrate_material"": ""Al2O3"", ""topclad_material"": ""SiO2"", ""core_eq_o"": ""(1+2.8032/(1-0.015287/x**2)+0.36335/(1-0.036095/x**2)-33508000/(1+367200000/x**2))**0.5"", ""core_eq_e"": ""(1+0.017061/(1-0.043855/x**2)+3.1976/(1-0.022642/x**2)-57269000/(1-74226000/x**2))**0.5"", ""core_chi2"": ""AlN"", ""h_core"": 350.0, ""w_core"": 400.0}",screened,3,TE00,S,,TE14,0.9779360309390178,0,225.06365229225423,,1.9837621437365849,1.9837621437365849,,3.807733256276106e-07,10909629140.730757,0.000156471293267,,,,,,,,,,,,3.807733256276106e-07,0.000156471293267,TE14,,,,TE14
a71d9c3d15aa,ridge,"{""sidewall_angle"": 5.0, ""substrate_height"": 1000.0, ""topclad_height"": 800.0, ""substrate_material"": ""Al2O3"", ""topclad_material"": ""SiO2"", ""core_eq_o"": ""(1+2.8032/(1-0.015287/x**2)+0.36335/(1-0.036095/x**2)-33508000/(1+367200000/x**2))**0.5"", ""core_eq_e"": ""(1+0.017061/(1-0.043855/x**2)+3.1976/(1-0.022642/x**2)-57269000/(1-74226000/x**2))**0.5"", ""core_chi2"": ""AlN"", ""h_core"": 350.0, ""w_core"": 500.0}",refined,0,TM00,A,0.0011225761182833,TM04,0.0057858674611239,33,227.85774537527828,227.85925184418636,2.0703777756416,2.0703963686779514,-1.8593036351433057e-05,4.76412895263903,748.3284091930983,0.013957588732641,0.0079387461331072,0.1235846745263592,0.1375197930227019,434.0830133877702,1145.230549913426,1181.6840258847988,0.0,4.3209784,1.5278677275534711,0.1112128635780757,False,4.598608238594482,0.0137512936480947,TM04,runs\trial_grid\exports\a71d9c3d15aa_x00.npz,0.9999893109848668,0.999996158210422,TM04
a71d9c3d15aa,ridge,"{""sidewall_angle"": 5.0, ""substrate_height"": 1000.0, ""topclad_height"": 800.0, ""substrate_material"": ""Al2O3"", ""topclad_material"": ""SiO2"", ""core_eq_o"": ""(1+2.8032/(1-0.015287/x**2)+0.36335/(1-0.036095/x**2)-33508000/(1+367200000/x**2))**0.5"", ""core_eq_e"": ""(1+0.017061/(1-0.043855/x**2)+3.1976/(1-0.022642/x**2)-57269000/(1-74226000/x**2))**0.5"", ""core_chi2"": ""AlN"", ""h_core"": 350.0, ""w_core"": 500.0}",refined,1,TM10,S,0.0079721130957485,TM80,0.0420276060845007,4,215.7452550119176,215.73268588735675,1.9802036937295917,1.9798406595387927,0.0003630341907987,3.2467586785601896,1400.1466858822962,0.0099942657643404,5.967725680805608e-31,0.1244725458239574,0.0786281309874996,2001.7012463304136,1195.3743850572123,75092.72373297466,0.0,0.31099845,0.0919692502634764,0.0002746219852209,False,3.2589834441960543,0.0100163398635664,TM82,runs\trial_grid\exports\a71d9c3d15aa_x01.npz,0.99999727423051,0.9896603433810426,TM82
a71d9c3d15aa,ridge,"{""sidewall_angle"": 5.0, ""substrate_height"": 1000.0, ""topclad_height"": 800.0, ""substrate_material"": ""Al2O3"", ""topclad_material"": ""SiO2"", ""core_eq_o"": ""(1+2.8032/(1-0.015287/x**2)+0.36335/(1-0.036095/x**2)-33508000/(1+367200000/x**2))**0.5"", ""core_eq_e"": ""(1+0.017061/(1-0.043855/x**2)+3.1976/(1-0.022642/x**2)-57269000/(1-74226000/x**2))**0.5"", ""core_chi2"": ""AlN"", ""h_core"": 350.0, ""w_core"": 500.0}",refined,1,TM10,S,0.0097834161510426,TM24,0.1393730656442326,34,228.8159405176885,228.816282810735,1.9487548788209517,1.9487591889583804,-4.310137428964467e-06,2.0449250452155394,2073.163100267346,0.0087313400507927,4.441233360643942e-28,0.1317323268399688,0.1381544349480032,1951.6222111705272,1241.9005596639513,10789.502646420531,0.0,1.03099485,0.3762386051636793,0.0028947036273062,False,2.01684570284118,0.0086849917683919,TM44,runs\trial_grid\exports\a71d9c3d15aa_x02.npz,0.9999927746408772,0.9999735052991034,TM44
a71d9c3d15aa,ridge,"{""sidewall_angle"": 5.0, ""substrate_height"": 1000.0, ""topclad_height"": 800.0, ""substrate_material"": ""Al2O3"", ""topclad_material"": ""SiO2"", ""core_eq_o"": ""(1+2.8032/(1-0.015287/x**2)+0.36335/(1-0.036095/x**2)-33508000/(1+367200000/x**2))**0.5"", ""core_eq_e"": ""(1+0.017061/(1-0.043855/x**2)+3.1976/(1-0.022642/x**2)-57269000/(1-74226000/x**2))**0.5"", ""core_chi2"": ""AlN"", ""h_core"": 350.0, ""w_core"": 500.0}",refined,0,TM00,A,0.0011309291597217,TM60,0.0222365133289734,34,228.35336637840095,228.3537887800662,2.0696716254737257,2.069677125449125,-5.499975399114732e-06,1.0136578479364222,3505.454296165217,0.0062187338760574,0.0015546428334364,0.1238011901088859,0.0833007734325077,433.61206172899546,1146.8610665732049,33845.47892954619,0.0,0.6709966500000001,0.2010210263260681,0.0004096135918979,False,0.946073286449955,0.0060255584105694,TM61,runs\trial_grid\exports\a71d9c3d15aa_x03.npz,0.9999936661266164,0.9999906274907696,TM61
a71d9c3d15aa,ridge,"{""sidewall_angle"": 5.0, ""substrate_height"": 1000.0, ""topclad_height"": 800.0, ""substrate_material"": ""Al2O3"", ""topclad_material"": ""SiO2"", ""core_eq_o"": ""(1+2.8032/(1-0.015287/x**2)+0.36335/(1-0.036095/x**2)-33508000/(1+367200000/x**2))**0.5"", ""core_eq_e"": ""(1+0.017061/(1-0.043855/x**2)+3.1976/(1-0.022642/x**2)-57269000/(1-74226000/x**2))**0.5"", ""core_chi2"": ""AlN"", ""h_core"": 350.0, ""w_core"": 500.0}",refined,1,TM10,S,0.0100742774392678,TM61,0.1766926118387654,35,230.69683735454075,230.69594970589205,1.944403596225223,1.9443925632815864,1.1032943636690716e-05,0.849940959726255,4940.002866973171,0.0055351681187577,2.006279262949229e-29,0.1328422324664539,0.1123538793436087,1942.6824596175225,1248.2119542793014,37091.15746813516,0.0,0.5009975000000001,0.1624426459266585,0.0002242791330139,False,0.8821276194003899,0.005630247724582,TM63,runs\trial_grid\exports\a71d9c3d15aa_x04.npz,0.9999974887772972,0.9995351447698132,TM63
a71d9c3d15aa,ridge,"{""sidewall_angle"": 5.0, ""substrate_height"": 1000.0, ""topclad_height"": 800.0, ""substrate_material"": ""Al2O3"", ""topclad_material"": ""SiO2"", ""core_eq_o"": ""(1+2.8032/(1-0.015287/x**2)+0.36335/(1-0.036095/x**2)-33508000/(1+367200000/x**2))**0.5"", ""core_eq_e"": ""(1+0.017061/(1-0.043855/x**2)+3.1976/(1-0.022642/x**2)-57269000/(1-74226000/x**2))**0.5"", ""core_chi2"": ""AlN"", ""h_core"": 350.0, ""w_core"": 500.0}",refined,1,TM10,S,0.0098845881744162,TE51,0.9002963664633039,33,229.4754302064642,229.47406416200417,1.947224695200912,1.947209552359315,1.5142841597315382e-05,0.2909898669930036,14519.810345956865,0.0032400172877054,2.355529868389397e-28,0.1321195266882252,0.1278803449344237,1948.527420965789,1244.1253442977968,53695.372257120725,0.0,0.39099805,0.1213572878401244,4.285579836980248e-05,False,0.2859719850365541,0.0032176966609868,TE54,runs\trial_grid\exports\a71d9c3d15aa_x05.npz,0.9999985786922692,0.9995268032748744,TE54
a71d9c3d15aa,ridge,"{""sidewall_angle"": 5.0, ""substrate_height"": 1000.0, ""topclad_height"": 800.0, ""substrate_material"": ""Al2O3"", ""topclad_material"": ""SiO2"", ""core_eq_o"": ""(1+2.8032/(1-0.015287/x**2)+0.36335/(1-0.036095/x**2)-33508000/(1+367200000/x**2))**0.5"", ""core_eq_e"": ""(1+0.017061/(1-0.043855/x**2)+3.1976/(1-0.022642/x**2)-57269000/(1-74226000/x**2))**0.5"", ""core_chi2"": ""AlN"", ""h_core"": 350.0, ""w_core"": 500.0}",refined,1,TM10,S,0.0079461640557959,TE15,0.9109507604853794,5,215.53418668291565,215.5230329356264,1.98073096354703,1.9805076162691664,0.0002233472778636,0.0378342363415789,120284.93098198176,0.0011137559057657,3.4917739777725306e-29,0.1243614972779136,0.1131166590718053,2002.3017103665263,1194.5943504592317,8107.251407296448,0.0,1.200994,0.4417376592725912,7.382676244891713e-05,False,0.2830004189970669,0.0030353839013349,TE35,runs\trial_grid\exports\a71d9c3d15aa_x06.npz,0.9999985974685444,0.9790245624327631,TE35
a71d9c3d15aa,ridge,"{""sidewall_angle"": 5.0, ""substrate_height"": 1000.0, ""topclad_height"": 800.0, ""substrate_material"": ""Al2O3"", ""topclad_material"": ""SiO2"", ""core_eq_o"": ""(1+2.8032/(1-0.015287/x**2)+0.36335/(1-0.036095/x**2)-33508000/(1+367200000/x**2))**0.5"", ""core_eq_e"": ""(1+0.017061/(1-0.043855/x**2)+3.1976/(1-0.022642/x**2)-57269000/(1-74226000/x**2))**0.5"", ""core_chi2"": ""AlN"", ""h_core"": 350.0, ""w_core"": 500.0}",refined,1,TM10,S,0.0088251567353931,TM62,0.117338122276832,30,222.24694572631384,222.24605137804565,1.9642792548372308,1.9642641015055664,1.5153331664130576e-05,0.1752298174348177,25042.061246598605,0.0023906284358438,1.773229760939876e-29,0.127986754075853,0.115399809114629,1979.743823209365,1218.963696973731,41687.5619311795,0.0,0.4609977,0.1483354853189637,3.8556546045116046e-05,False,0.1846631210046159,0.0024492751729429,TM63,runs\trial_grid\exports\a71d9c3d15aa_x07.npz,0.9999747534700888,0.9999309699472556,TM63
a71d9c3d15aa,ridge,"{""sidewall_angle"": 5.0, ""substrate_height"": 1000.0, ""topclad_height"": 800.0, ""substrate_material"": ""Al2O3"", ""topclad_material"": ""SiO2"", ""core_eq_o"": ""(1+2.8032/(1-0.015287/x**2)+0.36335/(1-0.036095/x**2)-33508000/(1+367200000/x**2))**0.5"", ""core_eq_e"": ""(1+0.017061/(1-0.043855/x**2)+3.1976/(1-0.022642/x**2)-57269000/(1-74226000/x**2))**0.5"", ""core_chi2"": ""AlN"", ""h_core"": 350.0, ""w_core"": 500.0}",screened,1,TM10,S,,TE34,0.8719769773058805,37,232.32549765172573,,1.9407002433370013,1.9407002433370013,,0.1652465213587673,25197.332397904735,0.0025170032028507,,,,,,,,,,,,0.1652465213587673,0.0025170032028507,TE34,,,,TE34
a71d9c3d15aa,ridge,"{""sidewall_angle"": 5.0, ""substrate_height"": 1000.0, ""topclad_height"": 800.0, ""substrate_material"": ""Al2O3"", ""topclad_material"": ""SiO2"", ""core_eq_o"": ""(1+2.8032/(1-0.015287/x**2)+0.36335/(1-0.036095/x**2)-33508000/(1+367200000/x**2))**0.5"", ""core_eq_e"": ""(1+0.017061/(1-0.043855/x**2)+3.1976/(1-0.022642/x**2)-57269000/(1-74226000/x**2))**0.5"", ""core_chi2"": ""AlN"", ""h_core"": 350.0, ""w_core"": 500.0}",screened,1,TM10,S,,TE54,0.8419317802448003,32,229.74625007894636,,1.9466046967615345,1.9466046967615345,,0.1008257674774743,41846.03594573937,0.0019336544691123,,,,,,,,,,,,0.1008257674774743,0.0019336544691123,TE54,,,,TE54
a71d9c3d15aa,ridge,"{""sidewall_angle"": 5.0, ""substrate_height"": 1000.0, ""topclad_height"": 800.0, ""substrate_material"": ""Al2O3"", ""topclad_material"": ""SiO2"", ""core_eq_o"": ""(1+2.8032/(1-0.015287/x**2)+0.36335/(1-0.036095/x**2)-33508000/(1+367200000/x**2))**0.5"", ""core_eq_e"": ""(1+0.017061/(1-0.043855/x**2)+3.1976/(1-0.022642/x**2)-57269000/(1-74226000/x**2))**0.5"", ""core_chi2"": ""AlN"", ""h_core"": 350.0, ""w_core"": 500.0}",screened,0,TM00,A,,TM43,0.1456764330832477,38,234.55615698124225,,2.0611046537493887,2.0611046537493887,,0.0990903973075759,34413.64289797869,0.0020124005400218,,,,,,,,,,,,0.0990903973075759,0.0020124005400218,TM43,,,,TM43
a71d9c3d15aa,ridge,"{""sidewall_angle"": 5.0, ""substrate_height"": 1000.0, ""topclad_height"": 800.0, ""substrate_material"": ""Al2O3"", ""topclad_material"": ""SiO2"", ""core_eq_o"": ""(1+2.8032/(1-0.015287/x**2)+0.36335/(1-0.036095/x**2)-33508000/(1+367200000/x**2))**0.5"", ""core_eq_e"": ""(1+0.017061/(1-0.043855/x**2)+3.1976/(1-0.022642/x**2)-57269000/(1-74226000/x**2))**0.5"", ""core_chi2"": ""AlN"", ""h_core"": 350.0, ""w_core"": 500.0}",screened,0,TM00,A,,TM63,0.092373176539532,31,222.7120727211457,,2.077949668925032,2.077949668925032,,0.0830645672855146,44437.29609314764,0.0017415290558601,,,,,,,,,,,,0.0830645672855146,0.0017415290558601,TM63,,,,TM63
a71d9c3d15aa,ridge,"{""sidewall_angle"": 5.0, ""substrate_height"": 1000.0, ""topclad_height"": 800.0, ""substrate_material"": ""Al2O3"", ""topclad_material"": ""SiO2"", ""core_eq_o"": ""(1+2.8032/(1-0.015287/x**2)+0.36335/(1-0.036095/x**2)-33508000/(1+367200000/x**2))**0.5"", ""core_eq_e"": ""(1+0.017061/(1-0.043855/x**2)+3.1976/(1-0.022642/x**2)-57269000/(1-74226000/x**2))**0.5"", ""core_chi2"": ""AlN"", ""h_core"": 350.0, ""w_core"": 500.0}",screened,0,TM00,A,,TM44,0.2599244791889113,2,220.83386659480576,,2.08077112916772,2.08077112916772,,0.0462307531652765,80876.20455383009,0.0012923581601128,,,,,,,,,,,,0.0462307531652765,0.0012923581601128,TM44,,,,TM44
a71d9c3d15aa,ridge,"{""sidewall_angle"": 5.0, ""substrate_height"": 1000.0, ""topclad_height"": 800.0, ""substrate_material"": ""Al2O3"", ""topclad_material"": ""SiO2"", ""core_eq_o"": ""(1+2.8032/(1-0.015287/x**2)+0.36335/(1-0.036095/x**2)-33508000/(1+367200000/x**2))**0.5"", ""core_eq_e"": ""(1+0.017061/(1-0.043855/x**2)+3.1976/(1-0.022642/x**2)-57269000/(1-74226000/x**2))**0.5"", ""core_chi2"": ""AlN"", ""h_core"": 350.0, ""w_core"": 500.0}",screened,1,TM10,S,,TE34,0.9141641334186708,2,218.38923442721585,,1.9736951231330169,1.9736951231330169,,0.033255589592075,134706.55093268587,0.0010464631909283,,,,,,,,,,,,0.033255589592075,0.0010464631909283,TE34,,,,TE34
a71d9c3d15aa,ridge,"{""sidewall_angle"": 5.0, ""substrate_height"": 1000.0, ""topclad_height"": 800.0, ""substrate_material"": ""Al2O3"", ""topclad_material"": ""SiO2"", ""core_eq_o"": ""(1+2.8032/(1-0.015287/x**2)+0.36335/(1-0.036095/x**2)-33508000/(1+367200000/x**2))**0.5"", ""core_eq_e"": ""(1+0.017061/(1-0.043855/x**2)+3.1976/(1-0.022642/x**2)-57269000/(1-74226000/x**2))**0.5"", ""core_chi2"": ""AlN"", ""h_core"": 350.0, ""w_core"": 500.0}",screened,1,TM10,S,,TM05,0.0219319489480621,1,220.22692336180972,,1.969170702100928,1.969170702100928,,0.0141431953570351,313629.97533535457,0.0007319972741195,,,,,,,,,,,,0.0141431953570351,0.0007319972741195,TM05,,,,TM05
a71d9c3d15aa,ridge,"{""sidewall_angle"": 5.0, ""substrate_height"": 1000.0, ""topclad_height"": 800.0, ""substrate_material"": ""Al2O3"", ""topclad_material"": ""SiO2"", ""core_eq_o"": ""(1+2.8032/(1-0.015287/x**2)+0.36335/(1-0.036095/x**2)-33508000/(1+367200000/x**2))**0.5"", ""core_eq_e"": ""(1+0.017061/(1-0.043855/x**2)+3.1976/(1-0.022642/x**2)-57269000/(1-74226000/x**2))**0.5"", ""core_chi2"": ""AlN"", ""h_core"": 350.0, ""w_core"": 500.0}",screened,1,TM10,S,,TE53,0.8919703965294807,0,221.45460526496888,,1.966222525141004,1.966222525141004,,0.0116763270114926,377383.0074437212,0.0006201505883109,,,,,,,,,,,,0.0116763270114926,0.0006201505883109,TE53,,,,TE53
a71d9c3d15aa,ridge,"{""sidewall_angle"": 5.0, ""substrate_height"": 1000.0, ""topclad_height"": 800.0, ""substrate_material"": ""Al2O3"", ""topclad_material"": ""SiO2"", ""core_eq_o"": ""(1+2.8032/(1-0.015287/x**2)+0.36335/(1-0.036095/x**2)-33508000/(1+367200000/x**2))**0.5"", ""core_eq_e"": ""(1+0.017061/(1-0.043855/x**2)+3.1976/(1-0.022642/x**2)-57269000/(1-74226000/x**2))**0.5"", ""core_chi2"": ""AlN"", ""h_core"": 350.0, ""w_core"": 500.0}",screened,0,TM00,A,,TE34,0.8194920135028312,1,221.85973135274912,,2.0792300647508166,2.0792300647508166,,0.0110684683953913,335431.5356861014,0.000631444201652,,,,,,,,,,,,0.0110684683953913,0.000631444201652,TE34,,,,TE34
a71d9c3d15aa,ridge,"{""sidewall_angle"": 5.0, ""substrate_height"": 1000.0, ""topclad_height"": 800.0, ""substrate_material"": ""Al2O3"", ""topclad_material"": ""SiO2"", ""core_eq_o"": ""(1+2.8032/(1-0.015287/x**2)+0.36335/(1-0.036095/x**2)-33508000/(1+367200000/x**2))**0.5"", ""core_eq_e"": ""(1+0.017061/(1-0.043855/x**2)+3.1976/(1-0.022642/x**2)-57269000/(1-74226000/x**2))**0.5"", ""core_chi2"": ""AlN"", ""h_core"": 350.0, ""w_core"": 500.0}",screened,0,TM00,A,,TE51,0.9670250867571072,30,225.63769122152905,,2.0735989837329862,2.0735989837329862,,0.0107561923796428,336433.980813282,0.0006329339927736,,,,,,,,,,,,0.0107561923796428,0.0006329339927736,TE51,,,,TE51
a71d9c3d15aa,ridge,"{""sidewall_angle"": 5.0, ""substrate_height"": 1000.0, ""topclad_height"": 800.0, ""substrate_material"": ""Al2O3"", ""topclad_material"": ""SiO2"", ""core_eq_o"": ""(1+2.8032/(1-0.015287/x**2)+0.36335/(1-0.036095/x**2)-33508000/(1+367200000/x**2))**0.5"", ""core_eq_e"": ""(1+0.017061/(1-0.043855/x**2)+3.1976/(1-0.022642/x**2)-57269000/(1-74226000/x**2))**0.5"", ""core_chi2"": ""AlN"", ""h_core"": 350.0, ""w_core"": 500.0}",screened,1,TM10,S,,TM65,0.1287262568870113,6,215.31830802407737,,1.9812820125326591,1.9812820125326591,,0.0097912738611022,465281.7508544969,0.0005676435735691,,,,,,,,,,,,0.0097912738611022,0.0005676435735691,TM65,,,,TM65
a71d9c3d15aa,ridge,"{""sidewall_angle"": 5.0, ""substrate_height"": 1000.0, ""topclad_height"": 800.0, ""substrate_material"": ""Al2O3"", ""topclad_material"": ""SiO2"", ""core_eq_o"": ""(1+2.8032/(1-0.015287/x**2)+0.36335/(1-0.036095/x**2)-33508000/(1+367200000/x**2))**0.5"", ""core_eq_e"": ""(1+0.017061/(1-0.043855/x**2)+3.1976/(1-0.022642/x**2)-57269000/(1-74226000/x**2))**0.5"", ""core_chi2"": ""AlN"", ""h_core"": 350.0, ""w_core"": 500.0}",screened,0,TM00,A,,TM63,0.0716976287672075,5,216.62525051604015,,2.087353844085653,2.087353844085653,,0.0093663821193578,410939.3866386509,0.0005579573853677,,,,,,,,,,,,0.0093663821193578,0.0005579573853677,TM63,,,,TM63
a71d9c3d15aa,ridge,"{""sidewall_angle"": 5.0, ""substrate_height"": 1000.0, ""topclad_height"": 800.0, ""substrate_material"": ""Al2O3"", ""topclad_material"": ""SiO2"", ""core_eq_o"": ""(1+2.8032/(1-0.015287/x**2)+0.36335/(1-0.036095/x**2)-33508000/(1+367200000/x**2))**0.5"", ""core_eq_e"": ""(1+0.017061/(1-0.043855/x**2)+3.1976/(1-0.022642/x**2)-57269000/(1-74226000/x**2))**0.5"", ""core_chi2"": ""AlN"", ""h_core"": 350.0, ""w_core"": 500.0}",screened,0,TM00,A,,TE52,0.915709067119556,3,220.496134973598,,2.0812784730255496,2.0812784730255496,,0.0062663295023552,598067.574957111,0.0004706492793336,,,,,,,,,,,,0.0062663295023552,0.0004706492793336,TE52,,,,TE52
a71d9c3d15aa,ridge,"{""sidewall_angle"": 5.0, ""substrate_height"": 1000.0, ""topclad_height"": 800.0, ""substrate_material"": ""Al2O3"", ""topclad_material"": ""SiO2"", ""core_eq_o"": ""(1+2.8032/(1-0.015287/x**2)+0.36335/(1-0.036095/x**2)-33508000/(1+367200000/x**2))**0.5"", ""core_eq_e"": ""(1+0.017061/(1-0.043855/x**2)+3.1976/(1-0.022642/x**2)-57269000/(1-74226000/x**2))**0.5"", ""core_chi2"": ""AlN"", ""h_core"": 350.0, ""w_core"": 500.0}",screened,1,TM10,S,,TM64,0.205335316908185,3,217.85919990126868,,1.9750046020323624,1.9750046020323624,,0.005215301701712,861430.8929319009,0.0004127103563152,,,,,,,,,,,,0.005215301701712,0.0004127103563152,TM64,,,,TM64
a71d9c3d15aa,ridge,"{""sidewall_angle"": 5.0, ""substrate_height"": 1000.0, ""topclad_height"": 800.0, ""substrate_material"": ""Al2O3"", ""topclad_material"": ""SiO2"", ""core_eq_o"": ""(1+2.8032/(1-0.015287/x**2)+0.36335/(1-0.036095/x**2)-33508000/(1+367200000/x**2))**0.5"", ""core_eq_e"": ""(1+0.017061/(1-0.043855/x**2)+3.1976/(1-0.022642/x**2)-57269000/(1-74226000/x**2))**0.5"", ""core_chi2"": ""AlN"", ""h_core"": 350.0, ""w_core"": 500.0}",screened,0,TM00,A,,TM63,0.1681026648388303,0,222.44759525224276,,2.078346969654239,2.078346969654239,,0.0013571999766477,2724598.997417138,0.0002210150677966,,,,,,,,,,,,0.0013571999766477,0.0002210150677966,TM63,,,,TM63
a71d9c3d15aa,ridge,"{""sidewall_angle"": 5.0, ""substrate_height"": 1000.0, ""topclad_height"": 800.0, ""substrate_material"": ""Al2O3"", ""topclad_material"": ""SiO2"", ""core_eq_o"": ""(1+2.8032/(1-0.015287/x**2)+0.36335/(1-0.036095/x**2)-33508000/(1+367200000/x**2))**0.5"", ""core_eq_e"": ""(1+0.017061/(1-0.043855/x**2)+3.1976/(1-0.022642/x**2)-57269000/(1-74226000/x**2))**0.5"", ""core_chi2"": ""AlN"", ""h_core"": 350.0, ""w_core"": 500.0}",screened,3,TE00,S,,TM62,0.3858388987120136,0,227.0428778949945,,2.0051777034993896,2.0051777034993896,,0.0006813684596791,5800956.797446394,0.0070899511912725,,,,,,,,,,,,0.0006813684596791,0.0070899511912725,TM62,,,,TM62
a71d9c3d15aa,ridge,"{""sidewall_angle"": 5.0, ""substrate_height"": 1000.0, ""topclad_height"": 800.0, ""substrate_material"": ""Al2O3"", ""topclad_material"": ""SiO2"", ""core_eq_o"": ""(1+2.8032/(1-0.015287/x**2)+0.36335/(1-0.036095/x**2)-33508000/(1+367200000/x**2))**0.5"", ""core_eq_e"": ""(1+0.017061/(1-0.043855/x**2)+3.1976/(1-0.022642/x**2)-57269000/(1-74226000/x**2))**0.5"", ""core_chi2"": ""AlN"", ""h_core"": 350.0, ""w_core"": 500.0}",screened,3,TE00,S,,TM64,0.0320094023234573,33,233.69134254868615,,1.9953877518480487,1.9953877518480487,,0.0006371862123916,5941861.175440828,0.0071133496021353,,,,,,,,,,,,0.0006371862123916,0.0071133496021353,TM64,,,,TM64
a71d9c3d15aa,ridge,"{""sidewall_angle"": 5.0, ""substrate_height"": 1000.0, ""topclad_height"": 800.0, ""substrate_material"": ""Al2O3"", ""topclad_material"": ""SiO2"", ""core_eq_o"": ""(1+2.8032/(1-0.015287/x**2)+0.36335/(1-0.036095/x**2)-33508000/(1+367200000/x**2))**0.5"", ""core_eq_e"": ""(1+0.017061/(1-0.043855/x**2)+3.1976/(1-0.022642/x**2)-57269000/(1-74226000/x**2))**0.5"", ""core_chi2"": ""AlN"", ""h_core"": 350.0, ""w_core"": 500.0}",screened,0,TM00,A,,TE33,0.9383971058513384,36,233.5760617688497,,2.062447752359264,2.062447752359264,,0.0005767560403782,5950566.90810133,0.0001530337944848,,,,,,,,,,,,0.0005767560403782,0.0001530337944848,TE33,,,,TE33
a71d9c3d15aa,ridge,"{""sidewall_angle"": 5.0, ""substrate_height"": 1000.0, ""topclad_height"": 800.0, ""substrate_material"": ""Al2O3"", ""topclad_material"": ""SiO2"", ""core_eq_o"": ""(1+2.8032/(1-0.015287/x**2)+0.36335/(1-0.036095/x**2)-33508000/(1+367200000/x**2))**0.5"", ""core_eq_e"": ""(1+0.017061/(1-0.043855/x**2)+3.1976/(1-0.022642/x**2)-57269000/(1-74226000/x**2))**0.5"", ""core_chi2"": ""AlN"", ""h_core"": 350.0, ""w_core"": 500.0}",screened,3,TE00,S,,TM63,0.2717256886222877,1,226.62742302562015,,2.005799311149595,2.005799311149595,,0.0003687606303563,10747912.472496584,0.0051851561551138,,,,,,,,,,,,0.0003687606303563,0.0051851561551138,TM63,,,,TM63
a71d9c3d15aa,ridge,"{""sidewall_angle"": 5.0, ""substrate_height"": 1000.0, ""topclad_height"": 800.0, ""substrate_material"": ""Al2O3"", ""topclad_material"": ""SiO2"", ""core_eq_o"": ""(1+2.8032/(1-0.015287/x**2)+0.36335/(1-0.036095/x**2)-33508000/(1+367200000/x**2))**0.5"", ""core_eq_e"": ""(1+0.017061/(1-0.043855/x**2)+3.1976/(1-0.022642/x**2)-57269000/(1-74226000/x**2))**0.5"", ""core_chi2"": ""AlN"", ""h_core"": 350.0, ""w_core"": 500.0}",screened,3,TE00,S,,TE44,0.5906004101202741,31,227.34717715228217,,2.0047224079661663,2.0047224079661663,,0.0002160358235552,18259479.12742664,0.004042683057981,,,,,,,,,,,,0.0002160358235552,0.004042683057981,TE44,,,,TE44
a71d9c3d15aa,ridge,"{""sidewall_angle"": 5.0, ""substrate_height"": 1000.0, ""topclad_height"": 800.0, ""substrate_material"": ""Al2O3"", ""topclad_material"": ""SiO2"", ""core_eq_o"": ""(1+2.8032/(1-0.015287/x**2)+0.36335/(1-0.036095/x**2)-33508000/(1+367200000/x**2))**0.5"", ""core_eq_e"": ""(1+0.017061/(1-0.043855/x**2)+3.1976/(1-0.022642/x**2)-57269000/(1-74226000/x**2))**0.5"", ""core_chi2"": ""AlN"", ""h_core"": 350.0, ""w_core"": 500.0}",screened,3,TE00,S,,TM63,0.0890126850133369,5,219.68801053425076,,2.0164520800764927,2.0164520800764927,,0.0002137929348205,19417184.000368547,0.0037820845417414,,,,,,,,,,,,0.0002137929348205,0.0037820845417414,TM63,,,,TM63
a71d9c3d15aa,ridge,"{""sidewall_angle"": 5.0, ""substrate_height"": 1000.0, ""topclad_height"": 800.0, ""substrate_material"": ""Al2O3"", ""topclad_material"": ""SiO2"", ""core_eq_o"": ""(1+2.8032/(1-0.015287/x**2)+0.36335/(1-0.036095/x**2)-33508000/(1+367200000/x**2))**0.5"", ""core_eq_e"": ""(1+0.017061/(1-0.043855/x**2)+3.1976/(1-0.022642/x**2)-57269000/(1-74226000/x**2))**0.5"", ""core_chi2"": ""AlN"", ""h_core"": 350.0, ""w_core"": 500.0}",screened,0,TM00,A,,TE34,0.9519934989771984,4,220.2776115657495,,2.081606741099375,2.081606741099375,,0.0001745153432075,21507287.16229715,7.934089223308971e-05,,,,,,,,,,,,0.0001745153432075,7.934089223308971e-05,TE34,,,,TE34
a71d9c3d15aa,ridge,"{""sidewall_angle"": 5.0, ""substrate_height"": 1000.0, ""topclad_height"": 800.0, ""substrate_material"": ""Al2O3"", ""topclad_material"": ""SiO2"", ""core_eq_o"": ""(1+2.8032/(1-0.015287/x**2)+0.36335/(1-0.036095/x**2)-33508000/(1+367200000/x**2))**0.5"", ""core_eq_e"": ""(1+0.017061/(1-0.043855/x**2)+3.1976/(1-0.022642/x**2)-57269000/(1-74226000/x**2))**0.5"", ""core_chi2"": ""AlN"", ""h_core"": 350.0, ""w_core"": 500.0}",screened,4,TE10,A,,TM83,0.3821128992781987,8,217.74451971948628,,1.892818108315644,1.892818108315644,,0.0001182400207327,43208621.7762588,0.000280353899928,,,,,,,,,,,,0.0001182400207327,0.000280353899928,TM83,,,,TM83
a71d9c3d15aa,ridge,"{""sidewall_angle"": 5.0, ""substrate_height"": 1000.0, ""topclad_height"": 800.0, ""substrate_material"": ""Al2O3"", ""topclad_material"": ""SiO2"", ""core_eq_o"": ""(1+2.8032/(1-0.015287/x**2)+0.36335/(1-0.036095/x**2)-33508000/(1+367200000/x**2))**0.5"", ""core_eq_e"": ""(1+0.017061/(1-0.043855/x**2)+3.1976/(1-0.022642/x**2)-57269000/(1-74226000/x**2))**0.5"", ""core_chi2"": ""AlN"", ""h_core"": 350.0, ""w_core"": 500.0}",screened,3,TE00,S,,TM64,0.0102277595200227,34,233.79765251086343,,1.995233227145414,1.995233227145414,,6.800855832783496e-05,55632830.57207171,0.002442309479407,,,,,,,,,,,,6.800855832783496e-05,0.002442309479407,TM64,,,,TM64
a71d9c3d15aa,ridge,"{""sidewall_angle"": 5.0, ""substrate_height"": 1000.0, ""topclad_height"": 800.0, ""substrate_material"": ""Al2O3"", ""topclad_material"": ""SiO2"", ""core_eq_o"": ""(1+2.8032/(1-0.015287/x**2)+0.36335/(1-0.036095/x**2)-33508000/(1+367200000/x**2))**0.5"", ""core_eq_e"": ""(1+0.017061/(1-0.043855/x**2)+3.1976/(1-0.022642/x**2)-57269000/(1-74226000/x**2))**0.5"", ""core_chi2"": ""AlN"", ""h_core"": 350.0, ""w_core"": 500.0}",screened,1,TM10,S,,TM63,0.3806927104421314,38,231.43992033048696,,1.94272266152899,1.94272266152899,,3.6596494551696734e-05,114289827.02964433,3.712008814576638e-05,,,,,,,,,,,,3.6596494551696734e-05,3.712008814576638e-05,TM63,,,,TM63
a71d9c3d15aa,ridge,"{""sidewall_angle"": 5.0, ""substrate_height"": 1000.0, ""topclad_height"": 800.0, ""substrate_material"": ""Al2O3"", ""topclad_material"": ""SiO2"", ""core_eq_o"": ""(1+2.8032/(1-0.015287/x**2)+0.36335/(1-0.036095/x**2)-33508000/(1+367200000/x**2))**0.5"", ""core_eq_e"": ""(1+0.017061/(1-0.043855/x**2)+3.1976/(1-0.022642/x**2)-57269000/(1-74226000/x**2))**0.5"", ""core_chi2"": ""AlN"", ""h_core"": 350.0, ""w_core"": 500.0}",screened,3,TE00,S,,TE54,0.8322719520010229,8,216.08093509199784,,2.0222138437960298,2.0222138437960298,,3.63510798655924e-05,117037373.93148635,0.001558608222102,,,,,,,,,,,,3.63510798655924e-05,0.001558608222102,TE54,,,,TE54
a71d9c3d15aa,ridge,"{""sidewall_angle"": 5.0, ""substrate_height"": 1000.0, ""topclad_height"": 800.0, ""substrate_material"": ""Al2O3"", ""topclad_material"": ""SiO2"", ""core_eq_o"": ""(1+2.8032/(1-0.015287/x**2)+0.36335/(1-0.036095/x**2)-33508000/(1+367200000/x**2))**0.5"", ""core_eq_e"": ""(1+0.017061/(1-0.043855/x**2)+3.1976/(1-0.022642/x**2)-57269000/(1-74226000/x**2))**0.5"", ""core_chi2"": ""AlN"", ""h_core"": 350.0, ""w_core"": 500.0}",screened,3,TE00,S,,TM05,0.0185461772910972,7,217.66254270503453,,2.0196874621028185,2.0196874621028185,,3.372086911806511e-05,124806544.6751427,0.0015926266718665,,,,,,,,,,,,3.372086911806511e-05,0.0015926266718665,TM05,,,,TM05
a71d9c3d15aa,ridge,"{""sidewall_angle"": 5.0, ""substrate_height"": 1000.0, ""topclad_height"": 800.0, ""substrate_material"": ""Al2O3"", ""topclad_material"": ""SiO2"", ""core_eq_o"": ""(1+2.8032/(1-0.015287/x**2)+0.36335/(1-0.036095/x**2)-33508000/(1+367200000/x**2))**0.5"", ""core_eq_e"": ""(1+0.017061/(1-0.043855/x**2)+3.1976/(1-0.022642/x**2)-57269000/(1-74226000/x**2))**0.5"", ""core_chi2"": ""AlN"", ""h_core"": 350.0, ""w_core"": 500.0}",screened,4,TE10,A,,TE34,0.926609776399094,2,223.84787567330815,,1.8769127823072231,1.8769127823072231,,2.820368822537644e-05,175797173.62637508,0.0001575881037679,,,,,,,,,,,,2.820368822537644e-05,0.0001575881037679,TE34,,,,TE34
a71d9c3d15aa,ridge,"{""sidewall_angle"": 5.0, ""substrate_height"": 1000.0, ""topclad_height"": 800.0, ""substrate_material"": ""Al2O3"", ""topclad_material"": ""SiO2"", ""core_eq_o"": ""(1+2.8032/(1-0.015287/x**2)+0.36335/(1-0.036095/x**2)-33508000/(1+367200000/x**2))**0.5"", ""core_eq_e"": ""(1+0.017061/(1-0.043855/x**2)+3.1976/(1-0.022642/x**2)-57269000/(1-74226000/x**2))**0.5"", ""core_chi2"": ""AlN"", ""h_core"": 350.0, ""w_core"": 500.0}",screened,3,TE00,S,,TE35,0.5585957742738342,9,215.88097963423547,,2.0225332427441534,2.0225332427441534,,1.9127970541421503e-05,222726229.00896868,0.0011226138247053,,,,,,,,,,,,1.9127970541421503e-05,0.0011226138247053,TE35,,,,TE35
a71d9c3d15aa,ridge,"{""sidewall_angle"": 5.0, ""substrate_height"": 1000.0, ""topclad_height"": 800.0, ""substrate_material"": ""Al2O3"", ""topclad_material"": ""SiO2"", ""core_eq_o"": ""(1+2.8032/(1-0.015287/x**2)+0.36335/(1-0.036095/x**2)-33508000/(1+367200000/x**2))**0.5"", ""core_eq_e"": ""(1+0.017061/(1-0.043855/x**2)+3.1976/(1-0.022642/x**2)-57269000/(1-74226000/x**2))**0.5"", ""core_chi2"": ""AlN"", ""h_core"": 350.0, ""w_core"": 500.0}",screened,3,TE00,S,,TE51,0.9618761954877516,30,231.56408493251925,,1.9984797842769408,1.9984797842769408,,1.328415889484664e-05,288921778.53968847,0.0010132802709864,,,,,,,,,,,,1.328415889484664e-05,0.0010132802709864,TE51,,,,TE51
a71d9c3d15aa,ridge,"{""sidewall_angle"": 5.0, ""substrate_height"": 1000.0, ""topclad_height"": 800.0, ""substrate_material"": ""Al2O3"", ""topclad_material"": ""SiO2"", ""core_eq_o"": ""(1+2.8032/(1-0.015287/x**2)+0.36335/(1-0.036095/x**2)-33508000/(1+367200000/x**2))**0.5"", ""core_eq_e"": ""(1+0.017061/(1-0.043855/x**2)+3.1976/(1-0.022642/x**2)-57269000/(1-74226000/x**2))**0.5"", ""core_chi2"": ""AlN"", ""h_core"": 350.0, ""w_core"": 500.0}",screened,3,TE00,S,,TE54,0.9349752006800596,3,225.1172097594804,,2.00805890705008,2.00805890705008,,8.219607887998385e-06,487032769.1627176,0.0007762907837476,,,,,,,,,,,,8.219607887998385e-06,0.0007762907837476,TE54,,,,TE54
a71d9c3d15aa,ridge,"{""sidewall_angle"": 5.0, ""substrate_height"": 1000.0, ""topclad_height"": 800.0, ""substrate_material"": ""Al2O3"", ""topclad_material"": ""SiO2"", ""core_eq_o"": ""(1+2.8032/(1-0.015287/x**2)+0.36335/(1-0.036095/x**2)-33508000/(1+367200000/x**2))**0.5"", ""core_eq_e"": ""(1+0.017061/(1-0.043855/x**2)+3.1976/(1-0.022642/x**2)-57269000/(1-74226000/x**2))**0.5"", ""core_chi2"": ""AlN"", ""h_core"": 350.0, ""w_core"": 500.0}",screened,3,TE00,S,,TM44,0.338009810537703,4,224.9434169903555,,2.0083216353405,2.0083216353405,,4.390728543410927e-06,912794595.0694656,0.0005714239189923,,,,,,,,,,,,4.390728543410927e-06,0.0005714239189923,TM44,,,,TM44
a71d9c3d15aa,ridge,"{""sidewall_angle"": 5.0, ""substrate_height"": 1000.0, ""topclad_height"": 800.0, ""substrate_material"": ""Al2O3"", ""topclad_material"": ""SiO2"", ""core_eq_o"": ""(1+2.8032/(1-0.015287/x**2)+0.36335/(1-0.036095/x**2)-33508000/(1+367200000/x**2))**0.5"", ""core_eq_e"": ""(1+0.017061/(1-0.043855/x**2)+3.1976/(1-0.022642/x**2)-57269000/(1-74226000/x**2))**0.5"", ""core_chi2"": ""AlN"", ""h_core"": 350.0, ""w_core"": 500.0}",screened,3,TE00,S,,TE53,0.9373982523013096,6,218.64777304345068,,2.01811370394052,2.01811370394052,,1.4280354443106628e-06,2927453639.1662254,0.0003103627008377,,,,,,,,,,,,1.4280354443106628e-06,0.0003103627008377,TE53,,,,TE53
a71d9c3d15aa,ridge,"{""sidewall_angle"": 5.0, ""substrate_height"": 1000.0, ""topclad_height"": 800.0, ""substrate_material"": ""Al2O3"", ""topclad_material"": ""SiO2"", ""core_eq_o"": ""(1+2.8032/(1-0.015287/x**2)+0.36335/(1-0.036095/x**2)-33508000/(1+367200000/x**2))**0.5"", ""core_eq_e"": ""(1+0.017061/(1-0.043855/x**2)+3.1976/(1-0.022642/x**2)-57269000/(1-74226000/x**2))**0.5"", ""core_chi2"": ""AlN"", ""h_core"": 350.0, ""w_core"": 500.0}",screened,3,TE00,S,,TE54,0.8518533147507644,2,225.2857723449,,2.0078067020565675,2.0078067020565675,,1.11987896639255e-06,3570686381.2153,0.0002871989231904,,,,,,,,,,,,1.11987896639255e-06,0.0002871989231904,TE54,,,,TE54
a71d9c3d15aa,ridge,"{""sidewall_angle"": 5.0, ""substrate_height"": 1000.0, ""topclad_height"": 800.0, ""substrate_material"": ""Al2O3"", ""topclad_material"": ""SiO2"", ""core_eq_o"": ""(1+2.8032/(1-0.015287/x**2)+0.36335/(1-0.036095/x**2)-33508000/(1+367200000/x**2))**0.5"", ""core_eq_e"": ""(1+0.017061/(1-0.043855/x**2)+3.1976/(1-0.022642/x**2)-57269000/(1-74226000/x**2))**0.5"", ""core_chi2"": ""AlN"", ""h_core"": 350.0, ""w_core"": 500.0}",screened,0,TM00,A,,TE53,0.9529219361128513,6,215.1705251212184,,2.089651434248588,2.089651434248588,,6.344497859474526e-07,6128746543.517668,4.608191027244112e-06,,,,,,,,,,,,6.344497859474526e-07,4.608191027244112e-06,TE53,,,,TE53
8f914b33fc75,ridge,"{""sidewall_angle"": 5.0, ""substrate_height"": 1000.0, ""topclad_height"": 800.0, ""substrate_material"": ""Al2O3"", ""topclad_material"": ""SiO2"", ""core_eq_o"": ""(1+2.8032/(1-0.015287/x**2)+0.36335/(1-0.036095/x**2)-33508000/(1+367200000/x**2))**0.5"", ""core_eq_e"": ""(1+0.017061/(1-0.043855/x**2)+3.1976/(1-0.022642/x**2)-57269000/(1-74226000/x**2))**0.5"", ""core_chi2"": ""AlN"", ""h_core"": 350.0, ""w_core"": 600.0}",refined,0,TM00,A,0.0009065185087782,TM04,0.0126884209004903,36,227.23077704443685,227.23165809523675,2.082214513198563,2.082225483284595,-1.0970086031569792e-05,3.852661577985689,914.707330184432,0.0135684926678982,0.0070733255221111,0.1444348616254929,0.1534131060281673,265.3906187631385,1132.020063734634,1654.0165987744067,0.0,3.990980050000001,1.4526452793827662,0.0812980288882487,False,3.99103463014535,0.0137772256238416,TM44,runs\trial_grid\exports\8f914b33fc75_x00.npz,0.9999897988408858,0.9999595933473524,TM44
8f914b33fc75,ridge,"{""sidewall_angle"": 5.0, ""substrate_height"": 1000.0, ""topclad_height"": 800.0, ""substrate_material"": ""Al2O3"", ""topclad_material"": ""SiO2"", ""core_eq_o"": ""(1+2.8032/(1-0.015287/x**2)+0.36335/(1-0.036095/x**2)-33508000/(1+367200000/x**2))**0.5"", ""core_eq_e"": ""(1+0.017061/(1-0.043855/x**2)+3.1976/(1-0.022642/x**2)-57269000/(1-74226000/x**2))**0.5"", ""core_chi2"": ""AlN"", ""h_core"": 350.0, ""w_core"": 600.0}",refined,1,TM10,S,0.0068816836802542,TM80,0.0222792913330869,0,227.30422963285403,227.3047804390487,1.9965886696641255,1.9965964321157483,-7.762451622594924e-06,3.02402000213256,1320.9574706900437,0.0111702060883477,6.4780784262300855e-34,0.1496600556752221,0.1009918723832137,1152.9091429732323,1192.0465134368606,39288.96451758302,0.0,0.53099735,0.1657344690154671,0.0008306352201765,False,3.1240938640982603,0.0113380186672974,TM81,runs\trial_grid\exports\8f914b33fc75_x01.npz,0.9999788347464368,0.9997912865757574,TM81
8f914b33fc75,ridge,"{""sidewall_angle"": 5.0, ""substrate_height"": 1000.0, ""topclad_height"": 800.0, ""substrate_material"": ""Al2O3"", ""topclad_material"": ""SiO2"", ""core_eq_o"": ""(1+2.8032/(1-0.015287/x**2)+0.36335/(1-0.036095/x**2)-33508000/(1+367200000/x**2))**0.5"", ""core_eq_e"": ""(1+0.017061/(1-0.043855/x**2)+3.1976/(1-0.022642/x**2)-57269000/(1-74226000/x**2))**0.5"", ""core_chi2"": ""AlN"", ""h_core"": 350.0, ""w_core"": 600.0}",refined,1,TM10,S,0.0069259339055529,TM24,0.0773598942750023,32,228.5729830722967,228.57190508415337,1.9940121463910607,1.993998950502538,1.3195888523220844e-05,1.9783163959251484,2004.6102974515863,0.0094953453079274,1.3313587949532104e-32,0.1503725289743803,0.1719134744517354,1150.1850760539337,1196.2676958171437,4223.677204592897,0.0,1.95099025,0.7170541321043654,0.0101718427113785,False,1.972021257018941,0.0094984164077556,TM24,runs\trial_grid\exports\8f914b33fc75_x02.npz,0.9999920548975754,0.9998847888776592,TM24
8f914b33fc75,ridge,"{""sidewall_angle"": 5.0, ""substrate_height"": 1000.0, ""topclad_height"": 800.0, ""substrate_material"": ""Al2O3"", ""topclad_material"": ""SiO2"", ""core_eq_o"": ""(1+2.8032/(1-0.015287/x**2)+0.36335/(1-0.036095/x**2)-33508000/(1+367200000/x**2))**0.5"", ""core_eq_e"": ""(1+0.017061/(1-0.043855/x**2)+3.1976/(1-0.022642/x**2)-57269000/(1-74226000/x**2))**0.5"", ""core_chi2"": ""AlN"", ""h_core"": 350.0, ""w_core"": 600.0}",refined,0,TM00,A,0.0009139039047634,TM43,0.0455305434595504,37,227.7671481270065,227.7679960305433,2.081486960736592,2.0814979925934787,-1.1031856886667413e-05,0.3428441930124701,10241.266615559129,0.0039635223274704,0.0009550842110619,0.1446855469240819,0.1370680014804565,265.08234464032523,1133.7933601051263,8552.782492559038,0.0,1.69099155,0.5899056230080217,0.0011930588584904,False,0.3529875770575703,0.0040310076615415,TM63,runs\trial_grid\exports\8f914b33fc75_x03.npz,0.9999897795699852,0.9999576297240712,TM63
8f914b33fc75,ridge,"{""sidewall_angle"": 5.0, ""substrate_height"": 1000.0, ""topclad_height"": 800.0, ""substrate_material"": ""Al2O3"", ""topclad_material"": ""SiO2"", ""core_eq_o"": ""(1+2.8032/(1-0.015287/x**2)+0.36335/(1-0.036095/x**2)-33508000/(1+367200000/x**2))**0.5"", ""core_eq_e"": ""(1+0.017061/(1-0.043855/x**2)+3.1976/(1-0.022642/x**2)-57269000/(1-74226000/x**2))**0.5"", ""core_chi2"": ""AlN"", ""h_core"": 350.0, ""w_core"": 600.0}",refined,2,TM21,A,0.0134743759023108,TE15,0.8680794074922286,1,221.6190671743145,221.6132417101117,1.88544137004533,1.8853645266385144,7.684340681546331e-05,0.1713828842642202,29117.423017133187,0.0037116220443415,0.0003969865583652,0.2104572794008262,0.1758957233507825,486.4583068299477,2575.829388389093,6253.702840116486,0.0,1.4009930000000002,0.5162936530994481,0.000456836735942,False,0.299254601275591,0.0048787231956777,TE75,runs\trial_grid\exports\8f914b33fc75_x04.npz,0.9999101648188204,0.9668605814035004,TE55
8f914b33fc75,ridge,"{""sidewall_angle"": 5.0, ""substrate_height"": 1000.0, ""topclad_height"": 800.0, ""substrate_material"": ""Al2O3"", ""topclad_material"": ""SiO2"", ""core_eq_o"": ""(1+2.8032/(1-0.015287/x**2)+0.36335/(1-0.036095/x**2)-33508000/(1+367200000/x**2))**0.5"", ""core_eq_e"": ""(1+0.017061/(1-0.043855/x**2)+3.1976/(1-0.022642/x**2)-57269000/(1-74226000/x**2))**0.5"", ""core_chi2"": ""AlN"", ""h_core"": 350.0, ""w_core"": 600.0}",refined,1,TM10,S,0.0070439353320784,TM62,0.113769845184526,30,231.2126917055696,231.2132951986204,1.9887097181611224,1.9887170927408584,-7.37457973620792e-06,0.213862054749347,18267.66973159445,0.0030363893742347,3.0566822288611685e-30,0.1518759156078405,0.1442119136867738,1144.2261603553018,1204.965387218058,19750.076487427963,0.0,0.8309958500000001,0.2809189739869801,0.0001687702455414,False,0.2157637342048204,0.0030473046443957,TM63,runs\trial_grid\exports\8f914b33fc75_x05.npz,0.9999942907534628,0.9999878766251524,TM63
8f914b33fc75,ridge,"{""sidewall_angle"": 5.0, ""substrate_height"": 1000.0, ""topclad_height"": 800.0, ""substrate_material"": ""Al2O3"", ""topclad_material"": ""SiO2"", ""core_eq_o"": ""(1+2.8032/(1-0.015287/x**2)+0.36335/(1-0.036095/x**2)-33508000/(1+367200000/x**2))**0.5"", ""core_eq_e"": ""(1+0.017061/(1-0.043855/x**2)+3.1976/(1-0.022642/x**2)-57269000/(1-74226000/x**2))**0.5"", ""core_chi2"": ""AlN"", ""h_core"": 350.0, ""w_core"": 600.0}",refined,0,TM00,A,0.0008349574857384,TM80,0.0275571699006114,0,221.87214290713524,221.87282064051,2.089699987527636,2.089711586050848,-1.159852321253041e-05,0.1701543102648888,21490.834638430613,0.0026711946842838,0.0005128130006419,0.1419613517285058,0.1003217511616583,268.2563431614713,1114.03397773268,33116.24471800743,0.0,0.71099645,0.2091924798172335,7.446206761725437e-05,False,0.1790110861018947,0.0027331825627788,TM81,runs\trial_grid\exports\8f914b33fc75_x06.npz,0.9999928117263672,0.9999898970438896,TM81
8f914b33fc75,ridge,"{""sidewall_angle"": 5.0, ""substrate_height"": 1000.0, ""topclad_height"": 800.0, ""substrate_material"": ""Al2O3"", ""topclad_material"": ""SiO2"", ""core_eq_o"": ""(1+2.8032/(1-0.015287/x**2)+0.36335/(1-0.036095/x**2)-33508000/(1+367200000/x**2))**0.5"", ""core_eq_e"": ""(1+0.017061/(1-0.043855/x**2)+3.1976/(1-0.022642/x**2)-57269000/(1-74226000/x**2))**0.5"", ""core_chi2"": ""AlN"", ""h_core"": 350.0, ""w_core"": 600.0}",refined,2,TM21,A,0.0134937938091535,TM82,0.1533219076174484,0,221.7714761471655,221.76572162762892,1.8850245821763656,1.884918769850458,0.0001058123259074,0.181915774564296,27412.43496888153,0.0034688006524045,0.0005468183310245,0.2107389338237231,0.1512925516290804,485.533599813204,2575.501540512455,42113.30620733117,0.0,0.4609977,0.1485658632325929,4.01521145238865e-05,False,0.1546246940835431,0.0032048169643162,TM84,runs\trial_grid\exports\8f914b33fc75_x07.npz,0.9998925420159552,0.9737800161488795,TM84
8f914b33fc75,ridge,"{""sidewall_angle"": 5.0, ""substrate_height"": 1000.0, ""topclad_height"": 800.0, ""substrate_material"": ""Al2O3"", ""topclad_material"": ""SiO2"", ""core_eq_o"": ""(1+2.8032/(1-0.015287/x**2)+0.36335/(1-0.036095/x**2)-33508000/(1+367200000/x**2))**0.5"", ""core_eq_e"": ""(1+0.017061/(1-0.043855/x**2)+3.1976/(1-0.022642/x**2)-57269000/(1-74226000/x**2))**0.5"", ""core_chi2"": ""AlN"", ""h_core"": 350.0, ""w_core"": 600.0}",screened,1,TM10,S,,TM82,0.0696269865807159,3,221.8269974793287,,2.0079719618726903,2.0079719618726903,,0.1457351664807985,28293.71196755229,0.0023781626648318,,,,,,,,,,,,0.1457351664807985,0.0023781626648318,TM82,,,,TM82
8f914b33fc75,ridge,"{""sidewall_angle"": 5.0, ""substrate_height"": 1000.0, ""topclad_height"": 800.0, ""substrate_material"": ""Al2O3"", ""topclad_material"": ""SiO2"", ""core_eq_o"": ""(1+2.8032/(1-0.015287/x**2)+0.36335/(1-0.036095/x**2)-33508000/(1+367200000/x**2))**0.5"", ""core_eq_e"": ""(1+0.017061/(1-0.043855/x**2)+3.1976/(1-0.022642/x**2)-57269000/(1-74226000/x**2))**0.5"", ""core_chi2"": ""AlN"", ""h_core"": 350.0, ""w_core"": 600.0}",screened,1,TM10,S,,TE72,0.9378529308524662,7,218.96935255149887,,2.0140371521388167,2.0140371521388167,,0.0899435685671185,46624.78138413637,0.0018622533143448,,,,,,,,,,,,0.0899435685671185,0.0018622533143448,TE72,,,,TE72
8f914b33fc75,ridge,"{""sidewall_angle"": 5.0, ""substrate_height"": 1000.0, ""topclad_height"": 800.0, ""substrate_material"": ""Al2O3"", ""topclad_material"": ""SiO2"", ""core_eq_o"": ""(1+2.8032/(1-0.015287/x**2)+0.36335/(1-0.036095/x**2)-33508000/(1+367200000/x**2))**0.5"", ""core_eq_e"": ""(1+0.017061/(1-0.043855/x**2)+3.1976/(1-0.022642/x**2)-57269000/(1-74226000/x**2))**0.5"", ""core_chi2"": ""AlN"", ""h_core"": 350.0, ""w_core"": 600.0}",screened,2,TM21,A,,TM104,0.3880832234820822,6,216.88810550826955,,1.898689195157093,1.898689195157093,,0.05907623532,86359.49715856202,0.0018614576136352,,,,,,,,,,,,0.05907623532,0.0018614576136352,TM104,,,,TM104
8f914b33fc75,ridge,"{""sidewall_angle"": 5.0, ""substrate_height"": 1000.0, ""topclad_height"": 800.0, ""substrate_material"": ""Al2O3"", ""topclad_material"": ""SiO2"", ""core_eq_o"": ""(1+2.8032/(1-0.015287/x**2)+0.36335/(1-0.036095/x**2)-33508000/(1+367200000/x**2))**0.5"", ""core_eq_e"": ""(1+0.017061/(1-0.043855/x**2)+3.1976/(1-0.022642/x**2)-57269000/(1-74226000/x**2))**0.5"", ""core_chi2"": ""AlN"", ""h_core"": 350.0, ""w_core"": 600.0}",screened,1,TM10,S,,TE53,0.9463090341710974,31,229.4175850358629,,1.992321951769896,1.992321951769896,,0.054629039073986,72243.78553795433,0.0015290954465098,,,,,,,,,,,,0.054629039073986,0.0015290954465098,TE53,,,,TE53
8f914b33fc75,ridge,"{""sidewall_angle"": 5.0, ""substrate_height"": 1000.0, ""topclad_height"": 800.0, ""substrate_material"": ""Al2O3"", ""topclad_material"": ""SiO2"", ""core_eq_o"": ""(1+2.8032/(1-0.015287/x**2)+0.36335/(1-0.036095/x**2)-33508000/(1+367200000/x**2))**0.5"", ""core_eq_e"": ""(1+0.017061/(1-0.043855/x**2)+3.1976/(1-0.022642/x**2)-57269000/(1-74226000/x**2))**0.5"", ""core_chi2"": ""AlN"", ""h_core"": 350.0, ""w_core"": 600.0}",screened,2,TM21,A,,TE54,0.6267994478959098,32,226.87318253282325,,1.8714133018186236,1.8714133018186236,,0.050807799541445,95840.74369646436,0.0020393545500503,,,,,,,,,,,,0.050807799541445,0.0020393545500503,TE54,,,,TE54
8f914b33fc75,ridge,"{""sidewall_angle"": 5.0, ""substrate_height"": 1000.0, ""topclad_height"": 800.0, ""substrate_material"": ""Al2O3"", ""topclad_material"": ""SiO2"", ""core_eq_o"": ""(1+2.8032/(1-0.015287/x**2)+0.36335/(1-0.036095/x**2)-33508000/(1+367200000/x**2))**0.5"", ""core_eq_e"": ""(1+0.017061/(1-0.043855/x**2)+3.1976/(1-0.022642/x**2)-57269000/(1-74226000/x**2))**0.5"", ""core_chi2"": ""AlN"", ""h_core"": 350.0, ""w_core"": 600.0}",screened,0,TM00,A,,TM44,0.231582218428738,32,222.403496036798,,2.0889853451613307,2.0889853451613307,,0.0376485493760726,96765.01704881276,0.0012777381380653,,,,,,,,,,,,0.0376485493760726,0.0012777381380653,TM44,,,,TM44
8f914b33fc75,ridge,"{""sidewall_angle"": 5.0, ""substrate_height"": 1000.0, ""topclad_height"": 800.0, ""substrate_material"": ""Al2O3"", ""topclad_material"": ""SiO2"", ""core_eq_o"": ""(1+2.8032/(1-0.015287/x**2)+0.36335/(1-0.036095/x**2)-33508000/(1+367200000/x**2))**0.5"", ""core_eq_e"": ""(1+0.017061/(1-0.043855/x**2)+3.1976/(1-0.022642/x**2)-57269000/(1-74226000/x**2))**0.5"", ""core_chi2"": ""AlN"", ""h_core"": 350.0, ""w_core"": 600.0}",screened,1,TM10,S,,TE54,0.8318241553679557,5,220.2474739288789,,2.0112851248072983,2.0112851248072983,,0.0330902114556819,125780.60652721016,0.0011508987121267,,,,,,,,,,,,0.0330902114556819,0.0011508987121267,TE54,,,,TE54
8f914b33fc75,ridge,"{""sidewall_angle"": 5.0, ""substrate_height"": 1000.0, ""topclad_height"": 800.0, ""substrate_material"": ""Al2O3"", ""topclad_material"": ""SiO2"", ""core_eq_o"": ""(1+2.8032/(1-0.015287/x**2)+0.36335/(1-0.036095/x**2)-33508000/(1+367200000/x**2))**0.5"", ""core_eq_e"": ""(1+0.017061/(1-0.043855/x**2)+3.1976/(1-0.022642/x**2)-57269000/(1-74226000/x**2))**0.5"", ""core_chi2"": ""AlN"", ""h_core"": 350.0, ""w_core"": 600.0}",screened,1,TM10,S,,TM64,0.1132396044820273,4,220.9416036356845,,2.00982913840194,2.00982913840194,,0.0283843141206002,146031.04768871816,0.001061407904392,,,,,,,,,,,,0.0283843141206002,0.001061407904392,TM64,,,,TM64
8f914b33fc75,ridge,"{""sidewall_angle"": 5.0, ""substrate_height"": 1000.0, ""topclad_height"": 800.0, ""substrate_material"": ""Al2O3"", ""topclad_material"": ""SiO2"", ""core_eq_o"": ""(1+2.8032/(1-0.015287/x**2)+0.36335/(1-0.036095/x**2)-33508000/(1+367200000/x**2))**0.5"", ""core_eq_e"": ""(1+0.017061/(1-0.043855/x**2)+3.1976/(1-0.022642/x**2)-57269000/(1-74226000/x**2))**0.5"", ""core_chi2"": ""AlN"", ""h_core"": 350.0, ""w_core"": 600.0}",screened,1,TM10,S,,TE14,0.9892749558187616,1,227.6208224302886,,1.995980245284948,1.995980245284948,,0.0279114567964784,142850.19164496387,0.0011146456154261,,,,,,,,,,,,0.0279114567964784,0.0011146456154261,TE14,,,,TE14
8f914b33fc75,ridge,"{""sidewall_angle"": 5.0, ""substrate_height"": 1000.0, ""topclad_height"": 800.0, ""substrate_material"": ""Al2O3"", ""topclad_material"": ""SiO2"", ""core_eq_o"": ""(1+2.8032/(1-0.015287/x**2)+0.36335/(1-0.036095/x**2)-33508000/(1+367200000/x**2))**0.5"", ""core_eq_e"": ""(1+0.017061/(1-0.043855/x**2)+3.1976/(1-0.022642/x**2)-57269000/(1-74226000/x**2))**0.5"", ""core_chi2"": ""AlN"", ""h_core"": 350.0, ""w_core"": 600.0}",screened,1,TM10,S,,TM83,0.0872854763034776,10,216.12932170839795,,2.020190176716555,2.020190176716555,,0.0269456307082546,158293.66141943148,0.0009941297681897,,,,,,,,,,,,0.0269456307082546,0.0009941297681897,TM83,,,,TM83
8f914b33fc75,ridge,"{""sidewall_angle"": 5.0, ""substrate_height"": 1000.0, ""topclad_height"": 800.0, ""substrate_material"": ""Al2O3"", ""topclad_material"": ""SiO2"", ""core_eq_o"": ""(1+2.8032/(1-0.015287/x**2)+0.36335/(1-0.036095/x**2)-33508000/(1+367200000/x**2))**0.5"", ""core_eq_e"": ""(1+0.017061/(1-0.043855/x**2)+3.1976/(1-0.022642/x**2)-57269000/(1-74226000/x**2))**0.5"", ""core_chi2"": ""AlN"", ""h_core"": 350.0, ""w_core"": 600.0}",screened,1,TM10,S,,TM64,0.4447596012915019,6,219.06176497754169,,2.0138369374368845,2.0138369374368845,,0.0232642010271389,180161.4258068572,0.0009523842810523,,,,,,,,,,,,0.0232642010271389,0.0009523842810523,TM64,,,,TM64
8f914b33fc75,ridge,"{""sidewall_angle"": 5.0, ""substrate_height"": 1000.0, ""topclad_height"": 800.0, ""substrate_material"": ""Al2O3"", ""topclad_material"": ""SiO2"", ""core_eq_o"": ""(1+2.8032/(1-0.015287/x**2)+0.36335/(1-0.036095/x**2)-33508000/(1+367200000/x**2))**0.5"", ""core_eq_e"": ""(1+0.017061/(1-0.043855/x**2)+3.1976/(1-0.022642/x**2)-57269000/(1-74226000/x**2))**0.5"", ""core_chi2"": ""AlN"", ""h_core"": 350.0, ""w_core"": 600.0}",screened,0,TM00,A,,TE33,0.8602246631820832,34,226.03776357171768,,2.083873948230605,2.083873948230605,,0.0176473862317145,201325.7353000416,0.000887340841437,,,,,,,,,,,,0.0176473862317145,0.000887340841437,TE33,,,,TE33
8f914b33fc75,ridge,"{""sidewall_angle"": 5.0, ""substrate_height"": 1000.0, ""topclad_height"": 800.0, ""substrate_material"": ""Al2O3"", ""topclad_material"": ""SiO2"", ""core_eq_o"": ""(1+2.8032/(1-0.015287/x**2)+0.36335/(1-0.036095/x**2)-33508000/(1+367200000/x**2))**0.5"", ""core_eq_e"": ""(1+0.017061/(1-0.043855/x**2)+3.1976/(1-0.022642/x**2)-57269000/(1-74226000/x**2))**0.5"", ""core_chi2"": ""AlN"", ""h_core"": 350.0, ""w_core"": 600.0}",screened,1,TM10,S,,TE71,0.9381553938593488,2,223.66018758938705,,2.004126715296275,2.004126715296275,,0.0121049853150451,337006.948768426,0.0007005234500288,,,,,,,,,,,,0.0121049853150451,0.0007005234500288,TE71,,,,TE71
8f914b33fc75,ridge,"{""sidewall_angle"": 5.0, ""substrate_height"": 1000.0, ""topclad_height"": 800.0, ""substrate_material"": ""Al2O3"", ""topclad_material"": ""SiO2"", ""core_eq_o"": ""(1+2.8032/(1-0.015287/x**2)+0.36335/(1-0.036095/x**2)-33508000/(1+367200000/x**2))**0.5"", ""core_eq_e"": ""(1+0.017061/(1-0.043855/x**2)+3.1976/(1-0.022642/x**2)-57269000/(1-74226000/x**2))**0.5"", ""core_chi2"": ""AlN"", ""h_core"": 350.0, ""w_core"": 600.0}",screened,0,TM00,A,,TM63,0.2254598701574025,30,224.74225331669217,,2.085649506370701,2.085649506370701,,0.0079684390102431,449872.3779842106,0.0005874000259033,,,,,,,,,,,,0.0079684390102431,0.0005874000259033,TM63,,,,TM63
8f914b33fc75,ridge,"{""sidewall_angle"": 5.0, ""substrate_height"": 1000.0, ""topclad_height"": 800.0, ""substrate_material"": ""Al2O3"", ""topclad_material"": ""SiO2"", ""core_eq_o"": ""(1+2.8032/(1-0.015287/x**2)+0.36335/(1-0.036095/x**2)-33508000/(1+367200000/x**2))**0.5"", ""core_eq_e"": ""(1+0.017061/(1-0.043855/x**2)+3.1976/(1-0.022642/x**2)-57269000/(1-74226000/x**2))**0.5"", ""core_chi2"": ""AlN"", ""h_core"": 350.0, ""w_core"": 600.0}",screened,1,TM10,S,,TE33,0.904825117812446,34,234.5545753552171,,1.982113596442825,1.982113596442825,,0.0075711050715406,506434.5319577136,0.0005902871837568,,,,,,,,,,,,0.0075711050715406,0.0005902871837568,TE33,,,,TE33
8f914b33fc75,ridge,"{""sidewall_angle"": 5.0, ""substrate_height"": 1000.0, ""topclad_height"": 800.0, ""substrate_material"": ""Al2O3"", ""topclad_material"": ""SiO2"", ""core_eq_o"": ""(1+2.8032/(1-0.015287/x**2)+0.36335/(1-0.036095/x**2)-33508000/(1+367200000/x**2))**0.5"", ""core_eq_e"": ""(1+0.017061/(1-0.043855/x**2)+3.1976/(1-0.022642/x**2)-57269000/(1-74226000/x**2))**0.5"", ""core_chi2"": ""AlN"", ""h_core"": 350.0, ""w_core"": 600.0}",screened,0,TM00,A,,TM82,0.1286550034653847,3,217.63639302978345,,2.0959680752935896,2.0959680752935896,,0.0069293655177694,543557.5396133218,0.0005270876131014,,,,,,,,,,,,0.0069293655177694,0.0005270876131014,TM82,,,,TM82
8f914b33fc75,ridge,"{""sidewall_angle"": 5.0, ""substrate_height"": 1000.0, ""topclad_height"": 800.0, ""substrate_material"": ""Al2O3"", ""topclad_material"": ""SiO2"", ""core_eq_o"": ""(1+2.8032/(1-0.015287/x**2)+0.36335/(1-0.036095/x**2)-33508000/(1+367200000/x**2))**0.5"", ""core_eq_e"": ""(1+0.017061/(1-0.043855/x**2)+3.1976/(1-0.022642/x**2)-57269000/(1-74226000/x**2))**0.5"", ""core_chi2"": ""AlN"", ""h_core"": 350.0, ""w_core"": 600.0}",screened,0,TM00,A,,TM62,0.0425068780718282,42,234.86691026516056,,2.0722010510795656,2.0722010510795656,,0.0066646494443104,502156.8313744423,0.0005648484542394,,,,,,,,,,,,0.0066646494443104,0.0005648484542394,TM62,,,,TM62
8f914b33fc75,ridge,"{""sidewall_angle"": 5.0, ""substrate_height"": 1000.0, ""topclad_height"": 800.0, ""substrate_material"": ""Al2O3"", ""topclad_material"": ""SiO2"", ""core_eq_o"": ""(1+2.8032/(1-0.015287/x**2)+0.36335/(1-0.036095/x**2)-33508000/(1+367200000/x**2))**0.5"", ""core_eq_e"": ""(1+0.017061/(1-0.043855/x**2)+3.1976/(1-0.022642/x**2)-57269000/(1-74226000/x**2))**0.5"", ""core_chi2"": ""AlN"", ""h_core"": 350.0, ""w_core"": 600.0}",screened,0,TM00,A,,TE53,0.8017170174029181,31,222.56345337708035,,2.0887571932683806,2.0887571932683806,,0.0065950340302963,551781.8423660706,0.0005330109799806,,,,,,,,,,,,0.0065950340302963,0.0005330109799806,TE53,,,,TE53
8f914b33fc75,ridge,"{""sidewall_angle"": 5.0, ""substrate_height"": 1000.0, ""topclad_height"": 800.0, ""substrate_material"": ""Al2O3"", ""topclad_material"": ""SiO2"", ""core_eq_o"": ""(1+2.8032/(1-0.015287/x**2)+0.36335/(1-0.036095/x**2)-33508000/(1+367200000/x**2))**0.5"", ""core_eq_e"": ""(1+0.017061/(1-0.043855/x**2)+3.1976/(1-0.022642/x**2)-57269000/(1-74226000/x**2))**0.5"", ""core_chi2"": ""AlN"", ""h_core"": 350.0, ""w_core"": 600.0}",screened,4,TE10,A,,TM82,0.0892182787419252,38,226.55709453363968,,1.921060445188072,1.921060445188072,,0.0050712863594303,890142.3563699763,0.0195027978512856,,,,,,,,,,,,0.0050712863594303,0.0195027978512856,TM82,,,,TM82
8f914b33fc75,ridge,"{""sidewall_angle"": 5.0, ""substrate_height"": 1000.0, ""topclad_height"": 800.0, ""substrate_material"": ""Al2O3"", ""topclad_material"": ""SiO2"", ""core_eq_o"": ""(1+2.8032/(1-0.015287/x**2)+0.36335/(1-0.036095/x**2)-33508000/(1+367200000/x**2))**0.5"", ""core_eq_e"": ""(1+0.017061/(1-0.043855/x**2)+3.1976/(1-0.022642/x**2)-57269000/(1-74226000/x**2))**0.5"", ""core_chi2"": ""AlN"", ""h_core"": 350.0, ""w_core"": 600.0}",screened,0,TM00,A,,TE52,0.980735747341814,40,231.0801159027863,,2.0771008342221053,2.0771008342221053,,0.0032062257455647,1070690.706665105,0.0003848220646243,,,,,,,,,,,,0.0032062257455647,0.0003848220646243,TE52,,,,TE52
8f914b33fc75,ridge,"{""sidewall_angle"": 5.0, ""substrate_height"": 1000.0, ""topclad_height"": 800.0, ""substrate_material"": ""Al2O3"", ""topclad_material"": ""SiO2"", ""core_eq_o"": ""(1+2.8032/(1-0.015287/x**2)+0.36335/(1-0.036095/x**2)-33508000/(1+367200000/x**2))**0.5"", ""core_eq_e"": ""(1+0.017061/(1-0.043855/x**2)+3.1976/(1-0.022642/x**2)-57269000/(1-74226000/x**2))**0.5"", ""core_chi2"": ""AlN"", ""h_core"": 350.0, ""w_core"": 600.0}",screened,1,TM10,S,,TM25,0.0836174294467046,11,215.07185059467443,,2.022481224283449,2.022481224283449,,0.0031561713605275,1360112.4305388457,0.0003563933087984,,,,,,,,,,,,0.0031561713605275,0.0003563933087984,TM25,,,,TM25
8f914b33fc75,ridge,"{""sidewall_angle"": 5.0, ""substrate_height"": 1000.0, ""topclad_height"": 800.0, ""substrate_material"": ""Al2O3"", ""topclad_material"": ""SiO2"", ""core_eq_o"": ""(1+2.8032/(1-0.015287/x**2)+0.36335/(1-0.036095/x**2)-33508000/(1+367200000/x**2))**0.5"", ""core_eq_e"": ""(1+0.017061/(1-0.043855/x**2)+3.1976/(1-0.022642/x**2)-57269000/(1-74226000/x**2))**0.5"", ""core_chi2"": ""AlN"", ""h_core"": 350.0, ""w_core"": 600.0}",screened,4,TE10,A,,TM83,0.0936800077440936,0,219.41727315132115,,1.9370512635989596,1.9370512635989596,,0.0027692444729704,1695234.3994933197,0.0139192726512907,,,,,,,,,,,,0.0027692444729704,0.0139192726512907,TM83,,,,TM83
8f914b33fc75,ridge,"{""sidewall_angle"": 5.0, ""substrate_height"": 1000.0, ""topclad_height"": 800.0, ""substrate_material"": ""Al2O3"", ""topclad_material"": ""SiO2"", ""core_eq_o"": ""(1+2.8032/(1-0.015287/x**2)+0.36335/(1-0.036095/x**2)-33508000/(1+367200000/x**2))**0.5"", ""core_eq_e"": ""(1+0.017061/(1-0.043855/x**2)+3.1976/(1-0.022642/x**2)-57269000/(1-74226000/x**2))**0.5"", ""core_chi2"": ""AlN"", ""h_core"": 350.0, ""w_core"": 600.0}",screened,1,TM10,S,,TM05,0.0189693495503616,9,217.97076098711588,,2.016200635135382,2.016200635135382,,0.0017715953819203,2381188.4212742574,0.000276972277892,,,,,,,,,,,,0.0017715953819203,0.000276972277892,TM05,,,,TM05
8f914b33fc75,ridge,"{""sidewall_angle"": 5.0, ""substrate_height"": 1000.0, ""topclad_height"": 800.0, ""substrate_material"": ""Al2O3"", ""topclad_material"": ""SiO2"", ""core_eq_o"": ""(1+2.8032/(1-0.015287/x**2)+0.36335/(1-0.036095/x**2)-33508000/(1+367200000/x**2))**0.5"", ""core_eq_e"": ""(1+0.017061/(1-0.043855/x**2)+3.1976/(1-0.022642/x**2)-57269000/(1-74226000/x**2))**0.5"", ""core_chi2"": ""AlN"", ""h_core"": 350.0, ""w_core"": 600.0}",screened,4,TE10,A,,TM81,0.0248324799039729,45,233.1081095033988,,1.90672747417796,1.90672747417796,,0.0014663697516272,2973937.8820464355,0.0107808247324857,,,,,,,,,,,,0.0014663697516272,0.0107808247324857,TM81,,,,TM81
8f914b33fc75,ridge,"{""sidewall_angle"": 5.0, ""substrate_height"": 1000.0, ""topclad_height"": 800.0, ""substrate_material"": ""Al2O3"", ""topclad_material"": ""SiO2"", ""core_eq_o"": ""(1+2.8032/(1-0.015287/x**2)+0.36335/(1-0.036095/x**2)-33508000/(1+367200000/x**2))**0.5"", ""core_eq_e"": ""(1+0.017061/(1-0.043855/x**2)+3.1976/(1-0.022642/x**2)-57269000/(1-74226000/x**2))**0.5"", ""core_chi2"": ""AlN"", ""h_core"": 350.0, ""w_core"": 600.0}",screened,0,TM00,A,,TM84,0.4208667868344459,5,215.9250103508787,,2.0985417686851204,2.0985417686851204,,0.0014130167823105,2698049.746454983,0.0002389624654362,,,,,,,,,,,,0.0014130167823105,0.0002389624654362,TM84,,,,TM84
8f914b33fc75,ridge,"{""sidewall_angle"": 5.0, ""substrate_height"": 1000.0, ""topclad_height"": 800.0, ""substrate_material"": ""Al2O3"", ""topclad_material"": ""SiO2"", ""core_eq_o"": ""(1+2.8032/(1-0.015287/x**2)+0.36335/(1-0.036095/x**2)-33508000/(1+367200000/x**2))**0.5"", ""core_eq_e"": ""(1+0.017061/(1-0.043855/x**2)+3.1976/(1-0.022642/x**2)-57269000/(1-74226000/x**2))**0.5"", ""core_chi2"": ""AlN"", ""h_core"": 350.0, ""w_core"": 600.0}",screened,1,TM10,S,,TE54,0.924496759306624,8,218.64522952511825,,2.0147393758320478,2.0147393758320478,,0.0013023696967677,3226154.0862908824,0.000224539033301,,,,,,,,,,,,0.0013023696967677,0.000224539033301,TE54,,,,TE54
8f914b33fc75,ridge,"{""sidewall_angle"": 5.0, ""substrate_height"": 1000.0, ""topclad_height"": 800.0, ""substrate_material"": ""Al2O3"", ""topclad_material"": ""SiO2"", ""core_eq_o"": ""(1+2.8032/(1-0.015287/x**2)+0.36335/(1-0.036095/x**2)-33508000/(1+367200000/x**2))**0.5"", ""core_eq_e"": ""(1+0.017061/(1-0.043855/x**2)+3.1976/(1-0.022642/x**2)-57269000/(1-74226000/x**2))**0.5"", ""core_chi2"": ""AlN"", ""h_core"": 350.0, ""w_core"": 600.0}",screened,4,TE10,A,,TM84,0.1912820967150023,5,215.28201489373373,,1.946518894349307,1.946518894349307,,0.0011752530542256,4089152.107764491,0.0090224616552085,,,,,,,,,,,,0.0011752530542256,0.0090224616552085,TM84,,,,TM84
8f914b33fc75,ridge,"{""sidewall_angle"": 5.0, ""substrate_height"": 1000.0, ""topclad_height"": 800.0, ""substrate_material"": ""Al2O3"", ""topclad_material"": ""SiO2"", ""core_eq_o"": ""(1+2.8032/(1-0.015287/x**2)+0.36335/(1-0.036095/x**2)-33508000/(1+367200000/x**2))**0.5"", ""core_eq_e"": ""(1+0.017061/(1-0.043855/x**2)+3.1976/(1-0.022642/x**2)-57269000/(1-74226000/x**2))**0.5"", ""core_chi2"": ""AlN"", ""h_core"": 350.0, ""w_core"": 600.0}",screened,0,TM00,A,,TE71,0.8633711382321955,2,218.36873569942352,,2.0948667286968163,2.0948667286968163,,0.0010658546016193,3515668.701285414,0.0002093765964041,,,,,,,,,,,,0.0010658546016193,0.0002093765964041,TE71,,,,TE71
8f914b33fc75,ridge,"{""sidewall_angle"": 5.0, ""substrate_height"": 1000.0, ""topclad_height"": 800.0, ""substrate_material"": ""Al2O3"", ""topclad_material"": ""SiO2"", ""core_eq_o"": ""(1+2.8032/(1-0.015287/x**2)+0.36335/(1-0.036095/x**2)-33508000/(1+367200000/x**2))**0.5"", ""core_eq_e"": ""(1+0.017061/(1-0.043855/x**2)+3.1976/(1-0.022642/x**2)-57269000/(1-74226000/x**2))**0.5"", ""core_chi2"": ""AlN"", ""h_core"": 350.0, ""w_core"": 600.0}",screened,4,TE10,A,,TM64,0.4822781875738623,39,225.7976219602062,,1.9227349798847644,1.9227349798847644,,0.000472293177039,9597261.820174553,0.0061458979315533,,,,,,,,,,,,0.000472293177039,0.0061458979315533,TM64,,,,TM64
8f914b33fc75,ridge,"{""sidewall_angle"": 5.0, ""substrate_height"": 1000.0, ""topclad_height"": 800.0, ""substrate_material"": ""Al2O3"", ""topclad_material"": ""SiO2"", ""core_eq_o"": ""(1+2.8032/(1-0.015287/x**2)+0.36335/(1-0.036095/x**2)-33508000/(1+367200000/x**2))**0.5"", ""core_eq_e"": ""(1+0.017061/(1-0.043855/x**2)+3.1976/(1-0.022642/x**2)-57269000/(1-74226000/x**2))**0.5"", ""core_chi2"": ""AlN"", ""h_core"": 350.0, ""w_core"": 600.0}",screened,3,TE00,S,,TM82,0.0730145666631007,3,220.82092312133983,,2.0278852875289504,2.0278852875289504,,0.000410242530161,9847018.339838289,0.0054333785118585,,,,,,,,,,,,0.000410242530161,0.0054333785118585,TM82,,,,TM82
8f914b33fc75,ridge,"{""sidewall_angle"": 5.0, ""substrate_height"": 1000.0, ""topclad_height"": 800.0, ""substrate_material"": ""Al2O3"", ""topclad_material"": ""SiO2"", ""core_eq_o"": ""(1+2.8032/(1-0.015287/x**2)+0.36335/(1-0.036095/x**2)-33508000/(1+367200000/x**2))**0.5"", ""core_eq_e"": ""(1+0.017061/(1-0.043855/x**2)+3.1976/(1-0.022642/x**2)-57269000/(1-74226000/x**2))**0.5"", ""core_chi2"": ""AlN"", ""h_core"": 350.0, ""w_core"": 600.0}",screened,4,TE10,A,,TM65,0.4073421219141587,1,218.63011012062665,,1.9388534651667253,1.9388534651667253,,0.0001859794251643,25353400.359965067,0.0038784293456824,,,,,,,,,,,,0.0001859794251643,0.0038784293456824,TM65,,,,TM65
8f914b33fc75,ridge,"{""sidewall_angle"": 5.0, ""substrate_height"": 1000.0, ""topclad_height"": 800.0, ""substrate_material"": ""Al2O3"", ""topclad_material"": ""SiO2"", ""core_eq_o"": ""(1+2.8032/(1-0.015287/x**2)+0.36335/(1-0.036095/x**2)-33508000/(1+367200000/x**2))**0.5"", ""core_eq_e"": ""(1+0.017061/(1-0.043855/x**2)+3.1976/(1-0.022642/x**2)-57269000/(1-74226000/x**2))**0.5"", ""core_chi2"": ""AlN"", ""h_core"": 350.0, ""w_core"": 600.0}",screened,3,TE00,S,,TM81,0.0459244258825496,0,225.838257970907,,2.0207040188196266,2.0207040188196266,,0.0001313912946292,29708880.46067691,0.0032032062102835,,,,,,,,,,,,0.0001313912946292,0.0032032062102835,TM81,,,,TM81
8f914b33fc75,ridge,"{""sidewall_angle"": 5.0, ""substrate_height"": 1000.0, ""topclad_height"": 800.0, ""substrate_material"": ""Al2O3"", ""topclad_material"": ""SiO2"", ""core_eq_o"": ""(1+2.8032/(1-0.015287/x**2)+0.36335/(1-0.036095/x**2)-33508000/(1+367200000/x**2))**0.5"", ""core_eq_e"": ""(1+0.017061/(1-0.043855/x**2)+3.1976/(1-0.022642/x**2)-57269000/(1-74226000/x**2))**0.5"", ""core_chi2"": ""AlN"", ""h_core"": 350.0, ""w_core"": 600.0}",screened,3,TE00,S,,TM63,0.1209945606019124,30,229.3378698136872,,2.01583691587554,2.01583691587554,,0.0001011570595515,37691385.01395236,0.0028953453747673,,,,,,,,,,,,0.0001011570595515,0.0028953453747673,TM63,,,,TM63
8f914b33fc75,ridge,"{""sidewall_angle"": 5.0, ""substrate_height"": 1000.0, ""topclad_height"": 800.0, ""substrate_material"": ""Al2O3"", ""topclad_material"": ""SiO2"", ""core_eq_o"": ""(1+2.8032/(1-0.015287/x**2)+0.36335/(1-0.036095/x**2)-33508000/(1+367200000/x**2))**0.5"", ""core_eq_e"": ""(1+0.017061/(1-0.043855/x**2)+3.1976/(1-0.022642/x**2)-57269000/(1-74226000/x**2))**0.5"", ""core_chi2"": ""AlN"", ""h_core"": 350.0, ""w_core"": 600.0}",screened,4,TE10,A,,TE73,0.9087254076703772,3,217.6750841941276,,1.9410399870876984,1.9410399870876984,,8.717744132354688e-05,54378974.933629535,0.0024789770436122,,,,,,,,,,,,8.717744132354688e-05,0.0024789770436122,TE73,,,,TE73
8f914b33fc75,ridge,"{""sidewall_angle"": 5.0, ""substrate_height"": 1000.0, ""topclad_height"": 800.0, ""substrate_material"": ""Al2O3"", ""topclad_material"": ""SiO2"", ""core_eq_o"": ""(1+2.8032/(1-0.015287/x**2)+0.36335/(1-0.036095/x**2)-33508000/(1+367200000/x**2))**0.5"", ""core_eq_e"": ""(1+0.017061/(1-0.043855/x**2)+3.1976/(1-0.022642/x**2)-57269000/(1-74226000/x**2))**0.5"", ""core_chi2"": ""AlN"", ""h_core"": 350.0, ""w_core"": 600.0}",screened,4,TE10,A,,TM45,0.0311736209260567,31,222.7359406292756,,1.929575757340636,1.929575757340636,,8.174637859924603e-05,56379523.18866061,0.0027615003484676,,,,,,,,,,,,8.174637859924603e-05,0.0027615003484676,TM45,,,,TM45
8f914b33fc75,ridge,"{""sidewall_angle"": 5.0, ""substrate_height"": 1000.0, ""topclad_height"": 800.0, ""substrate_material"": ""Al2O3"", ""topclad_material"": ""SiO2"", ""core_eq_o"": ""(1+2.8032/(1-0.015287/x**2)+0.36335/(1-0.036095/x**2)-33508000/(1+367200000/x**2))**0.5"", ""core_eq_e"": ""(1+0.017061/(1-0.043855/x**2)+3.1976/(1-0.022642/x**2)-57269000/(1-74226000/x**2))**0.5"", ""core_chi2"": ""AlN"", ""h_core"": 350.0, ""w_core"": 600.0}",screened,0,TM00,A,,TM64,0.0835956223342778,4,216.88897349384075,,2.097092095504889,2.097092095504889,,7.781909466743491e-05,48656671.18905232,5.590249671776487e-05,,,,,,,,,,,,7.781909466743491e-05,5.590249671776487e-05,TM64,,,,TM64
8f914b33fc75,ridge,"{""sidewall_angle"": 5.0, ""substrate_height"": 1000.0, ""topclad_height"": 800.0, ""substrate_material"": ""Al2O3"", ""topclad_material"": ""SiO2"", ""core_eq_o"": ""(1+2.8032/(1-0.015287/x**2)+0.36335/(1-0.036095/x**2)-33508000/(1+367200000/x**2))**0.5"", ""core_eq_e"": ""(1+0.017061/(1-0.043855/x**2)+3.1976/(1-0.022642/x**2)-57269000/(1-74226000/x**2))**0.5"", ""core_chi2"": ""AlN"", ""h_core"": 350.0, ""w_core"": 600.0}",screened,4,TE10,A,,TM104,0.039126338519187,4,215.6103713391489,,1.945767125684319,1.945767125684319,,5.23700202731524e-05,91592814.0449875,0.0018792326893996,,,,,,,,,,,,5.23700202731524e-05,0.0018792326893996,TM104,,,,TM104
8f914b33fc75,ridge,"{""sidewall_angle"": 5.0, ""substrate_height"": 1000.0, ""topclad_height"": 800.0, ""substrate_material"": ""Al2O3"", ""topclad_material"": ""SiO2"", ""core_eq_o"": ""(1+2.8032/(1-0.015287/x**2)+0.36335/(1-0.036095/x**2)-33508000/(1+367200000/x**2))**0.5"", ""core_eq_e"": ""(1+0.017061/(1-0.043855/x**2)+3.1976/(1-0.022642/x**2)-57269000/(1-74226000/x**2))**0.5"", ""core_chi2"": ""AlN"", ""h_core"": 350.0, ""w_core"": 600.0}",screened,3,TE00,S,,TE14,0.9665792409657916,1,225.71242496390707,,2.0208790217131893,2.0208790217131893,,4.568648563273541e-05,85513836.693949,0.0019427737111508,,,,,,,,,,,,4.568648563273541e-05,0.0019427737111508,TE14,,,,TE14
8f914b33fc75,ridge,"{""sidewall_angle"": 5.0, ""substrate_height"": 1000.0, ""topclad_height"": 800.0, ""substrate_material"": ""Al2O3"", ""topclad_material"": ""SiO2"", ""core_eq_o"": ""(1+2.8032/(1-0.015287/x**2)+0.36335/(1-0.036095/x**2)-33508000/(1+367200000/x**2))**0.5"", ""core_eq_e"": ""(1+0.017061/(1-0.043855/x**2)+3.1976/(1-0.022642/x**2)-57269000/(1-74226000/x**2))**0.5"", ""core_chi2"": ""AlN"", ""h_core"": 350.0, ""w_core"": 600.0}",screened,3,TE00,S,,TM83,0.0909787051976422,10,215.60091054510255,,2.0356396147240834,2.0356396147240834,,3.92641499887514e-05,106697921.90587872,0.0015925612614439,,,,,,,,,,,,3.92641499887514e-05,0.0015925612614439,TM83,,,,TM83
8f914b33fc75,ridge,"{""sidewall_angle"": 5.0, ""substrate_height"": 1000.0, ""topclad_height"": 800.0, ""substrate_material"": ""Al2O3"", ""topclad_material"": ""SiO2"", ""core_eq_o"": ""(1+2.8032/(1-0.015287/x**2)+0.36335/(1-0.036095/x**2)-33508000/(1+367200000/x**2))**0.5"", ""core_eq_e"": ""(1+0.017061/(1-0.043855/x**2)+3.1976/(1-0.022642/x**2)-57269000/(1-74226000/x**2))**0.5"", ""core_chi2"": ""AlN"", ""h_core"": 350.0, ""w_core"": 600.0}",screened,3,TE00,S,,TM05,0.0189693495503616,9,217.17636374389105,,2.0332857328035114,2.0332857328035114,,3.435203718047336e-05,120609959.72646666,0.0016038989766647,,,,,,,,,,,,3.435203718047336e-05,0.0016038989766647,TM05,,,,TM05
8f914b33fc75,ridge,"{""sidewall_angle"": 5.0, ""substrate_height"": 1000.0, ""topclad_height"": 800.0, ""substrate_material"": ""Al2O3"", ""topclad_material"": ""SiO2"", ""core_eq_o"": ""(1+2.8032/(1-0.015287/x**2)+0.36335/(1-0.036095/x**2)-33508000/(1+367200000/x**2))**0.5"", ""core_eq_e"": ""(1+0.017061/(1-0.043855/x**2)+3.1976/(1-0.022642/x**2)-57269000/(1-74226000/x**2))**0.5"", ""core_chi2"": ""AlN"", ""h_core"": 350.0, ""w_core"": 600.0}",screened,3,TE00,S,,TM44,0.0638396452759827,37,233.0351432574717,,2.010826975409018,2.010826975409018,,3.0039068313405976e-05,123851883.77431768,0.0016702925700117,,,,,,,,,,,,3.0039068313405976e-05,0.0016702925700117,TM44,,,,TM44
8f914b33fc75,ridge,"{""sidewall_angle"": 5.0, ""substrate_height"": 1000.0, ""topclad_height"": 800.0, ""substrate_material"": ""Al2O3"", ""topclad_material"": ""SiO2"", ""core_eq_o"": ""(1+2.8032/(1-0.015287/x**2)+0.36335/(1-0.036095/x**2)-33508000/(1+367200000/x**2))**0.5"", ""core_eq_e"": ""(1+0.017061/(1-0.043855/x**2)+3.1976/(1-0.022642/x**2)-57269000/(1-74226000/x**2))**0.5"", ""core_chi2"": ""AlN"", ""h_core"": 350.0, ""w_core"": 600.0}",screened,4,TE10,A,,TE15,0.7898346551757583,2,218.40748273833557,,1.9393631682418797,1.9393631682418797,,2.850599679236218e-05,165617923.51342976,0.0014892912952447,,,,,,,,,,,,2.850599679236218e-05,0.0014892912952447,TE15,,,,TE15
8f914b33fc75,ridge,"{""sidewall_angle"": 5.0, ""substrate_height"": 1000.0, ""topclad_height"": 800.0, ""substrate_material"": ""Al2O3"", ""topclad_material"": ""SiO2"", ""core_eq_o"": ""(1+2.8032/(1-0.015287/x**2)+0.36335/(1-0.036095/x**2)-33508000/(1+367200000/x**2))**0.5"", ""core_eq_e"": ""(1+0.017061/(1-0.043855/x**2)+3.1976/(1-0.022642/x**2)-57269000/(1-74226000/x**2))**0.5"", ""core_chi2"": ""AlN"", ""h_core"": 350.0, ""w_core"": 600.0}",screened,3,TE00,S,,TM44,0.032455207128049,36,232.6306524003544,,2.01137192342317,2.01137192342317,,2.1599911647909084e-05,172700271.9475138,0.0014217652392118,,,,,,,,,,,,2.1599911647909084e-05,0.0014217652392118,TM44,,,,TM44
8f914b33fc75,ridge,"{""sidewall_angle"": 5.0, ""substrate_height"": 1000.0, ""topclad_height"": 800.0, ""substrate_material"": ""Al2O3"", ""topclad_material"": ""SiO2"", ""core_eq_o"": ""(1+2.8032/(1-0.015287/x**2)+0.36335/(1-0.036095/x**2)-33508000/(1+367200000/x**2))**0.5"", ""core_eq_e"": ""(1+0.017061/(1-0.043855/x**2)+3.1976/(1-0.022642/x**2)-57269000/(1-74226000/x**2))**0.5"", ""core_chi2"": ""AlN"", ""h_core"": 350.0, ""w_core"": 600.0}",screened,0,TM00,A,,TE14,0.995680313007818,1,220.8379585621917,,2.091218317638156,2.091218317638156,,1.7595716338872846e-05,209316517.81249255,2.7576834019195382e-05,,,,,,,,,,,,1.7595716338872846e-05,2.7576834019195382e-05,TE14,,,,TE14
8f914b33fc75,ridge,"{""sidewall_angle"": 5.0, ""substrate_height"": 1000.0, ""topclad_height"": 800.0, ""substrate_material"": ""Al2O3"", ""topclad_material"": ""SiO2"", ""core_eq_o"": ""(1+2.8032/(1-0.015287/x**2)+0.36335/(1-0.036095/x**2)-33508000/(1+367200000/x**2))**0.5"", ""core_eq_e"": ""(1+0.017061/(1-0.043855/x**2)+3.1976/(1-0.022642/x**2)-57269000/(1-74226000/x**2))**0.5"", ""core_chi2"": ""AlN"", ""h_core"": 350.0, ""w_core"": 600.0}",screened,4,TE10,A,,TM64,0.1974297393359058,32,223.41075852387337,,1.9280609952722272,1.9280609952722272,,1.566814768232561e-05,293067658.6838297,0.0010914084698142,,,,,,,,,,,,1.566814768232561e-05,0.0010914084698142,TM64,,,,TM64
8f914b33fc75,ridge,"{""sidewall_angle"": 5.0, ""substrate_height"": 1000.0, ""topclad_height"": 800.0, ""substrate_material"": ""Al2O3"", ""topclad_material"": ""SiO2"", ""core_eq_o"": ""(1+2.8032/(1-0.015287/x**2)+0.36335/(1-0.036095/x**2)-33508000/(1+367200000/x**2))**0.5"", ""core_eq_e"": ""(1+0.017061/(1-0.043855/x**2)+3.1976/(1-0.022642/x**2)-57269000/(1-74226000/x**2))**0.5"", ""core_chi2"": ""AlN"", ""h_core"": 350.0, ""w_core"": 600.0}",screened,0,TM00,A,,TE54,0.6519921171444171,6,215.22456589713929,,2.099595144580497,2.099595144580497,,1.418714151279879e-05,270066529.1705274,2.3756796808081648e-05,,,,,,,,,,,,1.418714151279879e-05,2.3756796808081648e-05,TE54,,,,TE54
8f914b33fc75,ridge,"{""sidewall_angle"": 5.0, ""substrate_height"": 1000.0, ""topclad_height"": 800.0, ""substrate_material"": ""Al2O3"", ""topclad_material"": ""SiO2"", ""core_eq_o"": ""(1+2.8032/(1-0.015287/x**2)+0.36335/(1-0.036095/x**2)-33508000/(1+367200000/x**2))**0.5"", ""core_eq_e"": ""(1+0.017061/(1-0.043855/x**2)+3.1976/(1-0.022642/x**2)-57269000/(1-74226000/x**2))**0.5"", ""core_chi2"": ""AlN"", ""h_core"": 350.0, ""w_core"": 600.0}",screened,3,TE00,S,,TE72,0.9378529308524662,7,218.05223135906945,,2.0319771005028064,2.0319771005028064,,1.1585102324514596e-05,355450108.9234984,0.0009102830689652,,,,,,,,,,,,1.1585102324514596e-05,0.0009102830689652,TE72,,,,TE72
8f914b33fc75,ridge,"{""sidewall_angle"": 5.0, ""substrate_height"": 1000.0, ""topclad_height"": 800.0, ""substrate_material"": ""Al2O3"", ""topclad_material"": ""SiO2"", ""core_eq_o"": ""(1+2.8032/(1-0.015287/x**2)+0.36335/(1-0.036095/x**2)-33508000/(1+367200000/x**2))**0.5"", ""core_eq_e"": ""(1+0.017061/(1-0.043855/x**2)+3.1976/(1-0.022642/x**2)-57269000/(1-74226000/x**2))**0.5"", ""core_chi2"": ""AlN"", ""h_core"": 350.0, ""w_core"": 600.0}",screened,4,TE10,A,,TE54,0.577930945061138,36,225.59000186391256,,1.9231927542233456,1.9231927542233456,,1.031058215261766e-05,440113509.0645466,0.0008936387777128,,,,,,,,,,,,1.031058215261766e-05,0.0008936387777128,TE54,,,,TE54
8f914b33fc75,ridge,"{""sidewall_angle"": 5.0, ""substrate_height"": 1000.0, ""topclad_height"": 800.0, ""substrate_material"": ""Al2O3"", ""topclad_material"": ""SiO2"", ""core_eq_o"": ""(1+2.8032/(1-0.015287/x**2)+0.36335/(1-0.036095/x**2)-33508000/(1+367200000/x**2))**0.5"", ""core_eq_e"": ""(1+0.017061/(1-0.043855/x**2)+3.1976/(1-0.022642/x**2)-57269000/(1-74226000/x**2))**0.5"", ""core_chi2"": ""AlN"", ""h_core"": 350.0, ""w_core"": 600.0}",screened,3,TE00,S,,TM64,0.1048216167455752,4,219.97549516999072,,2.029103555343547,2.029103555343547,,1.0063452227639223e-05,403782777.7664904,0.0008593683636468,,,,,,,,,,,,1.0063452227639223e-05,0.0008593683636468,TM64,,,,TM64
8f914b33fc75,ridge,"{""sidewall_angle"": 5.0, ""substrate_height"": 1000.0, ""topclad_height"": 800.0, ""substrate_material"": ""Al2O3"", ""topclad_material"": ""SiO2"", ""core_eq_o"": ""(1+2.8032/(1-0.015287/x**2)+0.36335/(1-0.036095/x**2)-33508000/(1+367200000/x**2))**0.5"", ""core_eq_e"": ""(1+0.017061/(1-0.043855/x**2)+3.1976/(1-0.022642/x**2)-57269000/(1-74226000/x**2))**0.5"", ""core_chi2"": ""AlN"", ""h_core"": 350.0, ""w_core"": 600.0}",screened,3,TE00,S,,TE54,0.8032881378255329,5,219.20996744579847,,2.0302473290024907,2.0302473290024907,,7.090635582357487e-06,576107355.0778563,0.0007243719247611,,,,,,,,,,,,7.090635582357487e-06,0.0007243719247611,TE54,,,,TE54
8f914b33fc75,ridge,"{""sidewall_angle"": 5.0, ""substrate_height"": 1000.0, ""topclad_height"": 800.0, ""substrate_material"": ""Al2O3"", ""topclad_material"": ""SiO2"", ""core_eq_o"": ""(1+2.8032/(1-0.015287/x**2)+0.36335/(1-0.036095/x**2)-33508000/(1+367200000/x**2))**0.5"", ""core_eq_e"": ""(1+0.017061/(1-0.043855/x**2)+3.1976/(1-0.022642/x**2)-57269000/(1-74226000/x**2))**0.5"", ""core_chi2"": ""AlN"", ""h_core"": 350.0, ""w_core"": 600.0}",screened,3,TE00,S,,TM24,0.078295171414338,32,226.83582463248052,,2.019316647918626,2.019316647918626,,6.482973544135885e-06,598060622.0954902,0.000741743169178,,,,,,,,,,,,6.482973544135885e-06,0.000741743169178,TM24,,,,TM24
8f914b33fc75,ridge,"{""sidewall_angle"": 5.0, ""substrate_height"": 1000.0, ""topclad_height"": 800.0, ""substrate_material"": ""Al2O3"", ""topclad_material"": ""SiO2"", ""core_eq_o"": ""(1+2.8032/(1-0.015287/x**2)+0.36335/(1-0.036095/x**2)-33508000/(1+367200000/x**2))**0.5"", ""core_eq_e"": ""(1+0.017061/(1-0.043855/x**2)+3.1976/(1-0.022642/x**2)-57269000/(1-74226000/x**2))**0.5"", ""core_chi2"": ""AlN"", ""h_core"": 350.0, ""w_core"": 600.0}",screened,3,TE00,S,,TE53,0.9451550363418711,31,227.43796198669247,,2.0184792223351367,2.0184792223351367,,4.199028689510694e-06,919620030.517472,0.0005802010825608,,,,,,,,,,,,4.199028689510694e-06,0.0005802010825608,TE53,,,,TE53
8f914b33fc75,ridge,"{""sidewall_angle"": 5.0, ""substrate_height"": 1000.0, ""topclad_height"": 800.0, ""substrate_material"": ""Al2O3"", ""topclad_material"": ""SiO2"", ""core_eq_o"": ""(1+2.8032/(1-0.015287/x**2)+0.36335/(1-0.036095/x**2)-33508000/(1+367200000/x**2))**0.5"", ""core_eq_e"": ""(1+0.017061/(1-0.043855/x**2)+3.1976/(1-0.022642/x**2)-57269000/(1-74226000/x**2))**0.5"", ""core_chi2"": ""AlN"", ""h_core"": 350.0, ""w_core"": 600.0}",screened,4,TE10,A,,TE73,0.94156998122712,33,223.81929224822684,,1.9271439606258876,1.9271439606258876,,4.188792919638033e-06,1093779103.8737376,0.0005587580436263,,,,,,,,,,,,4.188792919638033e-06,0.0005587580436263,TE73,,,,TE73
8f914b33fc75,ridge,"{""sidewall_angle"": 5.0, ""substrate_height"": 1000.0, ""topclad_height"": 800.0, ""substrate_material"": ""Al2O3"", ""topclad_material"": ""SiO2"", ""core_eq_o"": ""(1+2.8032/(1-0.015287/x**2)+0.36335/(1-0.036095/x**2)-33508000/(1+367200000/x**2))**0.5"", ""core_eq_e"": ""(1+0.017061/(1-0.043855/x**2)+3.1976/(1-0.022642/x**2)-57269000/(1-74226000/x**2))**0.5"", ""core_chi2"": ""AlN"", ""h_core"": 350.0, ""w_core"": 600.0}",screened,3,TE00,S,,TE33,0.9139863228097326,34,231.84065117342556,,2.0124362480975537,2.0124362480975537,,2.715164721247412e-06,1381065487.0449252,0.000485156099865,,,,,,,,,,,,2.715164721247412e-06,0.000485156099865,TE33,,,,TE33
8f914b33fc75,ridge,"{""sidewall_angle"": 5.0, ""substrate_height"": 1000.0, ""topclad_height"": 800.0, ""substrate_material"": ""Al2O3"", ""topclad_material"": ""SiO2"", ""core_eq_o"": ""(1+2.8032/(1-0.015287/x**2)+0.36335/(1-0.036095/x**2)-33508000/(1+367200000/x**2))**0.5"", ""core_eq_e"": ""(1+0.017061/(1-0.043855/x**2)+3.1976/(1-0.022642/x**2)-57269000/(1-74226000/x**2))**0.5"", ""core_chi2"": ""AlN"", ""h_core"": 350.0, ""w_core"": 600.0}",screened,3,TE00,S,,TM64,0.3367910596183153,6,218.22751164387105,,2.0317152145300943,2.0317152145300943,,2.1868561053110336e-06,1880738075.3585508,0.0003975459841703,,,,,,,,,,,,2.1868561053110336e-06,0.0003975459841703,TM64,,,,TM64
8f914b33fc75,ridge,"{""sidewall_angle"": 5.0, ""substrate_height"": 1000.0, ""topclad_height"": 800.0, ""substrate_material"": ""Al2O3"", ""topclad_material"": ""SiO2"", ""core_eq_o"": ""(1+2.8032/(1-0.015287/x**2)+0.36335/(1-0.036095/x**2)-33508000/(1+367200000/x**2))**0.5"", ""core_eq_e"": ""(1+0.017061/(1-0.043855/x**2)+3.1976/(1-0.022642/x**2)-57269000/(1-74226000/x**2))**0.5"", ""core_chi2"": ""AlN"", ""h_core"": 350.0, ""w_core"": 600.0}",screened,3,TE00,S,,TE71,0.9319790769167005,2,222.3160863158494,,2.025733116024746,2.025733116024746,,1.910955094754055e-06,2092266887.331519,0.0003771777438874,,,,,,,,,,,,1.910955094754055e-06,0.0003771777438874,TE71,,,,TE71
8f914b33fc75,ridge,"{""sidewall_angle"": 5.0, ""substrate_height"": 1000.0, ""topclad_height"": 800.0, ""substrate_material"": ""Al2O3"", ""topclad_material"": ""SiO2"", ""core_eq_o"": ""(1+2.8032/(1-0.015287/x**2)+0.36335/(1-0.036095/x**2)-33508000/(1+367200000/x**2))**0.5"", ""core_eq_e"": ""(1+0.017061/(1-0.043855/x**2)+3.1976/(1-0.022642/x**2)-57269000/(1-74226000/x**2))**0.5"", ""core_chi2"": ""AlN"", ""h_core"": 350.0, ""w_core"": 600.0}",screened,4,TE10,A,,TE54,0.8651151714319155,30,223.4913110516825,,1.9278801792111588,1.9278801792111588,,1.3086462416526666e-06,3507295520.279513,0.0003141340992301,,,,,,,,,,,,1.3086462416526666e-06,0.0003141340992301,TE54,,,,TE54
8f914b33fc75,ridge,"{""sidewall_angle"": 5.0, ""substrate_height"": 1000.0, ""topclad_height"": 800.0, ""substrate_material"": ""Al2O3"", ""topclad_material"": ""SiO2"", ""core_eq_o"": ""(1+2.8032/(1-0.015287/x**2)+0.36335/(1-0.036095/x**2)-33508000/(1+367200000/x**2))**0.5"", ""core_eq_e"": ""(1+0.017061/(1-0.043855/x**2)+3.1976/(1-0.022642/x**2)-57269000/(1-74226000/x**2))**0.5"", ""core_chi2"": ""AlN"", ""h_core"": 350.0, ""w_core"": 600.0}",screened,4,TE10,A,,TE71,0.9545432843220036,41,229.82083903705325,,1.9138643282994825,1.9138643282994825,,1.0188951402772452e-06,4354259198.0375,0.0002841886833628,,,,,,,,,,,,1.0188951402772452e-06,0.0002841886833628,TE71,,,,TE71
8f914b33fc75,ridge,"{""sidewall_angle"": 5.0, ""substrate_height"": 1000.0, ""topclad_height"": 800.0, ""substrate_material"": ""Al2O3"", ""topclad_material"": ""SiO2"", ""core_eq_o"": ""(1+2.8032/(1-0.015287/x**2)+0.36335/(1-0.036095/x**2)-33508000/(1+367200000/x**2))**0.5"", ""core_eq_e"": ""(1+0.017061/(1-0.043855/x**2)+3.1976/(1-0.022642/x**2)-57269000/(1-74226000/x**2))**0.5"", ""core_chi2"": ""AlN"", ""h_core"": 350.0, ""w_core"": 600.0}",screened,3,TE00,S,,TE54,0.9295352164284902,8,217.7390010067648,,2.0324450974346298,2.0324450974346298,,1.5631705431297517e-07,26401022131.676525,0.0001059442570999,,,,,,,,,,,,1.5631705431297517e-07,0.0001059442570999,TE54,,,,TE54
00ba18d567d4,ridge,"{""sidewall_angle"": 5.0, ""substrate_height"": 1000.0, ""topclad_height"": 800.0, ""substrate_material"": ""Al2O3"", ""topclad_material"": ""SiO2"", ""core_eq_o"": ""(1+2.8032/(1-0.015287/x**2)+0.36335/(1-0.036095/x**2)-33508000/(1+367200000/x**2))**0.5"", ""core_eq_e"": ""(1+0.017061/(1-0.043855/x**2)+3.1976/(1-0.022642/x**2)-57269000/(1-74226000/x**2))**0.5"", ""core_chi2"": ""AlN"", ""h_core"": 350.0, ""w_core"": 700.0}",refined,0,TM00,A,0.0007490929861812,TM04,0.0142249180793608,35,226.8931542131224,226.8944369081919,2.089572126405641,2.0895885709734205,-1.6444567779494434e-05,3.464965439780614,1009.34309098417,0.0138333570530896,0.0074732787806595,0.1655842874192099,0.1881778725032352,174.92873901351916,1124.8224547597088,1131.862852706995,0.0,4.9209754000000006,1.7597128158035424,0.107295745387658,False,3.626589564435652,0.0141264704671398,TM64,runs\trial_grid\exports\00ba18d567d4_x00.npz,0.9999930918812768,0.9998949644540408,TM64
00ba18d567d4,ridge,"{""sidewall_angle"": 5.0, ""substrate_height"": 1000.0, ""topclad_height"": 800.0, ""substrate_material"": ""Al2O3"", ""topclad_material"": ""SiO2"", ""core_eq_o"": ""(1+2.8032/(1-0.015287/x**2)+0.36335/(1-0.036095/x**2)-33508000/(1+367200000/x**2))**0.5"", ""core_eq_e"": ""(1+0.017061/(1-0.043855/x**2)+3.1976/(1-0.022642/x**2)-57269000/(1-74226000/x**2))**0.5"", ""core_chi2"": ""AlN"", ""h_core"": 350.0, ""w_core"": 700.0}",refined,1,TM10,S,0.019489650557435,TM04,0.0060143530393888,35,232.64925851123047,232.64893478446228,2.0149685606294754,2.014965207672327,3.3529571483725817e-06,2.3293015155852905,1592.65925367907,0.0117342417320667,1.3223434417753266e-34,0.1744984570238396,0.1961820030564173,727.3248901386411,1196.716974465498,773.8801998688339,0.0,4.530977350000001,1.5073688876999858,0.0529254797618093,False,2.300210331548337,0.0116460050723299,TM04,runs\trial_grid\exports\00ba18d567d4_x01.npz,0.99978690883216,0.9999773428708733,TM04
00ba18d567d4,ridge,"{""sidewall_angle"": 5.0, ""substrate_height"": 1000.0, ""topclad_height"": 800.0, ""substrate_material"": ""Al2O3"", ""topclad_material"": ""SiO2"", ""core_eq_o"": ""(1+2.8032/(1-0.015287/x**2)+0.36335/(1-0.036095/x**2)-33508000/(1+367200000/x**2))**0.5"", ""core_eq_e"": ""(1+0.017061/(1-0.043855/x**2)+3.1976/(1-0.022642/x**2)-57269000/(1-74226000/x**2))**0.5"", ""core_chi2"": ""AlN"", ""h_core"": 350.0, ""w_core"": 700.0}",refined,2,TM20,A,0.0151358834509832,TM44,0.3220051936862112,34,228.50985641494069,228.50531171741056,1.911949296970724,1.911893248548368,5.604842235573671e-05,2.4924314288830063,1805.953436974792,0.0109533152319485,0.0013913079075758,0.1785626467163033,0.2100301971746538,1860.344547398012,1247.2210948003906,11532.690556765718,0.0,1.01099495,0.36566649594579,0.0033326795696599,False,2.0939309546031737,0.0100592787866004,TM104,runs\trial_grid\exports\00ba18d567d4_x02.npz,0.9999833396568558,0.9929553967391394,TM104
00ba18d567d4,ridge,"{""sidewall_angle"": 5.0, ""substrate_height"": 1000.0, ""topclad_height"": 800.0, ""substrate_material"": ""Al2O3"", ""topclad_material"": ""SiO2"", ""core_eq_o"": ""(1+2.8032/(1-0.015287/x**2)+0.36335/(1-0.036095/x**2)-33508000/(1+367200000/x**2))**0.5"", ""core_eq_e"": ""(1+0.017061/(1-0.043855/x**2)+3.1976/(1-0.022642/x**2)-57269000/(1-74226000/x**2))**0.5"", ""core_chi2"": ""AlN"", ""h_core"": 350.0, ""w_core"": 700.0}",refined,2,TM20,A,0.0150464836646425,TM100?,0.1752072215881251,35,228.0473644065337,228.04993326236024,1.9132056946969964,1.9132410817307288,-3.538703373218155e-05,1.8710640670269425,2410.594845395933,0.0091955977527853,0.0016313005640787,0.1782007078247854,0.153783363269375,1861.6552175709933,1245.513799710052,32991.37888110052,0.0,0.5409973000000001,0.1787131400622292,0.0005975876720968,False,1.6315024063899135,0.0086145228559812,TM104,runs\trial_grid\exports\00ba18d567d4_x03.npz,0.9999714892791308,0.999504785769128,TM104
00ba18d567d4,ridge,"{""sidewall_angle"": 5.0, ""substrate_height"": 1000.0, ""topclad_height"": 800.0, ""substrate_material"": ""Al2O3"", ""topclad_material"": ""SiO2"", ""core_eq_o"": ""(1+2.8032/(1-0.015287/x**2)+0.36335/(1-0.036095/x**2)-33508000/(1+367200000/x**2))**0.5"", ""core_eq_e"": ""(1+0.017061/(1-0.043855/x**2)+3.1976/(1-0.022642/x**2)-57269000/(1-74226000/x**2))**0.5"", ""core_chi2"": ""AlN"", ""h_core"": 350.0, ""w_core"": 700.0}",refined,2,TM20,A,0.0150782195026658,TE34,0.7797597325589799,33,228.21208005364812,228.20938881235955,1.9127579948481144,1.9127273038593973,3.0690988716886025e-05,1.224028623958974,3682.2568795738,0.0076007165825296,0.0008165178343301,0.1783293938439382,0.1799743414788304,1861.1917038535944,1246.122185045289,16389.93883903817,0.0,0.8309958500000001,0.2930939469523455,0.0010514903048422,False,1.4055158111171295,0.0081326567605592,TE74,runs\trial_grid\exports\00ba18d567d4_x04.npz,0.9999760681979124,0.992063286988894,TE74
00ba18d567d4,ridge,"{""sidewall_angle"": 5.0, ""substrate_height"": 1000.0, ""topclad_height"": 800.0, ""substrate_material"": ""Al2O3"", ""topclad_material"": ""SiO2"", ""core_eq_o"": ""(1+2.8032/(1-0.015287/x**2)+0.36335/(1-0.036095/x**2)-33508000/(1+367200000/x**2))**0.5"", ""core_eq_e"": ""(1+0.017061/(1-0.043855/x**2)+3.1976/(1-0.022642/x**2)-57269000/(1-74226000/x**2))**0.5"", ""core_chi2"": ""AlN"", ""h_core"": 350.0, ""w_core"": 700.0}",refined,1,TM10,S,0.04496114294285,TM24,0.108933295940014,30,228.10301839580205,228.10242578597945,2.02309511421614,2.0230879443468743,7.169869265410966e-06,1.121998382302504,3398.2424790495224,0.0080185239459408,1.1840972023507557e-37,0.1746805687601297,0.2023914956148906,725.5343361754426,1194.000935232182,5113.017238500651,0.0,1.95099025,0.7163081281286134,0.0057569437918646,False,1.116033407958027,0.0078838459228953,TM44,runs\trial_grid\exports\00ba18d567d4_x05.npz,0.998976406106771,0.9999853900567046,TM44
00ba18d567d4,ridge,"{""sidewall_angle"": 5.0, ""substrate_height"": 1000.0, ""topclad_height"": 800.0, ""substrate_material"": ""Al2O3"", ""topclad_material"": ""SiO2"", ""core_eq_o"": ""(1+2.8032/(1-0.015287/x**2)+0.36335/(1-0.036095/x**2)-33508000/(1+367200000/x**2))**0.5"", ""core_eq_e"": ""(1+0.017061/(1-0.043855/x**2)+3.1976/(1-0.022642/x**2)-57269000/(1-74226000/x**2))**0.5"", ""core_chi2"": ""AlN"", ""h_core"": 350.0, ""w_core"": 700.0}",refined,2,TM20,A,0.0149918143831761,TE72,0.8304317898759335,32,227.76213138754147,227.76323556978065,1.9139816011338344,1.9139952977402603,-1.3696606425916968e-05,0.666665557953055,6774.364884388966,0.0054691909050609,0.0005135092540085,0.1779784345757984,0.1887590555729432,1862.4491900725443,1244.459208205353,37436.53534382096,0.0,0.5009975000000001,0.1622921288037724,0.0001755912751232,False,0.7363232924396064,0.0057588531994326,TE73,runs\trial_grid\exports\00ba18d567d4_x06.npz,0.9999626376830074,0.9994782276424624,TE73
00ba18d567d4,ridge,"{""sidewall_angle"": 5.0, ""substrate_height"": 1000.0, ""topclad_height"": 800.0, ""substrate_material"": ""Al2O3"", ""topclad_material"": ""SiO2"", ""core_eq_o"": ""(1+2.8032/(1-0.015287/x**2)+0.36335/(1-0.036095/x**2)-33508000/(1+367200000/x**2))**0.5"", ""core_eq_e"": ""(1+0.017061/(1-0.043855/x**2)+3.1976/(1-0.022642/x**2)-57269000/(1-74226000/x**2))**0.5"", ""core_chi2"": ""AlN"", ""h_core"": 350.0, ""w_core"": 700.0}",refined,1,TM10,S,0.2636737319550696,TM100,0.0190395891629445,4,221.39602479622727,221.37886395596504,2.0360692784990517,2.0357655645815487,0.0003037139175026,0.3570539553918489,11121.661483156073,0.0054146095795263,1.065866720244108e-33,0.1892874642271268,0.1160088410398382,613.6882950550789,1131.317266317429,35172.86872077616,0.0,0.63099685,0.191459754500473,0.0001308846885487,False,0.5408900821464383,0.005573945674124,TM102,runs\trial_grid\exports\00ba18d567d4_x07.npz,0.9812776953435705,0.99986286640487,TM102
00ba18d567d4,ridge,"{""sidewall_angle"": 5.0, ""substrate_height"": 1000.0, ""topclad_height"": 800.0, ""substrate_material"": ""Al2O3"", ""topclad_material"": ""SiO2"", ""core_eq_o"": ""(1+2.8032/(1-0.015287/x**2)+0.36335/(1-0.036095/x**2)-33508000/(1+367200000/x**2))**0.5"", ""core_eq_e"": ""(1+0.017061/(1-0.043855/x**2)+3.1976/(1-0.022642/x**2)-57269000/(1-74226000/x**2))**0.5"", ""core_chi2"": ""AlN"", ""h_core"": 350.0, ""w_core"": 700.0}",screened,1,TM10,S,,TE72,0.8973079475636341,0,227.55849850023472,,2.024087504210949,2.024087504210949,,0.3658179464836989,10457.239299541492,0.0043396254783703,,,,,,,,,,,,0.3658179464836989,0.0043396254783703,TE72,,,,TE72
00ba18d567d4,ridge,"{""sidewall_angle"": 5.0, ""substrate_height"": 1000.0, ""topclad_height"": 800.0, ""substrate_material"": ""Al2O3"", ""topclad_material"": ""SiO2"", ""core_eq_o"": ""(1+2.8032/(1-0.015287/x**2)+0.36335/(1-0.036095/x**2)-33508000/(1+367200000/x**2))**0.5"", ""core_eq_e"": ""(1+0.017061/(1-0.043855/x**2)+3.1976/(1-0.022642/x**2)-57269000/(1-74226000/x**2))**0.5"", ""core_chi2"": ""AlN"", ""h_core"": 350.0, ""w_core"": 700.0}",screened,2,TM20,A,,TE94,0.8886360945830155,5,218.9955000375403,,1.9382755454184892,1.9382755454184892,,0.17287234095037,27209.06259910512,0.0026799092500045,,,,,,,,,,,,0.17287234095037,0.0026799092500045,TE94,,,,TE94
00ba18d567d4,ridge,"{""sidewall_angle"": 5.0, ""substrate_height"": 1000.0, ""topclad_height"": 800.0, ""substrate_material"": ""Al2O3"", ""topclad_material"": ""SiO2"", ""core_eq_o"": ""(1+2.8032/(1-0.015287/x**2)+0.36335/(1-0.036095/x**2)-33508000/(1+367200000/x**2))**0.5"", ""core_eq_e"": ""(1+0.017061/(1-0.043855/x**2)+3.1976/(1-0.022642/x**2)-57269000/(1-74226000/x**2))**0.5"", ""core_chi2"": ""AlN"", ""h_core"": 350.0, ""w_core"": 700.0}",screened,2,TM20,A,,TM65,0.4847066193902671,4,219.42947106747067,,1.937044292946429,1.937044292946429,,0.1594878806758662,29431.999673557755,0.0026845850773226,,,,,,,,,,,,0.1594878806758662,0.0026845850773226,TM65,,,,TM65
00ba18d567d4,ridge,"{""sidewall_angle"": 5.0, ""substrate_height"": 1000.0, ""topclad_height"": 800.0, ""substrate_material"": ""Al2O3"", ""topclad_material"": ""SiO2"", ""core_eq_o"": ""(1+2.8032/(1-0.015287/x**2)+0.36335/(1-0.036095/x**2)-33508000/(1+367200000/x**2))**0.5"", ""core_eq_e"": ""(1+0.017061/(1-0.043855/x**2)+3.1976/(1-0.022642/x**2)-57269000/(1-74226000/x**2))**0.5"", ""core_chi2"": ""AlN"", ""h_core"": 350.0, ""w_core"": 700.0}",screened,1,TM10,S,,TM104,0.1050777173651784,6,221.08705635050137,,2.0364554590613206,2.0364554590613206,,0.1335164395934178,29803.680531684186,0.0028277572177668,,,,,,,,,,,,0.1335164395934178,0.0028277572177668,TM104,,,,TM104
00ba18d567d4,ridge,"{""sidewall_angle"": 5.0, ""substrate_height"": 1000.0, ""topclad_height"": 800.0, ""substrate_material"": ""Al2O3"", ""topclad_material"": ""SiO2"", ""core_eq_o"": ""(1+2.8032/(1-0.015287/x**2)+0.36335/(1-0.036095/x**2)-33508000/(1+367200000/x**2))**0.5"", ""core_eq_e"": ""(1+0.017061/(1-0.043855/x**2)+3.1976/(1-0.022642/x**2)-57269000/(1-74226000/x**2))**0.5"", ""core_chi2"": ""AlN"", ""h_core"": 350.0, ""w_core"": 700.0}",screened,2,TM20,A,,TM83,0.1957089487909477,38,230.21103775568463,,1.907350364736505,1.907350364736505,,0.1129696980666836,39541.24511632962,0.002272021611481,,,,,,,,,,,,0.1129696980666836,0.002272021611481,TM83,,,,TM83
00ba18d567d4,ridge,"{""sidewall_angle"": 5.0, ""substrate_height"": 1000.0, ""topclad_height"": 800.0, ""substrate_material"": ""Al2O3"", ""topclad_material"": ""SiO2"", ""core_eq_o"": ""(1+2.8032/(1-0.015287/x**2)+0.36335/(1-0.036095/x**2)-33508000/(1+367200000/x**2))**0.5"", ""core_eq_e"": ""(1+0.017061/(1-0.043855/x**2)+3.1976/(1-0.022642/x**2)-57269000/(1-74226000/x**2))**0.5"", ""core_chi2"": ""AlN"", ""h_core"": 350.0, ""w_core"": 700.0}",screened,0,TM00,A,,TM82,0.1486971319725174,32,226.83024375687333,,2.089693517470975,2.089693517470975,,0.0871881021183642,40128.14596304064,0.0020985841346319,,,,,,,,,,,,0.0871881021183642,0.0020985841346319,TM82,,,,TM82
00ba18d567d4,ridge,"{""sidewall_angle"": 5.0, ""substrate_height"": 1000.0, ""topclad_height"": 800.0, ""substrate_material"": ""Al2O3"", ""topclad_material"": ""SiO2"", ""core_eq_o"": ""(1+2.8032/(1-0.015287/x**2)+0.36335/(1-0.036095/x**2)-33508000/(1+367200000/x**2))**0.5"", ""core_eq_e"": ""(1+0.017061/(1-0.043855/x**2)+3.1976/(1-0.022642/x**2)-57269000/(1-74226000/x**2))**0.5"", ""core_chi2"": ""AlN"", ""h_core"": 350.0, ""w_core"": 700.0}",screened,0,TM00,A,,TM82,0.0328717517208822,40,233.22726537608236,,2.0815422709958904,2.0815422709958904,,0.0831292563183436,40279.84440295905,0.0021360493970518,,,,,,,,,,,,0.0831292563183436,0.0021360493970518,TM82,,,,TM82
00ba18d567d4,ridge,"{""sidewall_angle"": 5.0, ""substrate_height"": 1000.0, ""topclad_height"": 800.0, ""substrate_material"": ""Al2O3"", ""topclad_material"": ""SiO2"", ""core_eq_o"": ""(1+2.8032/(1-0.015287/x**2)+0.36335/(1-0.036095/x**2)-33508000/(1+367200000/x**2))**0.5"", ""core_eq_e"": ""(1+0.017061/(1-0.043855/x**2)+3.1976/(1-0.022642/x**2)-57269000/(1-74226000/x**2))**0.5"", ""core_chi2"": ""AlN"", ""h_core"": 350.0, ""w_core"": 700.0}",screened,2,TM20,A,,TM102,0.0924144213420895,0,222.4411392497531,,1.9286453210647283,1.9286453210647283,,0.0663874436787515,69708.02090728516,0.0016616521286066,,,,,,,,,,,,0.0663874436787515,0.0016616521286066,TM102,,,,TM102
00ba18d567d4,ridge,"{""sidewall_angle"": 5.0, ""substrate_height"": 1000.0, ""topclad_height"": 800.0, ""substrate_material"": ""Al2O3"", ""topclad_material"": ""SiO2"", ""core_eq_o"": ""(1+2.8032/(1-0.015287/x**2)+0.36335/(1-0.036095/x**2)-33508000/(1+367200000/x**2))**0.5"", ""core_eq_e"": ""(1+0.017061/(1-0.043855/x**2)+3.1976/(1-0.022642/x**2)-57269000/(1-74226000/x**2))**0.5"", ""core_chi2"": ""AlN"", ""h_core"": 350.0, ""w_core"": 700.0}",screened,0,TM00,A,,TM44,0.0467114170251747,30,223.36085172701857,,2.0943395173788875,2.0943395173788875,,0.0652044923380991,54969.670033492825,0.0018502038005787,,,,,,,,,,,,0.0652044923380991,0.0018502038005787,TM44,,,,TM44
00ba18d567d4,ridge,"{""sidewall_angle"": 5.0, ""substrate_height"": 1000.0, ""topclad_height"": 800.0, ""substrate_material"": ""Al2O3"", ""topclad_material"": ""SiO2"", ""core_eq_o"": ""(1+2.8032/(1-0.015287/x**2)+0.36335/(1-0.036095/x**2)-33508000/(1+367200000/x**2))**0.5"", ""core_eq_e"": ""(1+0.017061/(1-0.043855/x**2)+3.1976/(1-0.022642/x**2)-57269000/(1-74226000/x**2))**0.5"", ""core_chi2"": ""AlN"", ""h_core"": 350.0, ""w_core"": 700.0}",screened,0,TM00,A,,TM82,0.0268799105936682,39,233.6075322923158,,2.0810696182694968,2.0810696182694968,,0.0600975583340995,55573.23596519296,0.0018161957143649,,,,,,,,,,,,0.0600975583340995,0.0018161957143649,TM82,,,,TM82
00ba18d567d4,ridge,"{""sidewall_angle"": 5.0, ""substrate_height"": 1000.0, ""topclad_height"": 800.0, ""substrate_material"": ""Al2O3"", ""topclad_material"": ""SiO2"", ""core_eq_o"": ""(1+2.8032/(1-0.015287/x**2)+0.36335/(1-0.036095/x**2)-33508000/(1+367200000/x**2))**0.5"", ""core_eq_e"": ""(1+0.017061/(1-0.043855/x**2)+3.1976/(1-0.022642/x**2)-57269000/(1-74226000/x**2))**0.5"", ""core_chi2"": ""AlN"", ""h_core"": 350.0, ""w_core"": 700.0}",screened,2,TM20,A,,TE53,0.8889955588171135,40,233.2020168180821,,1.8993432769166367,1.8993432769166367,,0.0435228881578282,101289.24204381138,0.0014627948706193,,,,,,,,,,,,0.0435228881578282,0.0014627948706193,TE53,,,,TE53
00ba18d567d4,ridge,"{""sidewall_angle"": 5.0, ""substrate_height"": 1000.0, ""topclad_height"": 800.0, ""substrate_material"": ""Al2O3"", ""topclad_material"": ""SiO2"", ""core_eq_o"": ""(1+2.8032/(1-0.015287/x**2)+0.36335/(1-0.036095/x**2)-33508000/(1+367200000/x**2))**0.5"", ""core_eq_e"": ""(1+0.017061/(1-0.043855/x**2)+3.1976/(1-0.022642/x**2)-57269000/(1-74226000/x**2))**0.5"", ""core_chi2"": ""AlN"", ""h_core"": 350.0, ""w_core"": 700.0}",screened,2,TM20,A,,TM84,0.1231009269116721,2,220.606762348308,,1.9337403151202577,1.9337403151202577,,0.0421211673578387,110821.3735511068,0.0013444807102492,,,,,,,,,,,,0.0421211673578387,0.0013444807102492,TM84,,,,TM84
00ba18d567d4,ridge,"{""sidewall_angle"": 5.0, ""substrate_height"": 1000.0, ""topclad_height"": 800.0, ""substrate_material"": ""Al2O3"", ""topclad_material"": ""SiO2"", ""core_eq_o"": ""(1+2.8032/(1-0.015287/x**2)+0.36335/(1-0.036095/x**2)-33508000/(1+367200000/x**2))**0.5"", ""core_eq_e"": ""(1+0.017061/(1-0.043855/x**2)+3.1976/(1-0.022642/x**2)-57269000/(1-74226000/x**2))**0.5"", ""core_chi2"": ""AlN"", ""h_core"": 350.0, ""w_core"": 700.0}",screened,0,TM00,A,,TM101,0.0149183430221929,4,218.27275382669544,,2.1014756707063222,2.1014756707063222,,0.0401599817335879,92510.35823861657,0.0013705959290495,,,,,,,,,,,,0.0401599817335879,0.0013705959290495,TM101,,,,TM101
00ba18d567d4,ridge,"{""sidewall_angle"": 5.0, ""substrate_height"": 1000.0, ""topclad_height"": 800.0, ""substrate_material"": ""Al2O3"", ""topclad_material"": ""SiO2"", ""core_eq_o"": ""(1+2.8032/(1-0.015287/x**2)+0.36335/(1-0.036095/x**2)-33508000/(1+367200000/x**2))**0.5"", ""core_eq_e"": ""(1+0.017061/(1-0.043855/x**2)+3.1976/(1-0.022642/x**2)-57269000/(1-74226000/x**2))**0.5"", ""core_chi2"": ""AlN"", ""h_core"": 350.0, ""w_core"": 700.0}",screened,1,TM10,S,,TM83,0.1278462960632215,3,225.3413937517781,,2.0280874277954157,2.0280874277954157,,0.034946489908859,110971.25366934588,0.0015009099799935,,,,,,,,,,,,0.034946489908859,0.0015009099799935,TM83,,,,TM83
00ba18d567d4,ridge,"{""sidewall_angle"": 5.0, ""substrate_height"": 1000.0, ""topclad_height"": 800.0, ""substrate_material"": ""Al2O3"", ""topclad_material"": ""SiO2"", ""core_eq_o"": ""(1+2.8032/(1-0.015287/x**2)+0.36335/(1-0.036095/x**2)-33508000/(1+367200000/x**2))**0.5"", ""core_eq_e"": ""(1+0.017061/(1-0.043855/x**2)+3.1976/(1-0.022642/x**2)-57269000/(1-74226000/x**2))**0.5"", ""core_chi2"": ""AlN"", ""h_core"": 350.0, ""w_core"": 700.0}",screened,2,TM20,A,,TM05,0.0070103670209209,1,223.07950777134863,,1.9268722482462664,1.9268722482462664,,0.0183173767690422,251892.14516675047,0.0010065977595247,,,,,,,,,,,,0.0183173767690422,0.0010065977595247,TM05,,,,TM05
00ba18d567d4,ridge,"{""sidewall_angle"": 5.0, ""substrate_height"": 1000.0, ""topclad_height"": 800.0, ""substrate_material"": ""Al2O3"", ""topclad_material"": ""SiO2"", ""core_eq_o"": ""(1+2.8032/(1-0.015287/x**2)+0.36335/(1-0.036095/x**2)-33508000/(1+367200000/x**2))**0.5"", ""core_eq_e"": ""(1+0.017061/(1-0.043855/x**2)+3.1976/(1-0.022642/x**2)-57269000/(1-74226000/x**2))**0.5"", ""core_chi2"": ""AlN"", ""h_core"": 350.0, ""w_core"": 700.0}",screened,1,TM10,S,,TM82,0.0682218676564451,32,231.94921422238204,,2.0162357020599457,2.0162357020599457,,0.017894553812148,208173.49660345324,0.0009692127117389,,,,,,,,,,,,0.017894553812148,0.0009692127117389,TM82,,,,TM82
00ba18d567d4,ridge,"{""sidewall_angle"": 5.0, ""substrate_height"": 1000.0, ""topclad_height"": 800.0, ""substrate_material"": ""Al2O3"", ""topclad_material"": ""SiO2"", ""core_eq_o"": ""(1+2.8032/(1-0.015287/x**2)+0.36335/(1-0.036095/x**2)-33508000/(1+367200000/x**2))**0.5"", ""core_eq_e"": ""(1+0.017061/(1-0.043855/x**2)+3.1976/(1-0.022642/x**2)-57269000/(1-74226000/x**2))**0.5"", ""core_chi2"": ""AlN"", ""h_core"": 350.0, ""w_core"": 700.0}",screened,1,TM10,S,,TM83,0.4031874528625254,5,222.5941432737336,,2.033469698590003,2.033469698590003,,0.0164384781248488,239857.79324150257,0.0010079268525792,,,,,,,,,,,,0.0164384781248488,0.0010079268525792,TM83,,,,TM83
00ba18d567d4,ridge,"{""sidewall_angle"": 5.0, ""substrate_height"": 1000.0, ""topclad_height"": 800.0, ""substrate_material"": ""Al2O3"", ""topclad_material"": ""SiO2"", ""core_eq_o"": ""(1+2.8032/(1-0.015287/x**2)+0.36335/(1-0.036095/x**2)-33508000/(1+367200000/x**2))**0.5"", ""core_eq_e"": ""(1+0.017061/(1-0.043855/x**2)+3.1976/(1-0.022642/x**2)-57269000/(1-74226000/x**2))**0.5"", ""core_chi2"": ""AlN"", ""h_core"": 350.0, ""w_core"": 700.0}",screened,3,TE00,S,,TM102,0.0210867493860418,4,221.43837591915667,,2.0350099098676213,2.0350099098676213,,0.0157480037183611,252420.80938728608,0.0066119402448964,,,,,,,,,,,,0.0157480037183611,0.0066119402448964,TM102,,,,TM102
00ba18d567d4,ridge,"{""sidewall_angle"": 5.0, ""substrate_height"": 1000.0, ""topclad_height"": 800.0, ""substrate_material"": ""Al2O3"", ""topclad_material"": ""SiO2"", ""core_eq_o"": ""(1+2.8032/(1-0.015287/x**2)+0.36335/(1-0.036095/x**2)-33508000/(1+367200000/x**2))**0.5"", ""core_eq_e"": ""(1+0.017061/(1-0.043855/x**2)+3.1976/(1-0.022642/x**2)-57269000/(1-74226000/x**2))**0.5"", ""core_chi2"": ""AlN"", ""h_core"": 350.0, ""w_core"": 700.0}",screened,2,TM20,A,,TM103,0.1632394589755227,9,216.46610808981507,,1.945451877186408,1.945451877186408,,0.0152074848933525,313081.4488698881,0.0007727852634836,,,,,,,,,,,,0.0152074848933525,0.0007727852634836,TM103,,,,TM103
00ba18d567d4,ridge,"{""sidewall_angle"": 5.0, ""substrate_height"": 1000.0, ""topclad_height"": 800.0, ""substrate_material"": ""Al2O3"", ""topclad_material"": ""SiO2"", ""core_eq_o"": ""(1+2.8032/(1-0.015287/x**2)+0.36335/(1-0.036095/x**2)-33508000/(1+367200000/x**2))**0.5"", ""core_eq_e"": ""(1+0.017061/(1-0.043855/x**2)+3.1976/(1-0.022642/x**2)-57269000/(1-74226000/x**2))**0.5"", ""core_chi2"": ""AlN"", ""h_core"": 350.0, ""w_core"": 700.0}",screened,1,TM10,S,,TM91,0.4356901603454667,10,217.05336167909263,,2.044318364904313,2.044318364904313,,0.0106627678747878,382743.1669058433,0.0006920273712622,,,,,,,,,,,,0.0106627678747878,0.0006920273712622,TM91,,,,TM91
00ba18d567d4,ridge,"{""sidewall_angle"": 5.0, ""substrate_height"": 1000.0, ""topclad_height"": 800.0, ""substrate_material"": ""Al2O3"", ""topclad_material"": ""SiO2"", ""core_eq_o"": ""(1+2.8032/(1-0.015287/x**2)+0.36335/(1-0.036095/x**2)-33508000/(1+367200000/x**2))**0.5"", ""core_eq_e"": ""(1+0.017061/(1-0.043855/x**2)+3.1976/(1-0.022642/x**2)-57269000/(1-74226000/x**2))**0.5"", ""core_chi2"": ""AlN"", ""h_core"": 350.0, ""w_core"": 700.0}",screened,2,TM20,A,,TE74,0.8421946055393796,8,217.79343336068112,,1.9416860209235047,1.9416860209235047,,0.0100228397200258,471996.376158172,0.0006411341778782,,,,,,,,,,,,0.0100228397200258,0.0006411341778782,TE74,,,,TE74
00ba18d567d4,ridge,"{""sidewall_angle"": 5.0, ""substrate_height"": 1000.0, ""topclad_height"": 800.0, ""substrate_material"": ""Al2O3"", ""topclad_material"": ""SiO2"", ""core_eq_o"": ""(1+2.8032/(1-0.015287/x**2)+0.36335/(1-0.036095/x**2)-33508000/(1+367200000/x**2))**0.5"", ""core_eq_e"": ""(1+0.017061/(1-0.043855/x**2)+3.1976/(1-0.022642/x**2)-57269000/(1-74226000/x**2))**0.5"", ""core_chi2"": ""AlN"", ""h_core"": 350.0, ""w_core"": 700.0}",screened,0,TM00,A,,TM63,0.135155237760528,37,231.09774930996383,,2.084189152782296,2.084189152782296,,0.0098097736143761,346333.2701127991,0.0007318762810633,,,,,,,,,,,,0.0098097736143761,0.0007318762810633,TM63,,,,TM63
00ba18d567d4,ridge,"{""sidewall_angle"": 5.0, ""substrate_height"": 1000.0, ""topclad_height"": 800.0, ""substrate_material"": ""Al2O3"", ""topclad_material"": ""SiO2"", ""core_eq_o"": ""(1+2.8032/(1-0.015287/x**2)+0.36335/(1-0.036095/x**2)-33508000/(1+367200000/x**2))**0.5"", ""core_eq_e"": ""(1+0.017061/(1-0.043855/x**2)+3.1976/(1-0.022642/x**2)-57269000/(1-74226000/x**2))**0.5"", ""core_chi2"": ""AlN"", ""h_core"": 350.0, ""w_core"": 700.0}",screened,1,TM10,S,,TM102,0.4237397883809629,9,217.58421428250975,,2.0432898063030707,2.0432898063030707,,0.0085589941031177,475213.3400780661,0.0006909515441721,,,,,,,,,,,,0.0085589941031177,0.0006909515441721,TM102,,,,TM102
00ba18d567d4,ridge,"{""sidewall_angle"": 5.0, ""substrate_height"": 1000.0, ""topclad_height"": 800.0, ""substrate_material"": ""Al2O3"", ""topclad_material"": ""SiO2"", ""core_eq_o"": ""(1+2.8032/(1-0.015287/x**2)+0.36335/(1-0.036095/x**2)-33508000/(1+367200000/x**2))**0.5"", ""core_eq_e"": ""(1+0.017061/(1-0.043855/x**2)+3.1976/(1-0.022642/x**2)-57269000/(1-74226000/x**2))**0.5"", ""core_chi2"": ""AlN"", ""h_core"": 350.0, ""w_core"": 700.0}",screened,2,TM20,A,,TM83,0.1092046741560353,41,234.0334104072917,,1.8971175704363172,1.8971175704363172,,0.0083526250688162,525889.5913038967,0.0006419911771212,,,,,,,,,,,,0.0083526250688162,0.0006419911771212,TM83,,,,TM83
00ba18d567d4,ridge,"{""sidewall_angle"": 5.0, ""substrate_height"": 1000.0, ""topclad_height"": 800.0, ""substrate_material"": ""Al2O3"", ""topclad_material"": ""SiO2"", ""core_eq_o"": ""(1+2.8032/(1-0.015287/x**2)+0.36335/(1-0.036095/x**2)-33508000/(1+367200000/x**2))**0.5"", ""core_eq_e"": ""(1+0.017061/(1-0.043855/x**2)+3.1976/(1-0.022642/x**2)-57269000/(1-74226000/x**2))**0.5"", ""core_chi2"": ""AlN"", ""h_core"": 350.0, ""w_core"": 700.0}",screened,3,TE00,S,,TE72,0.8973079475636341,0,227.3218449965476,,2.0273004491515154,2.0273004491515154,,0.0069893987715715,545857.787495322,0.0038768319538979,,,,,,,,,,,,0.0069893987715715,0.0038768319538979,TE72,,,,TE72
00ba18d567d4,ridge,"{""sidewall_angle"": 5.0, ""substrate_height"": 1000.0, ""topclad_height"": 800.0, ""substrate_material"": ""Al2O3"", ""topclad_material"": ""SiO2"", ""core_eq_o"": ""(1+2.8032/(1-0.015287/x**2)+0.36335/(1-0.036095/x**2)-33508000/(1+367200000/x**2))**0.5"", ""core_eq_e"": ""(1+0.017061/(1-0.043855/x**2)+3.1976/(1-0.022642/x**2)-57269000/(1-74226000/x**2))**0.5"", ""core_chi2"": ""AlN"", ""h_core"": 350.0, ""w_core"": 700.0}",screened,2,TM20,A,,TM45,0.3821737528912571,10,215.05816039153888,,1.9494464735176693,1.9494464735176693,,0.0050644993418366,946615.7075202648,0.0004673008892474,,,,,,,,,,,,0.0050644993418366,0.0004673008892474,TM45,,,,TM45
00ba18d567d4,ridge,"{""sidewall_angle"": 5.0, ""substrate_height"": 1000.0, ""topclad_height"": 800.0, ""substrate_material"": ""Al2O3"", ""topclad_material"": ""SiO2"", ""core_eq_o"": ""(1+2.8032/(1-0.015287/x**2)+0.36335/(1-0.036095/x**2)-33508000/(1+367200000/x**2))**0.5"", ""core_eq_e"": ""(1+0.017061/(1-0.043855/x**2)+3.1976/(1-0.022642/x**2)-57269000/(1-74226000/x**2))**0.5"", ""core_chi2"": ""AlN"", ""h_core"": 350.0, ""w_core"": 700.0}",screened,0,TM00,A,,TE53,0.9457365072426884,34,228.14894742835503,,2.0879712007650126,2.0879712007650126,,0.0049311229189368,703071.9057851139,0.0005109858917986,,,,,,,,,,,,0.0049311229189368,0.0005109858917986,TE53,,,,TE53
00ba18d567d4,ridge,"{""sidewall_angle"": 5.0, ""substrate_height"": 1000.0, ""topclad_height"": 800.0, ""substrate_material"": ""Al2O3"", ""topclad_material"": ""SiO2"", ""core_eq_o"": ""(1+2.8032/(1-0.015287/x**2)+0.36335/(1-0.036095/x**2)-33508000/(1+367200000/x**2))**0.5"", ""core_eq_e"": ""(1+0.017061/(1-0.043855/x**2)+3.1976/(1-0.022642/x**2)-57269000/(1-74226000/x**2))**0.5"", ""core_chi2"": ""AlN"", ""h_core"": 350.0, ""w_core"": 700.0}",screened,2,TM20,A,,TM84,0.4071354291336657,7,218.27926306300964,,1.9403076362371168,1.9403076362371168,,0.0042900792035337,1100155.254826123,0.0004236383067268,,,,,,,,,,,,0.0042900792035337,0.0004236383067268,TM84,,,,TM84
00ba18d567d4,ridge,"{""sidewall_angle"": 5.0, ""substrate_height"": 1000.0, ""topclad_height"": 800.0, ""substrate_material"": ""Al2O3"", ""topclad_material"": ""SiO2"", ""core_eq_o"": ""(1+2.8032/(1-0.015287/x**2)+0.36335/(1-0.036095/x**2)-33508000/(1+367200000/x**2))**0.5"", ""core_eq_e"": ""(1+0.017061/(1-0.043855/x**2)+3.1976/(1-0.022642/x**2)-57269000/(1-74226000/x**2))**0.5"", ""core_chi2"": ""AlN"", ""h_core"": 350.0, ""w_core"": 700.0}",screened,3,TE00,S,,TM104,0.1050777173651784,6,221.1443036694475,,2.035387713803304,2.035387713803304,,0.0031217623991639,1276036.856597887,0.0030061592612062,,,,,,,,,,,,0.0031217623991639,0.0030061592612062,TM104,,,,TM104
00ba18d567d4,ridge,"{""sidewall_angle"": 5.0, ""substrate_height"": 1000.0, ""topclad_height"": 800.0, ""substrate_material"": ""Al2O3"", ""topclad_material"": ""SiO2"", ""core_eq_o"": ""(1+2.8032/(1-0.015287/x**2)+0.36335/(1-0.036095/x**2)-33508000/(1+367200000/x**2))**0.5"", ""core_eq_e"": ""(1+0.017061/(1-0.043855/x**2)+3.1976/(1-0.022642/x**2)-57269000/(1-74226000/x**2))**0.5"", ""core_chi2"": ""AlN"", ""h_core"": 350.0, ""w_core"": 700.0}",screened,0,TM00,A,,TM44,0.109895934301312,6,217.8411947599739,,2.1021031530595318,2.1021031530595318,,0.0030265326622836,1231313.291551835,0.0003818019914438,,,,,,,,,,,,0.0030265326622836,0.0003818019914438,TM44,,,,TM44
00ba18d567d4,ridge,"{""sidewall_angle"": 5.0, ""substrate_height"": 1000.0, ""topclad_height"": 800.0, ""substrate_material"": ""Al2O3"", ""topclad_material"": ""SiO2"", ""core_eq_o"": ""(1+2.8032/(1-0.015287/x**2)+0.36335/(1-0.036095/x**2)-33508000/(1+367200000/x**2))**0.5"", ""core_eq_e"": ""(1+0.017061/(1-0.043855/x**2)+3.1976/(1-0.022642/x**2)-57269000/(1-74226000/x**2))**0.5"", ""core_chi2"": ""AlN"", ""h_core"": 350.0, ""w_core"": 700.0}",screened,2,TM20,A,,TE91,0.8731003184270961,30,223.755506400556,,1.924994657553403,1.924994657553403,,0.0019672898129973,2338038.358405605,0.0002927678547955,,,,,,,,,,,,0.0019672898129973,0.0002927678547955,TE91,,,,TE91
00ba18d567d4,ridge,"{""sidewall_angle"": 5.0, ""substrate_height"": 1000.0, ""topclad_height"": 800.0, ""substrate_material"": ""Al2O3"", ""topclad_material"": ""SiO2"", ""core_eq_o"": ""(1+2.8032/(1-0.015287/x**2)+0.36335/(1-0.036095/x**2)-33508000/(1+367200000/x**2))**0.5"", ""core_eq_e"": ""(1+0.017061/(1-0.043855/x**2)+3.1976/(1-0.022642/x**2)-57269000/(1-74226000/x**2))**0.5"", ""core_chi2"": ""AlN"", ""h_core"": 350.0, ""w_core"": 700.0}",screened,2,TM20,A,,TM85,0.4881570285712229,3,219.94835953026276,,1.93557211471684,1.93557211471684,,0.0019436360210103,2409192.8215436265,0.0002980349127935,,,,,,,,,,,,0.0019436360210103,0.0002980349127935,TM85,,,,TM85
00ba18d567d4,ridge,"{""sidewall_angle"": 5.0, ""substrate_height"": 1000.0, ""topclad_height"": 800.0, ""substrate_material"": ""Al2O3"", ""topclad_material"": ""SiO2"", ""core_eq_o"": ""(1+2.8032/(1-0.015287/x**2)+0.36335/(1-0.036095/x**2)-33508000/(1+367200000/x**2))**0.5"", ""core_eq_e"": ""(1+0.017061/(1-0.043855/x**2)+3.1976/(1-0.022642/x**2)-57269000/(1-74226000/x**2))**0.5"", ""core_chi2"": ""AlN"", ""h_core"": 350.0, ""w_core"": 700.0}",screened,3,TE00,S,,TE14,0.9490048792200976,1,225.91785792845727,,2.02919537133305,2.02919537133305,,0.0016972375365369,2269554.8535066545,0.0019487258211055,,,,,,,,,,,,0.0016972375365369,0.0019487258211055,TE14,,,,TE14
00ba18d567d4,ridge,"{""sidewall_angle"": 5.0, ""substrate_height"": 1000.0, ""topclad_height"": 800.0, ""substrate_material"": ""Al2O3"", ""topclad_material"": ""SiO2"", ""core_eq_o"": ""(1+2.8032/(1-0.015287/x**2)+0.36335/(1-0.036095/x**2)-33508000/(1+367200000/x**2))**0.5"", ""core_eq_e"": ""(1+0.017061/(1-0.043855/x**2)+3.1976/(1-0.022642/x**2)-57269000/(1-74226000/x**2))**0.5"", ""core_chi2"": ""AlN"", ""h_core"": 350.0, ""w_core"": 700.0}",screened,3,TE00,S,,TM04,0.0059772087269741,35,232.161878887012,,2.020907590417175,2.020907590417175,,0.0014214073825001,2597863.166657654,0.0066262487047462,,,,,,,,,,,,0.0014214073825001,0.0066262487047462,TM04,,,,TM04
00ba18d567d4,ridge,"{""sidewall_angle"": 5.0, ""substrate_height"": 1000.0, ""topclad_height"": 800.0, ""substrate_material"": ""Al2O3"", ""topclad_material"": ""SiO2"", ""core_eq_o"": ""(1+2.8032/(1-0.015287/x**2)+0.36335/(1-0.036095/x**2)-33508000/(1+367200000/x**2))**0.5"", ""core_eq_e"": ""(1+0.017061/(1-0.043855/x**2)+3.1976/(1-0.022642/x**2)-57269000/(1-74226000/x**2))**0.5"", ""core_chi2"": ""AlN"", ""h_core"": 350.0, ""w_core"": 700.0}",screened,4,TE10,A,,TM102,0.133998756982318,0,220.60820861789895,,1.966637360591485,1.966637360591485,,0.0013918343145948,3188249.4439740176,0.0109517345423268,,,,,,,,,,,,0.0013918343145948,0.0109517345423268,TM102,,,,TM102
00ba18d567d4,ridge,"{""sidewall_angle"": 5.0, ""substrate_height"": 1000.0, ""topclad_height"": 800.0, ""substrate_material"": ""Al2O3"", ""topclad_material"": ""SiO2"", ""core_eq_o"": ""(1+2.8032/(1-0.015287/x**2)+0.36335/(1-0.036095/x**2)-33508000/(1+367200000/x**2))**0.5"", ""core_eq_e"": ""(1+0.017061/(1-0.043855/x**2)+3.1976/(1-0.022642/x**2)-57269000/(1-74226000/x**2))**0.5"", ""core_chi2"": ""AlN"", ""h_core"": 350.0, ""w_core"": 700.0}",screened,1,TM10,S,,TE73,0.94300580189969,7,220.13064075220828,,2.038350258786217,2.038350258786217,,0.0013156380868436,3042440.91329656,0.0002746742977979,,,,,,,,,,,,0.0013156380868436,0.0002746742977979,TE73,,,,TE73
00ba18d567d4,ridge,"{""sidewall_angle"": 5.0, ""substrate_height"": 1000.0, ""topclad_height"": 800.0, ""substrate_material"": ""Al2O3"", ""topclad_material"": ""SiO2"", ""core_eq_o"": ""(1+2.8032/(1-0.015287/x**2)+0.36335/(1-0.036095/x**2)-33508000/(1+367200000/x**2))**0.5"", ""core_eq_e"": ""(1+0.017061/(1-0.043855/x**2)+3.1976/(1-0.022642/x**2)-57269000/(1-74226000/x**2))**0.5"", ""core_chi2"": ""AlN"", ""h_core"": 350.0, ""w_core"": 700.0}",screened,3,TE00,S,,TM82,0.0682218676564451,32,231.5587986279697,,2.0216826080423056,2.0216826080423056,,0.0012913211798423,2871178.871783948,0.0059171821618067,,,,,,,,,,,,0.0012913211798423,0.0059171821618067,TM82,,,,TM82
00ba18d567d4,ridge,"{""sidewall_angle"": 5.0, ""substrate_height"": 1000.0, ""topclad_height"": 800.0, ""substrate_material"": ""Al2O3"", ""topclad_material"": ""SiO2"", ""core_eq_o"": ""(1+2.8032/(1-0.015287/x**2)+0.36335/(1-0.036095/x**2)-33508000/(1+367200000/x**2))**0.5"", ""core_eq_e"": ""(1+0.017061/(1-0.043855/x**2)+3.1976/(1-0.022642/x**2)-57269000/(1-74226000/x**2))**0.5"", ""core_chi2"": ""AlN"", ""h_core"": 350.0, ""w_core"": 700.0}",screened,0,TM00,A,,TM102,0.1482709146644396,9,215.18735395533625,,2.105961809733778,2.105961809733778,,0.0012826807883303,2961095.877544533,0.0002403634482914,,,,,,,,,,,,0.0012826807883303,0.0002403634482914,TM102,,,,TM102
00ba18d567d4,ridge,"{""sidewall_angle"": 5.0, ""substrate_height"": 1000.0, ""topclad_height"": 800.0, ""substrate_material"": ""Al2O3"", ""topclad_material"": ""SiO2"", ""core_eq_o"": ""(1+2.8032/(1-0.015287/x**2)+0.36335/(1-0.036095/x**2)-33508000/(1+367200000/x**2))**0.5"", ""core_eq_e"": ""(1+0.017061/(1-0.043855/x**2)+3.1976/(1-0.022642/x**2)-57269000/(1-74226000/x**2))**0.5"", ""core_chi2"": ""AlN"", ""h_core"": 350.0, ""w_core"": 700.0}",screened,0,TM00,A,,TE72,0.9534403409347528,0,222.59519670921117,,2.095393109610441,2.095393109610441,,0.0012536155827883,2874508.0588264675,0.0002481607333307,,,,,,,,,,,,0.0012536155827883,0.0002481607333307,TE72,,,,TE72
00ba18d567d4,ridge,"{""sidewall_angle"": 5.0, ""substrate_height"": 1000.0, ""topclad_height"": 800.0, ""substrate_material"": ""Al2O3"", ""topclad_material"": ""SiO2"", ""core_eq_o"": ""(1+2.8032/(1-0.015287/x**2)+0.36335/(1-0.036095/x**2)-33508000/(1+367200000/x**2))**0.5"", ""core_eq_e"": ""(1+0.017061/(1-0.043855/x**2)+3.1976/(1-0.022642/x**2)-57269000/(1-74226000/x**2))**0.5"", ""core_chi2"": ""AlN"", ""h_core"": 350.0, ""w_core"": 700.0}",screened,3,TE00,S,,TM83,0.1278462960632215,3,225.21429571765827,,2.030144949623074,2.030144949623074,,0.0009652721946207,4009896.63734975,0.0014366627497503,,,,,,,,,,,,0.0009652721946207,0.0014366627497503,TM83,,,,TM83
00ba18d567d4,ridge,"{""sidewall_angle"": 5.0, ""substrate_height"": 1000.0, ""topclad_height"": 800.0, ""substrate_material"": ""Al2O3"", ""topclad_material"": ""SiO2"", ""core_eq_o"": ""(1+2.8032/(1-0.015287/x**2)+0.36335/(1-0.036095/x**2)-33508000/(1+367200000/x**2))**0.5"", ""core_eq_e"": ""(1+0.017061/(1-0.043855/x**2)+3.1976/(1-0.022642/x**2)-57269000/(1-74226000/x**2))**0.5"", ""core_chi2"": ""AlN"", ""h_core"": 350.0, ""w_core"": 700.0}",screened,1,TM10,S,,TM84,0.0948717297011972,12,215.86114281344985,,2.04662836011,2.04662836011,,0.0007827879489116,5253466.722126895,0.0001868005492694,,,,,,,,,,,,0.0007827879489116,0.0001868005492694,TM84,,,,TM84
00ba18d567d4,ridge,"{""sidewall_angle"": 5.0, ""substrate_height"": 1000.0, ""topclad_height"": 800.0, ""substrate_material"": ""Al2O3"", ""topclad_material"": ""SiO2"", ""core_eq_o"": ""(1+2.8032/(1-0.015287/x**2)+0.36335/(1-0.036095/x**2)-33508000/(1+367200000/x**2))**0.5"", ""core_eq_e"": ""(1+0.017061/(1-0.043855/x**2)+3.1976/(1-0.022642/x**2)-57269000/(1-74226000/x**2))**0.5"", ""core_chi2"": ""AlN"", ""h_core"": 350.0, ""w_core"": 700.0}",screened,4,TE10,A,,TM83,0.2025197688611107,38,227.3355611354091,,1.9533542280472775,1.9533542280472775,,0.0007569228884223,5634126.758703504,0.0084739266965812,,,,,,,,,,,,0.0007569228884223,0.0084739266965812,TM83,,,,TM83
00ba18d567d4,ridge,"{""sidewall_angle"": 5.0, ""substrate_height"": 1000.0, ""topclad_height"": 800.0, ""substrate_material"": ""Al2O3"", ""topclad_material"": ""SiO2"", ""core_eq_o"": ""(1+2.8032/(1-0.015287/x**2)+0.36335/(1-0.036095/x**2)-33508000/(1+367200000/x**2))**0.5"", ""core_eq_e"": ""(1+0.017061/(1-0.043855/x**2)+3.1976/(1-0.022642/x**2)-57269000/(1-74226000/x**2))**0.5"", ""core_chi2"": ""AlN"", ""h_core"": 350.0, ""w_core"": 700.0}",screened,0,TM00,A,,TE53,0.7422221512596465,5,218.85222003449192,,2.100633132922478,2.100633132922478,,0.0007168109551472,5161772.307606916,0.0001844723497737,,,,,,,,,,,,0.0007168109551472,0.0001844723497737,TE53,,,,TE53
00ba18d567d4,ridge,"{""sidewall_angle"": 5.0, ""substrate_height"": 1000.0, ""topclad_height"": 800.0, ""substrate_material"": ""Al2O3"", ""topclad_material"": ""SiO2"", ""core_eq_o"": ""(1+2.8032/(1-0.015287/x**2)+0.36335/(1-0.036095/x**2)-33508000/(1+367200000/x**2))**0.5"", ""core_eq_e"": ""(1+0.017061/(1-0.043855/x**2)+3.1976/(1-0.022642/x**2)-57269000/(1-74226000/x**2))**0.5"", ""core_chi2"": ""AlN"", ""h_core"": 350.0, ""w_core"": 700.0}",screened,3,TE00,S,,TM44,0.1062467336836838,30,227.85709368409263,,2.026578038928716,2.026578038928716,,0.0007078848260634,5370049.852290409,0.0045152635974633,,,,,,,,,,,,0.0007078848260634,0.0045152635974633,TM44,,,,TM44
00ba18d567d4,ridge,"{""sidewall_angle"": 5.0, ""substrate_height"": 1000.0, ""topclad_height"": 800.0, ""substrate_material"": ""Al2O3"", ""topclad_material"": ""SiO2"", ""core_eq_o"": ""(1+2.8032/(1-0.015287/x**2)+0.36335/(1-0.036095/x**2)-33508000/(1+367200000/x**2))**0.5"", ""core_eq_e"": ""(1+0.017061/(1-0.043855/x**2)+3.1976/(1-0.022642/x**2)-57269000/(1-74226000/x**2))**0.5"", ""core_chi2"": ""AlN"", ""h_core"": 350.0, ""w_core"": 700.0}",screened,3,TE00,S,,TM83,0.4031874528625254,5,222.59072299127908,,2.0335294530766426,2.0335294530766426,,0.0006396402307032,6163887.898809579,0.0011457279665125,,,,,,,,,,,,0.0006396402307032,0.0011457279665125,TM83,,,,TM83
00ba18d567d4,ridge,"{""sidewall_angle"": 5.0, ""substrate_height"": 1000.0, ""topclad_height"": 800.0, ""substrate_material"": ""Al2O3"", ""topclad_material"": ""SiO2"", ""core_eq_o"": ""(1+2.8032/(1-0.015287/x**2)+0.36335/(1-0.036095/x**2)-33508000/(1+367200000/x**2))**0.5"", ""core_eq_e"": ""(1+0.017061/(1-0.043855/x**2)+3.1976/(1-0.022642/x**2)-57269000/(1-74226000/x**2))**0.5"", ""core_chi2"": ""AlN"", ""h_core"": 350.0, ""w_core"": 700.0}",screened,4,TE10,A,,TM83,0.0932165718726319,41,230.559758324978,,1.947092120656192,1.947092120656192,,0.000583544158979,7173907.678062823,0.0077078219298222,,,,,,,,,,,,0.000583544158979,0.0077078219298222,TM83,,,,TM83
00ba18d567d4,ridge,"{""sidewall_angle"": 5.0, ""substrate_height"": 1000.0, ""topclad_height"": 800.0, ""substrate_material"": ""Al2O3"", ""topclad_material"": ""SiO2"", ""core_eq_o"": ""(1+2.8032/(1-0.015287/x**2)+0.36335/(1-0.036095/x**2)-33508000/(1+367200000/x**2))**0.5"", ""core_eq_e"": ""(1+0.017061/(1-0.043855/x**2)+3.1976/(1-0.022642/x**2)-57269000/(1-74226000/x**2))**0.5"", ""core_chi2"": ""AlN"", ""h_core"": 350.0, ""w_core"": 700.0}",screened,1,TM10,S,,TE53,0.6544328528049073,2,223.6977708744593,,2.0312832502740457,2.0312832502740457,,0.0005541465237102,7068001.548055865,0.0001872984523981,,,,,,,,,,,,0.0005541465237102,0.0001872984523981,TE53,,,,TE53
00ba18d567d4,ridge,"{""sidewall_angle"": 5.0, ""substrate_height"": 1000.0, ""topclad_height"": 800.0, ""substrate_material"": ""Al2O3"", ""topclad_material"": ""SiO2"", ""core_eq_o"": ""(1+2.8032/(1-0.015287/x**2)+0.36335/(1-0.036095/x**2)-33508000/(1+367200000/x**2))**0.5"", ""core_eq_e"": ""(1+0.017061/(1-0.043855/x**2)+3.1976/(1-0.022642/x**2)-57269000/(1-74226000/x**2))**0.5"", ""core_chi2"": ""AlN"", ""h_core"": 350.0, ""w_core"": 700.0}",screened,4,TE10,A,,TM104,0.0715211406073566,35,225.54358820394023,,1.9568456218604744,1.9568456218604744,,0.0005222311638144,8252063.741996483,0.0070101713613706,,,,,,,,,,,,0.0005222311638144,0.0070101713613706,TM104,,,,TM104
00ba18d567d4,ridge,"{""sidewall_angle"": 5.0, ""substrate_height"": 1000.0, ""topclad_height"": 800.0, ""substrate_material"": ""Al2O3"", ""topclad_material"": ""SiO2"", ""core_eq_o"": ""(1+2.8032/(1-0.015287/x**2)+0.36335/(1-0.036095/x**2)-33508000/(1+367200000/x**2))**0.5"", ""core_eq_e"": ""(1+0.017061/(1-0.043855/x**2)+3.1976/(1-0.022642/x**2)-57269000/(1-74226000/x**2))**0.5"", ""core_chi2"": ""AlN"", ""h_core"": 350.0, ""w_core"": 700.0}",screened,0,TM00,A,,TM83,0.3303429225102133,2,219.79269280264265,,2.0992656953891378,2.0992656953891378,,0.0004383837856151,8384415.94163041,0.0001446586586982,,,,,,,,,,,,0.0004383837856151,0.0001446586586982,TM83,,,,TM83
00ba18d567d4,ridge,"{""sidewall_angle"": 5.0, ""substrate_height"": 1000.0, ""topclad_height"": 800.0, ""substrate_material"": ""Al2O3"", ""topclad_material"": ""SiO2"", ""core_eq_o"": ""(1+2.8032/(1-0.015287/x**2)+0.36335/(1-0.036095/x**2)-33508000/(1+367200000/x**2))**0.5"", ""core_eq_e"": ""(1+0.017061/(1-0.043855/x**2)+3.1976/(1-0.022642/x**2)-57269000/(1-74226000/x**2))**0.5"", ""core_chi2"": ""AlN"", ""h_core"": 350.0, ""w_core"": 700.0}",screened,4,TE10,A,,TM103,0.2070663198969568,9,215.37215721727773,,1.9772598523952167,1.9772598523952167,,0.0003317187367947,13810699.009367606,0.0051590278542784,,,,,,,,,,,,0.0003317187367947,0.0051590278542784,TM103,,,,TM103
00ba18d567d4,ridge,"{""sidewall_angle"": 5.0, ""substrate_height"": 1000.0, ""topclad_height"": 800.0, ""substrate_material"": ""Al2O3"", ""topclad_material"": ""SiO2"", ""core_eq_o"": ""(1+2.8032/(1-0.015287/x**2)+0.36335/(1-0.036095/x**2)-33508000/(1+367200000/x**2))**0.5"", ""core_eq_e"": ""(1+0.017061/(1-0.043855/x**2)+3.1976/(1-0.022642/x**2)-57269000/(1-74226000/x**2))**0.5"", ""core_chi2"": ""AlN"", ""h_core"": 350.0, ""w_core"": 700.0}",screened,1,TM10,S,,TE14,0.9668312364381252,1,226.104978760442,,2.0267098286147607,2.0267098286147607,,0.0003154298147949,12236530.90217876,0.000145904359976,,,,,,,,,,,,0.0003154298147949,0.000145904359976,TE14,,,,TE14
00ba18d567d4,ridge,"{""sidewall_angle"": 5.0, ""substrate_height"": 1000.0, ""topclad_height"": 800.0, ""substrate_material"": ""Al2O3"", ""topclad_material"": ""SiO2"", ""core_eq_o"": ""(1+2.8032/(1-0.015287/x**2)+0.36335/(1-0.036095/x**2)-33508000/(1+367200000/x**2))**0.5"", ""core_eq_e"": ""(1+0.017061/(1-0.043855/x**2)+3.1976/(1-0.022642/x**2)-57269000/(1-74226000/x**2))**0.5"", ""core_chi2"": ""AlN"", ""h_core"": 350.0, ""w_core"": 700.0}",screened,4,TE10,A,,TM84,0.1137321785394984,2,218.9377295536136,,1.9700074030538488,1.9700074030538488,,0.0002727774804293,16432464.998622429,0.0048941570619493,,,,,,,,,,,,0.0002727774804293,0.0048941570619493,TM84,,,,TM84
00ba18d567d4,ridge,"{""sidewall_angle"": 5.0, ""substrate_height"": 1000.0, ""topclad_height"": 800.0, ""substrate_material"": ""Al2O3"", ""topclad_material"": ""SiO2"", ""core_eq_o"": ""(1+2.8032/(1-0.015287/x**2)+0.36335/(1-0.036095/x**2)-33508000/(1+367200000/x**2))**0.5"", ""core_eq_e"": ""(1+0.017061/(1-0.043855/x**2)+3.1976/(1-0.022642/x**2)-57269000/(1-74226000/x**2))**0.5"", ""core_chi2"": ""AlN"", ""h_core"": 350.0, ""w_core"": 700.0}",screened,4,TE10,A,,TM104,0.1259090678751334,34,225.7100354606553,,1.956521324036488,1.956521324036488,,0.0001636721895128,26304232.652308155,0.0039955073072048,,,,,,,,,,,,0.0001636721895128,0.0039955073072048,TM104,,,,TM104
00ba18d567d4,ridge,"{""sidewall_angle"": 5.0, ""substrate_height"": 1000.0, ""topclad_height"": 800.0, ""substrate_material"": ""Al2O3"", ""topclad_material"": ""SiO2"", ""core_eq_o"": ""(1+2.8032/(1-0.015287/x**2)+0.36335/(1-0.036095/x**2)-33508000/(1+367200000/x**2))**0.5"", ""core_eq_e"": ""(1+0.017061/(1-0.043855/x**2)+3.1976/(1-0.022642/x**2)-57269000/(1-74226000/x**2))**0.5"", ""core_chi2"": ""AlN"", ""h_core"": 350.0, ""w_core"": 700.0}",screened,0,TM00,A,,TE73,0.9045084410818136,31,227.7850789349758,,2.088446437771228,2.088446437771228,,0.0001445355098572,24046999.62576819,8.654774908398565e-05,,,,,,,,,,,,0.0001445355098572,8.654774908398565e-05,TE73,,,,TE73
00ba18d567d4,ridge,"{""sidewall_angle"": 5.0, ""substrate_height"": 1000.0, ""topclad_height"": 800.0, ""substrate_material"": ""Al2O3"", ""topclad_material"": ""SiO2"", ""core_eq_o"": ""(1+2.8032/(1-0.015287/x**2)+0.36335/(1-0.036095/x**2)-33508000/(1+367200000/x**2))**0.5"", ""core_eq_e"": ""(1+0.017061/(1-0.043855/x**2)+3.1976/(1-0.022642/x**2)-57269000/(1-74226000/x**2))**0.5"", ""core_chi2"": ""AlN"", ""h_core"": 350.0, ""w_core"": 700.0}",screened,0,TM00,A,,TE73,0.9508997385447108,7,216.68464067215288,,2.103784770563603,2.103784770563603,,0.0001335856378003,28127820.2943432,7.835381503372748e-05,,,,,,,,,,,,0.0001335856378003,7.835381503372748e-05,TE73,,,,TE73
00ba18d567d4,ridge,"{""sidewall_angle"": 5.0, ""substrate_height"": 1000.0, ""topclad_height"": 800.0, ""substrate_material"": ""Al2O3"", ""topclad_material"": ""SiO2"", ""core_eq_o"": ""(1+2.8032/(1-0.015287/x**2)+0.36335/(1-0.036095/x**2)-33508000/(1+367200000/x**2))**0.5"", ""core_eq_e"": ""(1+0.017061/(1-0.043855/x**2)+3.1976/(1-0.022642/x**2)-57269000/(1-74226000/x**2))**0.5"", ""core_chi2"": ""AlN"", ""h_core"": 350.0, ""w_core"": 700.0}",screened,3,TE00,S,,TE73,0.94300580189969,7,220.2316957092362,,2.036560170162053,2.036560170162053,,0.0001129477002718,35499909.708979204,0.0005596450926045,,,,,,,,,,,,0.0001129477002718,0.0005596450926045,TE73,,,,TE73
00ba18d567d4,ridge,"{""sidewall_angle"": 5.0, ""substrate_height"": 1000.0, ""topclad_height"": 800.0, ""substrate_material"": ""Al2O3"", ""topclad_material"": ""SiO2"", ""core_eq_o"": ""(1+2.8032/(1-0.015287/x**2)+0.36335/(1-0.036095/x**2)-33508000/(1+367200000/x**2))**0.5"", ""core_eq_e"": ""(1+0.017061/(1-0.043855/x**2)+3.1976/(1-0.022642/x**2)-57269000/(1-74226000/x**2))**0.5"", ""core_chi2"": ""AlN"", ""h_core"": 350.0, ""w_core"": 700.0}",screened,4,TE10,A,,TM65,0.454185221755688,4,217.70953880623568,,1.9725055689404645,1.9725055689404645,,0.0001073222107448,42078164.22509098,0.0031485542582121,,,,,,,,,,,,0.0001073222107448,0.0031485542582121,TM65,,,,TM65
00ba18d567d4,ridge,"{""sidewall_angle"": 5.0, ""substrate_height"": 1000.0, ""topclad_height"": 800.0, ""substrate_material"": ""Al2O3"", ""topclad_material"": ""SiO2"", ""core_eq_o"": ""(1+2.8032/(1-0.015287/x**2)+0.36335/(1-0.036095/x**2)-33508000/(1+367200000/x**2))**0.5"", ""core_eq_e"": ""(1+0.017061/(1-0.043855/x**2)+3.1976/(1-0.022642/x**2)-57269000/(1-74226000/x**2))**0.5"", ""core_chi2"": ""AlN"", ""h_core"": 350.0, ""w_core"": 700.0}",screened,3,TE00,S,,TE53,0.6544328528049073,2,223.64202068370605,,2.032178817625097,2.032178817625097,,0.0001003342639332,39004451.889140606,0.0004591560997568,,,,,,,,,,,,0.0001003342639332,0.0004591560997568,TE53,,,,TE53
00ba18d567d4,ridge,"{""sidewall_angle"": 5.0, ""substrate_height"": 1000.0, ""topclad_height"": 800.0, ""substrate_material"": ""Al2O3"", ""topclad_material"": ""SiO2"", ""core_eq_o"": ""(1+2.8032/(1-0.015287/x**2)+0.36335/(1-0.036095/x**2)-33508000/(1+367200000/x**2))**0.5"", ""core_eq_e"": ""(1+0.017061/(1-0.043855/x**2)+3.1976/(1-0.022642/x**2)-57269000/(1-74226000/x**2))**0.5"", ""core_chi2"": ""AlN"", ""h_core"": 350.0, ""w_core"": 700.0}",screened,4,TE10,A,,TE91,0.8219032744199638,30,221.48813230851903,,1.964887720394615,1.964887720394615,,8.903104310747081e-05,49579303.89417754,0.0028208975046679,,,,,,,,,,,,8.903104310747081e-05,0.0028208975046679,TE91,,,,TE91
00ba18d567d4,ridge,"{""sidewall_angle"": 5.0, ""substrate_height"": 1000.0, ""topclad_height"": 800.0, ""substrate_material"": ""Al2O3"", ""topclad_material"": ""SiO2"", ""core_eq_o"": ""(1+2.8032/(1-0.015287/x**2)+0.36335/(1-0.036095/x**2)-33508000/(1+367200000/x**2))**0.5"", ""core_eq_e"": ""(1+0.017061/(1-0.043855/x**2)+3.1976/(1-0.022642/x**2)-57269000/(1-74226000/x**2))**0.5"", ""core_chi2"": ""AlN"", ""h_core"": 350.0, ""w_core"": 700.0}",screened,3,TE00,S,,TE54,0.9836976215244012,8,220.0731236385973,,2.036763892724913,2.036763892724913,,8.043488633002045e-05,49906313.95308377,0.0004795263751416,,,,,,,,,,,,8.043488633002045e-05,0.0004795263751416,TE54,,,,TE54
00ba18d567d4,ridge,"{""sidewall_angle"": 5.0, ""substrate_height"": 1000.0, ""topclad_height"": 800.0, ""substrate_material"": ""Al2O3"", ""topclad_material"": ""SiO2"", ""core_eq_o"": ""(1+2.8032/(1-0.015287/x**2)+0.36335/(1-0.036095/x**2)-33508000/(1+367200000/x**2))**0.5"", ""core_eq_e"": ""(1+0.017061/(1-0.043855/x**2)+3.1976/(1-0.022642/x**2)-57269000/(1-74226000/x**2))**0.5"", ""core_chi2"": ""AlN"", ""h_core"": 350.0, ""w_core"": 700.0}",screened,4,TE10,A,,TE74,0.8289373311331233,8,216.29932165024636,,1.975373980381712,1.975373980381712,,7.486091245694206e-05,60847481.33284229,0.002491883306415,,,,,,,,,,,,7.486091245694206e-05,0.002491883306415,TE74,,,,TE74
00ba18d567d4,ridge,"{""sidewall_angle"": 5.0, ""substrate_height"": 1000.0, ""topclad_height"": 800.0, ""substrate_material"": ""Al2O3"", ""topclad_material"": ""SiO2"", ""core_eq_o"": ""(1+2.8032/(1-0.015287/x**2)+0.36335/(1-0.036095/x**2)-33508000/(1+367200000/x**2))**0.5"", ""core_eq_e"": ""(1+0.017061/(1-0.043855/x**2)+3.1976/(1-0.022642/x**2)-57269000/(1-74226000/x**2))**0.5"", ""core_chi2"": ""AlN"", ""h_core"": 350.0, ""w_core"": 700.0}",screened,4,TE10,A,,TE54,0.9356662290259756,33,225.0384499882624,,1.9578298088479316,1.9578298088479316,,7.098496037829735e-05,60890762.778278485,0.0026387465590149,,,,,,,,,,,,7.098496037829735e-05,0.0026387465590149,TE54,,,,TE54
00ba18d567d4,ridge,"{""sidewall_angle"": 5.0, ""substrate_height"": 1000.0, ""topclad_height"": 800.0, ""substrate_material"": ""Al2O3"", ""topclad_material"": ""SiO2"", ""core_eq_o"": ""(1+2.8032/(1-0.015287/x**2)+0.36335/(1-0.036095/x**2)-33508000/(1+367200000/x**2))**0.5"", ""core_eq_e"": ""(1+0.017061/(1-0.043855/x**2)+3.1976/(1-0.022642/x**2)-57269000/(1-74226000/x**2))**0.5"", ""core_chi2"": ""AlN"", ""h_core"": 350.0, ""w_core"": 700.0}",screened,1,TM10,S,,TE54,0.9851446045780308,8,219.96069777588943,,2.0386852277023606,2.0386852277023606,,6.42533074737077e-05,62361970.64038577,6.16298660625163e-05,,,,,,,,,,,,6.42533074737077e-05,6.16298660625163e-05,TE54,,,,TE54
00ba18d567d4,ridge,"{""sidewall_angle"": 5.0, ""substrate_height"": 1000.0, ""topclad_height"": 800.0, ""substrate_material"": ""Al2O3"", ""topclad_material"": ""SiO2"", ""core_eq_o"": ""(1+2.8032/(1-0.015287/x**2)+0.36335/(1-0.036095/x**2)-33508000/(1+367200000/x**2))**0.5"", ""core_eq_e"": ""(1+0.017061/(1-0.043855/x**2)+3.1976/(1-0.022642/x**2)-57269000/(1-74226000/x**2))**0.5"", ""core_chi2"": ""AlN"", ""h_core"": 350.0, ""w_core"": 700.0}",screened,4,TE10,A,,TM64,0.4143792327876576,45,234.58062801605516,,1.939400015421945,1.939400015421945,,5.2418492937496416e-05,78070151.13021272,0.0024470628543889,,,,,,,,,,,,5.2418492937496416e-05,0.0024470628543889,TM64,,,,TM64
00ba18d567d4,ridge,"{""sidewall_angle"": 5.0, ""substrate_height"": 1000.0, ""topclad_height"": 800.0, ""substrate_material"": ""Al2O3"", ""topclad_material"": ""SiO2"", ""core_eq_o"": ""(1+2.8032/(1-0.015287/x**2)+0.36335/(1-0.036095/x**2)-33508000/(1+367200000/x**2))**0.5"", ""core_eq_e"": ""(1+0.017061/(1-0.043855/x**2)+3.1976/(1-0.022642/x**2)-57269000/(1-74226000/x**2))**0.5"", ""core_chi2"": ""AlN"", ""h_core"": 350.0, ""w_core"": 700.0}",screened,3,TE00,S,,TM91,0.4356901603454667,10,217.20653995781117,,2.0409196602615016,2.0409196602615016,,4.747056976815e-05,86279586.88074464,0.0013293767165324,,,,,,,,,,,,4.747056976815e-05,0.0013293767165324,TM91,,,,TM91
00ba18d567d4,ridge,"{""sidewall_angle"": 5.0, ""substrate_height"": 1000.0, ""topclad_height"": 800.0, ""substrate_material"": ""Al2O3"", ""topclad_material"": ""SiO2"", ""core_eq_o"": ""(1+2.8032/(1-0.015287/x**2)+0.36335/(1-0.036095/x**2)-33508000/(1+367200000/x**2))**0.5"", ""core_eq_e"": ""(1+0.017061/(1-0.043855/x**2)+3.1976/(1-0.022642/x**2)-57269000/(1-74226000/x**2))**0.5"", ""core_chi2"": ""AlN"", ""h_core"": 350.0, ""w_core"": 700.0}",screened,4,TE10,A,,TM05,0.0059416545391971,1,220.6956799339904,,1.966463432633484,1.966463432633484,,4.104705036675831e-05,108050997.63792256,0.0020910851779783,,,,,,,,,,,,4.104705036675831e-05,0.0020910851779783,TM05,,,,TM05
00ba18d567d4,ridge,"{""sidewall_angle"": 5.0, ""substrate_height"": 1000.0, ""topclad_height"": 800.0, ""substrate_material"": ""Al2O3"", ""topclad_material"": ""SiO2"", ""core_eq_o"": ""(1+2.8032/(1-0.015287/x**2)+0.36335/(1-0.036095/x**2)-33508000/(1+367200000/x**2))**0.5"", ""core_eq_e"": ""(1+0.017061/(1-0.043855/x**2)+3.1976/(1-0.022642/x**2)-57269000/(1-74226000/x**2))**0.5"", ""core_chi2"": ""AlN"", ""h_core"": 350.0, ""w_core"": 700.0}",screened,3,TE00,S,,TM102,0.4237397883809629,9,217.7190926489109,,2.04017438435913,2.04017438435913,,3.289327443073268e-05,124066352.11702973,0.000297909112938,,,,,,,,,,,,3.289327443073268e-05,0.000297909112938,TM102,,,,TM102
00ba18d567d4,ridge,"{""sidewall_angle"": 5.0, ""substrate_height"": 1000.0, ""topclad_height"": 800.0, ""substrate_material"": ""Al2O3"", ""topclad_material"": ""SiO2"", ""core_eq_o"": ""(1+2.8032/(1-0.015287/x**2)+0.36335/(1-0.036095/x**2)-33508000/(1+367200000/x**2))**0.5"", ""core_eq_e"": ""(1+0.017061/(1-0.043855/x**2)+3.1976/(1-0.022642/x**2)-57269000/(1-74226000/x**2))**0.5"", ""core_chi2"": ""AlN"", ""h_core"": 350.0, ""w_core"": 700.0}",screened,4,TE10,A,,TE53,0.855889450043581,40,229.31019114881656,,1.9495069539667973,1.9495069539667973,,2.635480649460145e-05,159983470.46854523,0.00163387301561,,,,,,,,,,,,2.635480649460145e-05,0.00163387301561,TE53,,,,TE53
00ba18d567d4,ridge,"{""sidewall_angle"": 5.0, ""substrate_height"": 1000.0, ""topclad_height"": 800.0, ""substrate_material"": ""Al2O3"", ""topclad_material"": ""SiO2"", ""core_eq_o"": ""(1+2.8032/(1-0.015287/x**2)+0.36335/(1-0.036095/x**2)-33508000/(1+367200000/x**2))**0.5"", ""core_eq_e"": ""(1+0.017061/(1-0.043855/x**2)+3.1976/(1-0.022642/x**2)-57269000/(1-74226000/x**2))**0.5"", ""core_chi2"": ""AlN"", ""h_core"": 350.0, ""w_core"": 700.0}",screened,4,TE10,A,,TE72,0.5898704403192971,44,234.10077259302972,,1.9403180005084368,1.9403180005084368,,2.1616328574174905e-05,189823361.10485932,0.0015352380048328,,,,,,,,,,,,2.1616328574174905e-05,0.0015352380048328,TE72,,,,TE72
00ba18d567d4,ridge,"{""sidewall_angle"": 5.0, ""substrate_height"": 1000.0, ""topclad_height"": 800.0, ""substrate_material"": ""Al2O3"", ""topclad_material"": ""SiO2"", ""core_eq_o"": ""(1+2.8032/(1-0.015287/x**2)+0.36335/(1-0.036095/x**2)-33508000/(1+367200000/x**2))**0.5"", ""core_eq_e"": ""(1+0.017061/(1-0.043855/x**2)+3.1976/(1-0.022642/x**2)-57269000/(1-74226000/x**2))**0.5"", ""core_chi2"": ""AlN"", ""h_core"": 350.0, ""w_core"": 700.0}",screened,3,TE00,S,,TE72,0.956186623776571,31,233.6401410195446,,2.019007877750248,2.019007877750248,,2.034220519384132e-05,179741778.04979664,0.0010769379471963,,,,,,,,,,,,2.034220519384132e-05,0.0010769379471963,TE72,,,,TE72
00ba18d567d4,ridge,"{""sidewall_angle"": 5.0, ""substrate_height"": 1000.0, ""topclad_height"": 800.0, ""substrate_material"": ""Al2O3"", ""topclad_material"": ""SiO2"", ""core_eq_o"": ""(1+2.8032/(1-0.015287/x**2)+0.36335/(1-0.036095/x**2)-33508000/(1+367200000/x**2))**0.5"", ""core_eq_e"": ""(1+0.017061/(1-0.043855/x**2)+3.1976/(1-0.022642/x**2)-57269000/(1-74226000/x**2))**0.5"", ""core_chi2"": ""AlN"", ""h_core"": 350.0, ""w_core"": 700.0}",screened,0,TM00,A,,TM83,0.3070981018104367,1,221.4657698944546,,2.096947276030644,2.096947276030644,,1.6629776699038797e-05,218420729.03032136,2.8510154683944415e-05,,,,,,,,,,,,1.6629776699038797e-05,2.8510154683944415e-05,TM83,,,,TM83
00ba18d567d4,ridge,"{""sidewall_angle"": 5.0, ""substrate_height"": 1000.0, ""topclad_height"": 800.0, ""substrate_material"": ""Al2O3"", ""topclad_material"": ""SiO2"", ""core_eq_o"": ""(1+2.8032/(1-0.015287/x**2)+0.36335/(1-0.036095/x**2)-33508000/(1+367200000/x**2))**0.5"", ""core_eq_e"": ""(1+0.017061/(1-0.043855/x**2)+3.1976/(1-0.022642/x**2)-57269000/(1-74226000/x**2))**0.5"", ""core_chi2"": ""AlN"", ""h_core"": 350.0, ""w_core"": 700.0}",screened,4,TE10,A,,TE93,0.8310920610099332,5,217.36952851021337,,1.9731971570544724,1.9731971570544724,,1.5656110312382442e-05,289043615.8611908,0.0011452246081966,,,,,,,,,,,,1.5656110312382442e-05,0.0011452246081966,TE93,,,,TE93
00ba18d567d4,ridge,"{""sidewall_angle"": 5.0, ""substrate_height"": 1000.0, ""topclad_height"": 800.0, ""substrate_material"": ""Al2O3"", ""topclad_material"": ""SiO2"", ""core_eq_o"": ""(1+2.8032/(1-0.015287/x**2)+0.36335/(1-0.036095/x**2)-33508000/(1+367200000/x**2))**0.5"", ""core_eq_e"": ""(1+0.017061/(1-0.043855/x**2)+3.1976/(1-0.022642/x**2)-57269000/(1-74226000/x**2))**0.5"", ""core_chi2"": ""AlN"", ""h_core"": 350.0, ""w_core"": 700.0}",screened,4,TE10,A,,TE75,0.9254226677482948,6,217.2625258253196,,1.9734148027725733,1.9734148027725733,,1.4185070067790556e-05,319227094.8994395,0.0011190843121353,,,,,,,,,,,,1.4185070067790556e-05,0.0011190843121353,TE75,,,,TE75
00ba18d567d4,ridge,"{""sidewall_angle"": 5.0, ""substrate_height"": 1000.0, ""topclad_height"": 800.0, ""substrate_material"": ""Al2O3"", ""topclad_material"": ""SiO2"", ""core_eq_o"": ""(1+2.8032/(1-0.015287/x**2)+0.36335/(1-0.036095/x**2)-33508000/(1+367200000/x**2))**0.5"", ""core_eq_e"": ""(1+0.017061/(1-0.043855/x**2)+3.1976/(1-0.022642/x**2)-57269000/(1-74226000/x**2))**0.5"", ""core_chi2"": ""AlN"", ""h_core"": 350.0, ""w_core"": 700.0}",screened,4,TE10,A,,TE14,0.9904554667468,42,233.14689252138027,,1.9421428161467704,1.9421428161467704,,1.2107139190742307e-05,340731070.56787115,0.0011752060436445,,,,,,,,,,,,1.2107139190742307e-05,0.0011752060436445,TE14,,,,TE14
00ba18d567d4,ridge,"{""sidewall_angle"": 5.0, ""substrate_height"": 1000.0, ""topclad_height"": 800.0, ""substrate_material"": ""Al2O3"", ""topclad_material"": ""SiO2"", ""core_eq_o"": ""(1+2.8032/(1-0.015287/x**2)+0.36335/(1-0.036095/x**2)-33508000/(1+367200000/x**2))**0.5"", ""core_eq_e"": ""(1+0.017061/(1-0.043855/x**2)+3.1976/(1-0.022642/x**2)-57269000/(1-74226000/x**2))**0.5"", ""core_chi2"": ""AlN"", ""h_core"": 350.0, ""w_core"": 700.0}",screened,1,TM10,S,,TE72,0.9597323698797108,31,234.2571741186385,,2.012154247273959,2.012154247273959,,1.0725786924699626e-05,342576248.9984772,2.3865990585845023e-05,,,,,,,,,,,,1.0725786924699626e-05,2.3865990585845023e-05,TE72,,,,TE72
00ba18d567d4,ridge,"{""sidewall_angle"": 5.0, ""substrate_height"": 1000.0, ""topclad_height"": 800.0, ""substrate_material"": ""Al2O3"", ""topclad_material"": ""SiO2"", ""core_eq_o"": ""(1+2.8032/(1-0.015287/x**2)+0.36335/(1-0.036095/x**2)-33508000/(1+367200000/x**2))**0.5"", ""core_eq_e"": ""(1+0.017061/(1-0.043855/x**2)+3.1976/(1-0.022642/x**2)-57269000/(1-74226000/x**2))**0.5"", ""core_chi2"": ""AlN"", ""h_core"": 350.0, ""w_core"": 700.0}",screened,1,TM10,S,,TM05,0.0043801557710171,11,216.7658191794122,,2.044875495658434,2.044875495658434,,9.445710418112272e-06,432851754.624846,2.183670230130204e-05,,,,,,,,,,,,9.445710418112272e-06,2.183670230130204e-05,TM05,,,,TM05
00ba18d567d4,ridge,"{""sidewall_angle"": 5.0, ""substrate_height"": 1000.0, ""topclad_height"": 800.0, ""substrate_material"": ""Al2O3"", ""topclad_material"": ""SiO2"", ""core_eq_o"": ""(1+2.8032/(1-0.015287/x**2)+0.36335/(1-0.036095/x**2)-33508000/(1+367200000/x**2))**0.5"", ""core_eq_e"": ""(1+0.017061/(1-0.043855/x**2)+3.1976/(1-0.022642/x**2)-57269000/(1-74226000/x**2))**0.5"", ""core_chi2"": ""AlN"", ""h_core"": 350.0, ""w_core"": 700.0}",screened,2,TM20,A,,TE35,0.9184977698886048,6,219.091122677166,,1.938004247098316,1.938004247098316,,7.18179981600843e-06,654649730.7537136,1.807820180791579e-05,,,,,,,,,,,,7.18179981600843e-06,1.807820180791579e-05,TE35,,,,TE35
00ba18d567d4,ridge,"{""sidewall_angle"": 5.0, ""substrate_height"": 1000.0, ""topclad_height"": 800.0, ""substrate_material"": ""Al2O3"", ""topclad_material"": ""SiO2"", ""core_eq_o"": ""(1+2.8032/(1-0.015287/x**2)+0.36335/(1-0.036095/x**2)-33508000/(1+367200000/x**2))**0.5"", ""core_eq_e"": ""(1+0.017061/(1-0.043855/x**2)+3.1976/(1-0.022642/x**2)-57269000/(1-74226000/x**2))**0.5"", ""core_chi2"": ""AlN"", ""h_core"": 350.0, ""w_core"": 700.0}",screened,0,TM00,A,,TE14,0.9199121311867188,3,220.9995176564861,,2.097588870122556,2.097588870122556,,6.636006354634343e-06,549168311.5206646,1.8215911617304283e-05,,,,,,,,,,,,6.636006354634343e-06,1.8215911617304283e-05,TE14,,,,TE14
00ba18d567d4,ridge,"{""sidewall_angle"": 5.0, ""substrate_height"": 1000.0, ""topclad_height"": 800.0, ""substrate_material"": ""Al2O3"", ""topclad_material"": ""SiO2"", ""core_eq_o"": ""(1+2.8032/(1-0.015287/x**2)+0.36335/(1-0.036095/x**2)-33508000/(1+367200000/x**2))**0.5"", ""core_eq_e"": ""(1+0.017061/(1-0.043855/x**2)+3.1976/(1-0.022642/x**2)-57269000/(1-74226000/x**2))**0.5"", ""core_chi2"": ""AlN"", ""h_core"": 350.0, ""w_core"": 700.0}",screened,3,TE00,S,,TM85,0.2542839151817308,13,215.106176853092,,2.0439736877505004,2.0439736877505004,,6.3601134148485365e-06,653671422.3704386,0.0004961386428152,,,,,,,,,,,,6.3601134148485365e-06,0.0004961386428152,TM85,,,,TM85
00ba18d567d4,ridge,"{""sidewall_angle"": 5.0, ""substrate_height"": 1000.0, ""topclad_height"": 800.0, ""substrate_material"": ""Al2O3"", ""topclad_material"": ""SiO2"", ""core_eq_o"": ""(1+2.8032/(1-0.015287/x**2)+0.36335/(1-0.036095/x**2)-33508000/(1+367200000/x**2))**0.5"", ""core_eq_e"": ""(1+0.017061/(1-0.043855/x**2)+3.1976/(1-0.022642/x**2)-57269000/(1-74226000/x**2))**0.5"", ""core_chi2"": ""AlN"", ""h_core"": 350.0, ""w_core"": 700.0}",screened,3,TE00,S,,TM05,0.0043801557710171,11,216.91844484877268,,2.041338564202669,2.041338564202669,,6.05092628971124e-06,678259798.7132697,0.0005031848098782,,,,,,,,,,,,6.05092628971124e-06,0.0005031848098782,TM05,,,,TM05
00ba18d567d4,ridge,"{""sidewall_angle"": 5.0, ""substrate_height"": 1000.0, ""topclad_height"": 800.0, ""substrate_material"": ""Al2O3"", ""topclad_material"": ""SiO2"", ""core_eq_o"": ""(1+2.8032/(1-0.015287/x**2)+0.36335/(1-0.036095/x**2)-33508000/(1+367200000/x**2))**0.5"", ""core_eq_e"": ""(1+0.017061/(1-0.043855/x**2)+3.1976/(1-0.022642/x**2)-57269000/(1-74226000/x**2))**0.5"", ""core_chi2"": ""AlN"", ""h_core"": 350.0, ""w_core"": 700.0}",screened,4,TE10,A,,TE75,0.630144648638049,7,216.79664871076983,,1.9743624066503973,1.9743624066503973,,5.502783122112609e-06,825254458.1547168,0.0006819550401457,,,,,,,,,,,,5.502783122112609e-06,0.0006819550401457,TE75,,,,TE75
00ba18d567d4,ridge,"{""sidewall_angle"": 5.0, ""substrate_height"": 1000.0, ""topclad_height"": 800.0, ""substrate_material"": ""Al2O3"", ""topclad_material"": ""SiO2"", ""core_eq_o"": ""(1+2.8032/(1-0.015287/x**2)+0.36335/(1-0.036095/x**2)-33508000/(1+367200000/x**2))**0.5"", ""core_eq_e"": ""(1+0.017061/(1-0.043855/x**2)+3.1976/(1-0.022642/x**2)-57269000/(1-74226000/x**2))**0.5"", ""core_chi2"": ""AlN"", ""h_core"": 350.0, ""w_core"": 700.0}",screened,0,TM00,A,,TE53,0.916637215034857,33,229.49535665721132,,2.086212698716319,2.086212698716319,,1.8162672727623976e-06,1891266399.487707,9.823773142242063e-06,,,,,,,,,,,,1.8162672727623976e-06,9.823773142242063e-06,TE53,,,,TE53
00ba18d567d4,ridge,"{""sidewall_angle"": 5.0, ""substrate_height"": 1000.0, ""topclad_height"": 800.0, ""substrate_material"": ""Al2O3"", ""topclad_material"": ""SiO2"", ""core_eq_o"": ""(1+2.8032/(1-0.015287/x**2)+0.36335/(1-0.036095/x**2)-33508000/(1+367200000/x**2))**0.5"", ""core_eq_e"": ""(1+0.017061/(1-0.043855/x**2)+3.1976/(1-0.022642/x**2)-57269000/(1-74226000/x**2))**0.5"", ""core_chi2"": ""AlN"", ""h_core"": 350.0, ""w_core"": 700.0}",screened,4,TE10,A,,TE73,0.9114651497676088,32,224.9048005949984,,1.9580940174438688,1.9580940174438688,,1.6849743287377862e-06,2567229312.306353,0.00039691437779,,,,,,,,,,,,1.6849743287377862e-06,0.00039691437779,TE73,,,,TE73
00ba18d567d4,ridge,"{""sidewall_angle"": 5.0, ""substrate_height"": 1000.0, ""topclad_height"": 800.0, ""substrate_material"": ""Al2O3"", ""topclad_material"": ""SiO2"", ""core_eq_o"": ""(1+2.8032/(1-0.015287/x**2)+0.36335/(1-0.036095/x**2)-33508000/(1+367200000/x**2))**0.5"", ""core_eq_e"": ""(1+0.017061/(1-0.043855/x**2)+3.1976/(1-0.022642/x**2)-57269000/(1-74226000/x**2))**0.5"", ""core_chi2"": ""AlN"", ""h_core"": 350.0, ""w_core"": 700.0}",screened,3,TE00,S,,TM84,0.0948717297011972,12,215.9976888343399,,2.0426773870816373,2.0426773870816373,,7.572460302558084e-07,5455335527.34626,0.0001672593437374,,,,,,,,,,,,7.572460302558084e-07,0.0001672593437374,TM84,,,,TM84
00ba18d567d4,ridge,"{""sidewall_angle"": 5.0, ""substrate_height"": 1000.0, ""topclad_height"": 800.0, ""substrate_material"": ""Al2O3"", ""topclad_material"": ""SiO2"", ""core_eq_o"": ""(1+2.8032/(1-0.015287/x**2)+0.36335/(1-0.036095/x**2)-33508000/(1+367200000/x**2))**0.5"", ""core_eq_e"": ""(1+0.017061/(1-0.043855/x**2)+3.1976/(1-0.022642/x**2)-57269000/(1-74226000/x**2))**0.5"", ""core_chi2"": ""AlN"", ""h_core"": 350.0, ""w_core"": 700.0}",screened,4,TE10,A,,TM85,0.4487587754638631,3,218.1526115832488,,1.9716043495662057,1.9716043495662057,,1.676188918195176e-07,26869087856.56613,0.0001250720729667,,,,,,,,,,,,1.676188918195176e-07,0.0001250720729667,TM85,,,,TM85
00ba18d567d4,ridge,"{""sidewall_angle"": 5.0, ""substrate_height"": 1000.0, ""topclad_height"": 800.0, ""substrate_material"": ""Al2O3"", ""topclad_material"": ""SiO2"", ""core_eq_o"": ""(1+2.8032/(1-0.015287/x**2)+0.36335/(1-0.036095/x**2)-33508000/(1+367200000/x**2))**0.5"", ""core_eq_e"": ""(1+0.017061/(1-0.043855/x**2)+3.1976/(1-0.022642/x**2)-57269000/(1-74226000/x**2))**0.5"", ""core_chi2"": ""AlN"", ""h_core"": 350.0, ""w_core"": 700.0}",screened,3,TE00,S,,TE53,0.9654304624142808,34,234.337188056414,,2.0181121035460365,2.0181121035460365,,9.293130305239252e-08,39162977905.33694,7.386961589418338e-05,,,,,,,,,,,,9.293130305239252e-08,7.386961589418338e-05,TE53,,,,TE53
00ba18d567d4,ridge,"{""sidewall_angle"": 5.0, ""substrate_height"": 1000.0, ""topclad_height"": 800.0, ""substrate_material"": ""Al2O3"", ""topclad_material"": ""SiO2"", ""core_eq_o"": ""(1+2.8032/(1-0.015287/x**2)+0.36335/(1-0.036095/x**2)-33508000/(1+367200000/x**2))**0.5"", ""core_eq_e"": ""(1+0.017061/(1-0.043855/x**2)+3.1976/(1-0.022642/x**2)-57269000/(1-74226000/x**2))**0.5"", ""core_chi2"": ""AlN"", ""h_core"": 350.0, ""w_core"": 700.0}",screened,0,TM00,A,,TE54,0.9871052647400338,8,216.39180730112352,,2.104210547211392,2.104210547211392,,3.811947162308643e-09,987779353154.8164,4.242759694651599e-07,,,,,,,,,,,,3.811947162308643e-09,4.242759694651599e-07,TE54,,,,TE54
7dda556f8dbe,ridge,"{""sidewall_angle"": 5.0, ""substrate_height"": 1000.0, ""topclad_height"": 800.0, ""substrate_material"": ""Al2O3"", ""topclad_material"": ""SiO2"", ""core_eq_o"": ""(1+2.8032/(1-0.015287/x**2)+0.36335/(1-0.036095/x**2)-33508000/(1+367200000/x**2))**0.5"", ""core_eq_e"": ""(1+0.017061/(1-0.043855/x**2)+3.1976/(1-0.022642/x**2)-57269000/(1-74226000/x**2))**0.5"", ""core_chi2"": ""AlN"", ""h_core"": 350.0, ""w_core"": 800.0}",refined,0,TM00,A,0.0006284232334925,TM04,0.0092307206070701,34,226.66569372811384,226.66216148774984,2.094497077587383,2.0944510341157696,4.604347161318856e-05,2.4996028372433017,1392.1425208458495,0.0124358419945679,0.0063523307948184,0.1868729522533892,0.1999663054347531,122.11947937874326,1120.4753407971075,2463.438011224931,0.0,3.5109824500000006,1.2914168141675335,0.0416873109866486,False,2.857878228906024,0.01330870546886,TM84,runs\trial_grid\exports\7dda556f8dbe_x00.npz,0.9999948741093986,0.9942779302826106,TM84
7dda556f8dbe,ridge,"{""sidewall_angle"": 5.0, ""substrate_height"": 1000.0, ""topclad_height"": 800.0, ""substrate_material"": ""Al2O3"", ""topclad_material"": ""SiO2"", ""core_eq_o"": ""(1+2.8032/(1-0.015287/x**2)+0.36335/(1-0.036095/x**2)-33508000/(1+367200000/x**2))**0.5"", ""core_eq_e"": ""(1+0.017061/(1-0.043855/x**2)+3.1976/(1-0.022642/x**2)-57269000/(1-74226000/x**2))**0.5"", ""core_chi2"": ""AlN"", ""h_core"": 350.0, ""w_core"": 800.0}",refined,1,TM10,S,0.0054803786395834,TM04,0.0031601623698033,34,230.9557880158281,230.95714738201625,2.037451838839017,2.0374669047168417,-1.506587782484914e-05,1.836833863888332,1982.2716914065552,0.0108495841200552,1.5709509658820367e-34,0.1924879906874228,0.2215929247905199,494.2305199822055,1154.6095315315702,887.3503741041748,0.0,4.730976350000001,1.624506669127013,0.0484744482659599,False,1.869772928180154,0.0109342035538438,TM24,runs\trial_grid\exports\7dda556f8dbe_x01.npz,0.9999943908348018,0.9999973847706668,TM24
7dda556f8dbe,ridge,"{""sidewall_angle"": 5.0, ""substrate_height"": 1000.0, ""topclad_height"": 800.0, ""substrate_material"": ""Al2O3"", ""topclad_material"": ""SiO2"", ""core_eq_o"": ""(1+2.8032/(1-0.015287/x**2)+0.36335/(1-0.036095/x**2)-33508000/(1+367200000/x**2))**0.5"", ""core_eq_e"": ""(1+0.017061/(1-0.043855/x**2)+3.1976/(1-0.022642/x**2)-57269000/(1-74226000/x**2))**0.5"", ""core_chi2"": ""AlN"", ""h_core"": 350.0, ""w_core"": 800.0}",refined,2,TM20,A,0.0142880263737662,TM120,0.0339728681996114,30,222.04533167279743,222.0464801308269,1.9710446530436732,1.9710648375338724,-2.0184490199026683e-05,1.531309151726096,2841.292961680213,0.0086193816237216,0.002114615199477,0.1928130188936909,0.1363858038307712,1246.7431842817352,1187.832163533281,39076.70954986361,0.0,0.53099735,0.165253610632572,0.0004181814772029,False,1.6236736224028985,0.0088711731208177,TM121,runs\trial_grid\exports\7dda556f8dbe_x02.npz,0.9999635055153084,0.9999906302338002,TM121
7dda556f8dbe,ridge,"{""sidewall_angle"": 5.0, ""substrate_height"": 1000.0, ""topclad_height"": 800.0, ""substrate_material"": ""Al2O3"", ""topclad_material"": ""SiO2"", ""core_eq_o"": ""(1+2.8032/(1-0.015287/x**2)+0.36335/(1-0.036095/x**2)-33508000/(1+367200000/x**2))**0.5"", ""core_eq_e"": ""(1+0.017061/(1-0.043855/x**2)+3.1976/(1-0.022642/x**2)-57269000/(1-74226000/x**2))**0.5"", ""core_chi2"": ""AlN"", ""h_core"": 350.0, ""w_core"": 800.0}",refined,1,TM10,S,0.0045813605406952,TM24,0.0267081837565652,30,227.49089612384373,227.4905231083254,2.0432222240761133,2.0432175167724496,4.707303663753493e-06,1.1735191172127428,3170.969038695295,0.0083949379791873,2.0183487412297656e-34,0.1902668213017788,0.2084087266236859,497.21963099700366,1143.922994575464,2568.090971243613,0.0,2.9809851000000003,1.0950887593984733,0.0140730688102482,False,1.2060101833797707,0.0084886930705599,TM64,runs\trial_grid\exports\7dda556f8dbe_x03.npz,0.9999721845005792,0.9999060402725732,TM64
7dda556f8dbe,ridge,"{""sidewall_angle"": 5.0, ""substrate_height"": 1000.0, ""topclad_height"": 800.0, ""substrate_material"": ""Al2O3"", ""topclad_material"": ""SiO2"", ""core_eq_o"": ""(1+2.8032/(1-0.015287/x**2)+0.36335/(1-0.036095/x**2)-33508000/(1+367200000/x**2))**0.5"", ""core_eq_e"": ""(1+0.017061/(1-0.043855/x**2)+3.1976/(1-0.022642/x**2)-57269000/(1-74226000/x**2))**0.5"", ""core_chi2"": ""AlN"", ""h_core"": 350.0, ""w_core"": 800.0}",refined,2,TM20,A,0.0134178454453295,TM44,0.0853550170587558,37,228.1492889090389,228.1497338199289,1.9562377146675716,1.9562432639547351,-5.549287163786332e-06,1.1074277026067885,3806.5916212225375,0.0079136829730947,0.0004433603040839,0.1969862694240565,0.2312725280179229,1239.6201525493454,1207.3947649678998,5580.734522567653,0.0,1.6609917,0.6105441123576413,0.0041280930542288,False,1.0625540604663797,0.0077609201762704,TM64,runs\trial_grid\exports\7dda556f8dbe_x04.npz,0.9999806415937946,0.9999897450925608,TM64
7dda556f8dbe,ridge,"{""sidewall_angle"": 5.0, ""substrate_height"": 1000.0, ""topclad_height"": 800.0, ""substrate_material"": ""Al2O3"", ""topclad_material"": ""SiO2"", ""core_eq_o"": ""(1+2.8032/(1-0.015287/x**2)+0.36335/(1-0.036095/x**2)-33508000/(1+367200000/x**2))**0.5"", ""core_eq_e"": ""(1+0.017061/(1-0.043855/x**2)+3.1976/(1-0.022642/x**2)-57269000/(1-74226000/x**2))**0.5"", ""core_chi2"": ""AlN"", ""h_core"": 350.0, ""w_core"": 800.0}",refined,1,TM10,S,0.0055691627341087,TM100,0.0171400710985901,33,231.2351706534374,231.23561924130863,2.036992581502757,2.0369981374698027,-5.555967045545174e-06,0.8254299234284457,4403.505139373788,0.0068792962476613,6.553054487585265e-33,0.1926705495468901,0.1366965064205955,493.9710401488728,1155.451496519957,22070.9517134448,0.0,0.8809956000000001,0.2817953433296916,0.0006554624743012,False,0.8095522293338994,0.006805573849542,TM102,runs\trial_grid\exports\7dda556f8dbe_x05.npz,0.9999905026504972,0.9999572630728618,TM102
7dda556f8dbe,ridge,"{""sidewall_angle"": 5.0, ""substrate_height"": 1000.0, ""topclad_height"": 800.0, ""substrate_material"": ""Al2O3"", ""topclad_material"": ""SiO2"", ""core_eq_o"": ""(1+2.8032/(1-0.015287/x**2)+0.36335/(1-0.036095/x**2)-33508000/(1+367200000/x**2))**0.5"", ""core_eq_e"": ""(1+0.017061/(1-0.043855/x**2)+3.1976/(1-0.022642/x**2)-57269000/(1-74226000/x**2))**0.5"", ""core_chi2"": ""AlN"", ""h_core"": 350.0, ""w_core"": 800.0}",refined,0,TM00,A,0.0006275716273731,TM82,0.0429706216949994,31,226.57813721192773,226.5814725407525,2.09460934834596,2.094654866681532,-4.551833557275842e-05,0.7082536651331356,4916.00866242144,0.0064411148752094,0.0014277403769439,0.1868240548238974,0.1574943813994728,122.13819923993708,1120.1860322012676,9734.117381041342,0.0,1.6409918,0.5588087637404237,0.0022116441328823,False,0.4195156565229596,0.0049273381595451,TM83,runs\trial_grid\exports\7dda556f8dbe_x06.npz,0.9999953969249952,0.9928264792612717,TM84
7dda556f8dbe,ridge,"{""sidewall_angle"": 5.0, ""substrate_height"": 1000.0, ""topclad_height"": 800.0, ""substrate_material"": ""Al2O3"", ""topclad_material"": ""SiO2"", ""core_eq_o"": ""(1+2.8032/(1-0.015287/x**2)+0.36335/(1-0.036095/x**2)-33508000/(1+367200000/x**2))**0.5"", ""core_eq_e"": ""(1+0.017061/(1-0.043855/x**2)+3.1976/(1-0.022642/x**2)-57269000/(1-74226000/x**2))**0.5"", ""core_chi2"": ""AlN"", ""h_core"": 350.0, ""w_core"": 800.0}",refined,2,TM20,A,0.0135400813434118,TE91,0.9474313239117352,34,226.44608054491283,226.44498593693777,1.9603301442392085,1.9603163763315412,1.376790766682845e-05,0.322404439503748,13189.878354929697,0.0040669998354922,8.458869592572515e-06,0.1957858683823642,0.2057076894532706,1241.8792947836762,1201.903053715776,40850.320616614335,0.0,0.5109974500000001,0.1593299257040103,8.184567233844304e-05,False,0.3130296300020589,0.0040084959199954,TE92,runs\trial_grid\exports\7dda556f8dbe_x07.npz,0.9999868092302,0.9999435171135566,TE92
7dda556f8dbe,ridge,"{""sidewall_angle"": 5.0, ""substrate_height"": 1000.0, ""topclad_height"": 800.0, ""substrate_material"": ""Al2O3"", ""topclad_material"": ""SiO2"", ""core_eq_o"": ""(1+2.8032/(1-0.015287/x**2)+0.36335/(1-0.036095/x**2)-33508000/(1+367200000/x**2))**0.5"", ""core_eq_e"": ""(1+0.017061/(1-0.043855/x**2)+3.1976/(1-0.022642/x**2)-57269000/(1-74226000/x**2))**0.5"", ""core_chi2"": ""AlN"", ""h_core"": 350.0, ""w_core"": 800.0}",screened,1,TM10,S,,TM122,0.0200565022476128,10,217.98491669589103,,2.0598872710087672,2.0598872710087672,,0.2516827251635591,15715.180252762995,0.003551714402478,,,,,,,,,,,,0.2516827251635591,0.003551714402478,TM122,,,,TM122
7dda556f8dbe,ridge,"{""sidewall_angle"": 5.0, ""substrate_height"": 1000.0, ""topclad_height"": 800.0, ""substrate_material"": ""Al2O3"", ""topclad_material"": ""SiO2"", ""core_eq_o"": ""(1+2.8032/(1-0.015287/x**2)+0.36335/(1-0.036095/x**2)-33508000/(1+367200000/x**2))**0.5"", ""core_eq_e"": ""(1+0.017061/(1-0.043855/x**2)+3.1976/(1-0.022642/x**2)-57269000/(1-74226000/x**2))**0.5"", ""core_chi2"": ""AlN"", ""h_core"": 350.0, ""w_core"": 800.0}",screened,1,TM10,S,,TM83,0.0530967454812294,31,230.45048702004655,,2.0382960125856138,2.0382960125856138,,0.2226046849878631,16408.34196456043,0.0035782535648017,,,,,,,,,,,,0.2226046849878631,0.0035782535648017,TM83,,,,TM83
7dda556f8dbe,ridge,"{""sidewall_angle"": 5.0, ""substrate_height"": 1000.0, ""topclad_height"": 800.0, ""substrate_material"": ""Al2O3"", ""topclad_material"": ""SiO2"", ""core_eq_o"": ""(1+2.8032/(1-0.015287/x**2)+0.36335/(1-0.036095/x**2)-33508000/(1+367200000/x**2))**0.5"", ""core_eq_e"": ""(1+0.017061/(1-0.043855/x**2)+3.1976/(1-0.022642/x**2)-57269000/(1-74226000/x**2))**0.5"", ""core_chi2"": ""AlN"", ""h_core"": 350.0, ""w_core"": 800.0}",screened,1,TM10,S,,TM83,0.123756154074598,32,228.48493440459217,,2.0415842063646816,2.0415842063646816,,0.1340559110306568,27583.73202341349,0.0027846897320234,,,,,,,,,,,,0.1340559110306568,0.0027846897320234,TM83,,,,TM83
7dda556f8dbe,ridge,"{""sidewall_angle"": 5.0, ""substrate_height"": 1000.0, ""topclad_height"": 800.0, ""substrate_material"": ""Al2O3"", ""topclad_material"": ""SiO2"", ""core_eq_o"": ""(1+2.8032/(1-0.015287/x**2)+0.36335/(1-0.036095/x**2)-33508000/(1+367200000/x**2))**0.5"", ""core_eq_e"": ""(1+0.017061/(1-0.043855/x**2)+3.1976/(1-0.022642/x**2)-57269000/(1-74226000/x**2))**0.5"", ""core_chi2"": ""AlN"", ""h_core"": 350.0, ""w_core"": 800.0}",screened,2,TM20,A,,TE74,0.6169438756322002,0,221.7765214313913,,1.971738341768108,1.971738341768108,,0.1057032326890565,41218.17655292322,0.0022837450020506,,,,,,,,,,,,0.1057032326890565,0.0022837450020506,TE74,,,,TE74
7dda556f8dbe,ridge,"{""sidewall_angle"": 5.0, ""substrate_height"": 1000.0, ""topclad_height"": 800.0, ""substrate_material"": ""Al2O3"", ""topclad_material"": ""SiO2"", ""core_eq_o"": ""(1+2.8032/(1-0.015287/x**2)+0.36335/(1-0.036095/x**2)-33508000/(1+367200000/x**2))**0.5"", ""core_eq_e"": ""(1+0.017061/(1-0.043855/x**2)+3.1976/(1-0.022642/x**2)-57269000/(1-74226000/x**2))**0.5"", ""core_chi2"": ""AlN"", ""h_core"": 350.0, ""w_core"": 800.0}",screened,1,TM10,S,,TM64,0.0627768472831703,5,222.23008924027303,,2.052309789778921,2.052309789778921,,0.0875868508241186,43932.168515466605,0.0022021257973149,,,,,,,,,,,,0.0875868508241186,0.0022021257973149,TM64,,,,TM64
7dda556f8dbe,ridge,"{""sidewall_angle"": 5.0, ""substrate_height"": 1000.0, ""topclad_height"": 800.0, ""substrate_material"": ""Al2O3"", ""topclad_material"": ""SiO2"", ""core_eq_o"": ""(1+2.8032/(1-0.015287/x**2)+0.36335/(1-0.036095/x**2)-33508000/(1+367200000/x**2))**0.5"", ""core_eq_e"": ""(1+0.017061/(1-0.043855/x**2)+3.1976/(1-0.022642/x**2)-57269000/(1-74226000/x**2))**0.5"", ""core_chi2"": ""AlN"", ""h_core"": 350.0, ""w_core"": 800.0}",screened,0,TM00,A,,TM64,0.0214566701301754,30,223.8260398306593,,2.0982257245399856,2.0982257245399856,,0.0559734756331658,63415.5708046827,0.0018299925271745,,,,,,,,,,,,0.0559734756331658,0.0018299925271745,TM64,,,,TM64
7dda556f8dbe,ridge,"{""sidewall_angle"": 5.0, ""substrate_height"": 1000.0, ""topclad_height"": 800.0, ""substrate_material"": ""Al2O3"", ""topclad_material"": ""SiO2"", ""core_eq_o"": ""(1+2.8032/(1-0.015287/x**2)+0.36335/(1-0.036095/x**2)-33508000/(1+367200000/x**2))**0.5"", ""core_eq_e"": ""(1+0.017061/(1-0.043855/x**2)+3.1976/(1-0.022642/x**2)-57269000/(1-74226000/x**2))**0.5"", ""core_chi2"": ""AlN"", ""h_core"": 350.0, ""w_core"": 800.0}",screened,0,TM00,A,,TM101,0.01659144617265,33,227.33455137211712,,2.093684389246694,2.093684389246694,,0.0495918812603884,69836.24858233416,0.0016899562698218,,,,,,,,,,,,0.0495918812603884,0.0016899562698218,TM101,,,,TM101
7dda556f8dbe,ridge,"{""sidewall_angle"": 5.0, ""substrate_height"": 1000.0, ""topclad_height"": 800.0, ""substrate_material"": ""Al2O3"", ""topclad_material"": ""SiO2"", ""core_eq_o"": ""(1+2.8032/(1-0.015287/x**2)+0.36335/(1-0.036095/x**2)-33508000/(1+367200000/x**2))**0.5"", ""core_eq_e"": ""(1+0.017061/(1-0.043855/x**2)+3.1976/(1-0.022642/x**2)-57269000/(1-74226000/x**2))**0.5"", ""core_chi2"": ""AlN"", ""h_core"": 350.0, ""w_core"": 800.0}",screened,2,TM20,A,,TM65,0.1048420697696509,1,220.42810537579675,,1.975047271656824,1.975047271656824,,0.0450506572132506,97406.61995634952,0.0015180283051813,,,,,,,,,,,,0.0450506572132506,0.0015180283051813,TM65,,,,TM65
7dda556f8dbe,ridge,"{""sidewall_angle"": 5.0, ""substrate_height"": 1000.0, ""topclad_height"": 800.0, ""substrate_material"": ""Al2O3"", ""topclad_material"": ""SiO2"", ""core_eq_o"": ""(1+2.8032/(1-0.015287/x**2)+0.36335/(1-0.036095/x**2)-33508000/(1+367200000/x**2))**0.5"", ""core_eq_e"": ""(1+0.017061/(1-0.043855/x**2)+3.1976/(1-0.022642/x**2)-57269000/(1-74226000/x**2))**0.5"", ""core_chi2"": ""AlN"", ""h_core"": 350.0, ""w_core"": 800.0}",screened,2,TM20,A,,TE74,0.7047030528183844,43,234.86748705123216,,1.9403637522533568,1.9403637522533568,,0.0361335300483155,112810.71998717026,0.0014369652611766,,,,,,,,,,,,0.0361335300483155,0.0014369652611766,TE74,,,,TE74
7dda556f8dbe,ridge,"{""sidewall_angle"": 5.0, ""substrate_height"": 1000.0, ""topclad_height"": 800.0, ""substrate_material"": ""Al2O3"", ""topclad_material"": ""SiO2"", ""core_eq_o"": ""(1+2.8032/(1-0.015287/x**2)+0.36335/(1-0.036095/x**2)-33508000/(1+367200000/x**2))**0.5"", ""core_eq_e"": ""(1+0.017061/(1-0.043855/x**2)+3.1976/(1-0.022642/x**2)-57269000/(1-74226000/x**2))**0.5"", ""core_chi2"": ""AlN"", ""h_core"": 350.0, ""w_core"": 800.0}",screened,2,TM20,A,,TM103,0.100333015744778,35,224.52981530034415,,1.964981928317233,1.964981928317233,,0.0292425072169325,146864.79330191095,0.0012158891843525,,,,,,,,,,,,0.0292425072169325,0.0012158891843525,TM103,,,,TM103
7dda556f8dbe,ridge,"{""sidewall_angle"": 5.0, ""substrate_height"": 1000.0, ""topclad_height"": 800.0, ""substrate_material"": ""Al2O3"", ""topclad_material"": ""SiO2"", ""core_eq_o"": ""(1+2.8032/(1-0.015287/x**2)+0.36335/(1-0.036095/x**2)-33508000/(1+367200000/x**2))**0.5"", ""core_eq_e"": ""(1+0.017061/(1-0.043855/x**2)+3.1976/(1-0.022642/x**2)-57269000/(1-74226000/x**2))**0.5"", ""core_chi2"": ""AlN"", ""h_core"": 350.0, ""w_core"": 800.0}",screened,2,TM20,A,,TM65,0.0833785898169204,2,220.2403792768937,,1.9755079399327429,1.9755079399327429,,0.0243118144224239,180679.30898974248,0.0011758246190894,,,,,,,,,,,,0.0243118144224239,0.0011758246190894,TM65,,,,TM65
7dda556f8dbe,ridge,"{""sidewall_angle"": 5.0, ""substrate_height"": 1000.0, ""topclad_height"": 800.0, ""substrate_material"": ""Al2O3"", ""topclad_material"": ""SiO2"", ""core_eq_o"": ""(1+2.8032/(1-0.015287/x**2)+0.36335/(1-0.036095/x**2)-33508000/(1+367200000/x**2))**0.5"", ""core_eq_e"": ""(1+0.017061/(1-0.043855/x**2)+3.1976/(1-0.022642/x**2)-57269000/(1-74226000/x**2))**0.5"", ""core_chi2"": ""AlN"", ""h_core"": 350.0, ""w_core"": 800.0}",screened,2,TM20,A,,TE54,0.978821066715742,33,226.96250434570555,,1.9591160452058436,1.9591160452058436,,0.0205184053464396,206692.01759959836,0.001058948917603,,,,,,,,,,,,0.0205184053464396,0.001058948917603,TE54,,,,TE54
7dda556f8dbe,ridge,"{""sidewall_angle"": 5.0, ""substrate_height"": 1000.0, ""topclad_height"": 800.0, ""substrate_material"": ""Al2O3"", ""topclad_material"": ""SiO2"", ""core_eq_o"": ""(1+2.8032/(1-0.015287/x**2)+0.36335/(1-0.036095/x**2)-33508000/(1+367200000/x**2))**0.5"", ""core_eq_e"": ""(1+0.017061/(1-0.043855/x**2)+3.1976/(1-0.022642/x**2)-57269000/(1-74226000/x**2))**0.5"", ""core_chi2"": ""AlN"", ""h_core"": 350.0, ""w_core"": 800.0}",screened,1,TM10,S,,TE93,0.5240159292690827,1,225.6049410499273,,2.046440454907186,2.046440454907186,,0.0175866148993896,214130.83899098216,0.0009793777485499,,,,,,,,,,,,0.0175866148993896,0.0009793777485499,TE93,,,,TE93
7dda556f8dbe,ridge,"{""sidewall_angle"": 5.0, ""substrate_height"": 1000.0, ""topclad_height"": 800.0, ""substrate_material"": ""Al2O3"", ""topclad_material"": ""SiO2"", ""core_eq_o"": ""(1+2.8032/(1-0.015287/x**2)+0.36335/(1-0.036095/x**2)-33508000/(1+367200000/x**2))**0.5"", ""core_eq_e"": ""(1+0.017061/(1-0.043855/x**2)+3.1976/(1-0.022642/x**2)-57269000/(1-74226000/x**2))**0.5"", ""core_chi2"": ""AlN"", ""h_core"": 350.0, ""w_core"": 800.0}",screened,1,TM10,S,,TE94,0.9730669038175476,6,220.5809843146944,,2.055196877604868,2.055196877604868,,0.0153144087293866,253956.5129122506,0.0008983136637542,,,,,,,,,,,,0.0153144087293866,0.0008983136637542,TE94,,,,TE94
7dda556f8dbe,ridge,"{""sidewall_angle"": 5.0, ""substrate_height"": 1000.0, ""topclad_height"": 800.0, ""substrate_material"": ""Al2O3"", ""topclad_material"": ""SiO2"", ""core_eq_o"": ""(1+2.8032/(1-0.015287/x**2)+0.36335/(1-0.036095/x**2)-33508000/(1+367200000/x**2))**0.5"", ""core_eq_e"": ""(1+0.017061/(1-0.043855/x**2)+3.1976/(1-0.022642/x**2)-57269000/(1-74226000/x**2))**0.5"", ""core_chi2"": ""AlN"", ""h_core"": 350.0, ""w_core"": 800.0}",screened,0,TM00,A,,TM122,0.0212961567339219,10,216.07023889525624,,2.1089351413621844,2.1089351413621844,,0.0147290376027209,254684.2440429626,0.0008694620224276,,,,,,,,,,,,0.0147290376027209,0.0008694620224276,TM122,,,,TM122
7dda556f8dbe,ridge,"{""sidewall_angle"": 5.0, ""substrate_height"": 1000.0, ""topclad_height"": 800.0, ""substrate_material"": ""Al2O3"", ""topclad_material"": ""SiO2"", ""core_eq_o"": ""(1+2.8032/(1-0.015287/x**2)+0.36335/(1-0.036095/x**2)-33508000/(1+367200000/x**2))**0.5"", ""core_eq_e"": ""(1+0.017061/(1-0.043855/x**2)+3.1976/(1-0.022642/x**2)-57269000/(1-74226000/x**2))**0.5"", ""core_chi2"": ""AlN"", ""h_core"": 350.0, ""w_core"": 800.0}",screened,1,TM10,S,,TE73,0.9110740418607838,0,226.58547857116017,,2.0447870712628644,2.0447870712628644,,0.0117582937987102,318275.56543617486,0.0008076085822729,,,,,,,,,,,,0.0117582937987102,0.0008076085822729,TE73,,,,TE73
7dda556f8dbe,ridge,"{""sidewall_angle"": 5.0, ""substrate_height"": 1000.0, ""topclad_height"": 800.0, ""substrate_material"": ""Al2O3"", ""topclad_material"": ""SiO2"", ""core_eq_o"": ""(1+2.8032/(1-0.015287/x**2)+0.36335/(1-0.036095/x**2)-33508000/(1+367200000/x**2))**0.5"", ""core_eq_e"": ""(1+0.017061/(1-0.043855/x**2)+3.1976/(1-0.022642/x**2)-57269000/(1-74226000/x**2))**0.5"", ""core_chi2"": ""AlN"", ""h_core"": 350.0, ""w_core"": 800.0}",screened,0,TM00,A,,TM83,0.0765412915964495,32,224.81888515370008,,2.096894149086319,2.096894149086319,,0.0114503774133975,307851.3901631711,0.0008126032416417,,,,,,,,,,,,0.0114503774133975,0.0008126032416417,TM83,,,,TM83
7dda556f8dbe,ridge,"{""sidewall_angle"": 5.0, ""substrate_height"": 1000.0, ""topclad_height"": 800.0, ""substrate_material"": ""Al2O3"", ""topclad_material"": ""SiO2"", ""core_eq_o"": ""(1+2.8032/(1-0.015287/x**2)+0.36335/(1-0.036095/x**2)-33508000/(1+367200000/x**2))**0.5"", ""core_eq_e"": ""(1+0.017061/(1-0.043855/x**2)+3.1976/(1-0.022642/x**2)-57269000/(1-74226000/x**2))**0.5"", ""core_chi2"": ""AlN"", ""h_core"": 350.0, ""w_core"": 800.0}",screened,2,TM20,A,,TM103,0.3851217076593266,32,222.92111407541807,,1.9689295819684085,1.9689295819684085,,0.0104376050596263,414917.92988797504,0.0007226619926145,,,,,,,,,,,,0.0104376050596263,0.0007226619926145,TM103,,,,TM103
7dda556f8dbe,ridge,"{""sidewall_angle"": 5.0, ""substrate_height"": 1000.0, ""topclad_height"": 800.0, ""substrate_material"": ""Al2O3"", ""topclad_material"": ""SiO2"", ""core_eq_o"": ""(1+2.8032/(1-0.015287/x**2)+0.36335/(1-0.036095/x**2)-33508000/(1+367200000/x**2))**0.5"", ""core_eq_e"": ""(1+0.017061/(1-0.043855/x**2)+3.1976/(1-0.022642/x**2)-57269000/(1-74226000/x**2))**0.5"", ""core_chi2"": ""AlN"", ""h_core"": 350.0, ""w_core"": 800.0}",screened,1,TM10,S,,TE94,0.9159287002768228,7,220.52771946963625,,2.055290128363709,2.055290128363709,,0.010238034646511,380008.7945063897,0.0007352396629358,,,,,,,,,,,,0.010238034646511,0.0007352396629358,TE94,,,,TE94
7dda556f8dbe,ridge,"{""sidewall_angle"": 5.0, ""substrate_height"": 1000.0, ""topclad_height"": 800.0, ""substrate_material"": ""Al2O3"", ""topclad_material"": ""SiO2"", ""core_eq_o"": ""(1+2.8032/(1-0.015287/x**2)+0.36335/(1-0.036095/x**2)-33508000/(1+367200000/x**2))**0.5"", ""core_eq_e"": ""(1+0.017061/(1-0.043855/x**2)+3.1976/(1-0.022642/x**2)-57269000/(1-74226000/x**2))**0.5"", ""core_chi2"": ""AlN"", ""h_core"": 350.0, ""w_core"": 800.0}",screened,2,TM20,A,,TM125,0.1798656416324017,6,217.9834021263472,,1.9811664576005448,1.9811664576005448,,0.0081733419198398,543934.4984661054,0.0006362723975085,,,,,,,,,,,,0.0081733419198398,0.0006362723975085,TM125,,,,TM125
7dda556f8dbe,ridge,"{""sidewall_angle"": 5.0, ""substrate_height"": 1000.0, ""topclad_height"": 800.0, ""substrate_material"": ""Al2O3"", ""topclad_material"": ""SiO2"", ""core_eq_o"": ""(1+2.8032/(1-0.015287/x**2)+0.36335/(1-0.036095/x**2)-33508000/(1+367200000/x**2))**0.5"", ""core_eq_e"": ""(1+0.017061/(1-0.043855/x**2)+3.1976/(1-0.022642/x**2)-57269000/(1-74226000/x**2))**0.5"", ""core_chi2"": ""AlN"", ""h_core"": 350.0, ""w_core"": 800.0}",screened,1,TM10,S,,TE93,0.938141226528664,2,225.18460271259067,,2.047149229958609,2.047149229958609,,0.0050136870676871,753135.1370956034,0.0005244665332675,,,,,,,,,,,,0.0050136870676871,0.0005244665332675,TE93,,,,TE93
7dda556f8dbe,ridge,"{""sidewall_angle"": 5.0, ""substrate_height"": 1000.0, ""topclad_height"": 800.0, ""substrate_material"": ""Al2O3"", ""topclad_material"": ""SiO2"", ""core_eq_o"": ""(1+2.8032/(1-0.015287/x**2)+0.36335/(1-0.036095/x**2)-33508000/(1+367200000/x**2))**0.5"", ""core_eq_e"": ""(1+0.017061/(1-0.043855/x**2)+3.1976/(1-0.022642/x**2)-57269000/(1-74226000/x**2))**0.5"", ""core_chi2"": ""AlN"", ""h_core"": 350.0, ""w_core"": 800.0}",screened,2,TM20,A,,TE111,0.7683426579944569,7,217.3118268997421,,1.9828544362841265,1.9828544362841265,,0.0045095365835642,989429.5666444412,0.0004639533253987,,,,,,,,,,,,0.0045095365835642,0.0004639533253987,TE111,,,,TE111
7dda556f8dbe,ridge,"{""sidewall_angle"": 5.0, ""substrate_height"": 1000.0, ""topclad_height"": 800.0, ""substrate_material"": ""Al2O3"", ""topclad_material"": ""SiO2"", ""core_eq_o"": ""(1+2.8032/(1-0.015287/x**2)+0.36335/(1-0.036095/x**2)-33508000/(1+367200000/x**2))**0.5"", ""core_eq_e"": ""(1+0.017061/(1-0.043855/x**2)+3.1976/(1-0.022642/x**2)-57269000/(1-74226000/x**2))**0.5"", ""core_chi2"": ""AlN"", ""h_core"": 350.0, ""w_core"": 800.0}",screened,1,TM10,S,,TM64,0.2089265601072998,12,216.49140170139268,,2.062609776418223,2.062609776418223,,0.0041744301102645,956811.3301120708,0.0004599895779235,,,,,,,,,,,,0.0041744301102645,0.0004599895779235,TM64,,,,TM64
7dda556f8dbe,ridge,"{""sidewall_angle"": 5.0, ""substrate_height"": 1000.0, ""topclad_height"": 800.0, ""substrate_material"": ""Al2O3"", ""topclad_material"": ""SiO2"", ""core_eq_o"": ""(1+2.8032/(1-0.015287/x**2)+0.36335/(1-0.036095/x**2)-33508000/(1+367200000/x**2))**0.5"", ""core_eq_e"": ""(1+0.017061/(1-0.043855/x**2)+3.1976/(1-0.022642/x**2)-57269000/(1-74226000/x**2))**0.5"", ""core_chi2"": ""AlN"", ""h_core"": 350.0, ""w_core"": 800.0}",screened,2,TM20,A,,TE93,0.9367752469440862,42,232.8002853785444,,1.94523038559242,1.94523038559242,,0.0041682609506096,987918.1696238196,0.0004768521480949,,,,,,,,,,,,0.0041682609506096,0.0004768521480949,TE93,,,,TE93
7dda556f8dbe,ridge,"{""sidewall_angle"": 5.0, ""substrate_height"": 1000.0, ""topclad_height"": 800.0, ""substrate_material"": ""Al2O3"", ""topclad_material"": ""SiO2"", ""core_eq_o"": ""(1+2.8032/(1-0.015287/x**2)+0.36335/(1-0.036095/x**2)-33508000/(1+367200000/x**2))**0.5"", ""core_eq_e"": ""(1+0.017061/(1-0.043855/x**2)+3.1976/(1-0.022642/x**2)-57269000/(1-74226000/x**2))**0.5"", ""core_chi2"": ""AlN"", ""h_core"": 350.0, ""w_core"": 800.0}",screened,2,TM20,A,,TM102,0.1255042729019678,38,231.16598640073028,,1.949077873719248,1.949077873719248,,0.002997129129792,1385208.4434371167,0.0003968678746724,,,,,,,,,,,,0.002997129129792,0.0003968678746724,TM102,,,,TM102
7dda556f8dbe,ridge,"{""sidewall_angle"": 5.0, ""substrate_height"": 1000.0, ""topclad_height"": 800.0, ""substrate_material"": ""Al2O3"", ""topclad_material"": ""SiO2"", ""core_eq_o"": ""(1+2.8032/(1-0.015287/x**2)+0.36335/(1-0.036095/x**2)-33508000/(1+367200000/x**2))**0.5"", ""core_eq_e"": ""(1+0.017061/(1-0.043855/x**2)+3.1976/(1-0.022642/x**2)-57269000/(1-74226000/x**2))**0.5"", ""core_chi2"": ""AlN"", ""h_core"": 350.0, ""w_core"": 800.0}",screened,2,TM20,A,,TM104,0.1055349089656578,9,215.69537381770613,,1.986917329370996,1.986917329370996,,0.002196274406728,2049502.108662028,0.0003202165763901,,,,,,,,,,,,0.002196274406728,0.0003202165763901,TM104,,,,TM104
7dda556f8dbe,ridge,"{""sidewall_angle"": 5.0, ""substrate_height"": 1000.0, ""topclad_height"": 800.0, ""substrate_material"": ""Al2O3"", ""topclad_material"": ""SiO2"", ""core_eq_o"": ""(1+2.8032/(1-0.015287/x**2)+0.36335/(1-0.036095/x**2)-33508000/(1+367200000/x**2))**0.5"", ""core_eq_e"": ""(1+0.017061/(1-0.043855/x**2)+3.1976/(1-0.022642/x**2)-57269000/(1-74226000/x**2))**0.5"", ""core_chi2"": ""AlN"", ""h_core"": 350.0, ""w_core"": 800.0}",screened,1,TM10,S,,TE74,0.8070211033333707,11,217.1420306877216,,2.0614237548909173,2.0614237548909173,,0.0021376221028391,1860524.8443723265,0.0003289950186988,,,,,,,,,,,,0.0021376221028391,0.0003289950186988,TE74,,,,TE74
7dda556f8dbe,ridge,"{""sidewall_angle"": 5.0, ""substrate_height"": 1000.0, ""topclad_height"": 800.0, ""substrate_material"": ""Al2O3"", ""topclad_material"": ""SiO2"", ""core_eq_o"": ""(1+2.8032/(1-0.015287/x**2)+0.36335/(1-0.036095/x**2)-33508000/(1+367200000/x**2))**0.5"", ""core_eq_e"": ""(1+0.017061/(1-0.043855/x**2)+3.1976/(1-0.022642/x**2)-57269000/(1-74226000/x**2))**0.5"", ""core_chi2"": ""AlN"", ""h_core"": 350.0, ""w_core"": 800.0}",screened,0,TM00,A,,TM63,0.2341928935597604,39,233.9623613654491,,2.0855128037648902,2.0855128037648902,,0.001688673742785,1959204.1860019437,0.0003287706700537,,,,,,,,,,,,0.001688673742785,0.0003287706700537,TM63,,,,TM63
7dda556f8dbe,ridge,"{""sidewall_angle"": 5.0, ""substrate_height"": 1000.0, ""topclad_height"": 800.0, ""substrate_material"": ""Al2O3"", ""topclad_material"": ""SiO2"", ""core_eq_o"": ""(1+2.8032/(1-0.015287/x**2)+0.36335/(1-0.036095/x**2)-33508000/(1+367200000/x**2))**0.5"", ""core_eq_e"": ""(1+0.017061/(1-0.043855/x**2)+3.1976/(1-0.022642/x**2)-57269000/(1-74226000/x**2))**0.5"", ""core_chi2"": ""AlN"", ""h_core"": 350.0, ""w_core"": 800.0}",screened,1,TM10,S,,TE93,0.7891174438261049,14,215.36421969633176,,2.064664499080884,2.064664499080884,,0.0014968370101597,2688350.7860761075,0.0002716114234066,,,,,,,,,,,,0.0014968370101597,0.0002716114234066,TE93,,,,TE93
7dda556f8dbe,ridge,"{""sidewall_angle"": 5.0, ""substrate_height"": 1000.0, ""topclad_height"": 800.0, ""substrate_material"": ""Al2O3"", ""topclad_material"": ""SiO2"", ""core_eq_o"": ""(1+2.8032/(1-0.015287/x**2)+0.36335/(1-0.036095/x**2)-33508000/(1+367200000/x**2))**0.5"", ""core_eq_e"": ""(1+0.017061/(1-0.043855/x**2)+3.1976/(1-0.022642/x**2)-57269000/(1-74226000/x**2))**0.5"", ""core_chi2"": ""AlN"", ""h_core"": 350.0, ""w_core"": 800.0}",screened,0,TM00,A,,TM84,0.0560799889609137,5,219.43939028269105,,2.1041528479721814,2.1041528479721814,,0.00138394800775,2645910.932381125,0.0002787314609654,,,,,,,,,,,,0.00138394800775,0.0002787314609654,TM84,,,,TM84
7dda556f8dbe,ridge,"{""sidewall_angle"": 5.0, ""substrate_height"": 1000.0, ""topclad_height"": 800.0, ""substrate_material"": ""Al2O3"", ""topclad_material"": ""SiO2"", ""core_eq_o"": ""(1+2.8032/(1-0.015287/x**2)+0.36335/(1-0.036095/x**2)-33508000/(1+367200000/x**2))**0.5"", ""core_eq_e"": ""(1+0.017061/(1-0.043855/x**2)+3.1976/(1-0.022642/x**2)-57269000/(1-74226000/x**2))**0.5"", ""core_chi2"": ""AlN"", ""h_core"": 350.0, ""w_core"": 800.0}",screened,0,TM00,A,,TE92,0.8224558923604776,6,217.78492247262787,,2.1065012584655616,2.1065012584655616,,0.0013353401918087,2774746.5182599253,0.0002660844032234,,,,,,,,,,,,0.0013353401918087,0.0002660844032234,TE92,,,,TE92
7dda556f8dbe,ridge,"{""sidewall_angle"": 5.0, ""substrate_height"": 1000.0, ""topclad_height"": 800.0, ""substrate_material"": ""Al2O3"", ""topclad_material"": ""SiO2"", ""core_eq_o"": ""(1+2.8032/(1-0.015287/x**2)+0.36335/(1-0.036095/x**2)-33508000/(1+367200000/x**2))**0.5"", ""core_eq_e"": ""(1+0.017061/(1-0.043855/x**2)+3.1976/(1-0.022642/x**2)-57269000/(1-74226000/x**2))**0.5"", ""core_chi2"": ""AlN"", ""h_core"": 350.0, ""w_core"": 800.0}",screened,1,TM10,S,,TE94,0.5970065986426222,4,224.69191639569135,,2.0479998692276267,2.0479998692276267,,0.0013278443241497,2852621.769475557,0.0002676705401325,,,,,,,,,,,,0.0013278443241497,0.0002676705401325,TE94,,,,TE94
7dda556f8dbe,ridge,"{""sidewall_angle"": 5.0, ""substrate_height"": 1000.0, ""topclad_height"": 800.0, ""substrate_material"": ""Al2O3"", ""topclad_material"": ""SiO2"", ""core_eq_o"": ""(1+2.8032/(1-0.015287/x**2)+0.36335/(1-0.036095/x**2)-33508000/(1+367200000/x**2))**0.5"", ""core_eq_e"": ""(1+0.017061/(1-0.043855/x**2)+3.1976/(1-0.022642/x**2)-57269000/(1-74226000/x**2))**0.5"", ""core_chi2"": ""AlN"", ""h_core"": 350.0, ""w_core"": 800.0}",screened,0,TM00,A,,TE73,0.9802674744307004,36,230.24323879946616,,2.09000332611107,2.09000332611107,,0.0010997069747558,3086486.2118854537,0.0002567645933998,,,,,,,,,,,,0.0010997069747558,0.0002567645933998,TE73,,,,TE73
7dda556f8dbe,ridge,"{""sidewall_angle"": 5.0, ""substrate_height"": 1000.0, ""topclad_height"": 800.0, ""substrate_material"": ""Al2O3"", ""topclad_material"": ""SiO2"", ""core_eq_o"": ""(1+2.8032/(1-0.015287/x**2)+0.36335/(1-0.036095/x**2)-33508000/(1+367200000/x**2))**0.5"", ""core_eq_e"": ""(1+0.017061/(1-0.043855/x**2)+3.1976/(1-0.022642/x**2)-57269000/(1-74226000/x**2))**0.5"", ""core_chi2"": ""AlN"", ""h_core"": 350.0, ""w_core"": 800.0}",screened,1,TM10,S,,TM05,0.0064212070888617,13,216.01824376835583,,2.0634722887043173,2.0634722887043173,,0.0010189882329499,3931968.868120085,0.0002372004261853,,,,,,,,,,,,0.0010189882329499,0.0002372004261853,TM05,,,,TM05
7dda556f8dbe,ridge,"{""sidewall_angle"": 5.0, ""substrate_height"": 1000.0, ""topclad_height"": 800.0, ""substrate_material"": ""Al2O3"", ""topclad_material"": ""SiO2"", ""core_eq_o"": ""(1+2.8032/(1-0.015287/x**2)+0.36335/(1-0.036095/x**2)-33508000/(1+367200000/x**2))**0.5"", ""core_eq_e"": ""(1+0.017061/(1-0.043855/x**2)+3.1976/(1-0.022642/x**2)-57269000/(1-74226000/x**2))**0.5"", ""core_chi2"": ""AlN"", ""h_core"": 350.0, ""w_core"": 800.0}",screened,4,TE10,A,,TM102,0.1788461622702254,38,229.6601206007176,,1.9717867741447224,1.9717867741447224,,0.001011970279637,4014553.420534024,0.0098123380321972,,,,,,,,,,,,0.001011970279637,0.0098123380321972,TM102,,,,TM102
7dda556f8dbe,ridge,"{""sidewall_angle"": 5.0, ""substrate_height"": 1000.0, ""topclad_height"": 800.0, ""substrate_material"": ""Al2O3"", ""topclad_material"": ""SiO2"", ""core_eq_o"": ""(1+2.8032/(1-0.015287/x**2)+0.36335/(1-0.036095/x**2)-33508000/(1+367200000/x**2))**0.5"", ""core_eq_e"": ""(1+0.017061/(1-0.043855/x**2)+3.1976/(1-0.022642/x**2)-57269000/(1-74226000/x**2))**0.5"", ""core_chi2"": ""AlN"", ""h_core"": 350.0, ""w_core"": 800.0}",screened,1,TM10,S,,TE94,0.965003925393418,3,224.9245271591172,,2.0475926375876905,2.0475926375876905,,0.0008080280612478,4680855.889207225,0.0002142260018578,,,,,,,,,,,,0.0008080280612478,0.0002142260018578,TE94,,,,TE94
7dda556f8dbe,ridge,"{""sidewall_angle"": 5.0, ""substrate_height"": 1000.0, ""topclad_height"": 800.0, ""substrate_material"": ""Al2O3"", ""topclad_material"": ""SiO2"", ""core_eq_o"": ""(1+2.8032/(1-0.015287/x**2)+0.36335/(1-0.036095/x**2)-33508000/(1+367200000/x**2))**0.5"", ""core_eq_e"": ""(1+0.017061/(1-0.043855/x**2)+3.1976/(1-0.022642/x**2)-57269000/(1-74226000/x**2))**0.5"", ""core_chi2"": ""AlN"", ""h_core"": 350.0, ""w_core"": 800.0}",screened,1,TM10,S,,TM103,0.1727653807948017,9,218.4317388181451,,2.059072765865275,2.059072765865275,,0.0005870200914272,6718255.076904433,0.0001729176359278,,,,,,,,,,,,0.0005870200914272,0.0001729176359278,TM103,,,,TM103
7dda556f8dbe,ridge,"{""sidewall_angle"": 5.0, ""substrate_height"": 1000.0, ""topclad_height"": 800.0, ""substrate_material"": ""Al2O3"", ""topclad_material"": ""SiO2"", ""core_eq_o"": ""(1+2.8032/(1-0.015287/x**2)+0.36335/(1-0.036095/x**2)-33508000/(1+367200000/x**2))**0.5"", ""core_eq_e"": ""(1+0.017061/(1-0.043855/x**2)+3.1976/(1-0.022642/x**2)-57269000/(1-74226000/x**2))**0.5"", ""core_chi2"": ""AlN"", ""h_core"": 350.0, ""w_core"": 800.0}",screened,0,TM00,A,,TE73,0.9895615344100144,35,230.4944484164128,,2.089700011988327,2.089700011988327,,0.0004914972414122,6893855.317814897,0.0001741430209105,,,,,,,,,,,,0.0004914972414122,0.0001741430209105,TE73,,,,TE73
7dda556f8dbe,ridge,"{""sidewall_angle"": 5.0, ""substrate_height"": 1000.0, ""topclad_height"": 800.0, ""substrate_material"": ""Al2O3"", ""topclad_material"": ""SiO2"", ""core_eq_o"": ""(1+2.8032/(1-0.015287/x**2)+0.36335/(1-0.036095/x**2)-33508000/(1+367200000/x**2))**0.5"", ""core_eq_e"": ""(1+0.017061/(1-0.043855/x**2)+3.1976/(1-0.022642/x**2)-57269000/(1-74226000/x**2))**0.5"", ""core_chi2"": ""AlN"", ""h_core"": 350.0, ""w_core"": 800.0}",screened,2,TM20,A,,TE94,0.908357899001344,3,219.4056873627213,,1.9775915979781773,1.9775915979781773,,0.0004176585591147,10564016.026620284,0.000142218576585,,,,,,,,,,,,0.0004176585591147,0.000142218576585,TE94,,,,TE94
7dda556f8dbe,ridge,"{""sidewall_angle"": 5.0, ""substrate_height"": 1000.0, ""topclad_height"": 800.0, ""substrate_material"": ""Al2O3"", ""topclad_material"": ""SiO2"", ""core_eq_o"": ""(1+2.8032/(1-0.015287/x**2)+0.36335/(1-0.036095/x**2)-33508000/(1+367200000/x**2))**0.5"", ""core_eq_e"": ""(1+0.017061/(1-0.043855/x**2)+3.1976/(1-0.022642/x**2)-57269000/(1-74226000/x**2))**0.5"", ""core_chi2"": ""AlN"", ""h_core"": 350.0, ""w_core"": 800.0}",screened,4,TE10,A,,TE111,0.8651994903484072,7,216.76236472837397,,1.995109667986512,1.995109667986512,,0.0003683288831641,11952318.790092764,0.0044797727616301,,,,,,,,,,,,0.0003683288831641,0.0044797727616301,TE111,,,,TE111
7dda556f8dbe,ridge,"{""sidewall_angle"": 5.0, ""substrate_height"": 1000.0, ""topclad_height"": 800.0, ""substrate_material"": ""Al2O3"", ""topclad_material"": ""SiO2"", ""core_eq_o"": ""(1+2.8032/(1-0.015287/x**2)+0.36335/(1-0.036095/x**2)-33508000/(1+367200000/x**2))**0.5"", ""core_eq_e"": ""(1+0.017061/(1-0.043855/x**2)+3.1976/(1-0.022642/x**2)-57269000/(1-74226000/x**2))**0.5"", ""core_chi2"": ""AlN"", ""h_core"": 350.0, ""w_core"": 800.0}",screened,4,TE10,A,,TM122,0.033287447065092,30,221.28527448577407,,1.9867588921054349,1.9867588921054349,,0.000336944934289,12695697.53298876,0.0049323565143696,,,,,,,,,,,,0.000336944934289,0.0049323565143696,TM122,,,,TM122
7dda556f8dbe,ridge,"{""sidewall_angle"": 5.0, ""substrate_height"": 1000.0, ""topclad_height"": 800.0, ""substrate_material"": ""Al2O3"", ""topclad_material"": ""SiO2"", ""core_eq_o"": ""(1+2.8032/(1-0.015287/x**2)+0.36335/(1-0.036095/x**2)-33508000/(1+367200000/x**2))**0.5"", ""core_eq_e"": ""(1+0.017061/(1-0.043855/x**2)+3.1976/(1-0.022642/x**2)-57269000/(1-74226000/x**2))**0.5"", ""core_chi2"": ""AlN"", ""h_core"": 350.0, ""w_core"": 800.0}",screened,2,TM20,A,,TE74,0.962491248596872,44,233.5886698983388,,1.943374360397237,1.943374360397237,,0.0003003271907117,13658041.15725047,0.0001340746572858,,,,,,,,,,,,0.0003003271907117,0.0001340746572858,TE74,,,,TE74
7dda556f8dbe,ridge,"{""sidewall_angle"": 5.0, ""substrate_height"": 1000.0, ""topclad_height"": 800.0, ""substrate_material"": ""Al2O3"", ""topclad_material"": ""SiO2"", ""core_eq_o"": ""(1+2.8032/(1-0.015287/x**2)+0.36335/(1-0.036095/x**2)-33508000/(1+367200000/x**2))**0.5"", ""core_eq_e"": ""(1+0.017061/(1-0.043855/x**2)+3.1976/(1-0.022642/x**2)-57269000/(1-74226000/x**2))**0.5"", ""core_chi2"": ""AlN"", ""h_core"": 350.0, ""w_core"": 800.0}",screened,4,TE10,A,,TM103,0.1019586689295685,35,223.55713833738355,,1.9826438291245303,1.9826438291245303,,0.00026253008857,16064445.799611192,0.0047319071103378,,,,,,,,,,,,0.00026253008857,0.0047319071103378,TM103,,,,TM103
7dda556f8dbe,ridge,"{""sidewall_angle"": 5.0, ""substrate_height"": 1000.0, ""topclad_height"": 800.0, ""substrate_material"": ""Al2O3"", ""topclad_material"": ""SiO2"", ""core_eq_o"": ""(1+2.8032/(1-0.015287/x**2)+0.36335/(1-0.036095/x**2)-33508000/(1+367200000/x**2))**0.5"", ""core_eq_e"": ""(1+0.017061/(1-0.043855/x**2)+3.1976/(1-0.022642/x**2)-57269000/(1-74226000/x**2))**0.5"", ""core_chi2"": ""AlN"", ""h_core"": 350.0, ""w_core"": 800.0}",screened,4,TE10,A,,TM125,0.1798656416324017,6,217.42977517042516,,1.993868132794612,1.993868132794612,,0.0002151447224614,20375017.786215037,0.003616475074768,,,,,,,,,,,,0.0002151447224614,0.003616475074768,TM125,,,,TM125
7dda556f8dbe,ridge,"{""sidewall_angle"": 5.0, ""substrate_height"": 1000.0, ""topclad_height"": 800.0, ""substrate_material"": ""Al2O3"", ""topclad_material"": ""SiO2"", ""core_eq_o"": ""(1+2.8032/(1-0.015287/x**2)+0.36335/(1-0.036095/x**2)-33508000/(1+367200000/x**2))**0.5"", ""core_eq_e"": ""(1+0.017061/(1-0.043855/x**2)+3.1976/(1-0.022642/x**2)-57269000/(1-74226000/x**2))**0.5"", ""core_chi2"": ""AlN"", ""h_core"": 350.0, ""w_core"": 800.0}",screened,4,TE10,A,,TM104,0.1055349089656578,9,215.33788104141405,,1.997759531573023,1.997759531573023,,0.0002018982870476,22006596.7315046,0.0032938525260536,,,,,,,,,,,,0.0002018982870476,0.0032938525260536,TM104,,,,TM104
7dda556f8dbe,ridge,"{""sidewall_angle"": 5.0, ""substrate_height"": 1000.0, ""topclad_height"": 800.0, ""substrate_material"": ""Al2O3"", ""topclad_material"": ""SiO2"", ""core_eq_o"": ""(1+2.8032/(1-0.015287/x**2)+0.36335/(1-0.036095/x**2)-33508000/(1+367200000/x**2))**0.5"", ""core_eq_e"": ""(1+0.017061/(1-0.043855/x**2)+3.1976/(1-0.022642/x**2)-57269000/(1-74226000/x**2))**0.5"", ""core_chi2"": ""AlN"", ""h_core"": 350.0, ""w_core"": 800.0}",screened,0,TM00,A,,TM123,0.1154391743040531,9,216.3631174496288,,2.108519419118336,2.108519419118336,,0.0001804085364026,20749119.160096478,9.673543905288188e-05,,,,,,,,,,,,0.0001804085364026,9.673543905288188e-05,TM123,,,,TM123
7dda556f8dbe,ridge,"{""sidewall_angle"": 5.0, ""substrate_height"": 1000.0, ""topclad_height"": 800.0, ""substrate_material"": ""Al2O3"", ""topclad_material"": ""SiO2"", ""core_eq_o"": ""(1+2.8032/(1-0.015287/x**2)+0.36335/(1-0.036095/x**2)-33508000/(1+367200000/x**2))**0.5"", ""core_eq_e"": ""(1+0.017061/(1-0.043855/x**2)+3.1976/(1-0.022642/x**2)-57269000/(1-74226000/x**2))**0.5"", ""core_chi2"": ""AlN"", ""h_core"": 350.0, ""w_core"": 800.0}",screened,4,TE10,A,,TE74,0.6892529277510923,0,220.928497046825,,1.9874051287319832,1.9874051287319832,,0.0001650626584739,25974338.36153785,0.0034827705361529,,,,,,,,,,,,0.0001650626584739,0.0034827705361529,TE74,,,,TE74
7dda556f8dbe,ridge,"{""sidewall_angle"": 5.0, ""substrate_height"": 1000.0, ""topclad_height"": 800.0, ""substrate_material"": ""Al2O3"", ""topclad_material"": ""SiO2"", ""core_eq_o"": ""(1+2.8032/(1-0.015287/x**2)+0.36335/(1-0.036095/x**2)-33508000/(1+367200000/x**2))**0.5"", ""core_eq_e"": ""(1+0.017061/(1-0.043855/x**2)+3.1976/(1-0.022642/x**2)-57269000/(1-74226000/x**2))**0.5"", ""core_chi2"": ""AlN"", ""h_core"": 350.0, ""w_core"": 800.0}",screened,1,TM10,S,,TM103,0.1572510625159193,8,219.726119324922,,2.056713259636964,2.056713259636964,,0.0001530243727932,25557054.614015914,8.878288068789103e-05,,,,,,,,,,,,0.0001530243727932,8.878288068789103e-05,TM103,,,,TM103
7dda556f8dbe,ridge,"{""sidewall_angle"": 5.0, ""substrate_height"": 1000.0, ""topclad_height"": 800.0, ""substrate_material"": ""Al2O3"", ""topclad_material"": ""SiO2"", ""core_eq_o"": ""(1+2.8032/(1-0.015287/x**2)+0.36335/(1-0.036095/x**2)-33508000/(1+367200000/x**2))**0.5"", ""core_eq_e"": ""(1+0.017061/(1-0.043855/x**2)+3.1976/(1-0.022642/x**2)-57269000/(1-74226000/x**2))**0.5"", ""core_chi2"": ""AlN"", ""h_core"": 350.0, ""w_core"": 800.0}",screened,0,TM00,A,,TE94,0.7891211983225109,7,217.6618221831054,,2.1066759913977435,2.1066759913977435,,0.0001407107525076,26355483.0007601,8.733311750937675e-05,,,,,,,,,,,,0.0001407107525076,8.733311750937675e-05,TE94,,,,TE94
7dda556f8dbe,ridge,"{""sidewall_angle"": 5.0, ""substrate_height"": 1000.0, ""topclad_height"": 800.0, ""substrate_material"": ""Al2O3"", ""topclad_material"": ""SiO2"", ""core_eq_o"": ""(1+2.8032/(1-0.015287/x**2)+0.36335/(1-0.036095/x**2)-33508000/(1+367200000/x**2))**0.5"", ""core_eq_e"": ""(1+0.017061/(1-0.043855/x**2)+3.1976/(1-0.022642/x**2)-57269000/(1-74226000/x**2))**0.5"", ""core_chi2"": ""AlN"", ""h_core"": 350.0, ""w_core"": 800.0}",screened,0,TM00,A,,TE52,0.7952953612725484,41,234.78186426308213,,2.0845233241203527,2.0845233241203527,,0.0001380533503834,23831956.801912047,9.365328050904396e-05,,,,,,,,,,,,0.0001380533503834,9.365328050904396e-05,TE52,,,,TE52
7dda556f8dbe,ridge,"{""sidewall_angle"": 5.0, ""substrate_height"": 1000.0, ""topclad_height"": 800.0, ""substrate_material"": ""Al2O3"", ""topclad_material"": ""SiO2"", ""core_eq_o"": ""(1+2.8032/(1-0.015287/x**2)+0.36335/(1-0.036095/x**2)-33508000/(1+367200000/x**2))**0.5"", ""core_eq_e"": ""(1+0.017061/(1-0.043855/x**2)+3.1976/(1-0.022642/x**2)-57269000/(1-74226000/x**2))**0.5"", ""core_chi2"": ""AlN"", ""h_core"": 350.0, ""w_core"": 800.0}",screened,0,TM00,A,,TM102,0.3215172720581235,1,222.27484161537413,,2.1003061467561253,2.1003061467561253,,0.0001343912557567,26702786.47758553,8.597944368236483e-05,,,,,,,,,,,,0.0001343912557567,8.597944368236483e-05,TM102,,,,TM102
7dda556f8dbe,ridge,"{""sidewall_angle"": 5.0, ""substrate_height"": 1000.0, ""topclad_height"": 800.0, ""substrate_material"": ""Al2O3"", ""topclad_material"": ""SiO2"", ""core_eq_o"": ""(1+2.8032/(1-0.015287/x**2)+0.36335/(1-0.036095/x**2)-33508000/(1+367200000/x**2))**0.5"", ""core_eq_e"": ""(1+0.017061/(1-0.043855/x**2)+3.1976/(1-0.022642/x**2)-57269000/(1-74226000/x**2))**0.5"", ""core_chi2"": ""AlN"", ""h_core"": 350.0, ""w_core"": 800.0}",screened,4,TE10,A,,TE92,0.9473525428735392,34,225.17122089588293,,1.9797274676618424,1.9797274676618424,,0.0001060774161969,39363263.72948988,0.0030277667149353,,,,,,,,,,,,0.0001060774161969,0.0030277667149353,TE92,,,,TE92
7dda556f8dbe,ridge,"{""sidewall_angle"": 5.0, ""substrate_height"": 1000.0, ""topclad_height"": 800.0, ""substrate_material"": ""Al2O3"", ""topclad_material"": ""SiO2"", ""core_eq_o"": ""(1+2.8032/(1-0.015287/x**2)+0.36335/(1-0.036095/x**2)-33508000/(1+367200000/x**2))**0.5"", ""core_eq_e"": ""(1+0.017061/(1-0.043855/x**2)+3.1976/(1-0.022642/x**2)-57269000/(1-74226000/x**2))**0.5"", ""core_chi2"": ""AlN"", ""h_core"": 350.0, ""w_core"": 800.0}",screened,3,TE00,S,,TM102,0.0171859083070408,33,231.95971239447084,,2.026864891687957,2.026864891687957,,0.0001016523950315,36069397.25727055,0.0032373735982339,,,,,,,,,,,,0.0001016523950315,0.0032373735982339,TM102,,,,TM102
7dda556f8dbe,ridge,"{""sidewall_angle"": 5.0, ""substrate_height"": 1000.0, ""topclad_height"": 800.0, ""substrate_material"": ""Al2O3"", ""topclad_material"": ""SiO2"", ""core_eq_o"": ""(1+2.8032/(1-0.015287/x**2)+0.36335/(1-0.036095/x**2)-33508000/(1+367200000/x**2))**0.5"", ""core_eq_e"": ""(1+0.017061/(1-0.043855/x**2)+3.1976/(1-0.022642/x**2)-57269000/(1-74226000/x**2))**0.5"", ""core_chi2"": ""AlN"", ""h_core"": 350.0, ""w_core"": 800.0}",screened,4,TE10,A,,TM45,0.0247815604367535,2,219.47185908818523,,1.9900693923360104,1.9900693923360104,,8.865935818111098e-05,48805536.98643621,0.002729883040268,,,,,,,,,,,,8.865935818111098e-05,0.002729883040268,TM45,,,,TM45
7dda556f8dbe,ridge,"{""sidewall_angle"": 5.0, ""substrate_height"": 1000.0, ""topclad_height"": 800.0, ""substrate_material"": ""Al2O3"", ""topclad_material"": ""SiO2"", ""core_eq_o"": ""(1+2.8032/(1-0.015287/x**2)+0.36335/(1-0.036095/x**2)-33508000/(1+367200000/x**2))**0.5"", ""core_eq_e"": ""(1+0.017061/(1-0.043855/x**2)+3.1976/(1-0.022642/x**2)-57269000/(1-74226000/x**2))**0.5"", ""core_chi2"": ""AlN"", ""h_core"": 350.0, ""w_core"": 800.0}",screened,4,TE10,A,,TE74,0.8827584137354675,41,231.096822404498,,1.9692859674566252,1.9692859674566252,,8.458106396170622e-05,47617717.42918412,0.0029294430692207,,,,,,,,,,,,8.458106396170622e-05,0.0029294430692207,TE74,,,,TE74
7dda556f8dbe,ridge,"{""sidewall_angle"": 5.0, ""substrate_height"": 1000.0, ""topclad_height"": 800.0, ""substrate_material"": ""Al2O3"", ""topclad_material"": ""SiO2"", ""core_eq_o"": ""(1+2.8032/(1-0.015287/x**2)+0.36335/(1-0.036095/x**2)-33508000/(1+367200000/x**2))**0.5"", ""core_eq_e"": ""(1+0.017061/(1-0.043855/x**2)+3.1976/(1-0.022642/x**2)-57269000/(1-74226000/x**2))**0.5"", ""core_chi2"": ""AlN"", ""h_core"": 350.0, ""w_core"": 800.0}",screened,4,TE10,A,,TM125,0.0999210811330286,5,217.54745541412285,,1.9936492207807492,1.9936492207807492,,7.768396926212093e-05,56385879.47793181,0.002437806930961,,,,,,,,,,,,7.768396926212093e-05,0.002437806930961,TM125,,,,TM125
7dda556f8dbe,ridge,"{""sidewall_angle"": 5.0, ""substrate_height"": 1000.0, ""topclad_height"": 800.0, ""substrate_material"": ""Al2O3"", ""topclad_material"": ""SiO2"", ""core_eq_o"": ""(1+2.8032/(1-0.015287/x**2)+0.36335/(1-0.036095/x**2)-33508000/(1+367200000/x**2))**0.5"", ""core_eq_e"": ""(1+0.017061/(1-0.043855/x**2)+3.1976/(1-0.022642/x**2)-57269000/(1-74226000/x**2))**0.5"", ""core_chi2"": ""AlN"", ""h_core"": 350.0, ""w_core"": 800.0}",screened,0,TM00,A,,TE93,0.8326148750774105,3,221.38084577818117,,2.1015051481361597,2.1015051481361597,,7.554299980018187e-05,47806873.02925692,6.437749149479678e-05,,,,,,,,,,,,7.554299980018187e-05,6.437749149479678e-05,TE93,,,,TE93
7dda556f8dbe,ridge,"{""sidewall_angle"": 5.0, ""substrate_height"": 1000.0, ""topclad_height"": 800.0, ""substrate_material"": ""Al2O3"", ""topclad_material"": ""SiO2"", ""core_eq_o"": ""(1+2.8032/(1-0.015287/x**2)+0.36335/(1-0.036095/x**2)-33508000/(1+367200000/x**2))**0.5"", ""core_eq_e"": ""(1+0.017061/(1-0.043855/x**2)+3.1976/(1-0.022642/x**2)-57269000/(1-74226000/x**2))**0.5"", ""core_chi2"": ""AlN"", ""h_core"": 350.0, ""w_core"": 800.0}",screened,0,TM00,A,,TM94,0.3907383524648994,8,217.30806949638568,,2.1071781205516023,2.1071781205516023,,6.12440905684657e-05,60706665.98097737,5.721912891020795e-05,,,,,,,,,,,,6.12440905684657e-05,5.721912891020795e-05,TM94,,,,TM94
7dda556f8dbe,ridge,"{""sidewall_angle"": 5.0, ""substrate_height"": 1000.0, ""topclad_height"": 800.0, ""substrate_material"": ""Al2O3"", ""topclad_material"": ""SiO2"", ""core_eq_o"": ""(1+2.8032/(1-0.015287/x**2)+0.36335/(1-0.036095/x**2)-33508000/(1+367200000/x**2))**0.5"", ""core_eq_e"": ""(1+0.017061/(1-0.043855/x**2)+3.1976/(1-0.022642/x**2)-57269000/(1-74226000/x**2))**0.5"", ""core_chi2"": ""AlN"", ""h_core"": 350.0, ""w_core"": 800.0}",screened,3,TE00,S,,TM83,0.0545819539319188,31,231.19805929364043,,2.0278050694389504,2.0278050694389504,,4.770772445020436e-05,77253887.01871371,0.0022221553635914,,,,,,,,,,,,4.770772445020436e-05,0.0022221553635914,TM83,,,,TM83
7dda556f8dbe,ridge,"{""sidewall_angle"": 5.0, ""substrate_height"": 1000.0, ""topclad_height"": 800.0, ""substrate_material"": ""Al2O3"", ""topclad_material"": ""SiO2"", ""core_eq_o"": ""(1+2.8032/(1-0.015287/x**2)+0.36335/(1-0.036095/x**2)-33508000/(1+367200000/x**2))**0.5"", ""core_eq_e"": ""(1+0.017061/(1-0.043855/x**2)+3.1976/(1-0.022642/x**2)-57269000/(1-74226000/x**2))**0.5"", ""core_chi2"": ""AlN"", ""h_core"": 350.0, ""w_core"": 800.0}",screened,3,TE00,S,,TM122,0.0201327649668993,10,218.65914065491512,,2.0441705906820467,2.0441705906820467,,4.288754728410094e-05,93786025.76707204,0.0020482004365758,,,,,,,,,,,,4.288754728410094e-05,0.0020482004365758,TM122,,,,TM122
7dda556f8dbe,ridge,"{""sidewall_angle"": 5.0, ""substrate_height"": 1000.0, ""topclad_height"": 800.0, ""substrate_material"": ""Al2O3"", ""topclad_material"": ""SiO2"", ""core_eq_o"": ""(1+2.8032/(1-0.015287/x**2)+0.36335/(1-0.036095/x**2)-33508000/(1+367200000/x**2))**0.5"", ""core_eq_e"": ""(1+0.017061/(1-0.043855/x**2)+3.1976/(1-0.022642/x**2)-57269000/(1-74226000/x**2))**0.5"", ""core_chi2"": ""AlN"", ""h_core"": 350.0, ""w_core"": 800.0}",screened,0,TM00,A,,TE93,0.9794520112017234,2,221.57890215706357,,2.1012395206447048,2.1012395206447048,,3.489564242851021e-05,103347822.79906891,4.380888089007508e-05,,,,,,,,,,,,3.489564242851021e-05,4.380888089007508e-05,TE93,,,,TE93
7dda556f8dbe,ridge,"{""sidewall_angle"": 5.0, ""substrate_height"": 1000.0, ""topclad_height"": 800.0, ""substrate_material"": ""Al2O3"", ""topclad_material"": ""SiO2"", ""core_eq_o"": ""(1+2.8032/(1-0.015287/x**2)+0.36335/(1-0.036095/x**2)-33508000/(1+367200000/x**2))**0.5"", ""core_eq_e"": ""(1+0.017061/(1-0.043855/x**2)+3.1976/(1-0.022642/x**2)-57269000/(1-74226000/x**2))**0.5"", ""core_chi2"": ""AlN"", ""h_core"": 350.0, ""w_core"": 800.0}",screened,4,TE10,A,,TE54,0.978894782255612,33,225.5283725439736,,1.9790956799269623,1.9790956799269623,,2.979865694388314e-05,139815908.61143947,0.0016504672657545,,,,,,,,,,,,2.979865694388314e-05,0.0016504672657545,TE54,,,,TE54
7dda556f8dbe,ridge,"{""sidewall_angle"": 5.0, ""substrate_height"": 1000.0, ""topclad_height"": 800.0, ""substrate_material"": ""Al2O3"", ""topclad_material"": ""SiO2"", ""core_eq_o"": ""(1+2.8032/(1-0.015287/x**2)+0.36335/(1-0.036095/x**2)-33508000/(1+367200000/x**2))**0.5"", ""core_eq_e"": ""(1+0.017061/(1-0.043855/x**2)+3.1976/(1-0.022642/x**2)-57269000/(1-74226000/x**2))**0.5"", ""core_chi2"": ""AlN"", ""h_core"": 350.0, ""w_core"": 800.0}",screened,1,TM10,S,,TE94,0.9216879656282594,15,215.0585609520205,,2.065221679683624,2.065221679683624,,2.5218781791152145e-05,159888939.93283615,3.550430015767095e-05,,,,,,,,,,,,2.5218781791152145e-05,3.550430015767095e-05,TE94,,,,TE94
7dda556f8dbe,ridge,"{""sidewall_angle"": 5.0, ""substrate_height"": 1000.0, ""topclad_height"": 800.0, ""substrate_material"": ""Al2O3"", ""topclad_material"": ""SiO2"", ""core_eq_o"": ""(1+2.8032/(1-0.015287/x**2)+0.36335/(1-0.036095/x**2)-33508000/(1+367200000/x**2))**0.5"", ""core_eq_e"": ""(1+0.017061/(1-0.043855/x**2)+3.1976/(1-0.022642/x**2)-57269000/(1-74226000/x**2))**0.5"", ""core_chi2"": ""AlN"", ""h_core"": 350.0, ""w_core"": 800.0}",screened,2,TM20,A,,TE74,0.943244455557808,4,219.29951414510447,,1.977858460305739,1.977858460305739,,2.3324934877661293e-05,189266877.4608465,3.4105568591442375e-05,,,,,,,,,,,,2.3324934877661293e-05,3.4105568591442375e-05,TE74,,,,TE74
7dda556f8dbe,ridge,"{""sidewall_angle"": 5.0, ""substrate_height"": 1000.0, ""topclad_height"": 800.0, ""substrate_material"": ""Al2O3"", ""topclad_material"": ""SiO2"", ""core_eq_o"": ""(1+2.8032/(1-0.015287/x**2)+0.36335/(1-0.036095/x**2)-33508000/(1+367200000/x**2))**0.5"", ""core_eq_e"": ""(1+0.017061/(1-0.043855/x**2)+3.1976/(1-0.022642/x**2)-57269000/(1-74226000/x**2))**0.5"", ""core_chi2"": ""AlN"", ""h_core"": 350.0, ""w_core"": 800.0}",screened,4,TE10,A,,TE74,0.7956696652568057,43,232.69844414070067,,1.966512138945388,1.966512138945388,,2.253641303423309e-05,177008603.90994847,0.0015521859567017,,,,,,,,,,,,2.253641303423309e-05,0.0015521859567017,TE74,,,,TE74
7dda556f8dbe,ridge,"{""sidewall_angle"": 5.0, ""substrate_height"": 1000.0, ""topclad_height"": 800.0, ""substrate_material"": ""Al2O3"", ""topclad_material"": ""SiO2"", ""core_eq_o"": ""(1+2.8032/(1-0.015287/x**2)+0.36335/(1-0.036095/x**2)-33508000/(1+367200000/x**2))**0.5"", ""core_eq_e"": ""(1+0.017061/(1-0.043855/x**2)+3.1976/(1-0.022642/x**2)-57269000/(1-74226000/x**2))**0.5"", ""core_chi2"": ""AlN"", ""h_core"": 350.0, ""w_core"": 800.0}",screened,4,TE10,A,,TM103,0.3851217076593266,32,222.03124169076696,,1.9854077098908576,1.9854077098908576,,1.5090237621038244e-05,282151691.43274736,0.0010556349820968,,,,,,,,,,,,1.5090237621038244e-05,0.0010556349820968,TM103,,,,TM103
7dda556f8dbe,ridge,"{""sidewall_angle"": 5.0, ""substrate_height"": 1000.0, ""topclad_height"": 800.0, ""substrate_material"": ""Al2O3"", ""topclad_material"": ""SiO2"", ""core_eq_o"": ""(1+2.8032/(1-0.015287/x**2)+0.36335/(1-0.036095/x**2)-33508000/(1+367200000/x**2))**0.5"", ""core_eq_e"": ""(1+0.017061/(1-0.043855/x**2)+3.1976/(1-0.022642/x**2)-57269000/(1-74226000/x**2))**0.5"", ""core_chi2"": ""AlN"", ""h_core"": 350.0, ""w_core"": 800.0}",screened,3,TE00,S,,TM83,0.14291574802971,32,229.2796589319788,,2.0302048542613624,2.0302048542613624,,1.3577894561633886e-05,275025493.5233481,0.0011905129662065,,,,,,,,,,,,1.3577894561633886e-05,0.0011905129662065,TM83,,,,TM83
7dda556f8dbe,ridge,"{""sidewall_angle"": 5.0, ""substrate_height"": 1000.0, ""topclad_height"": 800.0, ""substrate_material"": ""Al2O3"", ""topclad_material"": ""SiO2"", ""core_eq_o"": ""(1+2.8032/(1-0.015287/x**2)+0.36335/(1-0.036095/x**2)-33508000/(1+367200000/x**2))**0.5"", ""core_eq_e"": ""(1+0.017061/(1-0.043855/x**2)+3.1976/(1-0.022642/x**2)-57269000/(1-74226000/x**2))**0.5"", ""core_chi2"": ""AlN"", ""h_core"": 350.0, ""w_core"": 800.0}",screened,3,TE00,S,,TE94,0.983250257542748,3,225.88850621488237,,2.034540231769706,2.034540231769706,,1.281590452374963e-05,298276918.1991999,0.0011794552751861,,,,,,,,,,,,1.281590452374963e-05,0.0011794552751861,TE94,,,,TE94
7dda556f8dbe,ridge,"{""sidewall_angle"": 5.0, ""substrate_height"": 1000.0, ""topclad_height"": 800.0, ""substrate_material"": ""Al2O3"", ""topclad_material"": ""SiO2"", ""core_eq_o"": ""(1+2.8032/(1-0.015287/x**2)+0.36335/(1-0.036095/x**2)-33508000/(1+367200000/x**2))**0.5"", ""core_eq_e"": ""(1+0.017061/(1-0.043855/x**2)+3.1976/(1-0.022642/x**2)-57269000/(1-74226000/x**2))**0.5"", ""core_chi2"": ""AlN"", ""h_core"": 350.0, ""w_core"": 800.0}",screened,4,TE10,A,,TM84,0.3081942723959777,48,234.2536594848897,,1.9638186810799545,1.9638186810799545,,1.139587005001046e-05,346841939.9737357,0.0011255705726923,,,,,,,,,,,,1.139587005001046e-05,0.0011255705726923,TM84,,,,TM84
7dda556f8dbe,ridge,"{""sidewall_angle"": 5.0, ""substrate_height"": 1000.0, ""topclad_height"": 800.0, ""substrate_material"": ""Al2O3"", ""topclad_material"": ""SiO2"", ""core_eq_o"": ""(1+2.8032/(1-0.015287/x**2)+0.36335/(1-0.036095/x**2)-33508000/(1+367200000/x**2))**0.5"", ""core_eq_e"": ""(1+0.017061/(1-0.043855/x**2)+3.1976/(1-0.022642/x**2)-57269000/(1-74226000/x**2))**0.5"", ""core_chi2"": ""AlN"", ""h_core"": 350.0, ""w_core"": 800.0}",screened,0,TM00,A,,TE73,0.8506402456127059,0,222.7579508668188,,2.099658214590124,2.099658214590124,,1.0063926852999508e-05,355366355.1773704,2.37683587756428e-05,,,,,,,,,,,,1.0063926852999508e-05,2.37683587756428e-05,TE73,,,,TE73
7dda556f8dbe,ridge,"{""sidewall_angle"": 5.0, ""substrate_height"": 1000.0, ""topclad_height"": 800.0, ""substrate_material"": ""Al2O3"", ""topclad_material"": ""SiO2"", ""core_eq_o"": ""(1+2.8032/(1-0.015287/x**2)+0.36335/(1-0.036095/x**2)-33508000/(1+367200000/x**2))**0.5"", ""core_eq_e"": ""(1+0.017061/(1-0.043855/x**2)+3.1976/(1-0.022642/x**2)-57269000/(1-74226000/x**2))**0.5"", ""core_chi2"": ""AlN"", ""h_core"": 350.0, ""w_core"": 800.0}",screened,4,TE10,A,,TE15,0.997315891017375,8,216.3185749463169,,1.9959352178993008,1.9959352178993008,,8.741453963609845e-06,505062819.75794935,0.0007181734961022,,,,,,,,,,,,8.741453963609845e-06,0.0007181734961022,TE15,,,,TE15
7dda556f8dbe,ridge,"{""sidewall_angle"": 5.0, ""substrate_height"": 1000.0, ""topclad_height"": 800.0, ""substrate_material"": ""Al2O3"", ""topclad_material"": ""SiO2"", ""core_eq_o"": ""(1+2.8032/(1-0.015287/x**2)+0.36335/(1-0.036095/x**2)-33508000/(1+367200000/x**2))**0.5"", ""core_eq_e"": ""(1+0.017061/(1-0.043855/x**2)+3.1976/(1-0.022642/x**2)-57269000/(1-74226000/x**2))**0.5"", ""core_chi2"": ""AlN"", ""h_core"": 350.0, ""w_core"": 800.0}",screened,3,TE00,S,,TE93,0.6237995821618724,1,226.44949704798543,,2.0338230399346227,2.0338230399346227,,7.227587815420075e-06,526842057.9479959,0.000867919566388,,,,,,,,,,,,7.227587815420075e-06,0.000867919566388,TE93,,,,TE93
7dda556f8dbe,ridge,"{""sidewall_angle"": 5.0, ""substrate_height"": 1000.0, ""topclad_height"": 800.0, ""substrate_material"": ""Al2O3"", ""topclad_material"": ""SiO2"", ""core_eq_o"": ""(1+2.8032/(1-0.015287/x**2)+0.36335/(1-0.036095/x**2)-33508000/(1+367200000/x**2))**0.5"", ""core_eq_e"": ""(1+0.017061/(1-0.043855/x**2)+3.1976/(1-0.022642/x**2)-57269000/(1-74226000/x**2))**0.5"", ""core_chi2"": ""AlN"", ""h_core"": 350.0, ""w_core"": 800.0}",screened,3,TE00,S,,TM64,0.0300906600492601,30,228.32580817072477,,2.0314242930426976,2.0314242930426976,,7.004464655321141e-06,536622828.09367627,0.0008748529702069,,,,,,,,,,,,7.004464655321141e-06,0.0008748529702069,TM64,,,,TM64
7dda556f8dbe,ridge,"{""sidewall_angle"": 5.0, ""substrate_height"": 1000.0, ""topclad_height"": 800.0, ""substrate_material"": ""Al2O3"", ""topclad_material"": ""SiO2"", ""core_eq_o"": ""(1+2.8032/(1-0.015287/x**2)+0.36335/(1-0.036095/x**2)-33508000/(1+367200000/x**2))**0.5"", ""core_eq_e"": ""(1+0.017061/(1-0.043855/x**2)+3.1976/(1-0.022642/x**2)-57269000/(1-74226000/x**2))**0.5"", ""core_chi2"": ""AlN"", ""h_core"": 350.0, ""w_core"": 800.0}",screened,4,TE10,A,,TM64,0.0819219149887068,46,233.28649989328724,,1.9654936925945108,1.9654936925945108,,6.620693509365957e-06,600424441.2226514,0.000878538762765,,,,,,,,,,,,6.620693509365957e-06,0.000878538762765,TM64,,,,TM64
7dda556f8dbe,ridge,"{""sidewall_angle"": 5.0, ""substrate_height"": 1000.0, ""topclad_height"": 800.0, ""substrate_material"": ""Al2O3"", ""topclad_material"": ""SiO2"", ""core_eq_o"": ""(1+2.8032/(1-0.015287/x**2)+0.36335/(1-0.036095/x**2)-33508000/(1+367200000/x**2))**0.5"", ""core_eq_e"": ""(1+0.017061/(1-0.043855/x**2)+3.1976/(1-0.022642/x**2)-57269000/(1-74226000/x**2))**0.5"", ""core_chi2"": ""AlN"", ""h_core"": 350.0, ""w_core"": 800.0}",screened,4,TE10,A,,TE93,0.9389763957331256,42,230.8640294060565,,1.9696891387184143,1.9696891387184143,,5.889392635422135e-06,684825466.5281147,0.0007593950906099,,,,,,,,,,,,5.889392635422135e-06,0.0007593950906099,TE93,,,,TE93
7dda556f8dbe,ridge,"{""sidewall_angle"": 5.0, ""substrate_height"": 1000.0, ""topclad_height"": 800.0, ""substrate_material"": ""Al2O3"", ""topclad_material"": ""SiO2"", ""core_eq_o"": ""(1+2.8032/(1-0.015287/x**2)+0.36335/(1-0.036095/x**2)-33508000/(1+367200000/x**2))**0.5"", ""core_eq_e"": ""(1+0.017061/(1-0.043855/x**2)+3.1976/(1-0.022642/x**2)-57269000/(1-74226000/x**2))**0.5"", ""core_chi2"": ""AlN"", ""h_core"": 350.0, ""w_core"": 800.0}",screened,2,TM20,A,,TE15,0.997315891017375,8,216.92030004446264,,1.983838524081859,1.983838524081859,,5.480165251844867e-06,815911431.3242202,1.6858004916960336e-05,,,,,,,,,,,,5.480165251844867e-06,1.6858004916960336e-05,TE15,,,,TE15
7dda556f8dbe,ridge,"{""sidewall_angle"": 5.0, ""substrate_height"": 1000.0, ""topclad_height"": 800.0, ""substrate_material"": ""Al2O3"", ""topclad_material"": ""SiO2"", ""core_eq_o"": ""(1+2.8032/(1-0.015287/x**2)+0.36335/(1-0.036095/x**2)-33508000/(1+367200000/x**2))**0.5"", ""core_eq_e"": ""(1+0.017061/(1-0.043855/x**2)+3.1976/(1-0.022642/x**2)-57269000/(1-74226000/x**2))**0.5"", ""core_chi2"": ""AlN"", ""h_core"": 350.0, ""w_core"": 800.0}",screened,4,TE10,A,,TM65,0.1540267398115505,1,219.70912453707732,,1.9896280246467124,1.9896280246467124,,5.226353814841439e-06,826695095.4598194,0.0006288268745957,,,,,,,,,,,,5.226353814841439e-06,0.0006288268745957,TM65,,,,TM65
7dda556f8dbe,ridge,"{""sidewall_angle"": 5.0, ""substrate_height"": 1000.0, ""topclad_height"": 800.0, ""substrate_material"": ""Al2O3"", ""topclad_material"": ""SiO2"", ""core_eq_o"": ""(1+2.8032/(1-0.015287/x**2)+0.36335/(1-0.036095/x**2)-33508000/(1+367200000/x**2))**0.5"", ""core_eq_e"": ""(1+0.017061/(1-0.043855/x**2)+3.1976/(1-0.022642/x**2)-57269000/(1-74226000/x**2))**0.5"", ""core_chi2"": ""AlN"", ""h_core"": 350.0, ""w_core"": 800.0}",screened,4,TE10,A,,TE74,0.9477064994350068,4,218.5751790430692,,1.9917374211257084,1.9917374211257084,,4.810890086931756e-06,904550159.4950248,0.0005956789121634,,,,,,,,,,,,4.810890086931756e-06,0.0005956789121634,TE74,,,,TE74
7dda556f8dbe,ridge,"{""sidewall_angle"": 5.0, ""substrate_height"": 1000.0, ""topclad_height"": 800.0, ""substrate_material"": ""Al2O3"", ""topclad_material"": ""SiO2"", ""core_eq_o"": ""(1+2.8032/(1-0.015287/x**2)+0.36335/(1-0.036095/x**2)-33508000/(1+367200000/x**2))**0.5"", ""core_eq_e"": ""(1+0.017061/(1-0.043855/x**2)+3.1976/(1-0.022642/x**2)-57269000/(1-74226000/x**2))**0.5"", ""core_chi2"": ""AlN"", ""h_core"": 350.0, ""w_core"": 800.0}",screened,4,TE10,A,,TM64,0.0782224899326984,37,226.80088731360763,,1.9768446495083525,1.9768446495083525,,4.265972660995269e-06,969015742.9945724,0.0006337522252131,,,,,,,,,,,,4.265972660995269e-06,0.0006337522252131,TM64,,,,TM64
7dda556f8dbe,ridge,"{""sidewall_angle"": 5.0, ""substrate_height"": 1000.0, ""topclad_height"": 800.0, ""substrate_material"": ""Al2O3"", ""topclad_material"": ""SiO2"", ""core_eq_o"": ""(1+2.8032/(1-0.015287/x**2)+0.36335/(1-0.036095/x**2)-33508000/(1+367200000/x**2))**0.5"", ""core_eq_e"": ""(1+0.017061/(1-0.043855/x**2)+3.1976/(1-0.022642/x**2)-57269000/(1-74226000/x**2))**0.5"", ""core_chi2"": ""AlN"", ""h_core"": 350.0, ""w_core"": 800.0}",screened,3,TE00,S,,TM05,0.0064212070888617,13,216.73651493716957,,2.046830383262208,2.046830383262208,,4.262880587297517e-06,956628070.3168664,0.0006895852302578,,,,,,,,,,,,4.262880587297517e-06,0.0006895852302578,TM05,,,,TM05
7dda556f8dbe,ridge,"{""sidewall_angle"": 5.0, ""substrate_height"": 1000.0, ""topclad_height"": 800.0, ""substrate_material"": ""Al2O3"", ""topclad_material"": ""SiO2"", ""core_eq_o"": ""(1+2.8032/(1-0.015287/x**2)+0.36335/(1-0.036095/x**2)-33508000/(1+367200000/x**2))**0.5"", ""core_eq_e"": ""(1+0.017061/(1-0.043855/x**2)+3.1976/(1-0.022642/x**2)-57269000/(1-74226000/x**2))**0.5"", ""core_chi2"": ""AlN"", ""h_core"": 350.0, ""w_core"": 800.0}",screened,0,TM00,A,,TE54,0.9807129425977862,4,221.10556133862096,,2.101874351670676,2.101874351670676,,3.857585233568388e-06,938039029.9022844,1.4819157613923276e-05,,,,,,,,,,,,3.857585233568388e-06,1.4819157613923276e-05,TE54,,,,TE54
7dda556f8dbe,ridge,"{""sidewall_angle"": 5.0, ""substrate_height"": 1000.0, ""topclad_height"": 800.0, ""substrate_material"": ""Al2O3"", ""topclad_material"": ""SiO2"", ""core_eq_o"": ""(1+2.8032/(1-0.015287/x**2)+0.36335/(1-0.036095/x**2)-33508000/(1+367200000/x**2))**0.5"", ""core_eq_e"": ""(1+0.017061/(1-0.043855/x**2)+3.1976/(1-0.022642/x**2)-57269000/(1-74226000/x**2))**0.5"", ""core_chi2"": ""AlN"", ""h_core"": 350.0, ""w_core"": 800.0}",screened,3,TE00,S,,TE94,0.9301682699783564,7,221.40942538761485,,2.0404440497688343,2.0404440497688343,,2.440413465398356e-06,1616316215.1915004,0.0005042322771978,,,,,,,,,,,,2.440413465398356e-06,0.0005042322771978,TE94,,,,TE94
7dda556f8dbe,ridge,"{""sidewall_angle"": 5.0, ""substrate_height"": 1000.0, ""topclad_height"": 800.0, ""substrate_material"": ""Al2O3"", ""topclad_material"": ""SiO2"", ""core_eq_o"": ""(1+2.8032/(1-0.015287/x**2)+0.36335/(1-0.036095/x**2)-33508000/(1+367200000/x**2))**0.5"", ""core_eq_e"": ""(1+0.017061/(1-0.043855/x**2)+3.1976/(1-0.022642/x**2)-57269000/(1-74226000/x**2))**0.5"", ""core_chi2"": ""AlN"", ""h_core"": 350.0, ""w_core"": 800.0}",screened,3,TE00,S,,TE74,0.8070211033333707,11,217.9354310733892,,2.0451717826235503,2.0451717826235503,,2.2519507124196965e-06,1795362224.1659305,0.0004742848611019,,,,,,,,,,,,2.2519507124196965e-06,0.0004742848611019,TE74,,,,TE74
7dda556f8dbe,ridge,"{""sidewall_angle"": 5.0, ""substrate_height"": 1000.0, ""topclad_height"": 800.0, ""substrate_material"": ""Al2O3"", ""topclad_material"": ""SiO2"", ""core_eq_o"": ""(1+2.8032/(1-0.015287/x**2)+0.36335/(1-0.036095/x**2)-33508000/(1+367200000/x**2))**0.5"", ""core_eq_e"": ""(1+0.017061/(1-0.043855/x**2)+3.1976/(1-0.022642/x**2)-57269000/(1-74226000/x**2))**0.5"", ""core_chi2"": ""AlN"", ""h_core"": 350.0, ""w_core"": 800.0}",screened,2,TM20,A,,TE73,0.8969675160429013,41,233.1206081923871,,1.94447627741531,1.94447627741531,,1.958122101965484e-06,2099650319.2629857,1.0452232600273004e-05,,,,,,,,,,,,1.958122101965484e-06,1.0452232600273004e-05,TE73,,,,TE73
7dda556f8dbe,ridge,"{""sidewall_angle"": 5.0, ""substrate_height"": 1000.0, ""topclad_height"": 800.0, ""substrate_material"": ""Al2O3"", ""topclad_material"": ""SiO2"", ""core_eq_o"": ""(1+2.8032/(1-0.015287/x**2)+0.36335/(1-0.036095/x**2)-33508000/(1+367200000/x**2))**0.5"", ""core_eq_e"": ""(1+0.017061/(1-0.043855/x**2)+3.1976/(1-0.022642/x**2)-57269000/(1-74226000/x**2))**0.5"", ""core_chi2"": ""AlN"", ""h_core"": 350.0, ""w_core"": 800.0}",screened,3,TE00,S,,TM123,0.1933248231041291,16,215.46291239518044,,2.048592306323983,2.048592306323983,,1.8701282183685192e-06,2200761485.026348,0.0004295942891066,,,,,,,,,,,,1.8701282183685192e-06,0.0004295942891066,TM123,,,,TM123
7dda556f8dbe,ridge,"{""sidewall_angle"": 5.0, ""substrate_height"": 1000.0, ""topclad_height"": 800.0, ""substrate_material"": ""Al2O3"", ""topclad_material"": ""SiO2"", ""core_eq_o"": ""(1+2.8032/(1-0.015287/x**2)+0.36335/(1-0.036095/x**2)-33508000/(1+367200000/x**2))**0.5"", ""core_eq_e"": ""(1+0.017061/(1-0.043855/x**2)+3.1976/(1-0.022642/x**2)-57269000/(1-74226000/x**2))**0.5"", ""core_chi2"": ""AlN"", ""h_core"": 350.0, ""w_core"": 800.0}",screened,3,TE00,S,,TM103,0.2130013269543891,9,219.1399790483109,,2.043505390805021,2.043505390805021,,1.694497436407097e-06,2365617439.7081065,0.0004109791907456,,,,,,,,,,,,1.694497436407097e-06,0.0004109791907456,TM103,,,,TM103
7dda556f8dbe,ridge,"{""sidewall_angle"": 5.0, ""substrate_height"": 1000.0, ""topclad_height"": 800.0, ""substrate_material"": ""Al2O3"", ""topclad_material"": ""SiO2"", ""core_eq_o"": ""(1+2.8032/(1-0.015287/x**2)+0.36335/(1-0.036095/x**2)-33508000/(1+367200000/x**2))**0.5"", ""core_eq_e"": ""(1+0.017061/(1-0.043855/x**2)+3.1976/(1-0.022642/x**2)-57269000/(1-74226000/x**2))**0.5"", ""core_chi2"": ""AlN"", ""h_core"": 350.0, ""w_core"": 800.0}",screened,3,TE00,S,,TE73,0.9052592472751606,0,227.5002837771481,,2.032479674556617,2.032479674556617,,1.6102127235873186e-06,2347633245.358388,0.000403718044283,,,,,,,,,,,,1.6102127235873186e-06,0.000403718044283,TE73,,,,TE73
7dda556f8dbe,ridge,"{""sidewall_angle"": 5.0, ""substrate_height"": 1000.0, ""topclad_height"": 800.0, ""substrate_material"": ""Al2O3"", ""topclad_material"": ""SiO2"", ""core_eq_o"": ""(1+2.8032/(1-0.015287/x**2)+0.36335/(1-0.036095/x**2)-33508000/(1+367200000/x**2))**0.5"", ""core_eq_e"": ""(1+0.017061/(1-0.043855/x**2)+3.1976/(1-0.022642/x**2)-57269000/(1-74226000/x**2))**0.5"", ""core_chi2"": ""AlN"", ""h_core"": 350.0, ""w_core"": 800.0}",screened,4,TE10,A,,TE94,0.9015540475596135,3,218.70698841090348,,1.9914922257279777,1.9914922257279777,,1.3024692766237963e-06,3338315427.4405622,0.0003054677870217,,,,,,,,,,,,1.3024692766237963e-06,0.0003054677870217,TE94,,,,TE94
7dda556f8dbe,ridge,"{""sidewall_angle"": 5.0, ""substrate_height"": 1000.0, ""topclad_height"": 800.0, ""substrate_material"": ""Al2O3"", ""topclad_material"": ""SiO2"", ""core_eq_o"": ""(1+2.8032/(1-0.015287/x**2)+0.36335/(1-0.036095/x**2)-33508000/(1+367200000/x**2))**0.5"", ""core_eq_e"": ""(1+0.017061/(1-0.043855/x**2)+3.1976/(1-0.022642/x**2)-57269000/(1-74226000/x**2))**0.5"", ""core_chi2"": ""AlN"", ""h_core"": 350.0, ""w_core"": 800.0}",screened,3,TE00,S,,TM64,0.0657739401113225,5,223.032890387836,,2.0382882532527007,2.0382882532527007,,1.1770100108546137e-06,3313151057.5715365,0.0003542677201686,,,,,,,,,,,,1.1770100108546137e-06,0.0003542677201686,TM64,,,,TM64
7dda556f8dbe,ridge,"{""sidewall_angle"": 5.0, ""substrate_height"": 1000.0, ""topclad_height"": 800.0, ""substrate_material"": ""Al2O3"", ""topclad_material"": ""SiO2"", ""core_eq_o"": ""(1+2.8032/(1-0.015287/x**2)+0.36335/(1-0.036095/x**2)-33508000/(1+367200000/x**2))**0.5"", ""core_eq_e"": ""(1+0.017061/(1-0.043855/x**2)+3.1976/(1-0.022642/x**2)-57269000/(1-74226000/x**2))**0.5"", ""core_chi2"": ""AlN"", ""h_core"": 350.0, ""w_core"": 800.0}",screened,3,TE00,S,,TM103,0.127745954950016,8,220.47049453303157,,2.0416908545135786,2.0416908545135786,,1.0363674900237948e-06,3831522147.4014087,0.0003243545521066,,,,,,,,,,,,1.0363674900237948e-06,0.0003243545521066,TM103,,,,TM103
7dda556f8dbe,ridge,"{""sidewall_angle"": 5.0, ""substrate_height"": 1000.0, ""topclad_height"": 800.0, ""substrate_material"": ""Al2O3"", ""topclad_material"": ""SiO2"", ""core_eq_o"": ""(1+2.8032/(1-0.015287/x**2)+0.36335/(1-0.036095/x**2)-33508000/(1+367200000/x**2))**0.5"", ""core_eq_e"": ""(1+0.017061/(1-0.043855/x**2)+3.1976/(1-0.022642/x**2)-57269000/(1-74226000/x**2))**0.5"", ""core_chi2"": ""AlN"", ""h_core"": 350.0, ""w_core"": 800.0}",screened,4,TE10,A,,TE74,0.96234199521495,44,231.35316254975496,,1.9688420151878616,1.9688420151878616,,9.75145369671373e-07,4123852982.158161,0.000317925779258,,,,,,,,,,,,9.75145369671373e-07,0.000317925779258,TE74,,,,TE74
7dda556f8dbe,ridge,"{""sidewall_angle"": 5.0, ""substrate_height"": 1000.0, ""topclad_height"": 800.0, ""substrate_material"": ""Al2O3"", ""topclad_material"": ""SiO2"", ""core_eq_o"": ""(1+2.8032/(1-0.015287/x**2)+0.36335/(1-0.036095/x**2)-33508000/(1+367200000/x**2))**0.5"", ""core_eq_e"": ""(1+0.017061/(1-0.043855/x**2)+3.1976/(1-0.022642/x**2)-57269000/(1-74226000/x**2))**0.5"", ""core_chi2"": ""AlN"", ""h_core"": 350.0, ""w_core"": 800.0}",screened,3,TE00,S,,TE93,0.8634501002615375,14,216.06096496088,,2.0477649504002,2.0477649504002,,9.68693802780906e-07,4230352567.522747,0.0003088916594085,,,,,,,,,,,,9.68693802780906e-07,0.0003088916594085,TE93,,,,TE93
7dda556f8dbe,ridge,"{""sidewall_angle"": 5.0, ""substrate_height"": 1000.0, ""topclad_height"": 800.0, ""substrate_material"": ""Al2O3"", ""topclad_material"": ""SiO2"", ""core_eq_o"": ""(1+2.8032/(1-0.015287/x**2)+0.36335/(1-0.036095/x**2)-33508000/(1+367200000/x**2))**0.5"", ""core_eq_e"": ""(1+0.017061/(1-0.043855/x**2)+3.1976/(1-0.022642/x**2)-57269000/(1-74226000/x**2))**0.5"", ""core_chi2"": ""AlN"", ""h_core"": 350.0, ""w_core"": 800.0}",screened,3,TE00,S,,TM64,0.1796595415980592,12,217.16267890328635,,2.046240820902489,2.046240820902489,,7.355424650201602e-07,5527231561.610853,0.0002732514091505,,,,,,,,,,,,7.355424650201602e-07,0.0002732514091505,TM64,,,,TM64
7dda556f8dbe,ridge,"{""sidewall_angle"": 5.0, ""substrate_height"": 1000.0, ""topclad_height"": 800.0, ""substrate_material"": ""Al2O3"", ""topclad_material"": ""SiO2"", ""core_eq_o"": ""(1+2.8032/(1-0.015287/x**2)+0.36335/(1-0.036095/x**2)-33508000/(1+367200000/x**2))**0.5"", ""core_eq_e"": ""(1+0.017061/(1-0.043855/x**2)+3.1976/(1-0.022642/x**2)-57269000/(1-74226000/x**2))**0.5"", ""core_chi2"": ""AlN"", ""h_core"": 350.0, ""w_core"": 800.0}",screened,2,TM20,A,,TM125,0.0591068525295971,5,218.0844426725994,,1.9809124960464333,1.9809124960464333,,6.915119903565057e-07,6425561177.600902,5.975618707355897e-06,,,,,,,,,,,,6.915119903565057e-07,5.975618707355897e-06,TM125,,,,TM125
7dda556f8dbe,ridge,"{""sidewall_angle"": 5.0, ""substrate_height"": 1000.0, ""topclad_height"": 800.0, ""substrate_material"": ""Al2O3"", ""topclad_material"": ""SiO2"", ""core_eq_o"": ""(1+2.8032/(1-0.015287/x**2)+0.36335/(1-0.036095/x**2)-33508000/(1+367200000/x**2))**0.5"", ""core_eq_e"": ""(1+0.017061/(1-0.043855/x**2)+3.1976/(1-0.022642/x**2)-57269000/(1-74226000/x**2))**0.5"", ""core_chi2"": ""AlN"", ""h_core"": 350.0, ""w_core"": 800.0}",screened,3,TE00,S,,TE74,0.9216879656282594,15,215.82253622390985,,2.0480947967034284,2.0480947967034284,,4.0615246860572594e-07,10107021291.246948,0.0002020613679973,,,,,,,,,,,,4.0615246860572594e-07,0.0002020613679973,TE74,,,,TE74
7dda556f8dbe,ridge,"{""sidewall_angle"": 5.0, ""substrate_height"": 1000.0, ""topclad_height"": 800.0, ""substrate_material"": ""Al2O3"", ""topclad_material"": ""SiO2"", ""core_eq_o"": ""(1+2.8032/(1-0.015287/x**2)+0.36335/(1-0.036095/x**2)-33508000/(1+367200000/x**2))**0.5"", ""core_eq_e"": ""(1+0.017061/(1-0.043855/x**2)+3.1976/(1-0.022642/x**2)-57269000/(1-74226000/x**2))**0.5"", ""core_chi2"": ""AlN"", ""h_core"": 350.0, ""w_core"": 800.0}",screened,3,TE00,S,,TE94,0.91857258594466,2,226.09295274053972,,2.0342788596219625,2.0342788596219625,,2.1400594777836466e-07,17837117422.83011,0.0001496006607029,,,,,,,,,,,,2.1400594777836466e-07,0.0001496006607029,TE94,,,,TE94
7dda556f8dbe,ridge,"{""sidewall_angle"": 5.0, ""substrate_height"": 1000.0, ""topclad_height"": 800.0, ""substrate_material"": ""Al2O3"", ""topclad_material"": ""SiO2"", ""core_eq_o"": ""(1+2.8032/(1-0.015287/x**2)+0.36335/(1-0.036095/x**2)-33508000/(1+367200000/x**2))**0.5"", ""core_eq_e"": ""(1+0.017061/(1-0.043855/x**2)+3.1976/(1-0.022642/x**2)-57269000/(1-74226000/x**2))**0.5"", ""core_chi2"": ""AlN"", ""h_core"": 350.0, ""w_core"": 800.0}",screened,3,TE00,S,,TE94,0.9731361833550172,6,221.46923427317964,,2.040364629647602,2.040364629647602,,1.1663440977493195e-07,33804861509.9048,0.0001101239950457,,,,,,,,,,,,1.1663440977493195e-07,0.0001101239950457,TE94,,,,TE94
7dda556f8dbe,ridge,"{""sidewall_angle"": 5.0, ""substrate_height"": 1000.0, ""topclad_height"": 800.0, ""substrate_material"": ""Al2O3"", ""topclad_material"": ""SiO2"", ""core_eq_o"": ""(1+2.8032/(1-0.015287/x**2)+0.36335/(1-0.036095/x**2)-33508000/(1+367200000/x**2))**0.5"", ""core_eq_e"": ""(1+0.017061/(1-0.043855/x**2)+3.1976/(1-0.022642/x**2)-57269000/(1-74226000/x**2))**0.5"", ""core_chi2"": ""AlN"", ""h_core"": 350.0, ""w_core"": 800.0}",screened,3,TE00,S,,TM104,0.0038088179307812,34,231.7920942845251,,2.027071797978318,2.027071797978318,,2.754334777642253e-08,133270695761.33502,5.647489575007271e-05,,,,,,,,,,,,2.754334777642253e-08,5.647489575007271e-05,TM104,,,,TM104
7dda556f8dbe,ridge,"{""sidewall_angle"": 5.0, ""substrate_height"": 1000.0, ""topclad_height"": 800.0, ""substrate_material"": ""Al2O3"", ""topclad_material"": ""SiO2"", ""core_eq_o"": ""(1+2.8032/(1-0.015287/x**2)+0.36335/(1-0.036095/x**2)-33508000/(1+367200000/x**2))**0.5"", ""core_eq_e"": ""(1+0.017061/(1-0.043855/x**2)+3.1976/(1-0.022642/x**2)-57269000/(1-74226000/x**2))**0.5"", ""core_chi2"": ""AlN"", ""h_core"": 350.0, ""w_core"": 800.0}",screened,3,TE00,S,,TM65,0.0780765575542751,17,215.18051127330415,,2.048982984760073,2.048982984760073,,1.4138760309782354e-08,291691494823.7567,3.8812663555443794e-05,,,,,,,,,,,,1.4138760309782354e-08,3.8812663555443794e-05,TM65,,,,TM65
7dda556f8dbe,ridge,"{""sidewall_angle"": 5.0, ""substrate_height"": 1000.0, ""topclad_height"": 800.0, ""substrate_material"": ""Al2O3"", ""topclad_material"": ""SiO2"", ""core_eq_o"": ""(1+2.8032/(1-0.015287/x**2)+0.36335/(1-0.036095/x**2)-33508000/(1+367200000/x**2))**0.5"", ""core_eq_e"": ""(1+0.017061/(1-0.043855/x**2)+3.1976/(1-0.022642/x**2)-57269000/(1-74226000/x**2))**0.5"", ""core_chi2"": ""AlN"", ""h_core"": 350.0, ""w_core"": 800.0}",screened,3,TE00,S,,TM102,0.4663773401327414,4,225.5378657089016,,2.0349885038146303,2.0349885038146303,,1.0181586134495751e-09,3763706693349.999,1.0190358998623911e-05,,,,,,,,,,,,1.0181586134495751e-09,1.0190358998623911e-05,TM102,,,,TM102
9cc0f83b393e,ridge,"{""sidewall_angle"": 5.0, ""substrate_height"": 1000.0, ""topclad_height"": 800.0, ""substrate_material"": ""Al2O3"", ""topclad_material"": ""SiO2"", ""core_eq_o"": ""(1+2.8032/(1-0.015287/x**2)+0.36335/(1-0.036095/x**2)-33508000/(1+367200000/x**2))**0.5"", ""core_eq_e"": ""(1+0.017061/(1-0.043855/x**2)+3.1976/(1-0.022642/x**2)-57269000/(1-74226000/x**2))**0.5"", ""core_chi2"": ""AlN"", ""h_core"": 400.0, ""w_core"": 300.0}",refined,0,TM00,A,0.0012601521831439,TM40,0.0854131587616866,2,218.99739154128045,218.99901229562724,2.043429094448484,2.043460687980166,-3.159353168191714e-05,5.227652528453794,767.866983772063,0.011281245604835,0.003818348413554,0.0852239020424224,0.0492032031440044,1853.7048714929572,916.7649377367302,84898.84420591209,0.0,0.3009985,0.084555939864258,0.0003737618370022,False,5.074987217241787,0.0111291308453594,TM42,runs\trial_grid\exports\9cc0f83b393e_x00.npz,0.9999970989929278,0.9999994583479476,TM42
9cc0f83b393e,ridge,"{""sidewall_angle"": 5.0, ""substrate_height"": 1000.0, ""topclad_height"": 800.0, ""substrate_material"": ""Al2O3"", ""topclad_material"": ""SiO2"", ""core_eq_o"": ""(1+2.8032/(1-0.015287/x**2)+0.36335/(1-0.036095/x**2)-33508000/(1+367200000/x**2))**0.5"", ""core_eq_e"": ""(1+0.017061/(1-0.043855/x**2)+3.1976/(1-0.022642/x**2)-57269000/(1-74226000/x**2))**0.5"", ""core_chi2"": ""AlN"", ""h_core"": 400.0, ""w_core"": 300.0}",refined,0,TM00,A,0.0012023447780485,TE31,0.9097741605828132,3,215.93475169364388,215.93473145450344,2.049012331272303,2.0490119301985388,4.010737644222218e-07,0.1048269564475059,39066.4846088907,0.0015782416644136,0.0003232834882555,0.0841959628626278,0.080415618681571,1870.6344958094105,907.738023310843,125965.35621527932,0.0,0.2209989,0.0597002392091782,3.736157012340609e-06,False,0.0984633329501936,0.0015276427342177,TE32,runs\trial_grid\exports\9cc0f83b393e_x01.npz,0.9999974820357904,0.9999965682903442,TE32
9cc0f83b393e,ridge,"{""sidewall_angle"": 5.0, ""substrate_height"": 1000.0, ""topclad_height"": 800.0, ""substrate_material"": ""Al2O3"", ""topclad_material"": ""SiO2"", ""core_eq_o"": ""(1+2.8032/(1-0.015287/x**2)+0.36335/(1-0.036095/x**2)-33508000/(1+367200000/x**2))**0.5"", ""core_eq_e"": ""(1+0.017061/(1-0.043855/x**2)+3.1976/(1-0.022642/x**2)-57269000/(1-74226000/x**2))**0.5"", ""core_chi2"": ""AlN"", ""h_core"": 400.0, ""w_core"": 300.0}",refined,0,TM00,A,0.0012732550748105,TM24,0.1257939080337599,1,219.67676723215544,219.67226419994415,2.0422114452039306,2.0421284078535766,8.303735035397608e-05,0.025125106478431,159072.6064208537,0.000777752921728,0.0003579825499646,0.085454203184757,0.0894074113237071,1849.9195749743576,918.7487866243416,31779.24501737787,0.0,0.5809971,0.1890352861174072,8.978290822983303e-06,False,0.026754766426548,0.0008023521599982,TM44,runs\trial_grid\exports\9cc0f83b393e_x02.npz,0.9999996959523852,0.9999743452921724,TM44
9cc0f83b393e,ridge,"{""sidewall_angle"": 5.0, ""substrate_height"": 1000.0, ""topclad_height"": 800.0, ""substrate_material"": ""Al2O3"", ""topclad_material"": ""SiO2"", ""core_eq_o"": ""(1+2.8032/(1-0.015287/x**2)+0.36335/(1-0.036095/x**2)-33508000/(1+367200000/x**2))**0.5"", ""core_eq_e"": ""(1+0.017061/(1-0.043855/x**2)+3.1976/(1-0.022642/x**2)-57269000/(1-74226000/x**2))**0.5"", ""core_chi2"": ""AlN"", ""h_core"": 400.0, ""w_core"": 300.0}",refined,0,TM00,A,0.0013705718889283,TM05,0.1011688680220798,31,224.56428512994256,224.5607938922792,2.0336612895926898,2.033612867352244,4.842224044576682e-05,0.0169176174730752,228933.80385264175,0.000671065652156,0.0015834169064371,0.0871359711881773,0.0982429301657766,1822.2897855558977,932.8218363653616,5803.2918285287,0.0,1.53099235,0.5649352587103975,5.3992888554909264e-05,False,0.0206672385250522,0.0007423966643743,TM25,runs\trial_grid\exports\9cc0f83b393e_x03.npz,0.99999945080436,0.9998765229435984,TM25
9cc0f83b393e,ridge,"{""sidewall_angle"": 5.0, ""substrate_height"": 1000.0, ""topclad_height"": 800.0, ""substrate_material"": ""Al2O3"", ""topclad_material"": ""SiO2"", ""core_eq_o"": ""(1+2.8032/(1-0.015287/x**2)+0.36335/(1-0.036095/x**2)-33508000/(1+367200000/x**2))**0.5"", ""core_eq_e"": ""(1+0.017061/(1-0.043855/x**2)+3.1976/(1-0.022642/x**2)-57269000/(1-74226000/x**2))**0.5"", ""core_chi2"": ""AlN"", ""h_core"": 400.0, ""w_core"": 300.0}",refined,3,TE00,S,0.9963501766773162,TM42,0.3172984808611003,5,218.3096709726069,218.30677096214845,1.9552733155249704,1.9552168285548188,5.648697015181448e-05,0.0148528068464518,310450.002347148,0.0284605429968856,4.747224718929558e-30,0.0951248678767166,0.0854916370319048,3688.305020610766,1247.9119970734464,93633.38544945176,0.0,0.23099885,0.0711566140050935,7.520367799634552e-07,False,0.0142951411604392,0.0280254494325072,TM44,runs\trial_grid\exports\9cc0f83b393e_x04.npz,0.9999847794896618,0.998267996732844,TM44
9cc0f83b393e,ridge,"{""sidewall_angle"": 5.0, ""substrate_height"": 1000.0, ""topclad_height"": 800.0, ""substrate_material"": ""Al2O3"", ""topclad_material"": ""SiO2"", ""core_eq_o"": ""(1+2.8032/(1-0.015287/x**2)+0.36335/(1-0.036095/x**2)-33508000/(1+367200000/x**2))**0.5"", ""core_eq_e"": ""(1+0.017061/(1-0.043855/x**2)+3.1976/(1-0.022642/x**2)-57269000/(1-74226000/x**2))**0.5"", ""core_chi2"": ""AlN"", ""h_core"": 400.0, ""w_core"": 300.0}",refined,0,TM00,A,0.0013369506182946,TE14,0.9112434058008546,30,222.9061428272712,222.90808333511876,2.0365218437087007,2.036548817765952,-2.6974057250939157e-05,0.012237287215702,319855.5027999125,0.0005519984981625,4.922416495184236e-05,0.0865604568936891,0.0788880741285506,1831.751901734458,928.0868368262315,27283.339077662546,0.0,0.6409968,0.2122778892500757,5.514354404961821e-06,False,0.0114922626897462,0.0005363292012792,TE34,runs\trial_grid\exports\9cc0f83b393e_x05.npz,0.9999873355158906,0.9999968383913684,TE34
9cc0f83b393e,ridge,"{""sidewall_angle"": 5.0, ""substrate_height"": 1000.0, ""topclad_height"": 800.0, ""substrate_material"": ""Al2O3"", ""topclad_material"": ""SiO2"", ""core_eq_o"": ""(1+2.8032/(1-0.015287/x**2)+0.36335/(1-0.036095/x**2)-33508000/(1+367200000/x**2))**0.5"", ""core_eq_e"": ""(1+0.017061/(1-0.043855/x**2)+3.1976/(1-0.022642/x**2)-57269000/(1-74226000/x**2))**0.5"", ""core_chi2"": ""AlN"", ""h_core"": 400.0, ""w_core"": 300.0}",screened,3,TE00,S,,TE33,0.643100947181798,7,216.08082008883653,,1.959874943665072,1.959874943665072,,0.0032973123108547,1417354.2790979857,0.0131786565257925,,,,,,,,,,,,0.0032973123108547,0.0131786565257925,TE33,,,,TE33
9cc0f83b393e,ridge,"{""sidewall_angle"": 5.0, ""substrate_height"": 1000.0, ""topclad_height"": 800.0, ""substrate_material"": ""Al2O3"", ""topclad_material"": ""SiO2"", ""core_eq_o"": ""(1+2.8032/(1-0.015287/x**2)+0.36335/(1-0.036095/x**2)-33508000/(1+367200000/x**2))**0.5"", ""core_eq_e"": ""(1+0.017061/(1-0.043855/x**2)+3.1976/(1-0.022642/x**2)-57269000/(1-74226000/x**2))**0.5"", ""core_chi2"": ""AlN"", ""h_core"": 400.0, ""w_core"": 300.0}",screened,3,TE00,S,,TM42,0.1338939520775785,2,224.38347698566452,,1.9430979893769127,1.9430979893769127,,0.0031157797297564,1427326.806918429,0.01349228717555,,,,,,,,,,,,0.0031157797297564,0.01349228717555,TM42,,,,TM42
9cc0f83b393e,ridge,"{""sidewall_angle"": 5.0, ""substrate_height"": 1000.0, ""topclad_height"": 800.0, ""substrate_material"": ""Al2O3"", ""topclad_material"": ""SiO2"", ""core_eq_o"": ""(1+2.8032/(1-0.015287/x**2)+0.36335/(1-0.036095/x**2)-33508000/(1+367200000/x**2))**0.5"", ""core_eq_e"": ""(1+0.017061/(1-0.043855/x**2)+3.1976/(1-0.022642/x**2)-57269000/(1-74226000/x**2))**0.5"", ""core_chi2"": ""AlN"", ""h_core"": 400.0, ""w_core"": 300.0}",screened,3,TE00,S,,TE35,0.7137638578564008,4,218.6709784909484,,1.9545650554414025,1.9545650554414025,,0.0031123797705525,1478191.680382018,0.0131390421355027,,,,,,,,,,,,0.0031123797705525,0.0131390421355027,TE35,,,,TE35
9cc0f83b393e,ridge,"{""sidewall_angle"": 5.0, ""substrate_height"": 1000.0, ""topclad_height"": 800.0, ""substrate_material"": ""Al2O3"", ""topclad_material"": ""SiO2"", ""core_eq_o"": ""(1+2.8032/(1-0.015287/x**2)+0.36335/(1-0.036095/x**2)-33508000/(1+367200000/x**2))**0.5"", ""core_eq_e"": ""(1+0.017061/(1-0.043855/x**2)+3.1976/(1-0.022642/x**2)-57269000/(1-74226000/x**2))**0.5"", ""core_chi2"": ""AlN"", ""h_core"": 400.0, ""w_core"": 300.0}",screened,0,TM00,A,,TE32,0.9558294569044988,0,221.31996181679804,,2.0393331216596864,2.0393331216596864,,0.0023345959923887,1693708.225382504,0.0002422521520636,,,,,,,,,,,,0.0023345959923887,0.0002422521520636,TE32,,,,TE32
9cc0f83b393e,ridge,"{""sidewall_angle"": 5.0, ""substrate_height"": 1000.0, ""topclad_height"": 800.0, ""substrate_material"": ""Al2O3"", ""topclad_material"": ""SiO2"", ""core_eq_o"": ""(1+2.8032/(1-0.015287/x**2)+0.36335/(1-0.036095/x**2)-33508000/(1+367200000/x**2))**0.5"", ""core_eq_e"": ""(1+0.017061/(1-0.043855/x**2)+3.1976/(1-0.022642/x**2)-57269000/(1-74226000/x**2))**0.5"", ""core_chi2"": ""AlN"", ""h_core"": 400.0, ""w_core"": 300.0}",screened,3,TE00,S,,TM44,0.1446091426657697,1,225.17839188105123,,1.9415216222692933,1.9415216222692933,,0.0020893755539076,2118650.860829586,0.0110196576781776,,,,,,,,,,,,0.0020893755539076,0.0110196576781776,TM44,,,,TM44
9cc0f83b393e,ridge,"{""sidewall_angle"": 5.0, ""substrate_height"": 1000.0, ""topclad_height"": 800.0, ""substrate_material"": ""Al2O3"", ""topclad_material"": ""SiO2"", ""core_eq_o"": ""(1+2.8032/(1-0.015287/x**2)+0.36335/(1-0.036095/x**2)-33508000/(1+367200000/x**2))**0.5"", ""core_eq_e"": ""(1+0.017061/(1-0.043855/x**2)+3.1976/(1-0.022642/x**2)-57269000/(1-74226000/x**2))**0.5"", ""core_chi2"": ""AlN"", ""h_core"": 400.0, ""w_core"": 300.0}",screened,3,TE00,S,,TE32,0.8584655620642119,3,221.13743842498025,,1.9495719870888388,1.9495719870888388,,0.0004881189353078,9287268.293956531,0.0052589434370489,,,,,,,,,,,,0.0004881189353078,0.0052589434370489,TE32,,,,TE32
9cc0f83b393e,ridge,"{""sidewall_angle"": 5.0, ""substrate_height"": 1000.0, ""topclad_height"": 800.0, ""substrate_material"": ""Al2O3"", ""topclad_material"": ""SiO2"", ""core_eq_o"": ""(1+2.8032/(1-0.015287/x**2)+0.36335/(1-0.036095/x**2)-33508000/(1+367200000/x**2))**0.5"", ""core_eq_e"": ""(1+0.017061/(1-0.043855/x**2)+3.1976/(1-0.022642/x**2)-57269000/(1-74226000/x**2))**0.5"", ""core_chi2"": ""AlN"", ""h_core"": 400.0, ""w_core"": 300.0}",screened,3,TE00,S,,TM45,0.2905373533908227,8,215.18762089200408,,1.9617060239159108,1.9617060239159108,,0.0003499557261738,13427852.896862935,0.0042296903009397,,,,,,,,,,,,0.0003499557261738,0.0042296903009397,TM45,,,,TM45
9cc0f83b393e,ridge,"{""sidewall_angle"": 5.0, ""substrate_height"": 1000.0, ""topclad_height"": 800.0, ""substrate_material"": ""Al2O3"", ""topclad_material"": ""SiO2"", ""core_eq_o"": ""(1+2.8032/(1-0.015287/x**2)+0.36335/(1-0.036095/x**2)-33508000/(1+367200000/x**2))**0.5"", ""core_eq_e"": ""(1+0.017061/(1-0.043855/x**2)+3.1976/(1-0.022642/x**2)-57269000/(1-74226000/x**2))**0.5"", ""core_chi2"": ""AlN"", ""h_core"": 400.0, ""w_core"": 300.0}",screened,0,TM00,A,,TM23,0.1064805382972039,34,230.65637829766504,,2.0234989054055994,2.0234989054055994,,0.0001621520172148,22982316.95282966,6.609106298797223e-05,,,,,,,,,,,,0.0001621520172148,6.609106298797223e-05,TM23,,,,TM23
9cc0f83b393e,ridge,"{""sidewall_angle"": 5.0, ""substrate_height"": 1000.0, ""topclad_height"": 800.0, ""substrate_material"": ""Al2O3"", ""topclad_material"": ""SiO2"", ""core_eq_o"": ""(1+2.8032/(1-0.015287/x**2)+0.36335/(1-0.036095/x**2)-33508000/(1+367200000/x**2))**0.5"", ""core_eq_e"": ""(1+0.017061/(1-0.043855/x**2)+3.1976/(1-0.022642/x**2)-57269000/(1-74226000/x**2))**0.5"", ""core_chi2"": ""AlN"", ""h_core"": 400.0, ""w_core"": 300.0}",screened,3,TE00,S,,TM26,0.2633660925750682,6,217.52387641803972,,1.956916642812784,1.956916642812784,,0.000130892448078,35392446.58743367,0.0027530346202838,,,,,,,,,,,,0.000130892448078,0.0027530346202838,TM26,,,,TM26
9cc0f83b393e,ridge,"{""sidewall_angle"": 5.0, ""substrate_height"": 1000.0, ""topclad_height"": 800.0, ""substrate_material"": ""Al2O3"", ""topclad_material"": ""SiO2"", ""core_eq_o"": ""(1+2.8032/(1-0.015287/x**2)+0.36335/(1-0.036095/x**2)-33508000/(1+367200000/x**2))**0.5"", ""core_eq_e"": ""(1+0.017061/(1-0.043855/x**2)+3.1976/(1-0.022642/x**2)-57269000/(1-74226000/x**2))**0.5"", ""core_chi2"": ""AlN"", ""h_core"": 400.0, ""w_core"": 300.0}",screened,3,TE00,S,,TE34,0.7799883662461398,30,230.34135900601888,,1.931501820385753,1.931501820385753,,0.000103107145607,41671395.54914431,0.0025429792528431,,,,,,,,,,,,0.000103107145607,0.0025429792528431,TE34,,,,TE34
9cc0f83b393e,ridge,"{""sidewall_angle"": 5.0, ""substrate_height"": 1000.0, ""topclad_height"": 800.0, ""substrate_material"": ""Al2O3"", ""topclad_material"": ""SiO2"", ""core_eq_o"": ""(1+2.8032/(1-0.015287/x**2)+0.36335/(1-0.036095/x**2)-33508000/(1+367200000/x**2))**0.5"", ""core_eq_e"": ""(1+0.017061/(1-0.043855/x**2)+3.1976/(1-0.022642/x**2)-57269000/(1-74226000/x**2))**0.5"", ""core_chi2"": ""AlN"", ""h_core"": 400.0, ""w_core"": 300.0}",screened,3,TE00,S,,TE34,0.9643494280475128,0,228.51903231882912,,1.935028145703983,1.935028145703983,,8.463572633348392e-05,51297439.35144997,0.0023039519954858,,,,,,,,,,,,8.463572633348392e-05,0.0023039519954858,TE34,,,,TE34
9cc0f83b393e,ridge,"{""sidewall_angle"": 5.0, ""substrate_height"": 1000.0, ""topclad_height"": 800.0, ""substrate_material"": ""Al2O3"", ""topclad_material"": ""SiO2"", ""core_eq_o"": ""(1+2.8032/(1-0.015287/x**2)+0.36335/(1-0.036095/x**2)-33508000/(1+367200000/x**2))**0.5"", ""core_eq_e"": ""(1+0.017061/(1-0.043855/x**2)+3.1976/(1-0.022642/x**2)-57269000/(1-74226000/x**2))**0.5"", ""core_chi2"": ""AlN"", ""h_core"": 400.0, ""w_core"": 300.0}",screened,3,TE00,S,,TM25,0.2649572082591098,31,232.20283047297391,,1.9279701234394824,1.9279701234394824,,1.721062902788441e-05,247015020.69305265,0.0010918821513211,,,,,,,,,,,,1.721062902788441e-05,0.0010918821513211,TM25,,,,TM25
9b37ff52622b,ridge,"{""sidewall_angle"": 5.0, ""substrate_height"": 1000.0, ""topclad_height"": 800.0, ""substrate_material"": ""Al2O3"", ""topclad_material"": ""SiO2"", ""core_eq_o"": ""(1+2.8032/(1-0.015287/x**2)+0.36335/(1-0.036095/x**2)-33508000/(1+367200000/x**2))**0.5"", ""core_eq_e"": ""(1+0.017061/(1-0.043855/x**2)+3.1976/(1-0.022642/x**2)-57269000/(1-74226000/x**2))**0.5"", ""core_chi2"": ""AlN"", ""h_core"": 400.0, ""w_core"": 400.0}",refined,2,TM10,S,0.0375751003399314,TM62,0.2163154762288932,2,221.0252526857005,221.02745849813536,1.9063247569645971,1.906363382143237,-3.862517863972848e-05,11.795001686766504,411.5046640513277,0.0190238995051783,3.796505252720895e-26,0.1203983304436992,0.0849543421480516,3941.559663795541,1080.666539231352,102404.02240383008,0.0,0.2209989,0.0658886531971529,0.0005120581326727,False,12.2570649286742,0.0193266154042242,TM64,runs\trial_grid\exports\9b37ff52622b_x00.npz,0.9999885737144796,0.9997990235334308,TM64
9b37ff52622b,ridge,"{""sidewall_angle"": 5.0, ""substrate_height"": 1000.0, ""topclad_height"": 800.0, ""substrate_material"": ""Al2O3"", ""topclad_material"": ""SiO2"", ""core_eq_o"": ""(1+2.8032/(1-0.015287/x**2)+0.36335/(1-0.036095/x**2)-33508000/(1+367200000/x**2))**0.5"", ""core_eq_e"": ""(1+0.017061/(1-0.043855/x**2)+3.1976/(1-0.022642/x**2)-57269000/(1-74226000/x**2))**0.5"", ""core_chi2"": ""AlN"", ""h_core"": 400.0, ""w_core"": 400.0}",refined,1,TM01,A,0.0062805043745446,TM06,0.0199827887637457,1,220.85957697253852,220.85724197035145,1.9081408240772255,1.908105725714022,3.50983632035895e-05,9.972283287207752,486.0776624960925,0.023599321211857,0.0150422043675718,0.1518525566131069,0.132199589520483,1017.1274020553408,2265.356513147804,6472.811971344697,0.0,1.33099335,0.4901731731028294,0.0239603790893097,False,9.8255771568977,0.0233039434282951,TM66,runs\trial_grid\exports\9b37ff52622b_x01.npz,0.9999875168630769,0.9952950006223812,TM66
9b37ff52622b,ridge,"{""sidewall_angle"": 5.0, ""substrate_height"": 1000.0, ""topclad_height"": 800.0, ""substrate_material"": ""Al2O3"", ""topclad_material"": ""SiO2"", ""core_eq_o"": ""(1+2.8032/(1-0.015287/x**2)+0.36335/(1-0.036095/x**2)-33508000/(1+367200000/x**2))**0.5"", ""core_eq_e"": ""(1+0.017061/(1-0.043855/x**2)+3.1976/(1-0.022642/x**2)-57269000/(1-74226000/x**2))**0.5"", ""core_chi2"": ""AlN"", ""h_core"": 400.0, ""w_core"": 400.0}",refined,2,TM10,S,0.0329450232340158,TM61,0.3315148349776096,5,216.53162005075123,216.511400910226,1.9190153140745976,1.918542851339412,0.0004724627351859,3.2721321412475555,1515.493768979313,0.0096283681520767,1.4001435731697459e-26,0.1173524434549366,0.1003657434889763,3988.3094968692217,1061.290362289893,119753.19538965102,0.0,0.19099905,0.0577465210038969,0.0001091145041753,False,2.967769057284948,0.0091711824747985,TM64,runs\trial_grid\exports\9b37ff52622b_x02.npz,0.9999756222924978,0.9790317103568528,TM64
9b37ff52622b,ridge,"{""sidewall_angle"": 5.0, ""substrate_height"": 1000.0, ""topclad_height"": 800.0, ""substrate_material"": ""Al2O3"", ""topclad_material"": ""SiO2"", ""core_eq_o"": ""(1+2.8032/(1-0.015287/x**2)+0.36335/(1-0.036095/x**2)-33508000/(1+367200000/x**2))**0.5"", ""core_eq_e"": ""(1+0.017061/(1-0.043855/x**2)+3.1976/(1-0.022642/x**2)-57269000/(1-74226000/x**2))**0.5"", ""core_chi2"": ""AlN"", ""h_core"": 400.0, ""w_core"": 400.0}",refined,1,TM01,A,0.0062932427457146,TM62?,0.2277663056861224,2,220.94741242965972,220.9485022154749,1.9079004876423804,1.9079196344141252,-1.9146771744971147e-05,1.444941358000802,3353.176757960764,0.0081688106018405,0.0019004235593601,0.1519465974592515,0.0826761403716746,1016.9190774763322,2265.470214299704,105777.06379821358,0.0,0.2409988,0.0683178655812881,6.744019243100827e-05,False,1.8360817772677631,0.0091854294630083,TM64,runs\trial_grid\exports\9b37ff52622b_x03.npz,0.999984819494922,0.9993990570518314,TM64
9b37ff52622b,ridge,"{""sidewall_angle"": 5.0, ""substrate_height"": 1000.0, ""topclad_height"": 800.0, ""substrate_material"": ""Al2O3"", ""topclad_material"": ""SiO2"", ""core_eq_o"": ""(1+2.8032/(1-0.015287/x**2)+0.36335/(1-0.036095/x**2)-33508000/(1+367200000/x**2))**0.5"", ""core_eq_e"": ""(1+0.017061/(1-0.043855/x**2)+3.1976/(1-0.022642/x**2)-57269000/(1-74226000/x**2))**0.5"", ""core_chi2"": ""AlN"", ""h_core"": 400.0, ""w_core"": 400.0}",refined,2,TM10,S,0.0381056365019715,TE50?,0.734472384403398,0,221.5128293241109,221.507804632363,1.904966530739621,1.9048884625529745,7.806818664657378e-05,1.5208812495792567,3184.3346239234047,0.0068525949265222,5.515365431863309e-28,0.1207404666627088,0.0921699401428612,3936.251977802626,1082.7514712627003,126412.1738843524,0.0,0.19099905,0.0552227211591073,4.638001790682553e-05,False,1.1724851936889864,0.0060049206438869,TE53,runs\trial_grid\exports\9b37ff52622b_x04.npz,0.9999750653829944,0.9974567126139364,TE53
9b37ff52622b,ridge,"{""sidewall_angle"": 5.0, ""substrate_height"": 1000.0, ""topclad_height"": 800.0, ""substrate_material"": ""Al2O3"", ""topclad_material"": ""SiO2"", ""core_eq_o"": ""(1+2.8032/(1-0.015287/x**2)+0.36335/(1-0.036095/x**2)-33508000/(1+367200000/x**2))**0.5"", ""core_eq_e"": ""(1+0.017061/(1-0.043855/x**2)+3.1976/(1-0.022642/x**2)-57269000/(1-74226000/x**2))**0.5"", ""core_chi2"": ""AlN"", ""h_core"": 400.0, ""w_core"": 400.0}",refined,1,TM01,A,0.0068175966008609,TM25,0.1178949051378955,31,224.4635987614207,224.4581065411919,1.8983873516821423,1.8983095796346416,7.77720475004795e-05,0.682624841392007,6981.446104097204,0.0059659609809183,0.0042579367858312,0.1557978611262558,0.1359528446433941,1008.170220469054,2268.6974428032745,17195.83307002363,0.0,0.7909960500000001,0.2788649293444766,0.0005308476369033,False,0.582955955477065,0.0055057080080941,TM45,runs\trial_grid\exports\9b37ff52622b_x05.npz,0.9999948038085212,0.9996145609383832,TM45
9b37ff52622b,ridge,"{""sidewall_angle"": 5.0, ""substrate_height"": 1000.0, ""topclad_height"": 800.0, ""substrate_material"": ""Al2O3"", ""topclad_material"": ""SiO2"", ""core_eq_o"": ""(1+2.8032/(1-0.015287/x**2)+0.36335/(1-0.036095/x**2)-33508000/(1+367200000/x**2))**0.5"", ""core_eq_e"": ""(1+0.017061/(1-0.043855/x**2)+3.1976/(1-0.022642/x**2)-57269000/(1-74226000/x**2))**0.5"", ""core_chi2"": ""AlN"", ""h_core"": 400.0, ""w_core"": 400.0}",refined,0,TM00,A,0.0011418956634254,TM41,0.2400598228866814,36,232.24587837048375,232.24885438785765,2.059409932853481,2.0594424146022683,-3.248174878711652e-05,0.4922592684323773,7083.2216550389285,0.0041608535387421,0.0005399384017946,0.1112276363367855,0.0976386069400925,830.4896328857421,889.5878545266183,38618.56773101017,0.0,0.600997,0.1775455340252919,0.0001551720176049,False,0.4967003414707321,0.0041710710126536,TM41,runs\trial_grid\exports\9b37ff52622b_x06.npz,0.9999893819022788,0.9996871638105476,TM41
9b37ff52622b,ridge,"{""sidewall_angle"": 5.0, ""substrate_height"": 1000.0, ""topclad_height"": 800.0, ""substrate_material"": ""Al2O3"", ""topclad_material"": ""SiO2"", ""core_eq_o"": ""(1+2.8032/(1-0.015287/x**2)+0.36335/(1-0.036095/x**2)-33508000/(1+367200000/x**2))**0.5"", ""core_eq_e"": ""(1+0.017061/(1-0.043855/x**2)+3.1976/(1-0.022642/x**2)-57269000/(1-74226000/x**2))**0.5"", ""core_chi2"": ""AlN"", ""h_core"": 400.0, ""w_core"": 400.0}",refined,0,TM00,A,0.0011561097732585,TE31,0.7786685899517896,37,233.09192421116663,233.09425106850705,2.058228707730018,2.058250584594815,-2.1876864797043535e-05,0.3534446725132462,9810.578563112153,0.0035417466243278,1.059987981686804e-06,0.1115437678199231,0.1095619430727692,828.7361355537741,891.9153108226137,38700.77523712839,0.0,0.600997,0.1772185042137022,0.0001110042413925,False,0.3531574328677628,0.0035483810508044,TE31,runs\trial_grid\exports\9b37ff52622b_x07.npz,0.9999923356384016,0.999967152641702,TE31
9b37ff52622b,ridge,"{""sidewall_angle"": 5.0, ""substrate_height"": 1000.0, ""topclad_height"": 800.0, ""substrate_material"": ""Al2O3"", ""topclad_material"": ""SiO2"", ""core_eq_o"": ""(1+2.8032/(1-0.015287/x**2)+0.36335/(1-0.036095/x**2)-33508000/(1+367200000/x**2))**0.5"", ""core_eq_e"": ""(1+0.017061/(1-0.043855/x**2)+3.1976/(1-0.022642/x**2)-57269000/(1-74226000/x**2))**0.5"", ""core_chi2"": ""AlN"", ""h_core"": 400.0, ""w_core"": 400.0}",screened,2,TM10,S,,TM45,0.1191733042549311,31,224.57490503297373,,1.896530028850247,1.896530028850247,,0.2455876183317184,19442.31327735284,0.0029064644920643,,,,,,,,,,,,0.2455876183317184,0.0029064644920643,TM45,,,,TM45
9b37ff52622b,ridge,"{""sidewall_angle"": 5.0, ""substrate_height"": 1000.0, ""topclad_height"": 800.0, ""substrate_material"": ""Al2O3"", ""topclad_material"": ""SiO2"", ""core_eq_o"": ""(1+2.8032/(1-0.015287/x**2)+0.36335/(1-0.036095/x**2)-33508000/(1+367200000/x**2))**0.5"", ""core_eq_e"": ""(1+0.017061/(1-0.043855/x**2)+3.1976/(1-0.022642/x**2)-57269000/(1-74226000/x**2))**0.5"", ""core_chi2"": ""AlN"", ""h_core"": 400.0, ""w_core"": 400.0}",screened,1,TM01,A,,TE53,0.7854480624222622,0,221.4233014820805,,1.9066441779675312,1.9066441779675312,,0.2164791079208934,22329.77956070738,0.0031600595654808,,,,,,,,,,,,0.2164791079208934,0.0031600595654808,TE53,,,,TE53
9b37ff52622b,ridge,"{""sidewall_angle"": 5.0, ""substrate_height"": 1000.0, ""topclad_height"": 800.0, ""substrate_material"": ""Al2O3"", ""topclad_material"": ""SiO2"", ""core_eq_o"": ""(1+2.8032/(1-0.015287/x**2)+0.36335/(1-0.036095/x**2)-33508000/(1+367200000/x**2))**0.5"", ""core_eq_e"": ""(1+0.017061/(1-0.043855/x**2)+3.1976/(1-0.022642/x**2)-57269000/(1-74226000/x**2))**0.5"", ""core_chi2"": ""AlN"", ""h_core"": 400.0, ""w_core"": 400.0}",screened,2,TM10,S,,TM64,0.1771438585349263,4,218.1899047677772,,1.9143412698745528,1.9143412698745528,,0.2132695798725268,23062.14609439676,0.0024692074529493,,,,,,,,,,,,0.2132695798725268,0.0024692074529493,TM64,,,,TM64
9b37ff52622b,ridge,"{""sidewall_angle"": 5.0, ""substrate_height"": 1000.0, ""topclad_height"": 800.0, ""substrate_material"": ""Al2O3"", ""topclad_material"": ""SiO2"", ""core_eq_o"": ""(1+2.8032/(1-0.015287/x**2)+0.36335/(1-0.036095/x**2)-33508000/(1+367200000/x**2))**0.5"", ""core_eq_e"": ""(1+0.017061/(1-0.043855/x**2)+3.1976/(1-0.022642/x**2)-57269000/(1-74226000/x**2))**0.5"", ""core_chi2"": ""AlN"", ""h_core"": 400.0, ""w_core"": 400.0}",screened,1,TM01,A,,TM64,0.1771438585349263,4,218.1317052899887,,1.9157251338323988,1.9157251338323988,,0.1858031109154664,26428.09519636957,0.0028303987649595,,,,,,,,,,,,0.1858031109154664,0.0028303987649595,TM64,,,,TM64
9b37ff52622b,ridge,"{""sidewall_angle"": 5.0, ""substrate_height"": 1000.0, ""topclad_height"": 800.0, ""substrate_material"": ""Al2O3"", ""topclad_material"": ""SiO2"", ""core_eq_o"": ""(1+2.8032/(1-0.015287/x**2)+0.36335/(1-0.036095/x**2)-33508000/(1+367200000/x**2))**0.5"", ""core_eq_e"": ""(1+0.017061/(1-0.043855/x**2)+3.1976/(1-0.022642/x**2)-57269000/(1-74226000/x**2))**0.5"", ""core_chi2"": ""AlN"", ""h_core"": 400.0, ""w_core"": 400.0}",screened,2,TM10,S,,TE54,0.8973612672220843,3,219.7077500300504,,1.9100239448637804,1.9100239448637804,,0.1531746529356974,31883.201990460577,0.0021095799400975,,,,,,,,,,,,0.1531746529356974,0.0021095799400975,TE54,,,,TE54
9b37ff52622b,ridge,"{""sidewall_angle"": 5.0, ""substrate_height"": 1000.0, ""topclad_height"": 800.0, ""substrate_material"": ""Al2O3"", ""topclad_material"": ""SiO2"", ""core_eq_o"": ""(1+2.8032/(1-0.015287/x**2)+0.36335/(1-0.036095/x**2)-33508000/(1+367200000/x**2))**0.5"", ""core_eq_e"": ""(1+0.017061/(1-0.043855/x**2)+3.1976/(1-0.022642/x**2)-57269000/(1-74226000/x**2))**0.5"", ""core_chi2"": ""AlN"", ""h_core"": 400.0, ""w_core"": 400.0}",screened,2,TM10,S,,TE34,0.915666657951353,35,230.7252543070527,,1.8799570188079608,1.8799570188079608,,0.1180982471574008,39325.88864879627,0.0020042849289017,,,,,,,,,,,,0.1180982471574008,0.0020042849289017,TE34,,,,TE34
9b37ff52622b,ridge,"{""sidewall_angle"": 5.0, ""substrate_height"": 1000.0, ""topclad_height"": 800.0, ""substrate_material"": ""Al2O3"", ""topclad_material"": ""SiO2"", ""core_eq_o"": ""(1+2.8032/(1-0.015287/x**2)+0.36335/(1-0.036095/x**2)-33508000/(1+367200000/x**2))**0.5"", ""core_eq_e"": ""(1+0.017061/(1-0.043855/x**2)+3.1976/(1-0.022642/x**2)-57269000/(1-74226000/x**2))**0.5"", ""core_chi2"": ""AlN"", ""h_core"": 400.0, ""w_core"": 400.0}",screened,1,TM01,A,,TE35,0.956447632642632,33,226.8338119130297,,1.892139633145784,1.892139633145784,,0.1043965832570044,45143.43573818041,0.0023446157895797,,,,,,,,,,,,0.1043965832570044,0.0023446157895797,TE35,,,,TE35
9b37ff52622b,ridge,"{""sidewall_angle"": 5.0, ""substrate_height"": 1000.0, ""topclad_height"": 800.0, ""substrate_material"": ""Al2O3"", ""topclad_material"": ""SiO2"", ""core_eq_o"": ""(1+2.8032/(1-0.015287/x**2)+0.36335/(1-0.036095/x**2)-33508000/(1+367200000/x**2))**0.5"", ""core_eq_e"": ""(1+0.017061/(1-0.043855/x**2)+3.1976/(1-0.022642/x**2)-57269000/(1-74226000/x**2))**0.5"", ""core_chi2"": ""AlN"", ""h_core"": 400.0, ""w_core"": 400.0}",screened,2,TM10,S,,TM66,0.0264969597708247,1,220.95026679753803,,1.9065624805102823,1.9065624805102823,,0.0743720044041937,65283.63837740281,0.0016511614801228,,,,,,,,,,,,0.0743720044041937,0.0016511614801228,TM66,,,,TM66
9b37ff52622b,ridge,"{""sidewall_angle"": 5.0, ""substrate_height"": 1000.0, ""topclad_height"": 800.0, ""substrate_material"": ""Al2O3"", ""topclad_material"": ""SiO2"", ""core_eq_o"": ""(1+2.8032/(1-0.015287/x**2)+0.36335/(1-0.036095/x**2)-33508000/(1+367200000/x**2))**0.5"", ""core_eq_e"": ""(1+0.017061/(1-0.043855/x**2)+3.1976/(1-0.022642/x**2)-57269000/(1-74226000/x**2))**0.5"", ""core_chi2"": ""AlN"", ""h_core"": 400.0, ""w_core"": 400.0}",screened,0,TM00,A,,TM44,0.4993524351125434,33,225.52856991595627,,2.0691217895889045,2.0691217895889045,,0.0439445798263555,82963.94846097124,0.0012019275126323,,,,,,,,,,,,0.0439445798263555,0.0012019275126323,TM44,,,,TM44
9b37ff52622b,ridge,"{""sidewall_angle"": 5.0, ""substrate_height"": 1000.0, ""topclad_height"": 800.0, ""substrate_material"": ""Al2O3"", ""topclad_material"": ""SiO2"", ""core_eq_o"": ""(1+2.8032/(1-0.015287/x**2)+0.36335/(1-0.036095/x**2)-33508000/(1+367200000/x**2))**0.5"", ""core_eq_e"": ""(1+0.017061/(1-0.043855/x**2)+3.1976/(1-0.022642/x**2)-57269000/(1-74226000/x**2))**0.5"", ""core_chi2"": ""AlN"", ""h_core"": 400.0, ""w_core"": 400.0}",screened,1,TM01,A,,TE54,0.8973612672220843,3,219.6329338308213,,1.9115266232689752,1.9115266232689752,,0.039020360493823,124947.84426056096,0.0013075073256073,,,,,,,,,,,,0.039020360493823,0.0013075073256073,TE54,,,,TE54
9b37ff52622b,ridge,"{""sidewall_angle"": 5.0, ""substrate_height"": 1000.0, ""topclad_height"": 800.0, ""substrate_material"": ""Al2O3"", ""topclad_material"": ""SiO2"", ""core_eq_o"": ""(1+2.8032/(1-0.015287/x**2)+0.36335/(1-0.036095/x**2)-33508000/(1+367200000/x**2))**0.5"", ""core_eq_e"": ""(1+0.017061/(1-0.043855/x**2)+3.1976/(1-0.022642/x**2)-57269000/(1-74226000/x**2))**0.5"", ""core_chi2"": ""AlN"", ""h_core"": 400.0, ""w_core"": 400.0}",screened,1,TM01,A,,TM54,0.3629028780718647,6,216.1679761531524,,1.9212171274232868,1.9212171274232868,,0.0339295678663958,146105.18671112266,0.0011981037594515,,,,,,,,,,,,0.0339295678663958,0.0011981037594515,TM54,,,,TM54
9b37ff52622b,ridge,"{""sidewall_angle"": 5.0, ""substrate_height"": 1000.0, ""topclad_height"": 800.0, ""substrate_material"": ""Al2O3"", ""topclad_material"": ""SiO2"", ""core_eq_o"": ""(1+2.8032/(1-0.015287/x**2)+0.36335/(1-0.036095/x**2)-33508000/(1+367200000/x**2))**0.5"", ""core_eq_e"": ""(1+0.017061/(1-0.043855/x**2)+3.1976/(1-0.022642/x**2)-57269000/(1-74226000/x**2))**0.5"", ""core_chi2"": ""AlN"", ""h_core"": 400.0, ""w_core"": 400.0}",screened,0,TM00,A,,TM42,0.2817655131942173,31,224.74953250603696,,2.070277611842881,2.070277611842881,,0.0276679616253814,132463.2811419413,0.0009477029417408,,,,,,,,,,,,0.0276679616253814,0.0009477029417408,TM42,,,,TM42
9b37ff52622b,ridge,"{""sidewall_angle"": 5.0, ""substrate_height"": 1000.0, ""topclad_height"": 800.0, ""substrate_material"": ""Al2O3"", ""topclad_material"": ""SiO2"", ""core_eq_o"": ""(1+2.8032/(1-0.015287/x**2)+0.36335/(1-0.036095/x**2)-33508000/(1+367200000/x**2))**0.5"", ""core_eq_e"": ""(1+0.017061/(1-0.043855/x**2)+3.1976/(1-0.022642/x**2)-57269000/(1-74226000/x**2))**0.5"", ""core_chi2"": ""AlN"", ""h_core"": 400.0, ""w_core"": 400.0}",screened,2,TM10,S,,TM54,0.3629028780718647,6,216.21969136100392,,1.919945300686548,1.919945300686548,,0.0154178569472015,322014.15202946425,0.0006651821489346,,,,,,,,,,,,0.0154178569472015,0.0006651821489346,TM54,,,,TM54
9b37ff52622b,ridge,"{""sidewall_angle"": 5.0, ""substrate_height"": 1000.0, ""topclad_height"": 800.0, ""substrate_material"": ""Al2O3"", ""topclad_material"": ""SiO2"", ""core_eq_o"": ""(1+2.8032/(1-0.015287/x**2)+0.36335/(1-0.036095/x**2)-33508000/(1+367200000/x**2))**0.5"", ""core_eq_e"": ""(1+0.017061/(1-0.043855/x**2)+3.1976/(1-0.022642/x**2)-57269000/(1-74226000/x**2))**0.5"", ""core_chi2"": ""AlN"", ""h_core"": 400.0, ""w_core"": 400.0}",screened,1,TM01,A,,TE34,0.915666657951353,35,230.5404916905972,,1.8824508943829068,1.8824508943829068,,0.0092360192036493,501655.7548114621,0.0007052120470232,,,,,,,,,,,,0.0092360192036493,0.0007052120470232,TE34,,,,TE34
9b37ff52622b,ridge,"{""sidewall_angle"": 5.0, ""substrate_height"": 1000.0, ""topclad_height"": 800.0, ""substrate_material"": ""Al2O3"", ""topclad_material"": ""SiO2"", ""core_eq_o"": ""(1+2.8032/(1-0.015287/x**2)+0.36335/(1-0.036095/x**2)-33508000/(1+367200000/x**2))**0.5"", ""core_eq_e"": ""(1+0.017061/(1-0.043855/x**2)+3.1976/(1-0.022642/x**2)-57269000/(1-74226000/x**2))**0.5"", ""core_chi2"": ""AlN"", ""h_core"": 400.0, ""w_core"": 400.0}",screened,0,TM00,A,,TE34,0.9274597560659372,34,226.0625474615714,,2.068341497716113,2.068341497716113,,0.008699757199295,417565.7998841729,0.0005382691184019,,,,,,,,,,,,0.008699757199295,0.0005382691184019,TE34,,,,TE34
9b37ff52622b,ridge,"{""sidewall_angle"": 5.0, ""substrate_height"": 1000.0, ""topclad_height"": 800.0, ""substrate_material"": ""Al2O3"", ""topclad_material"": ""SiO2"", ""core_eq_o"": ""(1+2.8032/(1-0.015287/x**2)+0.36335/(1-0.036095/x**2)-33508000/(1+367200000/x**2))**0.5"", ""core_eq_e"": ""(1+0.017061/(1-0.043855/x**2)+3.1976/(1-0.022642/x**2)-57269000/(1-74226000/x**2))**0.5"", ""core_chi2"": ""AlN"", ""h_core"": 400.0, ""w_core"": 400.0}",screened,1,TM01,A,,TM43,0.1669283537848229,36,227.8386297474253,,1.88950135266444,1.88950135266444,,0.0075756138994524,619215.5447538518,0.0006245346520399,,,,,,,,,,,,0.0075756138994524,0.0006245346520399,TM43,,,,TM43
9b37ff52622b,ridge,"{""sidewall_angle"": 5.0, ""substrate_height"": 1000.0, ""topclad_height"": 800.0, ""substrate_material"": ""Al2O3"", ""topclad_material"": ""SiO2"", ""core_eq_o"": ""(1+2.8032/(1-0.015287/x**2)+0.36335/(1-0.036095/x**2)-33508000/(1+367200000/x**2))**0.5"", ""core_eq_e"": ""(1+0.017061/(1-0.043855/x**2)+3.1976/(1-0.022642/x**2)-57269000/(1-74226000/x**2))**0.5"", ""core_chi2"": ""AlN"", ""h_core"": 400.0, ""w_core"": 400.0}",screened,0,TM00,A,,TM35,0.2983371963222794,3,215.40173925958308,,2.084943911797038,2.084943911797038,,0.0064554338601723,605130.5070970035,0.000439469689094,,,,,,,,,,,,0.0064554338601723,0.000439469689094,TM35,,,,TM35
9b37ff52622b,ridge,"{""sidewall_angle"": 5.0, ""substrate_height"": 1000.0, ""topclad_height"": 800.0, ""substrate_material"": ""Al2O3"", ""topclad_material"": ""SiO2"", ""core_eq_o"": ""(1+2.8032/(1-0.015287/x**2)+0.36335/(1-0.036095/x**2)-33508000/(1+367200000/x**2))**0.5"", ""core_eq_e"": ""(1+0.017061/(1-0.043855/x**2)+3.1976/(1-0.022642/x**2)-57269000/(1-74226000/x**2))**0.5"", ""core_chi2"": ""AlN"", ""h_core"": 400.0, ""w_core"": 400.0}",screened,2,TM10,S,,TE35,0.956447632642632,33,226.98407519706856,,1.8900014033649812,1.8900014033649812,,0.0063853703591449,739592.9699157544,0.0004667043520246,,,,,,,,,,,,0.0063853703591449,0.0004667043520246,TE35,,,,TE35
9b37ff52622b,ridge,"{""sidewall_angle"": 5.0, ""substrate_height"": 1000.0, ""topclad_height"": 800.0, ""substrate_material"": ""Al2O3"", ""topclad_material"": ""SiO2"", ""core_eq_o"": ""(1+2.8032/(1-0.015287/x**2)+0.36335/(1-0.036095/x**2)-33508000/(1+367200000/x**2))**0.5"", ""core_eq_e"": ""(1+0.017061/(1-0.043855/x**2)+3.1976/(1-0.022642/x**2)-57269000/(1-74226000/x**2))**0.5"", ""core_chi2"": ""AlN"", ""h_core"": 400.0, ""w_core"": 400.0}",screened,0,TM00,A,,TE35,0.8263615369597486,2,215.64480837639945,,2.084552982996342,2.084552982996342,,0.0043534455043799,895789.7391913794,0.0003614473975158,,,,,,,,,,,,0.0043534455043799,0.0003614473975158,TE35,,,,TE35
9b37ff52622b,ridge,"{""sidewall_angle"": 5.0, ""substrate_height"": 1000.0, ""topclad_height"": 800.0, ""substrate_material"": ""Al2O3"", ""topclad_material"": ""SiO2"", ""core_eq_o"": ""(1+2.8032/(1-0.015287/x**2)+0.36335/(1-0.036095/x**2)-33508000/(1+367200000/x**2))**0.5"", ""core_eq_e"": ""(1+0.017061/(1-0.043855/x**2)+3.1976/(1-0.022642/x**2)-57269000/(1-74226000/x**2))**0.5"", ""core_chi2"": ""AlN"", ""h_core"": 400.0, ""w_core"": 400.0}",screened,0,TM00,A,,TM34,0.4537140881160758,30,225.32723353101244,,2.0694159988607344,2.0694159988607344,,0.0039340918678933,927984.560331244,0.0003589926519687,,,,,,,,,,,,0.0039340918678933,0.0003589926519687,TM34,,,,TM34
9b37ff52622b,ridge,"{""sidewall_angle"": 5.0, ""substrate_height"": 1000.0, ""topclad_height"": 800.0, ""substrate_material"": ""Al2O3"", ""topclad_material"": ""SiO2"", ""core_eq_o"": ""(1+2.8032/(1-0.015287/x**2)+0.36335/(1-0.036095/x**2)-33508000/(1+367200000/x**2))**0.5"", ""core_eq_e"": ""(1+0.017061/(1-0.043855/x**2)+3.1976/(1-0.022642/x**2)-57269000/(1-74226000/x**2))**0.5"", ""core_chi2"": ""AlN"", ""h_core"": 400.0, ""w_core"": 400.0}",screened,0,TM00,A,,TM63,0.2846879331483531,1,217.64154916740443,,2.0813416187023,2.0813416187023,,0.0033895801295399,1134740.0842981536,0.0003185948296984,,,,,,,,,,,,0.0033895801295399,0.0003185948296984,TM63,,,,TM63
9b37ff52622b,ridge,"{""sidewall_angle"": 5.0, ""substrate_height"": 1000.0, ""topclad_height"": 800.0, ""substrate_material"": ""Al2O3"", ""topclad_material"": ""SiO2"", ""core_eq_o"": ""(1+2.8032/(1-0.015287/x**2)+0.36335/(1-0.036095/x**2)-33508000/(1+367200000/x**2))**0.5"", ""core_eq_e"": ""(1+0.017061/(1-0.043855/x**2)+3.1976/(1-0.022642/x**2)-57269000/(1-74226000/x**2))**0.5"", ""core_chi2"": ""AlN"", ""h_core"": 400.0, ""w_core"": 400.0}",screened,1,TM01,A,,TM62,0.4982967855798204,5,216.48284480639015,,1.9203365290794951,1.9203365290794951,,0.002874165770983,1722127.130405544,0.0003448748207393,,,,,,,,,,,,0.002874165770983,0.0003448748207393,TM62,,,,TM62
9b37ff52622b,ridge,"{""sidewall_angle"": 5.0, ""substrate_height"": 1000.0, ""topclad_height"": 800.0, ""substrate_material"": ""Al2O3"", ""topclad_material"": ""SiO2"", ""core_eq_o"": ""(1+2.8032/(1-0.015287/x**2)+0.36335/(1-0.036095/x**2)-33508000/(1+367200000/x**2))**0.5"", ""core_eq_e"": ""(1+0.017061/(1-0.043855/x**2)+3.1976/(1-0.022642/x**2)-57269000/(1-74226000/x**2))**0.5"", ""core_chi2"": ""AlN"", ""h_core"": 400.0, ""w_core"": 400.0}",screened,3,TE00,S,,TM42,0.1256321326179083,31,230.5397954644937,,1.98407269549766,1.98407269549766,,0.0007157026502392,5529156.088792369,0.0071362691852641,,,,,,,,,,,,0.0007157026502392,0.0071362691852641,TM42,,,,TM42
9b37ff52622b,ridge,"{""sidewall_angle"": 5.0, ""substrate_height"": 1000.0, ""topclad_height"": 800.0, ""substrate_material"": ""Al2O3"", ""topclad_material"": ""SiO2"", ""core_eq_o"": ""(1+2.8032/(1-0.015287/x**2)+0.36335/(1-0.036095/x**2)-33508000/(1+367200000/x**2))**0.5"", ""core_eq_e"": ""(1+0.017061/(1-0.043855/x**2)+3.1976/(1-0.022642/x**2)-57269000/(1-74226000/x**2))**0.5"", ""core_chi2"": ""AlN"", ""h_core"": 400.0, ""w_core"": 400.0}",screened,3,TE00,S,,TE33,0.8946693647360422,33,232.24931541102083,,1.9813626167037892,1.9813626167037892,,0.0004570712914791,8565866.483517205,0.0057659180409725,,,,,,,,,,,,0.0004570712914791,0.0057659180409725,TE33,,,,TE33
9b37ff52622b,ridge,"{""sidewall_angle"": 5.0, ""substrate_height"": 1000.0, ""topclad_height"": 800.0, ""substrate_material"": ""Al2O3"", ""topclad_material"": ""SiO2"", ""core_eq_o"": ""(1+2.8032/(1-0.015287/x**2)+0.36335/(1-0.036095/x**2)-33508000/(1+367200000/x**2))**0.5"", ""core_eq_e"": ""(1+0.017061/(1-0.043855/x**2)+3.1976/(1-0.022642/x**2)-57269000/(1-74226000/x**2))**0.5"", ""core_chi2"": ""AlN"", ""h_core"": 400.0, ""w_core"": 400.0}",screened,3,TE00,S,,TM61,0.0811415972761405,4,216.81171445813445,,2.006928784791413,2.006928784791413,,0.0002445591087174,17677091.418355823,0.0038858077013291,,,,,,,,,,,,0.0002445591087174,0.0038858077013291,TM61,,,,TM61
9b37ff52622b,ridge,"{""sidewall_angle"": 5.0, ""substrate_height"": 1000.0, ""topclad_height"": 800.0, ""substrate_material"": ""Al2O3"", ""topclad_material"": ""SiO2"", ""core_eq_o"": ""(1+2.8032/(1-0.015287/x**2)+0.36335/(1-0.036095/x**2)-33508000/(1+367200000/x**2))**0.5"", ""core_eq_e"": ""(1+0.017061/(1-0.043855/x**2)+3.1976/(1-0.022642/x**2)-57269000/(1-74226000/x**2))**0.5"", ""core_chi2"": ""AlN"", ""h_core"": 400.0, ""w_core"": 400.0}",screened,3,TE00,S,,TM24,0.1055280617719519,30,231.4131196444733,,1.982688226515508,1.982688226515508,,0.0001184498509433,33226321.912704278,0.0029546560128925,,,,,,,,,,,,0.0001184498509433,0.0029546560128925,TM24,,,,TM24
9b37ff52622b,ridge,"{""sidewall_angle"": 5.0, ""substrate_height"": 1000.0, ""topclad_height"": 800.0, ""substrate_material"": ""Al2O3"", ""topclad_material"": ""SiO2"", ""core_eq_o"": ""(1+2.8032/(1-0.015287/x**2)+0.36335/(1-0.036095/x**2)-33508000/(1+367200000/x**2))**0.5"", ""core_eq_e"": ""(1+0.017061/(1-0.043855/x**2)+3.1976/(1-0.022642/x**2)-57269000/(1-74226000/x**2))**0.5"", ""core_chi2"": ""AlN"", ""h_core"": 400.0, ""w_core"": 400.0}",screened,3,TE00,S,,TE33,0.9138210275312568,0,222.82403667647893,,1.9967032872993429,1.9967032872993429,,0.0001009554258594,41168181.62710512,0.0025792934971279,,,,,,,,,,,,0.0001009554258594,0.0025792934971279,TE33,,,,TE33
9b37ff52622b,ridge,"{""sidewall_angle"": 5.0, ""substrate_height"": 1000.0, ""topclad_height"": 800.0, ""substrate_material"": ""Al2O3"", ""topclad_material"": ""SiO2"", ""core_eq_o"": ""(1+2.8032/(1-0.015287/x**2)+0.36335/(1-0.036095/x**2)-33508000/(1+367200000/x**2))**0.5"", ""core_eq_e"": ""(1+0.017061/(1-0.043855/x**2)+3.1976/(1-0.022642/x**2)-57269000/(1-74226000/x**2))**0.5"", ""core_chi2"": ""AlN"", ""h_core"": 400.0, ""w_core"": 400.0}",screened,3,TE00,S,,TE53,0.8713652788227731,6,216.09953099633591,,2.008157429254382,2.008157429254382,,7.683802853991197e-05,56529987.984962985,0.0022001628798125,,,,,,,,,,,,7.683802853991197e-05,0.0022001628798125,TE53,,,,TE53
9b37ff52622b,ridge,"{""sidewall_angle"": 5.0, ""substrate_height"": 1000.0, ""topclad_height"": 800.0, ""substrate_material"": ""Al2O3"", ""topclad_material"": ""SiO2"", ""core_eq_o"": ""(1+2.8032/(1-0.015287/x**2)+0.36335/(1-0.036095/x**2)-33508000/(1+367200000/x**2))**0.5"", ""core_eq_e"": ""(1+0.017061/(1-0.043855/x**2)+3.1976/(1-0.022642/x**2)-57269000/(1-74226000/x**2))**0.5"", ""core_chi2"": ""AlN"", ""h_core"": 400.0, ""w_core"": 400.0}",screened,3,TE00,S,,TM25,0.0153931227648447,32,228.4423555239735,,1.9874624253750528,1.9874624253750528,,7.481563973179444e-05,53593681.48854227,0.0023897321142632,,,,,,,,,,,,7.481563973179444e-05,0.0023897321142632,TM25,,,,TM25
9b37ff52622b,ridge,"{""sidewall_angle"": 5.0, ""substrate_height"": 1000.0, ""topclad_height"": 800.0, ""substrate_material"": ""Al2O3"", ""topclad_material"": ""SiO2"", ""core_eq_o"": ""(1+2.8032/(1-0.015287/x**2)+0.36335/(1-0.036095/x**2)-33508000/(1+367200000/x**2))**0.5"", ""core_eq_e"": ""(1+0.017061/(1-0.043855/x**2)+3.1976/(1-0.022642/x**2)-57269000/(1-74226000/x**2))**0.5"", ""core_chi2"": ""AlN"", ""h_core"": 400.0, ""w_core"": 400.0}",screened,2,TM10,S,,TM43,0.1669283537848229,36,227.96846100561643,,1.8873460306237368,1.8873460306237368,,1.6044992982364246e-05,293030186.62913847,2.2839011574013445e-05,,,,,,,,,,,,1.6044992982364246e-05,2.2839011574013445e-05,TM43,,,,TM43
9b37ff52622b,ridge,"{""sidewall_angle"": 5.0, ""substrate_height"": 1000.0, ""topclad_height"": 800.0, ""substrate_material"": ""Al2O3"", ""topclad_material"": ""SiO2"", ""core_eq_o"": ""(1+2.8032/(1-0.015287/x**2)+0.36335/(1-0.036095/x**2)-33508000/(1+367200000/x**2))**0.5"", ""core_eq_e"": ""(1+0.017061/(1-0.043855/x**2)+3.1976/(1-0.022642/x**2)-57269000/(1-74226000/x**2))**0.5"", ""core_chi2"": ""AlN"", ""h_core"": 400.0, ""w_core"": 400.0}",screened,3,TE00,S,,TE34,0.970921642945644,34,233.4817141044153,,1.979408911763788,1.979408911763788,,1.575167050030813e-05,246670432.84911656,0.0010943674943682,,,,,,,,,,,,1.575167050030813e-05,0.0010943674943682,TE34,,,,TE34
9b37ff52622b,ridge,"{""sidewall_angle"": 5.0, ""substrate_height"": 1000.0, ""topclad_height"": 800.0, ""substrate_material"": ""Al2O3"", ""topclad_material"": ""SiO2"", ""core_eq_o"": ""(1+2.8032/(1-0.015287/x**2)+0.36335/(1-0.036095/x**2)-33508000/(1+367200000/x**2))**0.5"", ""core_eq_e"": ""(1+0.017061/(1-0.043855/x**2)+3.1976/(1-0.022642/x**2)-57269000/(1-74226000/x**2))**0.5"", ""core_chi2"": ""AlN"", ""h_core"": 400.0, ""w_core"": 400.0}",screened,3,TE00,S,,TM45,0.1094602896660882,3,218.9237192205261,,2.003285197013449,2.003285197013449,,1.4155688346358024e-05,301169543.4932996,0.0009621075107715,,,,,,,,,,,,1.4155688346358024e-05,0.0009621075107715,TM45,,,,TM45
9b37ff52622b,ridge,"{""sidewall_angle"": 5.0, ""substrate_height"": 1000.0, ""topclad_height"": 800.0, ""substrate_material"": ""Al2O3"", ""topclad_material"": ""SiO2"", ""core_eq_o"": ""(1+2.8032/(1-0.015287/x**2)+0.36335/(1-0.036095/x**2)-33508000/(1+367200000/x**2))**0.5"", ""core_eq_e"": ""(1+0.017061/(1-0.043855/x**2)+3.1976/(1-0.022642/x**2)-57269000/(1-74226000/x**2))**0.5"", ""core_chi2"": ""AlN"", ""h_core"": 400.0, ""w_core"": 400.0}",screened,3,TE00,S,,TM06,0.0165627935972909,5,216.01029660740213,,2.008311374612216,2.008311374612216,,1.2084537463841409e-05,359653210.2558784,0.0008989279141975,,,,,,,,,,,,1.2084537463841409e-05,0.0008989279141975,TM06,,,,TM06
9b37ff52622b,ridge,"{""sidewall_angle"": 5.0, ""substrate_height"": 1000.0, ""topclad_height"": 800.0, ""substrate_material"": ""Al2O3"", ""topclad_material"": ""SiO2"", ""core_eq_o"": ""(1+2.8032/(1-0.015287/x**2)+0.36335/(1-0.036095/x**2)-33508000/(1+367200000/x**2))**0.5"", ""core_eq_e"": ""(1+0.017061/(1-0.043855/x**2)+3.1976/(1-0.022642/x**2)-57269000/(1-74226000/x**2))**0.5"", ""core_chi2"": ""AlN"", ""h_core"": 400.0, ""w_core"": 400.0}",screened,3,TE00,S,,TE54,0.9054927928912924,7,215.10508413767425,,2.0098730288044284,2.0098730288044284,,6.685961324165863e-06,654010839.9066297,0.0006345710553289,,,,,,,,,,,,6.685961324165863e-06,0.0006345710553289,TE54,,,,TE54
9b37ff52622b,ridge,"{""sidewall_angle"": 5.0, ""substrate_height"": 1000.0, ""topclad_height"": 800.0, ""substrate_material"": ""Al2O3"", ""topclad_material"": ""SiO2"", ""core_eq_o"": ""(1+2.8032/(1-0.015287/x**2)+0.36335/(1-0.036095/x**2)-33508000/(1+367200000/x**2))**0.5"", ""core_eq_e"": ""(1+0.017061/(1-0.043855/x**2)+3.1976/(1-0.022642/x**2)-57269000/(1-74226000/x**2))**0.5"", ""core_chi2"": ""AlN"", ""h_core"": 400.0, ""w_core"": 400.0}",screened,0,TM00,A,,TE33,0.8282786588912547,0,218.07208973648696,,2.080649178994093,2.080649178994093,,4.855325308772016e-06,789843306.4187411,1.2131545538625465e-05,,,,,,,,,,,,4.855325308772016e-06,1.2131545538625465e-05,TE33,,,,TE33
9b37ff52622b,ridge,"{""sidewall_angle"": 5.0, ""substrate_height"": 1000.0, ""topclad_height"": 800.0, ""substrate_material"": ""Al2O3"", ""topclad_material"": ""SiO2"", ""core_eq_o"": ""(1+2.8032/(1-0.015287/x**2)+0.36335/(1-0.036095/x**2)-33508000/(1+367200000/x**2))**0.5"", ""core_eq_e"": ""(1+0.017061/(1-0.043855/x**2)+3.1976/(1-0.022642/x**2)-57269000/(1-74226000/x**2))**0.5"", ""core_chi2"": ""AlN"", ""h_core"": 400.0, ""w_core"": 400.0}",screened,3,TE00,S,,TE35,0.9681749255252476,2,219.8931603026772,,2.001612736921843,2.001612736921843,,3.3477219759352065e-06,1265444291.8734376,0.0004680343527202,,,,,,,,,,,,3.3477219759352065e-06,0.0004680343527202,TE35,,,,TE35
9b37ff52622b,ridge,"{""sidewall_angle"": 5.0, ""substrate_height"": 1000.0, ""topclad_height"": 800.0, ""substrate_material"": ""Al2O3"", ""topclad_material"": ""SiO2"", ""core_eq_o"": ""(1+2.8032/(1-0.015287/x**2)+0.36335/(1-0.036095/x**2)-33508000/(1+367200000/x**2))**0.5"", ""core_eq_e"": ""(1+0.017061/(1-0.043855/x**2)+3.1976/(1-0.022642/x**2)-57269000/(1-74226000/x**2))**0.5"", ""core_chi2"": ""AlN"", ""h_core"": 400.0, ""w_core"": 400.0}",screened,3,TE00,S,,TM63,0.1424750679984031,1,221.6808418382582,,1.998616062191032,1.998616062191032,,3.331242112592629e-06,1256913474.083895,0.0004613612512724,,,,,,,,,,,,3.331242112592629e-06,0.0004613612512724,TM63,,,,TM63
9b37ff52622b,ridge,"{""sidewall_angle"": 5.0, ""substrate_height"": 1000.0, ""topclad_height"": 800.0, ""substrate_material"": ""Al2O3"", ""topclad_material"": ""SiO2"", ""core_eq_o"": ""(1+2.8032/(1-0.015287/x**2)+0.36335/(1-0.036095/x**2)-33508000/(1+367200000/x**2))**0.5"", ""core_eq_e"": ""(1+0.017061/(1-0.043855/x**2)+3.1976/(1-0.022642/x**2)-57269000/(1-74226000/x**2))**0.5"", ""core_chi2"": ""AlN"", ""h_core"": 400.0, ""w_core"": 400.0}",screened,0,TM00,A,,TM25,0.0148599971166577,32,222.8327838551777,,2.073211899352085,2.073211899352085,,1.864529733293077e-08,199112011739.41812,7.911548302415736e-07,,,,,,,,,,,,1.864529733293077e-08,7.911548302415736e-07,TM25,,,,TM25
71b2c9782f1d,ridge,"{""sidewall_angle"": 5.0, ""substrate_height"": 1000.0, ""topclad_height"": 800.0, ""substrate_material"": ""Al2O3"", ""topclad_material"": ""SiO2"", ""core_eq_o"": ""(1+2.8032/(1-0.015287/x**2)+0.36335/(1-0.036095/x**2)-33508000/(1+367200000/x**2))**0.5"", ""core_eq_e"": ""(1+0.017061/(1-0.043855/x**2)+3.1976/(1-0.022642/x**2)-57269000/(1-74226000/x**2))**0.5"", ""core_chi2"": ""AlN"", ""h_core"": 400.0, ""w_core"": 500.0}",refined,2,TM01,A,0.0121016126750897,TM06,0.0274640440652716,2,220.1099965492048,220.105962174374,1.929364468637811,1.9293036786145112,6.079002329983929e-05,8.018860259483077,588.7551241014687,0.0230209327425773,0.0133302436611949,0.1815419946206562,0.1680357214735906,592.1592348005546,2266.4709804049344,3127.7249689986656,0.0,2.0209899000000004,0.7332009001356444,0.0431080744511243,False,7.8948554422024575,0.022788085369287,TM26,runs\trial_grid\exports\71b2c9782f1d_x00.npz,0.9999998030982512,0.9999688736240012,TM26
71b2c9782f1d,ridge,"{""sidewall_angle"": 5.0, ""substrate_height"": 1000.0, ""topclad_height"": 800.0, ""substrate_material"": ""Al2O3"", ""topclad_material"": ""SiO2"", ""core_eq_o"": ""(1+2.8032/(1-0.015287/x**2)+0.36335/(1-0.036095/x**2)-33508000/(1+367200000/x**2))**0.5"", ""core_eq_e"": ""(1+0.017061/(1-0.043855/x**2)+3.1976/(1-0.022642/x**2)-57269000/(1-74226000/x**2))**0.5"", ""core_chi2"": ""AlN"", ""h_core"": 400.0, ""w_core"": 500.0}",refined,1,TM10,S,0.0077316731809134,TM80,0.0302354272013485,4,215.3104908736053,215.29712719946667,1.9934976967343896,1.9931093529749768,0.0003883437594132,2.5891633223148336,1727.840271749631,0.0092577748037584,5.614055559625391e-28,0.1331170018807728,0.0790490712194413,2097.8082104304126,920.0748568882108,74344.82450978845,0.0,0.3209984000000001,0.0935840787928793,0.0002267584008482,False,2.4634543353381937,0.009042441430513,TM81,runs\trial_grid\exports\71b2c9782f1d_x01.npz,0.999999589567395,0.99983761486474,TM81
71b2c9782f1d,ridge,"{""sidewall_angle"": 5.0, ""substrate_height"": 1000.0, ""topclad_height"": 800.0, ""substrate_material"": ""Al2O3"", ""topclad_material"": ""SiO2"", ""core_eq_o"": ""(1+2.8032/(1-0.015287/x**2)+0.36335/(1-0.036095/x**2)-33508000/(1+367200000/x**2))**0.5"", ""core_eq_e"": ""(1+0.017061/(1-0.043855/x**2)+3.1976/(1-0.022642/x**2)-57269000/(1-74226000/x**2))**0.5"", ""core_chi2"": ""AlN"", ""h_core"": 400.0, ""w_core"": 500.0}",refined,1,TM10,S,0.009997783923505,TM61,0.0679454510834996,39,230.7108166284989,230.71013870594223,1.957897285110536,1.957888683754568,8.601355967474689e-06,1.671863345255873,2459.5266373627437,0.0080118793954795,2.469777758050358e-28,0.1412105949574182,0.1101370203828113,2054.5886676261434,968.7312501566566,45567.38597035148,0.0,0.4409978,0.1399432213472407,0.0003274194763525,False,1.7501358316077942,0.0081853810171464,TM62,runs\trial_grid\exports\71b2c9782f1d_x02.npz,0.9999977785919808,0.9999782793796854,TM62
71b2c9782f1d,ridge,"{""sidewall_angle"": 5.0, ""substrate_height"": 1000.0, ""topclad_height"": 800.0, ""substrate_material"": ""Al2O3"", ""topclad_material"": ""SiO2"", ""core_eq_o"": ""(1+2.8032/(1-0.015287/x**2)+0.36335/(1-0.036095/x**2)-33508000/(1+367200000/x**2))**0.5"", ""core_eq_e"": ""(1+0.017061/(1-0.043855/x**2)+3.1976/(1-0.022642/x**2)-57269000/(1-74226000/x**2))**0.5"", ""core_chi2"": ""AlN"", ""h_core"": 400.0, ""w_core"": 500.0}",refined,0,TM00,A,0.0008441804256954,TM60,0.4877613713186456,34,227.41884253849452,227.4073009871584,2.085589989391897,2.085451264152165,0.000138725239732,0.3218089116525722,10880.457467180748,0.0036410228980716,0.0004092707811604,0.1317626625027065,0.1358955014181587,457.10078464488544,849.6729017507505,18909.030524402817,0.0,1.05099475,0.3344275495419561,0.0003599168339538,False,0.4772474277822384,0.0044195838296206,TE62,runs\trial_grid\exports\71b2c9782f1d_x03.npz,0.9999897135574536,0.9782193764151174,TM63
71b2c9782f1d,ridge,"{""sidewall_angle"": 5.0, ""substrate_height"": 1000.0, ""topclad_height"": 800.0, ""substrate_material"": ""Al2O3"", ""topclad_material"": ""SiO2"", ""core_eq_o"": ""(1+2.8032/(1-0.015287/x**2)+0.36335/(1-0.036095/x**2)-33508000/(1+367200000/x**2))**0.5"", ""core_eq_e"": ""(1+0.017061/(1-0.043855/x**2)+3.1976/(1-0.022642/x**2)-57269000/(1-74226000/x**2))**0.5"", ""core_chi2"": ""AlN"", ""h_core"": 400.0, ""w_core"": 500.0}",refined,1,TM10,S,0.0079685747128907,TM06,0.0398563671923554,2,217.1624302603526,217.15772977143632,1.9890475620555053,1.9889553640156792,9.219803982629672e-05,0.387151609373616,11433.789587752028,0.0038194204559062,3.077520718128084e-31,0.1340415857259571,0.1553590256442354,2093.4563436104613,926.0940480964332,6631.48175385086,0.0,1.37099315,0.5045583882156642,0.0009856073426303,False,0.388708677489739,0.0038072643480202,TM66,runs\trial_grid\exports\71b2c9782f1d_x04.npz,0.99998012039597,0.9980752352490124,TM66
71b2c9782f1d,ridge,"{""sidewall_angle"": 5.0, ""substrate_height"": 1000.0, ""topclad_height"": 800.0, ""substrate_material"": ""Al2O3"", ""topclad_material"": ""SiO2"", ""core_eq_o"": ""(1+2.8032/(1-0.015287/x**2)+0.36335/(1-0.036095/x**2)-33508000/(1+367200000/x**2))**0.5"", ""core_eq_e"": ""(1+0.017061/(1-0.043855/x**2)+3.1976/(1-0.022642/x**2)-57269000/(1-74226000/x**2))**0.5"", ""core_chi2"": ""AlN"", ""h_core"": 400.0, ""w_core"": 500.0}",refined,2,TM01,A,0.0115896365796949,TE53,0.8451085819971693,3,218.93434322076445,218.93533154184323,1.93247079157892,1.9324887528892856,-1.7961310365688377e-05,0.24159964609447,19655.72616061967,0.0035814410361123,0.000134847471101,0.1801549725505609,0.1503701396333739,591.6873870930802,2264.039440932424,67386.04063369358,0.0,0.35099825,0.1025590384417409,2.541231175543948e-05,False,0.2353946748496205,0.0035510565279622,TE54,runs\trial_grid\exports\71b2c9782f1d_x05.npz,0.9999817753669964,0.9999685347835204,TE54
71b2c9782f1d,ridge,"{""sidewall_angle"": 5.0, ""substrate_height"": 1000.0, ""topclad_height"": 800.0, ""substrate_material"": ""Al2O3"", ""topclad_material"": ""SiO2"", ""core_eq_o"": ""(1+2.8032/(1-0.015287/x**2)+0.36335/(1-0.036095/x**2)-33508000/(1+367200000/x**2))**0.5"", ""core_eq_e"": ""(1+0.017061/(1-0.043855/x**2)+3.1976/(1-0.022642/x**2)-57269000/(1-74226000/x**2))**0.5"", ""core_chi2"": ""AlN"", ""h_core"": 400.0, ""w_core"": 500.0}",refined,2,TM01,A,0.0155043722878472,TM62,0.2948732016623041,33,227.283336712652,227.28218800262405,1.910899612559179,1.9108837723615932,1.5840197585603732e-05,0.2213474775328435,20589.04660888148,0.0036758494892765,6.831152863421545e-06,0.1903933393629146,0.141375431036182,594.8164030065445,2275.9052936418934,42005.16188585405,0.0,0.4809976,0.150890385657246,5.039619111586087e-05,False,0.2346170167650815,0.0037429139572772,TM63,runs\trial_grid\exports\71b2c9782f1d_x06.npz,0.999910222667444,0.998960464264746,TM63
71b2c9782f1d,ridge,"{""sidewall_angle"": 5.0, ""substrate_height"": 1000.0, ""topclad_height"": 800.0, ""substrate_material"": ""Al2O3"", ""topclad_material"": ""SiO2"", ""core_eq_o"": ""(1+2.8032/(1-0.015287/x**2)+0.36335/(1-0.036095/x**2)-33508000/(1+367200000/x**2))**0.5"", ""core_eq_e"": ""(1+0.017061/(1-0.043855/x**2)+3.1976/(1-0.022642/x**2)-57269000/(1-74226000/x**2))**0.5"", ""core_chi2"": ""AlN"", ""h_core"": 400.0, ""w_core"": 500.0}",refined,0,TM00,A,0.0008415167864111,TE14,0.5459947143046872,35,227.2091025964804,227.21805086322684,2.08587082782906,2.085981172971616,-0.0001103451425557,0.2928857925071886,11970.741738930736,0.0034703315605116,0.0005474061693771,0.1316800133823618,0.1363987742152653,457.2644738796623,849.0884770526709,14469.924580750274,0.0,1.25099375,0.4116672405785099,0.0004963533093657,False,0.2341572554277335,0.003100084777925,TM34,runs\trial_grid\exports\71b2c9782f1d_x07.npz,0.999991417588018,0.9948959017842828,TE34
71b2c9782f1d,ridge,"{""sidewall_angle"": 5.0, ""substrate_height"": 1000.0, ""topclad_height"": 800.0, ""substrate_material"": ""Al2O3"", ""topclad_material"": ""SiO2"", ""core_eq_o"": ""(1+2.8032/(1-0.015287/x**2)+0.36335/(1-0.036095/x**2)-33508000/(1+367200000/x**2))**0.5"", ""core_eq_e"": ""(1+0.017061/(1-0.043855/x**2)+3.1976/(1-0.022642/x**2)-57269000/(1-74226000/x**2))**0.5"", ""core_chi2"": ""AlN"", ""h_core"": 400.0, ""w_core"": 500.0}",screened,2,TM01,A,,TM45,0.1471056157288427,0,226.00446813197604,,1.9141627044875256,1.9141627044875256,,0.228775175827842,20043.636830077543,0.00374224850065,,,,,,,,,,,,0.228775175827842,0.00374224850065,TM45,,,,TM45
71b2c9782f1d,ridge,"{""sidewall_angle"": 5.0, ""substrate_height"": 1000.0, ""topclad_height"": 800.0, ""substrate_material"": ""Al2O3"", ""topclad_material"": ""SiO2"", ""core_eq_o"": ""(1+2.8032/(1-0.015287/x**2)+0.36335/(1-0.036095/x**2)-33508000/(1+367200000/x**2))**0.5"", ""core_eq_e"": ""(1+0.017061/(1-0.043855/x**2)+3.1976/(1-0.022642/x**2)-57269000/(1-74226000/x**2))**0.5"", ""core_chi2"": ""AlN"", ""h_core"": 400.0, ""w_core"": 500.0}",screened,2,TM01,A,,TM64,0.2095192743288111,1,219.4480913775768,,1.931131660492405,1.931131660492405,,0.2256188442654793,20993.33256687063,0.0034626183891589,,,,,,,,,,,,0.2256188442654793,0.0034626183891589,TM64,,,,TM64
71b2c9782f1d,ridge,"{""sidewall_angle"": 5.0, ""substrate_height"": 1000.0, ""topclad_height"": 800.0, ""substrate_material"": ""Al2O3"", ""topclad_material"": ""SiO2"", ""core_eq_o"": ""(1+2.8032/(1-0.015287/x**2)+0.36335/(1-0.036095/x**2)-33508000/(1+367200000/x**2))**0.5"", ""core_eq_e"": ""(1+0.017061/(1-0.043855/x**2)+3.1976/(1-0.022642/x**2)-57269000/(1-74226000/x**2))**0.5"", ""core_chi2"": ""AlN"", ""h_core"": 400.0, ""w_core"": 500.0}",screened,1,TM10,S,,TE51,0.9292614664887212,36,229.19570735787883,,1.961289577907713,1.961289577907713,,0.1773995635133462,23364.97694070121,0.0026157378495355,,,,,,,,,,,,0.1773995635133462,0.0026157378495355,TE51,,,,TE51
71b2c9782f1d,ridge,"{""sidewall_angle"": 5.0, ""substrate_height"": 1000.0, ""topclad_height"": 800.0, ""substrate_material"": ""Al2O3"", ""topclad_material"": ""SiO2"", ""core_eq_o"": ""(1+2.8032/(1-0.015287/x**2)+0.36335/(1-0.036095/x**2)-33508000/(1+367200000/x**2))**0.5"", ""core_eq_e"": ""(1+0.017061/(1-0.043855/x**2)+3.1976/(1-0.022642/x**2)-57269000/(1-74226000/x**2))**0.5"", ""core_chi2"": ""AlN"", ""h_core"": 400.0, ""w_core"": 500.0}",screened,0,TM00,A,,TM62,0.0483853135923079,1,222.3293196189313,,2.0926212906317296,2.0926212906317296,,0.1044030727253517,34735.80329423963,0.0020052804182783,,,,,,,,,,,,0.1044030727253517,0.0020052804182783,TM62,,,,TM62
71b2c9782f1d,ridge,"{""sidewall_angle"": 5.0, ""substrate_height"": 1000.0, ""topclad_height"": 800.0, ""substrate_material"": ""Al2O3"", ""topclad_material"": ""SiO2"", ""core_eq_o"": ""(1+2.8032/(1-0.015287/x**2)+0.36335/(1-0.036095/x**2)-33508000/(1+367200000/x**2))**0.5"", ""core_eq_e"": ""(1+0.017061/(1-0.043855/x**2)+3.1976/(1-0.022642/x**2)-57269000/(1-74226000/x**2))**0.5"", ""core_chi2"": ""AlN"", ""h_core"": 400.0, ""w_core"": 500.0}",screened,1,TM10,S,,TM64,0.1855341377941447,33,223.64755670672184,,1.973879432259293,1.973879432259293,,0.0538952934872095,79234.62406626322,0.0013916588704234,,,,,,,,,,,,0.0538952934872095,0.0013916588704234,TM64,,,,TM64
71b2c9782f1d,ridge,"{""sidewall_angle"": 5.0, ""substrate_height"": 1000.0, ""topclad_height"": 800.0, ""substrate_material"": ""Al2O3"", ""topclad_material"": ""SiO2"", ""core_eq_o"": ""(1+2.8032/(1-0.015287/x**2)+0.36335/(1-0.036095/x**2)-33508000/(1+367200000/x**2))**0.5"", ""core_eq_e"": ""(1+0.017061/(1-0.043855/x**2)+3.1976/(1-0.022642/x**2)-57269000/(1-74226000/x**2))**0.5"", ""core_chi2"": ""AlN"", ""h_core"": 400.0, ""w_core"": 500.0}",screened,1,TM10,S,,TE54,0.9054616282387068,3,216.19812851553155,,1.991391851702902,1.991391851702902,,0.050314352352576,88448.42412234463,0.001297148028214,,,,,,,,,,,,0.050314352352576,0.001297148028214,TE54,,,,TE54
71b2c9782f1d,ridge,"{""sidewall_angle"": 5.0, ""substrate_height"": 1000.0, ""topclad_height"": 800.0, ""substrate_material"": ""Al2O3"", ""topclad_material"": ""SiO2"", ""core_eq_o"": ""(1+2.8032/(1-0.015287/x**2)+0.36335/(1-0.036095/x**2)-33508000/(1+367200000/x**2))**0.5"", ""core_eq_e"": ""(1+0.017061/(1-0.043855/x**2)+3.1976/(1-0.022642/x**2)-57269000/(1-74226000/x**2))**0.5"", ""core_chi2"": ""AlN"", ""h_core"": 400.0, ""w_core"": 500.0}",screened,2,TM01,A,,TM81,0.0813225364499258,4,217.24006584836252,,1.9370428964975712,1.9370428964975712,,0.0502658848663668,95276.35307196778,0.0015932313487926,,,,,,,,,,,,0.0502658848663668,0.0015932313487926,TM81,,,,TM81
71b2c9782f1d,ridge,"{""sidewall_angle"": 5.0, ""substrate_height"": 1000.0, ""topclad_height"": 800.0, ""substrate_material"": ""Al2O3"", ""topclad_material"": ""SiO2"", ""core_eq_o"": ""(1+2.8032/(1-0.015287/x**2)+0.36335/(1-0.036095/x**2)-33508000/(1+367200000/x**2))**0.5"", ""core_eq_e"": ""(1+0.017061/(1-0.043855/x**2)+3.1976/(1-0.022642/x**2)-57269000/(1-74226000/x**2))**0.5"", ""core_chi2"": ""AlN"", ""h_core"": 400.0, ""w_core"": 500.0}",screened,0,TM00,A,,TM44,0.0415579387796957,36,228.8587261526148,,2.0837063393859334,2.0837063393859334,,0.0501648139219953,69105.45437687417,0.0014592557106912,,,,,,,,,,,,0.0501648139219953,0.0014592557106912,TM44,,,,TM44
71b2c9782f1d,ridge,"{""sidewall_angle"": 5.0, ""substrate_height"": 1000.0, ""topclad_height"": 800.0, ""substrate_material"": ""Al2O3"", ""topclad_material"": ""SiO2"", ""core_eq_o"": ""(1+2.8032/(1-0.015287/x**2)+0.36335/(1-0.036095/x**2)-33508000/(1+367200000/x**2))**0.5"", ""core_eq_e"": ""(1+0.017061/(1-0.043855/x**2)+3.1976/(1-0.022642/x**2)-57269000/(1-74226000/x**2))**0.5"", ""core_chi2"": ""AlN"", ""h_core"": 400.0, ""w_core"": 500.0}",screened,2,TM01,A,,TE55,0.832473899640186,5,217.0712500903405,,1.937494843168412,1.937494843168412,,0.0454655394471597,105425.91897350678,0.0015444368799174,,,,,,,,,,,,0.0454655394471597,0.0015444368799174,TE55,,,,TE55
71b2c9782f1d,ridge,"{""sidewall_angle"": 5.0, ""substrate_height"": 1000.0, ""topclad_height"": 800.0, ""substrate_material"": ""Al2O3"", ""topclad_material"": ""SiO2"", ""core_eq_o"": ""(1+2.8032/(1-0.015287/x**2)+0.36335/(1-0.036095/x**2)-33508000/(1+367200000/x**2))**0.5"", ""core_eq_e"": ""(1+0.017061/(1-0.043855/x**2)+3.1976/(1-0.022642/x**2)-57269000/(1-74226000/x**2))**0.5"", ""core_chi2"": ""AlN"", ""h_core"": 400.0, ""w_core"": 500.0}",screened,2,TM01,A,,TE52,0.8086744491057275,36,234.56387779926203,,1.8929838133370829,1.8929838133370829,,0.0415961605620978,105813.19098902355,0.0017220484158126,,,,,,,,,,,,0.0415961605620978,0.0017220484158126,TE52,,,,TE52
71b2c9782f1d,ridge,"{""sidewall_angle"": 5.0, ""substrate_height"": 1000.0, ""topclad_height"": 800.0, ""substrate_material"": ""Al2O3"", ""topclad_material"": ""SiO2"", ""core_eq_o"": ""(1+2.8032/(1-0.015287/x**2)+0.36335/(1-0.036095/x**2)-33508000/(1+367200000/x**2))**0.5"", ""core_eq_e"": ""(1+0.017061/(1-0.043855/x**2)+3.1976/(1-0.022642/x**2)-57269000/(1-74226000/x**2))**0.5"", ""core_chi2"": ""AlN"", ""h_core"": 400.0, ""w_core"": 500.0}",screened,2,TM01,A,,TM65,0.3140013837844908,6,216.6026138294853,,1.938749457076558,1.938749457076558,,0.0346234621719754,138769.19765998595,0.0013447161831267,,,,,,,,,,,,0.0346234621719754,0.0013447161831267,TM65,,,,TM65
71b2c9782f1d,ridge,"{""sidewall_angle"": 5.0, ""substrate_height"": 1000.0, ""topclad_height"": 800.0, ""substrate_material"": ""Al2O3"", ""topclad_material"": ""SiO2"", ""core_eq_o"": ""(1+2.8032/(1-0.015287/x**2)+0.36335/(1-0.036095/x**2)-33508000/(1+367200000/x**2))**0.5"", ""core_eq_e"": ""(1+0.017061/(1-0.043855/x**2)+3.1976/(1-0.022642/x**2)-57269000/(1-74226000/x**2))**0.5"", ""core_chi2"": ""AlN"", ""h_core"": 400.0, ""w_core"": 500.0}",screened,1,TM10,S,,TE35,0.5938113275774868,32,224.1590395966906,,1.9726949923206216,1.9726949923206216,,0.0271283542794203,156978.52168068144,0.0010055990527172,,,,,,,,,,,,0.0271283542794203,0.0010055990527172,TE35,,,,TE35
71b2c9782f1d,ridge,"{""sidewall_angle"": 5.0, ""substrate_height"": 1000.0, ""topclad_height"": 800.0, ""substrate_material"": ""Al2O3"", ""topclad_material"": ""SiO2"", ""core_eq_o"": ""(1+2.8032/(1-0.015287/x**2)+0.36335/(1-0.036095/x**2)-33508000/(1+367200000/x**2))**0.5"", ""core_eq_e"": ""(1+0.017061/(1-0.043855/x**2)+3.1976/(1-0.022642/x**2)-57269000/(1-74226000/x**2))**0.5"", ""core_chi2"": ""AlN"", ""h_core"": 400.0, ""w_core"": 500.0}",screened,2,TM01,A,,TE35,0.851582642716522,34,229.0926102309749,,1.9063981757753727,1.9063981757753727,,0.0260112042743753,173673.10227403085,0.0013411833838303,,,,,,,,,,,,0.0260112042743753,0.0013411833838303,TE35,,,,TE35
71b2c9782f1d,ridge,"{""sidewall_angle"": 5.0, ""substrate_height"": 1000.0, ""topclad_height"": 800.0, ""substrate_material"": ""Al2O3"", ""topclad_material"": ""SiO2"", ""core_eq_o"": ""(1+2.8032/(1-0.015287/x**2)+0.36335/(1-0.036095/x**2)-33508000/(1+367200000/x**2))**0.5"", ""core_eq_e"": ""(1+0.017061/(1-0.043855/x**2)+3.1976/(1-0.022642/x**2)-57269000/(1-74226000/x**2))**0.5"", ""core_chi2"": ""AlN"", ""h_core"": 400.0, ""w_core"": 500.0}",screened,1,TM10,S,,TM05,0.0079258718946472,40,231.36404641342853,,1.9564769563519704,1.9564769563519704,,0.0246420987557115,166288.56160452453,0.0010417597381216,,,,,,,,,,,,0.0246420987557115,0.0010417597381216,TM05,,,,TM05
71b2c9782f1d,ridge,"{""sidewall_angle"": 5.0, ""substrate_height"": 1000.0, ""topclad_height"": 800.0, ""substrate_material"": ""Al2O3"", ""topclad_material"": ""SiO2"", ""core_eq_o"": ""(1+2.8032/(1-0.015287/x**2)+0.36335/(1-0.036095/x**2)-33508000/(1+367200000/x**2))**0.5"", ""core_eq_e"": ""(1+0.017061/(1-0.043855/x**2)+3.1976/(1-0.022642/x**2)-57269000/(1-74226000/x**2))**0.5"", ""core_chi2"": ""AlN"", ""h_core"": 400.0, ""w_core"": 500.0}",screened,2,TM01,A,,TE36,0.9039713632760352,8,215.1890142725913,,1.9425338882287524,1.9425338882287524,,0.0237035381254459,204172.31063376155,0.0011198289330306,,,,,,,,,,,,0.0237035381254459,0.0011198289330306,TE36,,,,TE36
71b2c9782f1d,ridge,"{""sidewall_angle"": 5.0, ""substrate_height"": 1000.0, ""topclad_height"": 800.0, ""substrate_material"": ""Al2O3"", ""topclad_material"": ""SiO2"", ""core_eq_o"": ""(1+2.8032/(1-0.015287/x**2)+0.36335/(1-0.036095/x**2)-33508000/(1+367200000/x**2))**0.5"", ""core_eq_e"": ""(1+0.017061/(1-0.043855/x**2)+3.1976/(1-0.022642/x**2)-57269000/(1-74226000/x**2))**0.5"", ""core_chi2"": ""AlN"", ""h_core"": 400.0, ""w_core"": 500.0}",screened,1,TM10,S,,TM66,0.1196867818270512,1,217.01901908819107,,1.9894343913040968,1.9894343913040968,,0.0187355082415761,236431.90913676465,0.0007939027286879,,,,,,,,,,,,0.0187355082415761,0.0007939027286879,TM66,,,,TM66
71b2c9782f1d,ridge,"{""sidewall_angle"": 5.0, ""substrate_height"": 1000.0, ""topclad_height"": 800.0, ""substrate_material"": ""Al2O3"", ""topclad_material"": ""SiO2"", ""core_eq_o"": ""(1+2.8032/(1-0.015287/x**2)+0.36335/(1-0.036095/x**2)-33508000/(1+367200000/x**2))**0.5"", ""core_eq_e"": ""(1+0.017061/(1-0.043855/x**2)+3.1976/(1-0.022642/x**2)-57269000/(1-74226000/x**2))**0.5"", ""core_chi2"": ""AlN"", ""h_core"": 400.0, ""w_core"": 500.0}",screened,1,TM10,S,,TE55,0.8600589407678026,31,222.53779596424545,,1.9764493030634536,1.9764493030634536,,0.0184861631396263,232404.55784330555,0.0008147977241841,,,,,,,,,,,,0.0184861631396263,0.0008147977241841,TE55,,,,TE55
71b2c9782f1d,ridge,"{""sidewall_angle"": 5.0, ""substrate_height"": 1000.0, ""topclad_height"": 800.0, ""substrate_material"": ""Al2O3"", ""topclad_material"": ""SiO2"", ""core_eq_o"": ""(1+2.8032/(1-0.015287/x**2)+0.36335/(1-0.036095/x**2)-33508000/(1+367200000/x**2))**0.5"", ""core_eq_e"": ""(1+0.017061/(1-0.043855/x**2)+3.1976/(1-0.022642/x**2)-57269000/(1-74226000/x**2))**0.5"", ""core_chi2"": ""AlN"", ""h_core"": 400.0, ""w_core"": 500.0}",screened,1,TM10,S,,TE35,0.8041736972188683,30,222.8271328809745,,1.9757792861252004,1.9757792861252004,,0.016168930911576,265291.4724613779,0.0007692445673385,,,,,,,,,,,,0.016168930911576,0.0007692445673385,TE35,,,,TE35
71b2c9782f1d,ridge,"{""sidewall_angle"": 5.0, ""substrate_height"": 1000.0, ""topclad_height"": 800.0, ""substrate_material"": ""Al2O3"", ""topclad_material"": ""SiO2"", ""core_eq_o"": ""(1+2.8032/(1-0.015287/x**2)+0.36335/(1-0.036095/x**2)-33508000/(1+367200000/x**2))**0.5"", ""core_eq_e"": ""(1+0.017061/(1-0.043855/x**2)+3.1976/(1-0.022642/x**2)-57269000/(1-74226000/x**2))**0.5"", ""core_chi2"": ""AlN"", ""h_core"": 400.0, ""w_core"": 500.0}",screened,2,TM01,A,,TE55,0.5209008783183168,32,228.3679664932306,,1.90822015058334,1.90822015058334,,0.0104272681911545,434740.076972891,0.0008418438166256,,,,,,,,,,,,0.0104272681911545,0.0008418438166256,TE55,,,,TE55
71b2c9782f1d,ridge,"{""sidewall_angle"": 5.0, ""substrate_height"": 1000.0, ""topclad_height"": 800.0, ""substrate_material"": ""Al2O3"", ""topclad_material"": ""SiO2"", ""core_eq_o"": ""(1+2.8032/(1-0.015287/x**2)+0.36335/(1-0.036095/x**2)-33508000/(1+367200000/x**2))**0.5"", ""core_eq_e"": ""(1+0.017061/(1-0.043855/x**2)+3.1976/(1-0.022642/x**2)-57269000/(1-74226000/x**2))**0.5"", ""core_chi2"": ""AlN"", ""h_core"": 400.0, ""w_core"": 500.0}",screened,0,TM00,A,,TE53,0.9563084252736864,31,224.467315485316,,2.089614196059529,2.089614196059529,,0.008303414679145,430323.1805667439,0.0005758405032549,,,,,,,,,,,,0.008303414679145,0.0005758405032549,TE53,,,,TE53
71b2c9782f1d,ridge,"{""sidewall_angle"": 5.0, ""substrate_height"": 1000.0, ""topclad_height"": 800.0, ""substrate_material"": ""Al2O3"", ""topclad_material"": ""SiO2"", ""core_eq_o"": ""(1+2.8032/(1-0.015287/x**2)+0.36335/(1-0.036095/x**2)-33508000/(1+367200000/x**2))**0.5"", ""core_eq_e"": ""(1+0.017061/(1-0.043855/x**2)+3.1976/(1-0.022642/x**2)-57269000/(1-74226000/x**2))**0.5"", ""core_chi2"": ""AlN"", ""h_core"": 400.0, ""w_core"": 500.0}",screened,2,TM01,A,,TE55,0.8442725911648172,31,226.4482217990348,,1.9130469727697017,1.9130469727697017,,0.0079854940363158,572980.0535543789,0.0006913029900101,,,,,,,,,,,,0.0079854940363158,0.0006913029900101,TE55,,,,TE55
71b2c9782f1d,ridge,"{""sidewall_angle"": 5.0, ""substrate_height"": 1000.0, ""topclad_height"": 800.0, ""substrate_material"": ""Al2O3"", ""topclad_material"": ""SiO2"", ""core_eq_o"": ""(1+2.8032/(1-0.015287/x**2)+0.36335/(1-0.036095/x**2)-33508000/(1+367200000/x**2))**0.5"", ""core_eq_e"": ""(1+0.017061/(1-0.043855/x**2)+3.1976/(1-0.022642/x**2)-57269000/(1-74226000/x**2))**0.5"", ""core_chi2"": ""AlN"", ""h_core"": 400.0, ""w_core"": 500.0}",screened,0,TM00,A,,TE51,0.9545662213004212,3,220.166383815572,,2.095663463264785,2.095663463264785,,0.0076129784372257,483653.9962121015,0.000538993698398,,,,,,,,,,,,0.0076129784372257,0.000538993698398,TE51,,,,TE51
71b2c9782f1d,ridge,"{""sidewall_angle"": 5.0, ""substrate_height"": 1000.0, ""topclad_height"": 800.0, ""substrate_material"": ""Al2O3"", ""topclad_material"": ""SiO2"", ""core_eq_o"": ""(1+2.8032/(1-0.015287/x**2)+0.36335/(1-0.036095/x**2)-33508000/(1+367200000/x**2))**0.5"", ""core_eq_e"": ""(1+0.017061/(1-0.043855/x**2)+3.1976/(1-0.022642/x**2)-57269000/(1-74226000/x**2))**0.5"", ""core_chi2"": ""AlN"", ""h_core"": 400.0, ""w_core"": 500.0}",screened,1,TM10,S,,TM55,0.2983895777291397,0,222.44296511732895,,1.976668902672177,1.976668902672177,,0.0066203620605875,649284.6597251687,0.0004890848571881,,,,,,,,,,,,0.0066203620605875,0.0004890848571881,TM55,,,,TM55
71b2c9782f1d,ridge,"{""sidewall_angle"": 5.0, ""substrate_height"": 1000.0, ""topclad_height"": 800.0, ""substrate_material"": ""Al2O3"", ""topclad_material"": ""SiO2"", ""core_eq_o"": ""(1+2.8032/(1-0.015287/x**2)+0.36335/(1-0.036095/x**2)-33508000/(1+367200000/x**2))**0.5"", ""core_eq_e"": ""(1+0.017061/(1-0.043855/x**2)+3.1976/(1-0.022642/x**2)-57269000/(1-74226000/x**2))**0.5"", ""core_chi2"": ""AlN"", ""h_core"": 400.0, ""w_core"": 500.0}",screened,0,TM00,A,,TM64,0.0960979327664381,5,217.5136097534956,,2.0995873847215725,2.0995873847215725,,0.0040964862437456,915734.9455510324,0.0003886046849137,,,,,,,,,,,,0.0040964862437456,0.0003886046849137,TM64,,,,TM64
71b2c9782f1d,ridge,"{""sidewall_angle"": 5.0, ""substrate_height"": 1000.0, ""topclad_height"": 800.0, ""substrate_material"": ""Al2O3"", ""topclad_material"": ""SiO2"", ""core_eq_o"": ""(1+2.8032/(1-0.015287/x**2)+0.36335/(1-0.036095/x**2)-33508000/(1+367200000/x**2))**0.5"", ""core_eq_e"": ""(1+0.017061/(1-0.043855/x**2)+3.1976/(1-0.022642/x**2)-57269000/(1-74226000/x**2))**0.5"", ""core_chi2"": ""AlN"", ""h_core"": 400.0, ""w_core"": 500.0}",screened,0,TM00,A,,TM05,0.0063627576975732,2,222.1075275449756,,2.09293324153502,2.09293324153502,,0.0039455072433412,920577.7972833872,0.0004004379466713,,,,,,,,,,,,0.0039455072433412,0.0004004379466713,TM05,,,,TM05
71b2c9782f1d,ridge,"{""sidewall_angle"": 5.0, ""substrate_height"": 1000.0, ""topclad_height"": 800.0, ""substrate_material"": ""Al2O3"", ""topclad_material"": ""SiO2"", ""core_eq_o"": ""(1+2.8032/(1-0.015287/x**2)+0.36335/(1-0.036095/x**2)-33508000/(1+367200000/x**2))**0.5"", ""core_eq_e"": ""(1+0.017061/(1-0.043855/x**2)+3.1976/(1-0.022642/x**2)-57269000/(1-74226000/x**2))**0.5"", ""core_chi2"": ""AlN"", ""h_core"": 400.0, ""w_core"": 500.0}",screened,0,TM00,A,,TE35,0.5109748555031385,7,216.4407234047812,,2.1011795908815367,2.1011795908815367,,0.0017874731403505,2114701.2628805973,0.0002564490189351,,,,,,,,,,,,0.0017874731403505,0.0002564490189351,TE35,,,,TE35
71b2c9782f1d,ridge,"{""sidewall_angle"": 5.0, ""substrate_height"": 1000.0, ""topclad_height"": 800.0, ""substrate_material"": ""Al2O3"", ""topclad_material"": ""SiO2"", ""core_eq_o"": ""(1+2.8032/(1-0.015287/x**2)+0.36335/(1-0.036095/x**2)-33508000/(1+367200000/x**2))**0.5"", ""core_eq_e"": ""(1+0.017061/(1-0.043855/x**2)+3.1976/(1-0.022642/x**2)-57269000/(1-74226000/x**2))**0.5"", ""core_chi2"": ""AlN"", ""h_core"": 400.0, ""w_core"": 500.0}",screened,2,TM01,A,,TE74,0.9319879754604438,7,215.38722122247947,,1.942003256656268,1.942003256656268,,0.0017442168257893,2771825.106672601,0.0002998069947208,,,,,,,,,,,,0.0017442168257893,0.0002998069947208,TE74,,,,TE74
71b2c9782f1d,ridge,"{""sidewall_angle"": 5.0, ""substrate_height"": 1000.0, ""topclad_height"": 800.0, ""substrate_material"": ""Al2O3"", ""topclad_material"": ""SiO2"", ""core_eq_o"": ""(1+2.8032/(1-0.015287/x**2)+0.36335/(1-0.036095/x**2)-33508000/(1+367200000/x**2))**0.5"", ""core_eq_e"": ""(1+0.017061/(1-0.043855/x**2)+3.1976/(1-0.022642/x**2)-57269000/(1-74226000/x**2))**0.5"", ""core_chi2"": ""AlN"", ""h_core"": 400.0, ""w_core"": 500.0}",screened,0,TM00,A,,TM44,0.1723470375220183,30,226.006281592131,,2.087519701603033,2.087519701603033,,0.0014977388612692,2360408.428406925,0.0002449403751887,,,,,,,,,,,,0.0014977388612692,0.0002449403751887,TM44,,,,TM44
71b2c9782f1d,ridge,"{""sidewall_angle"": 5.0, ""substrate_height"": 1000.0, ""topclad_height"": 800.0, ""substrate_material"": ""Al2O3"", ""topclad_material"": ""SiO2"", ""core_eq_o"": ""(1+2.8032/(1-0.015287/x**2)+0.36335/(1-0.036095/x**2)-33508000/(1+367200000/x**2))**0.5"", ""core_eq_e"": ""(1+0.017061/(1-0.043855/x**2)+3.1976/(1-0.022642/x**2)-57269000/(1-74226000/x**2))**0.5"", ""core_chi2"": ""AlN"", ""h_core"": 400.0, ""w_core"": 500.0}",screened,3,TE00,S,,TM62,0.0528659359257882,1,226.9646093040625,,2.0152625618676305,2.0152625618676305,,0.0013630339943031,2858499.630716462,0.0103790131184306,,,,,,,,,,,,0.0013630339943031,0.0103790131184306,TM62,,,,TM62
71b2c9782f1d,ridge,"{""sidewall_angle"": 5.0, ""substrate_height"": 1000.0, ""topclad_height"": 800.0, ""substrate_material"": ""Al2O3"", ""topclad_material"": ""SiO2"", ""core_eq_o"": ""(1+2.8032/(1-0.015287/x**2)+0.36335/(1-0.036095/x**2)-33508000/(1+367200000/x**2))**0.5"", ""core_eq_e"": ""(1+0.017061/(1-0.043855/x**2)+3.1976/(1-0.022642/x**2)-57269000/(1-74226000/x**2))**0.5"", ""core_chi2"": ""AlN"", ""h_core"": 400.0, ""w_core"": 500.0}",screened,0,TM00,A,,TE35,0.6054766154083255,6,216.9008285703207,,2.10049677645326,2.10049677645326,,0.0013216195044595,2850762.941479214,0.0002215472570382,,,,,,,,,,,,0.0013216195044595,0.0002215472570382,TE35,,,,TE35
71b2c9782f1d,ridge,"{""sidewall_angle"": 5.0, ""substrate_height"": 1000.0, ""topclad_height"": 800.0, ""substrate_material"": ""Al2O3"", ""topclad_material"": ""SiO2"", ""core_eq_o"": ""(1+2.8032/(1-0.015287/x**2)+0.36335/(1-0.036095/x**2)-33508000/(1+367200000/x**2))**0.5"", ""core_eq_e"": ""(1+0.017061/(1-0.043855/x**2)+3.1976/(1-0.022642/x**2)-57269000/(1-74226000/x**2))**0.5"", ""core_chi2"": ""AlN"", ""h_core"": 400.0, ""w_core"": 500.0}",screened,4,TE01,S,,TM64,0.4982182247121933,1,221.55047077970517,,1.886271972876986,1.886271972876986,,0.0011720929406523,4254374.176689682,0.009092366842445,,,,,,,,,,,,0.0011720929406523,0.009092366842445,TM64,,,,TM64
71b2c9782f1d,ridge,"{""sidewall_angle"": 5.0, ""substrate_height"": 1000.0, ""topclad_height"": 800.0, ""substrate_material"": ""Al2O3"", ""topclad_material"": ""SiO2"", ""core_eq_o"": ""(1+2.8032/(1-0.015287/x**2)+0.36335/(1-0.036095/x**2)-33508000/(1+367200000/x**2))**0.5"", ""core_eq_e"": ""(1+0.017061/(1-0.043855/x**2)+3.1976/(1-0.022642/x**2)-57269000/(1-74226000/x**2))**0.5"", ""core_chi2"": ""AlN"", ""h_core"": 400.0, ""w_core"": 500.0}",screened,2,TM01,A,,TE35,0.6713314613763893,30,226.8272802102369,,1.9120939046067065,1.9120939046067065,,0.0005179149397484,8818188.199591164,0.0001780389368525,,,,,,,,,,,,0.0005179149397484,0.0001780389368525,TE35,,,,TE35
71b2c9782f1d,ridge,"{""sidewall_angle"": 5.0, ""substrate_height"": 1000.0, ""topclad_height"": 800.0, ""substrate_material"": ""Al2O3"", ""topclad_material"": ""SiO2"", ""core_eq_o"": ""(1+2.8032/(1-0.015287/x**2)+0.36335/(1-0.036095/x**2)-33508000/(1+367200000/x**2))**0.5"", ""core_eq_e"": ""(1+0.017061/(1-0.043855/x**2)+3.1976/(1-0.022642/x**2)-57269000/(1-74226000/x**2))**0.5"", ""core_chi2"": ""AlN"", ""h_core"": 400.0, ""w_core"": 500.0}",screened,3,TE00,S,,TM62,0.0421141237573114,35,232.9316384987552,,2.0067638357426603,2.0067638357426603,,0.0005039257094576,7434362.73379189,0.0065569428940462,,,,,,,,,,,,0.0005039257094576,0.0065569428940462,TM62,,,,TM62
71b2c9782f1d,ridge,"{""sidewall_angle"": 5.0, ""substrate_height"": 1000.0, ""topclad_height"": 800.0, ""substrate_material"": ""Al2O3"", ""topclad_material"": ""SiO2"", ""core_eq_o"": ""(1+2.8032/(1-0.015287/x**2)+0.36335/(1-0.036095/x**2)-33508000/(1+367200000/x**2))**0.5"", ""core_eq_e"": ""(1+0.017061/(1-0.043855/x**2)+3.1976/(1-0.022642/x**2)-57269000/(1-74226000/x**2))**0.5"", ""core_chi2"": ""AlN"", ""h_core"": 400.0, ""w_core"": 500.0}",screened,0,TM00,A,,TE54,0.9524117686432036,0,224.96020534439225,,2.088920945692106,2.088920945692106,,0.0004616343751324,7714014.841846738,0.0001354807726218,,,,,,,,,,,,0.0004616343751324,0.0001354807726218,TE54,,,,TE54
71b2c9782f1d,ridge,"{""sidewall_angle"": 5.0, ""substrate_height"": 1000.0, ""topclad_height"": 800.0, ""substrate_material"": ""Al2O3"", ""topclad_material"": ""SiO2"", ""core_eq_o"": ""(1+2.8032/(1-0.015287/x**2)+0.36335/(1-0.036095/x**2)-33508000/(1+367200000/x**2))**0.5"", ""core_eq_e"": ""(1+0.017061/(1-0.043855/x**2)+3.1976/(1-0.022642/x**2)-57269000/(1-74226000/x**2))**0.5"", ""core_chi2"": ""AlN"", ""h_core"": 400.0, ""w_core"": 500.0}",screened,0,TM00,A,,TE55,0.9486765062059908,8,215.8528212623561,,2.102052061123839,2.102052061123839,,0.0001911812000792,19854775.378624637,8.353440853332072e-05,,,,,,,,,,,,0.0001911812000792,8.353440853332072e-05,TE55,,,,TE55
71b2c9782f1d,ridge,"{""sidewall_angle"": 5.0, ""substrate_height"": 1000.0, ""topclad_height"": 800.0, ""substrate_material"": ""Al2O3"", ""topclad_material"": ""SiO2"", ""core_eq_o"": ""(1+2.8032/(1-0.015287/x**2)+0.36335/(1-0.036095/x**2)-33508000/(1+367200000/x**2))**0.5"", ""core_eq_e"": ""(1+0.017061/(1-0.043855/x**2)+3.1976/(1-0.022642/x**2)-57269000/(1-74226000/x**2))**0.5"", ""core_chi2"": ""AlN"", ""h_core"": 400.0, ""w_core"": 500.0}",screened,4,TE01,S,,TE76,0.943202421400552,7,217.394685727798,,1.896403160353454,1.896403160353454,,0.0001481802256145,34393463.64976046,0.0032195475034392,,,,,,,,,,,,0.0001481802256145,0.0032195475034392,TE76,,,,TE76
71b2c9782f1d,ridge,"{""sidewall_angle"": 5.0, ""substrate_height"": 1000.0, ""topclad_height"": 800.0, ""substrate_material"": ""Al2O3"", ""topclad_material"": ""SiO2"", ""core_eq_o"": ""(1+2.8032/(1-0.015287/x**2)+0.36335/(1-0.036095/x**2)-33508000/(1+367200000/x**2))**0.5"", ""core_eq_e"": ""(1+0.017061/(1-0.043855/x**2)+3.1976/(1-0.022642/x**2)-57269000/(1-74226000/x**2))**0.5"", ""core_chi2"": ""AlN"", ""h_core"": 400.0, ""w_core"": 500.0}",screened,0,TM00,A,,TE55,0.9712085760270336,9,215.78889651239825,,2.102146928003988,2.102146928003988,,0.0001292570020624,29380186.928388096,6.875339086766802e-05,,,,,,,,,,,,0.0001292570020624,6.875339086766802e-05,TE55,,,,TE55
71b2c9782f1d,ridge,"{""sidewall_angle"": 5.0, ""substrate_height"": 1000.0, ""topclad_height"": 800.0, ""substrate_material"": ""Al2O3"", ""topclad_material"": ""SiO2"", ""core_eq_o"": ""(1+2.8032/(1-0.015287/x**2)+0.36335/(1-0.036095/x**2)-33508000/(1+367200000/x**2))**0.5"", ""core_eq_e"": ""(1+0.017061/(1-0.043855/x**2)+3.1976/(1-0.022642/x**2)-57269000/(1-74226000/x**2))**0.5"", ""core_chi2"": ""AlN"", ""h_core"": 400.0, ""w_core"": 500.0}",screened,0,TM00,A,,TM65,0.0950392275369008,4,217.7312076737268,,2.099264460723702,2.099264460723702,,0.0001144530503615,32725465.20337928,6.562780970083638e-05,,,,,,,,,,,,0.0001144530503615,6.562780970083638e-05,TM65,,,,TM65
71b2c9782f1d,ridge,"{""sidewall_angle"": 5.0, ""substrate_height"": 1000.0, ""topclad_height"": 800.0, ""substrate_material"": ""Al2O3"", ""topclad_material"": ""SiO2"", ""core_eq_o"": ""(1+2.8032/(1-0.015287/x**2)+0.36335/(1-0.036095/x**2)-33508000/(1+367200000/x**2))**0.5"", ""core_eq_e"": ""(1+0.017061/(1-0.043855/x**2)+3.1976/(1-0.022642/x**2)-57269000/(1-74226000/x**2))**0.5"", ""core_chi2"": ""AlN"", ""h_core"": 400.0, ""w_core"": 500.0}",screened,4,TE01,S,,TM46,0.141511301735625,9,216.68018572716667,,1.8981614240836124,1.8981614240836124,,9.704883606728878e-05,52714229.78774716,0.0026791210939833,,,,,,,,,,,,9.704883606728878e-05,0.0026791210939833,TM46,,,,TM46
71b2c9782f1d,ridge,"{""sidewall_angle"": 5.0, ""substrate_height"": 1000.0, ""topclad_height"": 800.0, ""substrate_material"": ""Al2O3"", ""topclad_material"": ""SiO2"", ""core_eq_o"": ""(1+2.8032/(1-0.015287/x**2)+0.36335/(1-0.036095/x**2)-33508000/(1+367200000/x**2))**0.5"", ""core_eq_e"": ""(1+0.017061/(1-0.043855/x**2)+3.1976/(1-0.022642/x**2)-57269000/(1-74226000/x**2))**0.5"", ""core_chi2"": ""AlN"", ""h_core"": 400.0, ""w_core"": 500.0}",screened,4,TE01,S,,TM85,0.3141826746989236,6,218.49401970912103,,1.8936978852450104,1.8936978852450104,,9.185302874609928e-05,55163441.28201925,0.0025744196077257,,,,,,,,,,,,9.185302874609928e-05,0.0025744196077257,TM85,,,,TM85
71b2c9782f1d,ridge,"{""sidewall_angle"": 5.0, ""substrate_height"": 1000.0, ""topclad_height"": 800.0, ""substrate_material"": ""Al2O3"", ""topclad_material"": ""SiO2"", ""core_eq_o"": ""(1+2.8032/(1-0.015287/x**2)+0.36335/(1-0.036095/x**2)-33508000/(1+367200000/x**2))**0.5"", ""core_eq_e"": ""(1+0.017061/(1-0.043855/x**2)+3.1976/(1-0.022642/x**2)-57269000/(1-74226000/x**2))**0.5"", ""core_chi2"": ""AlN"", ""h_core"": 400.0, ""w_core"": 500.0}",screened,3,TE00,S,,TE63,0.5726531020255465,5,221.1610897223479,,2.0238276490178144,2.0238276490178144,,7.057268902697243e-05,57409179.72782293,0.0023016587046519,,,,,,,,,,,,7.057268902697243e-05,0.0023016587046519,TE63,,,,TE63
71b2c9782f1d,ridge,"{""sidewall_angle"": 5.0, ""substrate_height"": 1000.0, ""topclad_height"": 800.0, ""substrate_material"": ""Al2O3"", ""topclad_material"": ""SiO2"", ""core_eq_o"": ""(1+2.8032/(1-0.015287/x**2)+0.36335/(1-0.036095/x**2)-33508000/(1+367200000/x**2))**0.5"", ""core_eq_e"": ""(1+0.017061/(1-0.043855/x**2)+3.1976/(1-0.022642/x**2)-57269000/(1-74226000/x**2))**0.5"", ""core_chi2"": ""AlN"", ""h_core"": 400.0, ""w_core"": 500.0}",screened,1,TM10,S,,TE35,0.5707392030482236,34,224.5691046329165,,1.9717454055096373,1.9717454055096373,,5.455305829916884e-05,77890482.48884934,4.566989667758429e-05,,,,,,,,,,,,5.455305829916884e-05,4.566989667758429e-05,TE35,,,,TE35
71b2c9782f1d,ridge,"{""sidewall_angle"": 5.0, ""substrate_height"": 1000.0, ""topclad_height"": 800.0, ""substrate_material"": ""Al2O3"", ""topclad_material"": ""SiO2"", ""core_eq_o"": ""(1+2.8032/(1-0.015287/x**2)+0.36335/(1-0.036095/x**2)-33508000/(1+367200000/x**2))**0.5"", ""core_eq_e"": ""(1+0.017061/(1-0.043855/x**2)+3.1976/(1-0.022642/x**2)-57269000/(1-74226000/x**2))**0.5"", ""core_chi2"": ""AlN"", ""h_core"": 400.0, ""w_core"": 500.0}",screened,3,TE00,S,,TM45,0.2408735404777051,4,221.53311315031056,,2.0232726964800376,2.0232726964800376,,4.446413999912234e-05,90887794.2048123,0.0018572345664549,,,,,,,,,,,,4.446413999912234e-05,0.0018572345664549,TM45,,,,TM45
71b2c9782f1d,ridge,"{""sidewall_angle"": 5.0, ""substrate_height"": 1000.0, ""topclad_height"": 800.0, ""substrate_material"": ""Al2O3"", ""topclad_material"": ""SiO2"", ""core_eq_o"": ""(1+2.8032/(1-0.015287/x**2)+0.36335/(1-0.036095/x**2)-33508000/(1+367200000/x**2))**0.5"", ""core_eq_e"": ""(1+0.017061/(1-0.043855/x**2)+3.1976/(1-0.022642/x**2)-57269000/(1-74226000/x**2))**0.5"", ""core_chi2"": ""AlN"", ""h_core"": 400.0, ""w_core"": 500.0}",screened,3,TE00,S,,TM44,0.4974948328207286,30,231.60547524669423,,2.0086244457515363,2.0086244457515363,,4.218550592590366e-05,89577489.40482362,0.0018775777273832,,,,,,,,,,,,4.218550592590366e-05,0.0018775777273832,TM44,,,,TM44
71b2c9782f1d,ridge,"{""sidewall_angle"": 5.0, ""substrate_height"": 1000.0, ""topclad_height"": 800.0, ""substrate_material"": ""Al2O3"", ""topclad_material"": ""SiO2"", ""core_eq_o"": ""(1+2.8032/(1-0.015287/x**2)+0.36335/(1-0.036095/x**2)-33508000/(1+367200000/x**2))**0.5"", ""core_eq_e"": ""(1+0.017061/(1-0.043855/x**2)+3.1976/(1-0.022642/x**2)-57269000/(1-74226000/x**2))**0.5"", ""core_chi2"": ""AlN"", ""h_core"": 400.0, ""w_core"": 500.0}",screened,3,TE00,S,,TM46,0.0257739575518464,11,215.343700959082,,2.032750990544646,2.032750990544646,,3.332062255609184e-05,126568614.93160316,0.0015986865034975,,,,,,,,,,,,3.332062255609184e-05,0.0015986865034975,TM46,,,,TM46
71b2c9782f1d,ridge,"{""sidewall_angle"": 5.0, ""substrate_height"": 1000.0, ""topclad_height"": 800.0, ""substrate_material"": ""Al2O3"", ""topclad_material"": ""SiO2"", ""core_eq_o"": ""(1+2.8032/(1-0.015287/x**2)+0.36335/(1-0.036095/x**2)-33508000/(1+367200000/x**2))**0.5"", ""core_eq_e"": ""(1+0.017061/(1-0.043855/x**2)+3.1976/(1-0.022642/x**2)-57269000/(1-74226000/x**2))**0.5"", ""core_chi2"": ""AlN"", ""h_core"": 400.0, ""w_core"": 500.0}",screened,4,TE01,S,,TE55,0.891316918904908,5,219.3108770980642,,1.891687737283609,1.891687737283609,,2.6532933580827444e-05,190152511.0950606,0.0013903282679791,,,,,,,,,,,,2.6532933580827444e-05,0.0013903282679791,TE55,,,,TE55
71b2c9782f1d,ridge,"{""sidewall_angle"": 5.0, ""substrate_height"": 1000.0, ""topclad_height"": 800.0, ""substrate_material"": ""Al2O3"", ""topclad_material"": ""SiO2"", ""core_eq_o"": ""(1+2.8032/(1-0.015287/x**2)+0.36335/(1-0.036095/x**2)-33508000/(1+367200000/x**2))**0.5"", ""core_eq_e"": ""(1+0.017061/(1-0.043855/x**2)+3.1976/(1-0.022642/x**2)-57269000/(1-74226000/x**2))**0.5"", ""core_chi2"": ""AlN"", ""h_core"": 400.0, ""w_core"": 500.0}",screened,4,TE01,S,,TM83,0.0527591997538965,4,218.98973869348373,,1.8924780046154996,1.8924780046154996,,2.1011872746839373e-05,240520008.00041345,0.0011983879640004,,,,,,,,,,,,2.1011872746839373e-05,0.0011983879640004,TM83,,,,TM83
71b2c9782f1d,ridge,"{""sidewall_angle"": 5.0, ""substrate_height"": 1000.0, ""topclad_height"": 800.0, ""substrate_material"": ""Al2O3"", ""topclad_material"": ""SiO2"", ""core_eq_o"": ""(1+2.8032/(1-0.015287/x**2)+0.36335/(1-0.036095/x**2)-33508000/(1+367200000/x**2))**0.5"", ""core_eq_e"": ""(1+0.017061/(1-0.043855/x**2)+3.1976/(1-0.022642/x**2)-57269000/(1-74226000/x**2))**0.5"", ""core_chi2"": ""AlN"", ""h_core"": 400.0, ""w_core"": 500.0}",screened,3,TE00,S,,TE45,0.5993482054914504,7,220.04684336235096,,2.0254897858584298,2.0254897858584298,,1.4969579697325414e-05,272725633.4963907,0.0010614152765748,,,,,,,,,,,,1.4969579697325414e-05,0.0010614152765748,TE45,,,,TE45
71b2c9782f1d,ridge,"{""sidewall_angle"": 5.0, ""substrate_height"": 1000.0, ""topclad_height"": 800.0, ""substrate_material"": ""Al2O3"", ""topclad_material"": ""SiO2"", ""core_eq_o"": ""(1+2.8032/(1-0.015287/x**2)+0.36335/(1-0.036095/x**2)-33508000/(1+367200000/x**2))**0.5"", ""core_eq_e"": ""(1+0.017061/(1-0.043855/x**2)+3.1976/(1-0.022642/x**2)-57269000/(1-74226000/x**2))**0.5"", ""core_chi2"": ""AlN"", ""h_core"": 400.0, ""w_core"": 500.0}",screened,3,TE00,S,,TM84,0.0932453842775986,10,215.4974441263152,,2.032513544989456,2.032513544989456,,9.534063684532829e-06,441868846.1508965,0.0008152555981867,,,,,,,,,,,,9.534063684532829e-06,0.0008152555981867,TM84,,,,TM84
71b2c9782f1d,ridge,"{""sidewall_angle"": 5.0, ""substrate_height"": 1000.0, ""topclad_height"": 800.0, ""substrate_material"": ""Al2O3"", ""topclad_material"": ""SiO2"", ""core_eq_o"": ""(1+2.8032/(1-0.015287/x**2)+0.36335/(1-0.036095/x**2)-33508000/(1+367200000/x**2))**0.5"", ""core_eq_e"": ""(1+0.017061/(1-0.043855/x**2)+3.1976/(1-0.022642/x**2)-57269000/(1-74226000/x**2))**0.5"", ""core_chi2"": ""AlN"", ""h_core"": 400.0, ""w_core"": 500.0}",screened,3,TE00,S,,TE35,0.5389668330109703,6,220.8907494768752,,2.024230919333638,2.024230919333638,,8.807520760851492e-06,460857997.3686443,0.0008151779137982,,,,,,,,,,,,8.807520760851492e-06,0.0008151779137982,TE35,,,,TE35
71b2c9782f1d,ridge,"{""sidewall_angle"": 5.0, ""substrate_height"": 1000.0, ""topclad_height"": 800.0, ""substrate_material"": ""Al2O3"", ""topclad_material"": ""SiO2"", ""core_eq_o"": ""(1+2.8032/(1-0.015287/x**2)+0.36335/(1-0.036095/x**2)-33508000/(1+367200000/x**2))**0.5"", ""core_eq_e"": ""(1+0.017061/(1-0.043855/x**2)+3.1976/(1-0.022642/x**2)-57269000/(1-74226000/x**2))**0.5"", ""core_chi2"": ""AlN"", ""h_core"": 400.0, ""w_core"": 500.0}",screened,3,TE00,S,,TE51,0.9481146719180746,3,225.13447701658217,,2.01790679625058,2.01790679625058,,7.391908660927227e-06,533595437.62650543,0.0007638064999879,,,,,,,,,,,,7.391908660927227e-06,0.0007638064999879,TE51,,,,TE51
71b2c9782f1d,ridge,"{""sidewall_angle"": 5.0, ""substrate_height"": 1000.0, ""topclad_height"": 800.0, ""substrate_material"": ""Al2O3"", ""topclad_material"": ""SiO2"", ""core_eq_o"": ""(1+2.8032/(1-0.015287/x**2)+0.36335/(1-0.036095/x**2)-33508000/(1+367200000/x**2))**0.5"", ""core_eq_e"": ""(1+0.017061/(1-0.043855/x**2)+3.1976/(1-0.022642/x**2)-57269000/(1-74226000/x**2))**0.5"", ""core_chi2"": ""AlN"", ""h_core"": 400.0, ""w_core"": 500.0}",screened,3,TE00,S,,TE54,0.925234632006392,9,219.70545900225093,,2.0260145606999638,2.0260145606999638,,6.909611006851827e-06,592233599.8659312,0.0007153523513882,,,,,,,,,,,,6.909611006851827e-06,0.0007153523513882,TE54,,,,TE54
71b2c9782f1d,ridge,"{""sidewall_angle"": 5.0, ""substrate_height"": 1000.0, ""topclad_height"": 800.0, ""substrate_material"": ""Al2O3"", ""topclad_material"": ""SiO2"", ""core_eq_o"": ""(1+2.8032/(1-0.015287/x**2)+0.36335/(1-0.036095/x**2)-33508000/(1+367200000/x**2))**0.5"", ""core_eq_e"": ""(1+0.017061/(1-0.043855/x**2)+3.1976/(1-0.022642/x**2)-57269000/(1-74226000/x**2))**0.5"", ""core_chi2"": ""AlN"", ""h_core"": 400.0, ""w_core"": 500.0}",screened,3,TE00,S,,TE34,0.9200658939760582,34,234.46529378804027,,2.0046121139414605,2.0046121139414605,,5.170853586931849e-06,717373945.1344829,0.0006786853516138,,,,,,,,,,,,5.170853586931849e-06,0.0006786853516138,TE34,,,,TE34
71b2c9782f1d,ridge,"{""sidewall_angle"": 5.0, ""substrate_height"": 1000.0, ""topclad_height"": 800.0, ""substrate_material"": ""Al2O3"", ""topclad_material"": ""SiO2"", ""core_eq_o"": ""(1+2.8032/(1-0.015287/x**2)+0.36335/(1-0.036095/x**2)-33508000/(1+367200000/x**2))**0.5"", ""core_eq_e"": ""(1+0.017061/(1-0.043855/x**2)+3.1976/(1-0.022642/x**2)-57269000/(1-74226000/x**2))**0.5"", ""core_chi2"": ""AlN"", ""h_core"": 400.0, ""w_core"": 500.0}",screened,3,TE00,S,,TE53,0.938539539783058,31,230.55532242771807,,2.0100978125054407,2.0100978125054407,,4.9676814221284784e-06,765949980.77232,0.0006431181673483,,,,,,,,,,,,4.9676814221284784e-06,0.0006431181673483,TE53,,,,TE53
71b2c9782f1d,ridge,"{""sidewall_angle"": 5.0, ""substrate_height"": 1000.0, ""topclad_height"": 800.0, ""substrate_material"": ""Al2O3"", ""topclad_material"": ""SiO2"", ""core_eq_o"": ""(1+2.8032/(1-0.015287/x**2)+0.36335/(1-0.036095/x**2)-33508000/(1+367200000/x**2))**0.5"", ""core_eq_e"": ""(1+0.017061/(1-0.043855/x**2)+3.1976/(1-0.022642/x**2)-57269000/(1-74226000/x**2))**0.5"", ""core_chi2"": ""AlN"", ""h_core"": 400.0, ""w_core"": 500.0}",screened,3,TE00,S,,TE34,0.572869810970112,0,231.10193135613588,,2.0093309189562683,2.0093309189562683,,4.915119974499013e-06,771365746.9969375,0.0006390450898586,,,,,,,,,,,,4.915119974499013e-06,0.0006390450898586,TE34,,,,TE34
71b2c9782f1d,ridge,"{""sidewall_angle"": 5.0, ""substrate_height"": 1000.0, ""topclad_height"": 800.0, ""substrate_material"": ""Al2O3"", ""topclad_material"": ""SiO2"", ""core_eq_o"": ""(1+2.8032/(1-0.015287/x**2)+0.36335/(1-0.036095/x**2)-33508000/(1+367200000/x**2))**0.5"", ""core_eq_e"": ""(1+0.017061/(1-0.043855/x**2)+3.1976/(1-0.022642/x**2)-57269000/(1-74226000/x**2))**0.5"", ""core_chi2"": ""AlN"", ""h_core"": 400.0, ""w_core"": 500.0}",screened,3,TE00,S,,TE35,0.7671769223722471,8,219.7661733899463,,2.0259207915799835,2.0259207915799835,,2.9895189398429444e-06,1368250570.3800182,0.0004743385400534,,,,,,,,,,,,2.9895189398429444e-06,0.0004743385400534,TE35,,,,TE35
71b2c9782f1d,ridge,"{""sidewall_angle"": 5.0, ""substrate_height"": 1000.0, ""topclad_height"": 800.0, ""substrate_material"": ""Al2O3"", ""topclad_material"": ""SiO2"", ""core_eq_o"": ""(1+2.8032/(1-0.015287/x**2)+0.36335/(1-0.036095/x**2)-33508000/(1+367200000/x**2))**0.5"", ""core_eq_e"": ""(1+0.017061/(1-0.043855/x**2)+3.1976/(1-0.022642/x**2)-57269000/(1-74226000/x**2))**0.5"", ""core_chi2"": ""AlN"", ""h_core"": 400.0, ""w_core"": 500.0}",screened,3,TE00,S,,TM45,0.0071753150667528,2,227.08069921626395,,2.0150948314038515,2.0150948314038515,,1.5597318535158682e-06,2496083845.977497,0.0003674321658961,,,,,,,,,,,,1.5597318535158682e-06,0.0003674321658961,TM45,,,,TM45
93b2e9cb174c,ridge,"{""sidewall_angle"": 5.0, ""substrate_height"": 1000.0, ""topclad_height"": 800.0, ""substrate_material"": ""Al2O3"", ""topclad_material"": ""SiO2"", ""core_eq_o"": ""(1+2.8032/(1-0.015287/x**2)+0.36335/(1-0.036095/x**2)-33508000/(1+367200000/x**2))**0.5"", ""core_eq_e"": ""(1+0.017061/(1-0.043855/x**2)+3.1976/(1-0.022642/x**2)-57269000/(1-74226000/x**2))**0.5"", ""core_chi2"": ""AlN"", ""h_core"": 400.0, ""w_core"": 600.0}",refined,2,TM01,A,0.2287200868024707,TM06,0.0327023987244358,2,219.71771924844728,219.71021949095783,1.9396853050463023,1.939561983731844,0.0001233213144586,4.578067127053856,1018.5385920536138,0.0228056183070207,0.0089599682427607,0.2316329131400944,0.1926997000639892,729.3735603128503,2003.9426689697625,2147.133648601391,0.0,2.4409878000000003,0.8681065453903035,0.0345007247120654,False,4.795163134801563,0.0233497932511551,TM06,runs\trial_grid\exports\93b2e9cb174c_x00.npz,0.9999884329720696,0.9998451267763798,TM06
93b2e9cb174c,ridge,"{""sidewall_angle"": 5.0, ""substrate_height"": 1000.0, ""topclad_height"": 800.0, ""substrate_material"": ""Al2O3"", ""topclad_material"": ""SiO2"", ""core_eq_o"": ""(1+2.8032/(1-0.015287/x**2)+0.36335/(1-0.036095/x**2)-33508000/(1+367200000/x**2))**0.5"", ""core_eq_e"": ""(1+0.017061/(1-0.043855/x**2)+3.1976/(1-0.022642/x**2)-57269000/(1-74226000/x**2))**0.5"", ""core_chi2"": ""AlN"", ""h_core"": 400.0, ""w_core"": 600.0}",refined,1,TM10,S,0.0068838776480906,TM80,0.0455658738069328,3,226.39158690640284,226.39048189204215,2.012405015533992,2.012389147930036,1.5867603955666e-05,2.7314246795877795,1439.804341618917,0.0110018223747289,3.739925678366996e-33,0.1594026082913464,0.1098617172193118,1212.0938855651389,902.0078337190666,36669.005050530905,0.0,0.5809971,0.1787468123994508,0.0008727017374968,False,2.7710939212023327,0.0110821456277427,TM82,runs\trial_grid\exports\93b2e9cb174c_x01.npz,0.999992702537014,0.9997102879627016,TM82
93b2e9cb174c,ridge,"{""sidewall_angle"": 5.0, ""substrate_height"": 1000.0, ""topclad_height"": 800.0, ""substrate_material"": ""Al2O3"", ""topclad_material"": ""SiO2"", ""core_eq_o"": ""(1+2.8032/(1-0.015287/x**2)+0.36335/(1-0.036095/x**2)-33508000/(1+367200000/x**2))**0.5"", ""core_eq_e"": ""(1+0.017061/(1-0.043855/x**2)+3.1976/(1-0.022642/x**2)-57269000/(1-74226000/x**2))**0.5"", ""core_chi2"": ""AlN"", ""h_core"": 400.0, ""w_core"": 600.0}",refined,1,TM10,S,0.0086067131018814,TM06,0.0405084312022782,15,215.3948736639251,215.38149367009905,2.034700472466776,2.034381927404705,0.000318545062071,0.2803432992710715,14995.52437293918,0.003525657599443,4.778509749259418e-36,0.1541383781442137,0.1824584474660316,1223.037717820165,870.604253438575,1947.1087472555737,0.0,2.9709851500000006,1.0662124732768807,0.0031869679640208,False,0.2635650216817965,0.0034143354500245,TM06,runs\trial_grid\exports\93b2e9cb174c_x02.npz,0.9999985958171308,0.9988374808238498,TM06
93b2e9cb174c,ridge,"{""sidewall_angle"": 5.0, ""substrate_height"": 1000.0, ""topclad_height"": 800.0, ""substrate_material"": ""Al2O3"", ""topclad_material"": ""SiO2"", ""core_eq_o"": ""(1+2.8032/(1-0.015287/x**2)+0.36335/(1-0.036095/x**2)-33508000/(1+367200000/x**2))**0.5"", ""core_eq_e"": ""(1+0.017061/(1-0.043855/x**2)+3.1976/(1-0.022642/x**2)-57269000/(1-74226000/x**2))**0.5"", ""core_chi2"": ""AlN"", ""h_core"": 400.0, ""w_core"": 600.0}",refined,1,TM10,S,0.0072014120280865,TM81,0.1542387696953806,9,221.63427553144552,221.6339461584644,2.0218513390428603,2.0218456728975376,5.666145322713589e-06,0.2017672722517133,20053.26114887317,0.0029177187956378,2.9295595020823095e-35,0.1570355822829916,0.1457548866356827,1217.429625436057,888.3174350351777,41602.37998788656,0.0,0.53099735,0.161309640889507,5.2501458870187695e-05,False,0.2277956048421282,0.003093257092998,TM81,runs\trial_grid\exports\93b2e9cb174c_x03.npz,0.9999872965105566,0.9992024398426546,TM81
93b2e9cb174c,ridge,"{""sidewall_angle"": 5.0, ""substrate_height"": 1000.0, ""topclad_height"": 800.0, ""substrate_material"": ""Al2O3"", ""topclad_material"": ""SiO2"", ""core_eq_o"": ""(1+2.8032/(1-0.015287/x**2)+0.36335/(1-0.036095/x**2)-33508000/(1+367200000/x**2))**0.5"", ""core_eq_e"": ""(1+0.017061/(1-0.043855/x**2)+3.1976/(1-0.022642/x**2)-57269000/(1-74226000/x**2))**0.5"", ""core_chi2"": ""AlN"", ""h_core"": 400.0, ""w_core"": 600.0}",refined,4,TE10,A,0.7865819909235633,TM06,0.0330491976962258,2,219.31734063489867,219.3104849138656,1.9472793354844309,1.9471647372523948,0.0001145982320358,0.2632068321594608,17573.315952503384,0.0200350285685016,0.0017858626165687,0.2160440797209937,0.1915545994295132,1661.3252063260495,1381.9062028521178,2123.788506029092,0.0,2.3109884500000004,0.8116795720058329,0.0017340690629612,False,0.2188177191168761,0.019044117808714,TM06,runs\trial_grid\exports\93b2e9cb174c_x04.npz,0.9999304229192216,0.9998429968054192,TM06
93b2e9cb174c,ridge,"{""sidewall_angle"": 5.0, ""substrate_height"": 1000.0, ""topclad_height"": 800.0, ""substrate_material"": ""Al2O3"", ""topclad_material"": ""SiO2"", ""core_eq_o"": ""(1+2.8032/(1-0.015287/x**2)+0.36335/(1-0.036095/x**2)-33508000/(1+367200000/x**2))**0.5"", ""core_eq_e"": ""(1+0.017061/(1-0.043855/x**2)+3.1976/(1-0.022642/x**2)-57269000/(1-74226000/x**2))**0.5"", ""core_chi2"": ""AlN"", ""h_core"": 400.0, ""w_core"": 600.0}",refined,1,TM10,S,0.0069149723936422,TM62,0.0656299837746326,33,233.9817083124408,233.98337566196764,1.9978803554592364,1.9978995136471884,-1.915818795206192e-05,0.1632364386979232,23049.552786715187,0.002782227724365,3.915533121922131e-32,0.1633789810876994,0.1494334701747011,1201.2524947175646,923.6672466765712,21624.795686989983,0.0,0.8109959500000001,0.269795404725465,0.0001188190861587,False,0.1589089157470281,0.0027472161820466,TM63,runs\trial_grid\exports\93b2e9cb174c_x05.npz,0.9999965953610116,0.9999988879925712,TM63
93b2e9cb174c,ridge,"{""sidewall_angle"": 5.0, ""substrate_height"": 1000.0, ""topclad_height"": 800.0, ""substrate_material"": ""Al2O3"", ""topclad_material"": ""SiO2"", ""core_eq_o"": ""(1+2.8032/(1-0.015287/x**2)+0.36335/(1-0.036095/x**2)-33508000/(1+367200000/x**2))**0.5"", ""core_eq_e"": ""(1+0.017061/(1-0.043855/x**2)+3.1976/(1-0.022642/x**2)-57269000/(1-74226000/x**2))**0.5"", ""core_chi2"": ""AlN"", ""h_core"": 400.0, ""w_core"": 600.0}",refined,0,TM00,A,0.0006268550288396,TM80,0.0205994951920567,3,221.0808834187333,221.0813701135752,2.1050153872001083,2.105023759755766,-8.37255565766526e-06,0.1241182269119639,29030.233359063583,0.0023679307123091,0.0004573155745959,0.1518689097631521,0.1059835556017843,279.3310396555204,819.1622791561832,30029.43726195681,0.0,0.8209959000000001,0.2352953033557245,6.871666593417423e-05,False,0.1261723175988459,0.0023859397127652,TM84,runs\trial_grid\exports\93b2e9cb174c_x06.npz,0.9999981528859476,0.9999941010091395,TM84
93b2e9cb174c,ridge,"{""sidewall_angle"": 5.0, ""substrate_height"": 1000.0, ""topclad_height"": 800.0, ""substrate_material"": ""Al2O3"", ""topclad_material"": ""SiO2"", ""core_eq_o"": ""(1+2.8032/(1-0.015287/x**2)+0.36335/(1-0.036095/x**2)-33508000/(1+367200000/x**2))**0.5"", ""core_eq_e"": ""(1+0.017061/(1-0.043855/x**2)+3.1976/(1-0.022642/x**2)-57269000/(1-74226000/x**2))**0.5"", ""core_chi2"": ""AlN"", ""h_core"": 400.0, ""w_core"": 600.0}",refined,2,TM01,A,0.1417914409246684,TM80,0.0377329897041588,43,233.17244981618575,233.17428553028188,1.9064076272282624,1.9064303093620876,-2.268213382516926e-05,0.1216950688497007,35832.41706293851,0.003392086782468,5.096560612161704e-05,0.2413054988452345,0.1110279622629161,582.3257621246914,2132.6695992756518,45774.07009531802,0.0,0.4609977,0.1424242005835611,2.46854223270187e-05,False,0.116688140376196,0.0033359901266352,TM82,runs\trial_grid\exports\93b2e9cb174c_x07.npz,0.9999409095323664,0.9999866374870228,TM82
93b2e9cb174c,ridge,"{""sidewall_angle"": 5.0, ""substrate_height"": 1000.0, ""topclad_height"": 800.0, ""substrate_material"": ""Al2O3"", ""topclad_material"": ""SiO2"", ""core_eq_o"": ""(1+2.8032/(1-0.015287/x**2)+0.36335/(1-0.036095/x**2)-33508000/(1+367200000/x**2))**0.5"", ""core_eq_e"": ""(1+0.017061/(1-0.043855/x**2)+3.1976/(1-0.022642/x**2)-57269000/(1-74226000/x**2))**0.5"", ""core_chi2"": ""AlN"", ""h_core"": 400.0, ""w_core"": 600.0}",screened,2,TM01,A,,TM45,0.3071423922467037,37,229.19300986896204,,1.9160467462862685,1.9160467462862685,,0.1087399446619459,40883.2939120367,0.0033010518321531,,,,,,,,,,,,0.1087399446619459,0.0033010518321531,TM45,,,,TM45
93b2e9cb174c,ridge,"{""sidewall_angle"": 5.0, ""substrate_height"": 1000.0, ""topclad_height"": 800.0, ""substrate_material"": ""Al2O3"", ""topclad_material"": ""SiO2"", ""core_eq_o"": ""(1+2.8032/(1-0.015287/x**2)+0.36335/(1-0.036095/x**2)-33508000/(1+367200000/x**2))**0.5"", ""core_eq_e"": ""(1+0.017061/(1-0.043855/x**2)+3.1976/(1-0.022642/x**2)-57269000/(1-74226000/x**2))**0.5"", ""core_chi2"": ""AlN"", ""h_core"": 400.0, ""w_core"": 600.0}",screened,1,TM10,S,,TE72,0.9231996889873808,11,218.7648841600672,,2.02772531255742,2.02772531255742,,0.075875043548578,54259.33680121041,0.0017816382125619,,,,,,,,,,,,0.075875043548578,0.0017816382125619,TE72,,,,TE72
93b2e9cb174c,ridge,"{""sidewall_angle"": 5.0, ""substrate_height"": 1000.0, ""topclad_height"": 800.0, ""substrate_material"": ""Al2O3"", ""topclad_material"": ""SiO2"", ""core_eq_o"": ""(1+2.8032/(1-0.015287/x**2)+0.36335/(1-0.036095/x**2)-33508000/(1+367200000/x**2))**0.5"", ""core_eq_e"": ""(1+0.017061/(1-0.043855/x**2)+3.1976/(1-0.022642/x**2)-57269000/(1-74226000/x**2))**0.5"", ""core_chi2"": ""AlN"", ""h_core"": 400.0, ""w_core"": 600.0}",screened,1,TM10,S,,TE34,0.8979514765752566,4,225.81526627392623,,2.01355455394296,2.01355455394296,,0.0708890511558237,55664.72407873969,0.0017871027439999,,,,,,,,,,,,0.0708890511558237,0.0017871027439999,TE34,,,,TE34
93b2e9cb174c,ridge,"{""sidewall_angle"": 5.0, ""substrate_height"": 1000.0, ""topclad_height"": 800.0, ""substrate_material"": ""Al2O3"", ""topclad_material"": ""SiO2"", ""core_eq_o"": ""(1+2.8032/(1-0.015287/x**2)+0.36335/(1-0.036095/x**2)-33508000/(1+367200000/x**2))**0.5"", ""core_eq_e"": ""(1+0.017061/(1-0.043855/x**2)+3.1976/(1-0.022642/x**2)-57269000/(1-74226000/x**2))**0.5"", ""core_chi2"": ""AlN"", ""h_core"": 400.0, ""w_core"": 600.0}",screened,2,TM01,A,,TM83,0.1170516731406232,30,221.29847480039552,,1.935693999142921,1.935693999142921,,0.0672311831161037,68788.89253085444,0.0025131539126315,,,,,,,,,,,,0.0672311831161037,0.0025131539126315,TM83,,,,TM83
93b2e9cb174c,ridge,"{""sidewall_angle"": 5.0, ""substrate_height"": 1000.0, ""topclad_height"": 800.0, ""substrate_material"": ""Al2O3"", ""topclad_material"": ""SiO2"", ""core_eq_o"": ""(1+2.8032/(1-0.015287/x**2)+0.36335/(1-0.036095/x**2)-33508000/(1+367200000/x**2))**0.5"", ""core_eq_e"": ""(1+0.017061/(1-0.043855/x**2)+3.1976/(1-0.022642/x**2)-57269000/(1-74226000/x**2))**0.5"", ""core_chi2"": ""AlN"", ""h_core"": 400.0, ""w_core"": 600.0}",screened,2,TM01,A,,TM46,0.0980231301390525,6,216.21582396494884,,1.9486903165870628,1.9486903165870628,,0.0572608682384245,82926.75357987745,0.0026771171275514,,,,,,,,,,,,0.0572608682384245,0.0026771171275514,TM46,,,,TM46
93b2e9cb174c,ridge,"{""sidewall_angle"": 5.0, ""substrate_height"": 1000.0, ""topclad_height"": 800.0, ""substrate_material"": ""Al2O3"", ""topclad_material"": ""SiO2"", ""core_eq_o"": ""(1+2.8032/(1-0.015287/x**2)+0.36335/(1-0.036095/x**2)-33508000/(1+367200000/x**2))**0.5"", ""core_eq_e"": ""(1+0.017061/(1-0.043855/x**2)+3.1976/(1-0.022642/x**2)-57269000/(1-74226000/x**2))**0.5"", ""core_chi2"": ""AlN"", ""h_core"": 400.0, ""w_core"": 600.0}",screened,0,TM00,A,,TM62,0.051935333350251,40,234.96557865880467,,2.087602894987452,2.087602894987452,,0.0472073955066136,69277.75771053627,0.0015615626269877,,,,,,,,,,,,0.0472073955066136,0.0015615626269877,TM62,,,,TM62
93b2e9cb174c,ridge,"{""sidewall_angle"": 5.0, ""substrate_height"": 1000.0, ""topclad_height"": 800.0, ""substrate_material"": ""Al2O3"", ""topclad_material"": ""SiO2"", ""core_eq_o"": ""(1+2.8032/(1-0.015287/x**2)+0.36335/(1-0.036095/x**2)-33508000/(1+367200000/x**2))**0.5"", ""core_eq_e"": ""(1+0.017061/(1-0.043855/x**2)+3.1976/(1-0.022642/x**2)-57269000/(1-74226000/x**2))**0.5"", ""core_chi2"": ""AlN"", ""h_core"": 400.0, ""w_core"": 600.0}",screened,2,TM01,A,,TE55,0.7134872622139934,1,220.59485684329528,,1.937466961184751,1.937466961184751,,0.0471284959392257,98486.96689578962,0.002133469041732,,,,,,,,,,,,0.0471284959392257,0.002133469041732,TE55,,,,TE55
93b2e9cb174c,ridge,"{""sidewall_angle"": 5.0, ""substrate_height"": 1000.0, ""topclad_height"": 800.0, ""substrate_material"": ""Al2O3"", ""topclad_material"": ""SiO2"", ""core_eq_o"": ""(1+2.8032/(1-0.015287/x**2)+0.36335/(1-0.036095/x**2)-33508000/(1+367200000/x**2))**0.5"", ""core_eq_e"": ""(1+0.017061/(1-0.043855/x**2)+3.1976/(1-0.022642/x**2)-57269000/(1-74226000/x**2))**0.5"", ""core_chi2"": ""AlN"", ""h_core"": 400.0, ""w_core"": 600.0}",screened,2,TM01,A,,TM85,0.2945805991335047,0,220.87891176573928,,1.936751205439455,1.936751205439455,,0.0421044422687385,110077.3821079606,0.0020411312684229,,,,,,,,,,,,0.0421044422687385,0.0020411312684229,TM85,,,,TM85
93b2e9cb174c,ridge,"{""sidewall_angle"": 5.0, ""substrate_height"": 1000.0, ""topclad_height"": 800.0, ""substrate_material"": ""Al2O3"", ""topclad_material"": ""SiO2"", ""core_eq_o"": ""(1+2.8032/(1-0.015287/x**2)+0.36335/(1-0.036095/x**2)-33508000/(1+367200000/x**2))**0.5"", ""core_eq_e"": ""(1+0.017061/(1-0.043855/x**2)+3.1976/(1-0.022642/x**2)-57269000/(1-74226000/x**2))**0.5"", ""core_chi2"": ""AlN"", ""h_core"": 400.0, ""w_core"": 600.0}",screened,1,TM10,S,,TE54,0.8818733787262406,8,222.06775021429448,,2.021018197346351,2.021018197346351,,0.0321752767755369,125415.74878104164,0.0011707296037662,,,,,,,,,,,,0.0321752767755369,0.0011707296037662,TE54,,,,TE54
93b2e9cb174c,ridge,"{""sidewall_angle"": 5.0, ""substrate_height"": 1000.0, ""topclad_height"": 800.0, ""substrate_material"": ""Al2O3"", ""topclad_material"": ""SiO2"", ""core_eq_o"": ""(1+2.8032/(1-0.015287/x**2)+0.36335/(1-0.036095/x**2)-33508000/(1+367200000/x**2))**0.5"", ""core_eq_e"": ""(1+0.017061/(1-0.043855/x**2)+3.1976/(1-0.022642/x**2)-57269000/(1-74226000/x**2))**0.5"", ""core_chi2"": ""AlN"", ""h_core"": 400.0, ""w_core"": 600.0}",screened,2,TM01,A,,TE55,0.8997815441150259,5,218.6511777274194,,1.942432026992373,1.942432026992373,,0.0290783631934841,161229.65888777107,0.00164127226421,,,,,,,,,,,,0.0290783631934841,0.00164127226421,TE55,,,,TE55
93b2e9cb174c,ridge,"{""sidewall_angle"": 5.0, ""substrate_height"": 1000.0, ""topclad_height"": 800.0, ""substrate_material"": ""Al2O3"", ""topclad_material"": ""SiO2"", ""core_eq_o"": ""(1+2.8032/(1-0.015287/x**2)+0.36335/(1-0.036095/x**2)-33508000/(1+367200000/x**2))**0.5"", ""core_eq_e"": ""(1+0.017061/(1-0.043855/x**2)+3.1976/(1-0.022642/x**2)-57269000/(1-74226000/x**2))**0.5"", ""core_chi2"": ""AlN"", ""h_core"": 400.0, ""w_core"": 600.0}",screened,0,TM00,A,,TM33,0.4095297532667236,36,230.01846948036484,,2.0935199488320717,2.0935199488320717,,0.0276254521737711,122486.9722190829,0.0011773490369242,,,,,,,,,,,,0.0276254521737711,0.0011773490369242,TM33,,,,TM33
93b2e9cb174c,ridge,"{""sidewall_angle"": 5.0, ""substrate_height"": 1000.0, ""topclad_height"": 800.0, ""substrate_material"": ""Al2O3"", ""topclad_material"": ""SiO2"", ""core_eq_o"": ""(1+2.8032/(1-0.015287/x**2)+0.36335/(1-0.036095/x**2)-33508000/(1+367200000/x**2))**0.5"", ""core_eq_e"": ""(1+0.017061/(1-0.043855/x**2)+3.1976/(1-0.022642/x**2)-57269000/(1-74226000/x**2))**0.5"", ""core_chi2"": ""AlN"", ""h_core"": 400.0, ""w_core"": 600.0}",screened,0,TM00,A,,TM43,0.0487032681633757,39,233.1154152101112,,2.089815806882539,2.089815806882539,,0.0243931019323704,135775.99002289717,0.0011218309138356,,,,,,,,,,,,0.0243931019323704,0.0011218309138356,TM43,,,,TM43
93b2e9cb174c,ridge,"{""sidewall_angle"": 5.0, ""substrate_height"": 1000.0, ""topclad_height"": 800.0, ""substrate_material"": ""Al2O3"", ""topclad_material"": ""SiO2"", ""core_eq_o"": ""(1+2.8032/(1-0.015287/x**2)+0.36335/(1-0.036095/x**2)-33508000/(1+367200000/x**2))**0.5"", ""core_eq_e"": ""(1+0.017061/(1-0.043855/x**2)+3.1976/(1-0.022642/x**2)-57269000/(1-74226000/x**2))**0.5"", ""core_chi2"": ""AlN"", ""h_core"": 400.0, ""w_core"": 600.0}",screened,0,TM00,A,,TE53,0.8988429300012901,37,230.87063863075235,,2.0925007009105694,2.0925007009105694,,0.0242286833445615,138832.76243294403,0.0011009823984051,,,,,,,,,,,,0.0242286833445615,0.0011009823984051,TE53,,,,TE53
93b2e9cb174c,ridge,"{""sidewall_angle"": 5.0, ""substrate_height"": 1000.0, ""topclad_height"": 800.0, ""substrate_material"": ""Al2O3"", ""topclad_material"": ""SiO2"", ""core_eq_o"": ""(1+2.8032/(1-0.015287/x**2)+0.36335/(1-0.036095/x**2)-33508000/(1+367200000/x**2))**0.5"", ""core_eq_e"": ""(1+0.017061/(1-0.043855/x**2)+3.1976/(1-0.022642/x**2)-57269000/(1-74226000/x**2))**0.5"", ""core_chi2"": ""AlN"", ""h_core"": 400.0, ""w_core"": 600.0}",screened,1,TM10,S,,TE73,0.8187489086992019,6,222.73311963328,,2.01968414310314,2.01968414310314,,0.0211993303218766,189589.340149229,0.0009610677657278,,,,,,,,,,,,0.0211993303218766,0.0009610677657278,TE73,,,,TE73
93b2e9cb174c,ridge,"{""sidewall_angle"": 5.0, ""substrate_height"": 1000.0, ""topclad_height"": 800.0, ""substrate_material"": ""Al2O3"", ""topclad_material"": ""SiO2"", ""core_eq_o"": ""(1+2.8032/(1-0.015287/x**2)+0.36335/(1-0.036095/x**2)-33508000/(1+367200000/x**2))**0.5"", ""core_eq_e"": ""(1+0.017061/(1-0.043855/x**2)+3.1976/(1-0.022642/x**2)-57269000/(1-74226000/x**2))**0.5"", ""core_chi2"": ""AlN"", ""h_core"": 400.0, ""w_core"": 600.0}",screened,1,TM10,S,,TM65,0.0988702248027433,13,216.6141161430688,,2.032185450520969,2.032185450520969,,0.0206924909453169,201594.98643334524,0.0009246792764373,,,,,,,,,,,,0.0206924909453169,0.0009246792764373,TM65,,,,TM65
93b2e9cb174c,ridge,"{""sidewall_angle"": 5.0, ""substrate_height"": 1000.0, ""topclad_height"": 800.0, ""substrate_material"": ""Al2O3"", ""topclad_material"": ""SiO2"", ""core_eq_o"": ""(1+2.8032/(1-0.015287/x**2)+0.36335/(1-0.036095/x**2)-33508000/(1+367200000/x**2))**0.5"", ""core_eq_e"": ""(1+0.017061/(1-0.043855/x**2)+3.1976/(1-0.022642/x**2)-57269000/(1-74226000/x**2))**0.5"", ""core_chi2"": ""AlN"", ""h_core"": 400.0, ""w_core"": 600.0}",screened,2,TM01,A,,TE55,0.9016981505186348,35,228.5754385495658,,1.9175667702558683,1.9175667702558683,,0.0167686125565937,265918.3362746468,0.0012862195948447,,,,,,,,,,,,0.0167686125565937,0.0012862195948447,TE55,,,,TE55
93b2e9cb174c,ridge,"{""sidewall_angle"": 5.0, ""substrate_height"": 1000.0, ""topclad_height"": 800.0, ""substrate_material"": ""Al2O3"", ""topclad_material"": ""SiO2"", ""core_eq_o"": ""(1+2.8032/(1-0.015287/x**2)+0.36335/(1-0.036095/x**2)-33508000/(1+367200000/x**2))**0.5"", ""core_eq_e"": ""(1+0.017061/(1-0.043855/x**2)+3.1976/(1-0.022642/x**2)-57269000/(1-74226000/x**2))**0.5"", ""core_chi2"": ""AlN"", ""h_core"": 400.0, ""w_core"": 600.0}",screened,0,TM00,A,,TM84,0.0428161454613448,2,221.3411001633619,,2.104701107096437,2.104701107096437,,0.0163259469516829,220283.6308075585,0.0008674082709691,,,,,,,,,,,,0.0163259469516829,0.0008674082709691,TM84,,,,TM84
93b2e9cb174c,ridge,"{""sidewall_angle"": 5.0, ""substrate_height"": 1000.0, ""topclad_height"": 800.0, ""substrate_material"": ""Al2O3"", ""topclad_material"": ""SiO2"", ""core_eq_o"": ""(1+2.8032/(1-0.015287/x**2)+0.36335/(1-0.036095/x**2)-33508000/(1+367200000/x**2))**0.5"", ""core_eq_e"": ""(1+0.017061/(1-0.043855/x**2)+3.1976/(1-0.022642/x**2)-57269000/(1-74226000/x**2))**0.5"", ""core_chi2"": ""AlN"", ""h_core"": 400.0, ""w_core"": 600.0}",screened,2,TM01,A,,TM103,0.050956139289406,9,215.3360368178768,,1.9509511637924717,1.9509511637924717,,0.0155001509689864,307785.01353653497,0.0013061988391274,,,,,,,,,,,,0.0155001509689864,0.0013061988391274,TM103,,,,TM103
93b2e9cb174c,ridge,"{""sidewall_angle"": 5.0, ""substrate_height"": 1000.0, ""topclad_height"": 800.0, ""substrate_material"": ""Al2O3"", ""topclad_material"": ""SiO2"", ""core_eq_o"": ""(1+2.8032/(1-0.015287/x**2)+0.36335/(1-0.036095/x**2)-33508000/(1+367200000/x**2))**0.5"", ""core_eq_e"": ""(1+0.017061/(1-0.043855/x**2)+3.1976/(1-0.022642/x**2)-57269000/(1-74226000/x**2))**0.5"", ""core_chi2"": ""AlN"", ""h_core"": 400.0, ""w_core"": 600.0}",screened,2,TM01,A,,TM103,0.1110411804593302,7,215.58875748157908,,1.950301730792476,1.950301730792476,,0.0152625014478924,312156.705395441,0.0012936885102225,,,,,,,,,,,,0.0152625014478924,0.0012936885102225,TM103,,,,TM103
93b2e9cb174c,ridge,"{""sidewall_angle"": 5.0, ""substrate_height"": 1000.0, ""topclad_height"": 800.0, ""substrate_material"": ""Al2O3"", ""topclad_material"": ""SiO2"", ""core_eq_o"": ""(1+2.8032/(1-0.015287/x**2)+0.36335/(1-0.036095/x**2)-33508000/(1+367200000/x**2))**0.5"", ""core_eq_e"": ""(1+0.017061/(1-0.043855/x**2)+3.1976/(1-0.022642/x**2)-57269000/(1-74226000/x**2))**0.5"", ""core_chi2"": ""AlN"", ""h_core"": 400.0, ""w_core"": 600.0}",screened,2,TM01,A,,TM65,0.2313706409057613,4,218.93979980065927,,1.941690335766404,1.941690335766404,,0.01314681810998,356078.7275791379,0.0011083147317058,,,,,,,,,,,,0.01314681810998,0.0011083147317058,TM65,,,,TM65
93b2e9cb174c,ridge,"{""sidewall_angle"": 5.0, ""substrate_height"": 1000.0, ""topclad_height"": 800.0, ""substrate_material"": ""Al2O3"", ""topclad_material"": ""SiO2"", ""core_eq_o"": ""(1+2.8032/(1-0.015287/x**2)+0.36335/(1-0.036095/x**2)-33508000/(1+367200000/x**2))**0.5"", ""core_eq_e"": ""(1+0.017061/(1-0.043855/x**2)+3.1976/(1-0.022642/x**2)-57269000/(1-74226000/x**2))**0.5"", ""core_chi2"": ""AlN"", ""h_core"": 400.0, ""w_core"": 600.0}",screened,1,TM10,S,,TE55,0.6756423570508618,14,215.90916103389196,,2.033647345537162,2.033647345537162,,0.0120582292448658,347458.8802049149,0.0007061318770377,,,,,,,,,,,,0.0120582292448658,0.0007061318770377,TE55,,,,TE55
93b2e9cb174c,ridge,"{""sidewall_angle"": 5.0, ""substrate_height"": 1000.0, ""topclad_height"": 800.0, ""substrate_material"": ""Al2O3"", ""topclad_material"": ""SiO2"", ""core_eq_o"": ""(1+2.8032/(1-0.015287/x**2)+0.36335/(1-0.036095/x**2)-33508000/(1+367200000/x**2))**0.5"", ""core_eq_e"": ""(1+0.017061/(1-0.043855/x**2)+3.1976/(1-0.022642/x**2)-57269000/(1-74226000/x**2))**0.5"", ""core_chi2"": ""AlN"", ""h_core"": 400.0, ""w_core"": 600.0}",screened,0,TM00,A,,TM82,0.4336471192703261,7,217.765282455544,,2.1096281217988984,2.1096281217988984,,0.009993620308315,369180.0080995631,0.00066308880239,,,,,,,,,,,,0.009993620308315,0.00066308880239,TM82,,,,TM82
93b2e9cb174c,ridge,"{""sidewall_angle"": 5.0, ""substrate_height"": 1000.0, ""topclad_height"": 800.0, ""substrate_material"": ""Al2O3"", ""topclad_material"": ""SiO2"", ""core_eq_o"": ""(1+2.8032/(1-0.015287/x**2)+0.36335/(1-0.036095/x**2)-33508000/(1+367200000/x**2))**0.5"", ""core_eq_e"": ""(1+0.017061/(1-0.043855/x**2)+3.1976/(1-0.022642/x**2)-57269000/(1-74226000/x**2))**0.5"", ""core_chi2"": ""AlN"", ""h_core"": 400.0, ""w_core"": 600.0}",screened,0,TM00,A,,TE53,0.7390566654451163,35,230.55346420343744,,2.0928800614819387,2.0928800614819387,,0.0097104010331706,347170.2736887328,0.0006983626900297,,,,,,,,,,,,0.0097104010331706,0.0006983626900297,TE53,,,,TE53
93b2e9cb174c,ridge,"{""sidewall_angle"": 5.0, ""substrate_height"": 1000.0, ""topclad_height"": 800.0, ""substrate_material"": ""Al2O3"", ""topclad_material"": ""SiO2"", ""core_eq_o"": ""(1+2.8032/(1-0.015287/x**2)+0.36335/(1-0.036095/x**2)-33508000/(1+367200000/x**2))**0.5"", ""core_eq_e"": ""(1+0.017061/(1-0.043855/x**2)+3.1976/(1-0.022642/x**2)-57269000/(1-74226000/x**2))**0.5"", ""core_chi2"": ""AlN"", ""h_core"": 400.0, ""w_core"": 600.0}",screened,4,TE10,A,,TM45,0.2734322127571633,37,228.42799507857023,,1.9271665870956265,1.9271665870956265,,0.0092351704253356,476271.5962057901,0.0060372073080926,,,,,,,,,,,,0.0092351704253356,0.0060372073080926,TM45,,,,TM45
93b2e9cb174c,ridge,"{""sidewall_angle"": 5.0, ""substrate_height"": 1000.0, ""topclad_height"": 800.0, ""substrate_material"": ""Al2O3"", ""topclad_material"": ""SiO2"", ""core_eq_o"": ""(1+2.8032/(1-0.015287/x**2)+0.36335/(1-0.036095/x**2)-33508000/(1+367200000/x**2))**0.5"", ""core_eq_e"": ""(1+0.017061/(1-0.043855/x**2)+3.1976/(1-0.022642/x**2)-57269000/(1-74226000/x**2))**0.5"", ""core_chi2"": ""AlN"", ""h_core"": 400.0, ""w_core"": 600.0}",screened,1,TM10,S,,TM64,0.1624265972508237,5,223.6869427402427,,2.0177717441758527,2.0177717441758527,,0.0085886997564736,465298.0443940107,0.0006084452020378,,,,,,,,,,,,0.0085886997564736,0.0006084452020378,TM64,,,,TM64
93b2e9cb174c,ridge,"{""sidewall_angle"": 5.0, ""substrate_height"": 1000.0, ""topclad_height"": 800.0, ""substrate_material"": ""Al2O3"", ""topclad_material"": ""SiO2"", ""core_eq_o"": ""(1+2.8032/(1-0.015287/x**2)+0.36335/(1-0.036095/x**2)-33508000/(1+367200000/x**2))**0.5"", ""core_eq_e"": ""(1+0.017061/(1-0.043855/x**2)+3.1976/(1-0.022642/x**2)-57269000/(1-74226000/x**2))**0.5"", ""core_chi2"": ""AlN"", ""h_core"": 400.0, ""w_core"": 600.0}",screened,0,TM00,A,,TM63,0.0851849387883952,33,226.8798593082645,,2.097470799489222,2.097470799489222,,0.007162859398739,482825.2112282767,0.0005831266728065,,,,,,,,,,,,0.007162859398739,0.0005831266728065,TM63,,,,TM63
93b2e9cb174c,ridge,"{""sidewall_angle"": 5.0, ""substrate_height"": 1000.0, ""topclad_height"": 800.0, ""substrate_material"": ""Al2O3"", ""topclad_material"": ""SiO2"", ""core_eq_o"": ""(1+2.8032/(1-0.015287/x**2)+0.36335/(1-0.036095/x**2)-33508000/(1+367200000/x**2))**0.5"", ""core_eq_e"": ""(1+0.017061/(1-0.043855/x**2)+3.1976/(1-0.022642/x**2)-57269000/(1-74226000/x**2))**0.5"", ""core_chi2"": ""AlN"", ""h_core"": 400.0, ""w_core"": 600.0}",screened,2,TM01,A,,TE74,0.9272001290528944,3,219.0712533248892,,1.9413525309531767,1.9413525309531767,,0.0071008800535434,658809.4845594958,0.0008132170015125,,,,,,,,,,,,0.0071008800535434,0.0008132170015125,TE74,,,,TE74
93b2e9cb174c,ridge,"{""sidewall_angle"": 5.0, ""substrate_height"": 1000.0, ""topclad_height"": 800.0, ""substrate_material"": ""Al2O3"", ""topclad_material"": ""SiO2"", ""core_eq_o"": ""(1+2.8032/(1-0.015287/x**2)+0.36335/(1-0.036095/x**2)-33508000/(1+367200000/x**2))**0.5"", ""core_eq_e"": ""(1+0.017061/(1-0.043855/x**2)+3.1976/(1-0.022642/x**2)-57269000/(1-74226000/x**2))**0.5"", ""core_chi2"": ""AlN"", ""h_core"": 400.0, ""w_core"": 600.0}",screened,2,TM01,A,,TE55,0.832680433275055,38,228.80519982051504,,1.9170012604464584,1.9170012604464584,,0.0062606579501091,711438.0222315267,0.0007679611198241,,,,,,,,,,,,0.0062606579501091,0.0007679611198241,TE55,,,,TE55
93b2e9cb174c,ridge,"{""sidewall_angle"": 5.0, ""substrate_height"": 1000.0, ""topclad_height"": 800.0, ""substrate_material"": ""Al2O3"", ""topclad_material"": ""SiO2"", ""core_eq_o"": ""(1+2.8032/(1-0.015287/x**2)+0.36335/(1-0.036095/x**2)-33508000/(1+367200000/x**2))**0.5"", ""core_eq_e"": ""(1+0.017061/(1-0.043855/x**2)+3.1976/(1-0.022642/x**2)-57269000/(1-74226000/x**2))**0.5"", ""core_chi2"": ""AlN"", ""h_core"": 400.0, ""w_core"": 600.0}",screened,1,TM10,S,,TM64,0.0620451832278349,2,226.91472396363488,,2.011417672957491,2.011417672957491,,0.0054644027348331,717432.7284717297,0.0004997885289763,,,,,,,,,,,,0.0054644027348331,0.0004997885289763,TM64,,,,TM64
93b2e9cb174c,ridge,"{""sidewall_angle"": 5.0, ""substrate_height"": 1000.0, ""topclad_height"": 800.0, ""substrate_material"": ""Al2O3"", ""topclad_material"": ""SiO2"", ""core_eq_o"": ""(1+2.8032/(1-0.015287/x**2)+0.36335/(1-0.036095/x**2)-33508000/(1+367200000/x**2))**0.5"", ""core_eq_e"": ""(1+0.017061/(1-0.043855/x**2)+3.1976/(1-0.022642/x**2)-57269000/(1-74226000/x**2))**0.5"", ""core_chi2"": ""AlN"", ""h_core"": 400.0, ""w_core"": 600.0}",screened,4,TE10,A,,TM82,0.0602924784052968,34,226.61035266940468,,1.931113853031587,1.931113853031587,,0.0046462917907475,956018.7554293136,0.0033960323117866,,,,,,,,,,,,0.0046462917907475,0.0033960323117866,TM82,,,,TM82
93b2e9cb174c,ridge,"{""sidewall_angle"": 5.0, ""substrate_height"": 1000.0, ""topclad_height"": 800.0, ""substrate_material"": ""Al2O3"", ""topclad_material"": ""SiO2"", ""core_eq_o"": ""(1+2.8032/(1-0.015287/x**2)+0.36335/(1-0.036095/x**2)-33508000/(1+367200000/x**2))**0.5"", ""core_eq_e"": ""(1+0.017061/(1-0.043855/x**2)+3.1976/(1-0.022642/x**2)-57269000/(1-74226000/x**2))**0.5"", ""core_chi2"": ""AlN"", ""h_core"": 400.0, ""w_core"": 600.0}",screened,0,TM00,A,,TM45,0.0108087542037216,1,221.70352695484905,,2.104219384054926,2.104219384054926,,0.00462883656396,774936.152190094,0.0004708236344131,,,,,,,,,,,,0.00462883656396,0.0004708236344131,TM45,,,,TM45
93b2e9cb174c,ridge,"{""sidewall_angle"": 5.0, ""substrate_height"": 1000.0, ""topclad_height"": 800.0, ""substrate_material"": ""Al2O3"", ""topclad_material"": ""SiO2"", ""core_eq_o"": ""(1+2.8032/(1-0.015287/x**2)+0.36335/(1-0.036095/x**2)-33508000/(1+367200000/x**2))**0.5"", ""core_eq_e"": ""(1+0.017061/(1-0.043855/x**2)+3.1976/(1-0.022642/x**2)-57269000/(1-74226000/x**2))**0.5"", ""core_chi2"": ""AlN"", ""h_core"": 400.0, ""w_core"": 600.0}",screened,1,TM10,S,,TM45,0.0118634393168132,1,227.75943375141443,,2.0097759142062066,2.0097759142062066,,0.0046167892473367,844929.1896534663,0.0004796647472566,,,,,,,,,,,,0.0046167892473367,0.0004796647472566,TM45,,,,TM45
93b2e9cb174c,ridge,"{""sidewall_angle"": 5.0, ""substrate_height"": 1000.0, ""topclad_height"": 800.0, ""substrate_material"": ""Al2O3"", ""topclad_material"": ""SiO2"", ""core_eq_o"": ""(1+2.8032/(1-0.015287/x**2)+0.36335/(1-0.036095/x**2)-33508000/(1+367200000/x**2))**0.5"", ""core_eq_e"": ""(1+0.017061/(1-0.043855/x**2)+3.1976/(1-0.022642/x**2)-57269000/(1-74226000/x**2))**0.5"", ""core_chi2"": ""AlN"", ""h_core"": 400.0, ""w_core"": 600.0}",screened,4,TE10,A,,TM46,0.0744355679368093,6,215.96153464130765,,1.9550134539170352,1.9550134539170352,,0.0046018592493447,1024284.572405772,0.0017930247496671,,,,,,,,,,,,0.0046018592493447,0.0017930247496671,TM46,,,,TM46
93b2e9cb174c,ridge,"{""sidewall_angle"": 5.0, ""substrate_height"": 1000.0, ""topclad_height"": 800.0, ""substrate_material"": ""Al2O3"", ""topclad_material"": ""SiO2"", ""core_eq_o"": ""(1+2.8032/(1-0.015287/x**2)+0.36335/(1-0.036095/x**2)-33508000/(1+367200000/x**2))**0.5"", ""core_eq_e"": ""(1+0.017061/(1-0.043855/x**2)+3.1976/(1-0.022642/x**2)-57269000/(1-74226000/x**2))**0.5"", ""core_chi2"": ""AlN"", ""h_core"": 400.0, ""w_core"": 600.0}",screened,1,TM10,S,,TM83,0.0904011152547914,12,217.11251924920825,,2.031151891068125,2.031151891068125,,0.0041385084623083,1004882.397392719,0.000408902267946,,,,,,,,,,,,0.0041385084623083,0.000408902267946,TM83,,,,TM83
93b2e9cb174c,ridge,"{""sidewall_angle"": 5.0, ""substrate_height"": 1000.0, ""topclad_height"": 800.0, ""substrate_material"": ""Al2O3"", ""topclad_material"": ""SiO2"", ""core_eq_o"": ""(1+2.8032/(1-0.015287/x**2)+0.36335/(1-0.036095/x**2)-33508000/(1+367200000/x**2))**0.5"", ""core_eq_e"": ""(1+0.017061/(1-0.043855/x**2)+3.1976/(1-0.022642/x**2)-57269000/(1-74226000/x**2))**0.5"", ""core_chi2"": ""AlN"", ""h_core"": 400.0, ""w_core"": 600.0}",screened,0,TM00,A,,TE73,0.5144445678256238,8,217.34061286303887,,2.1102256758110696,2.1102256758110696,,0.0039936994107948,926642.3961580204,0.0004175902649972,,,,,,,,,,,,0.0039936994107948,0.0004175902649972,TE73,,,,TE73
93b2e9cb174c,ridge,"{""sidewall_angle"": 5.0, ""substrate_height"": 1000.0, ""topclad_height"": 800.0, ""substrate_material"": ""Al2O3"", ""topclad_material"": ""SiO2"", ""core_eq_o"": ""(1+2.8032/(1-0.015287/x**2)+0.36335/(1-0.036095/x**2)-33508000/(1+367200000/x**2))**0.5"", ""core_eq_e"": ""(1+0.017061/(1-0.043855/x**2)+3.1976/(1-0.022642/x**2)-57269000/(1-74226000/x**2))**0.5"", ""core_chi2"": ""AlN"", ""h_core"": 400.0, ""w_core"": 600.0}",screened,2,TM01,A,,TE72,0.938340408915443,31,224.41798473479363,,1.9278335222364,1.9278335222364,,0.0038241596967447,1190408.733788677,0.0005903995509025,,,,,,,,,,,,0.0038241596967447,0.0005903995509025,TE72,,,,TE72
93b2e9cb174c,ridge,"{""sidewall_angle"": 5.0, ""substrate_height"": 1000.0, ""topclad_height"": 800.0, ""substrate_material"": ""Al2O3"", ""topclad_material"": ""SiO2"", ""core_eq_o"": ""(1+2.8032/(1-0.015287/x**2)+0.36335/(1-0.036095/x**2)-33508000/(1+367200000/x**2))**0.5"", ""core_eq_e"": ""(1+0.017061/(1-0.043855/x**2)+3.1976/(1-0.022642/x**2)-57269000/(1-74226000/x**2))**0.5"", ""core_chi2"": ""AlN"", ""h_core"": 400.0, ""w_core"": 600.0}",screened,1,TM10,S,,TM45,0.1393204928241434,7,222.63269506587545,,2.0198854926338603,2.0198854926338603,,0.0032179893160043,1249721.636856835,0.0003823455778311,,,,,,,,,,,,0.0032179893160043,0.0003823455778311,TM45,,,,TM45
93b2e9cb174c,ridge,"{""sidewall_angle"": 5.0, ""substrate_height"": 1000.0, ""topclad_height"": 800.0, ""substrate_material"": ""Al2O3"", ""topclad_material"": ""SiO2"", ""core_eq_o"": ""(1+2.8032/(1-0.015287/x**2)+0.36335/(1-0.036095/x**2)-33508000/(1+367200000/x**2))**0.5"", ""core_eq_e"": ""(1+0.017061/(1-0.043855/x**2)+3.1976/(1-0.022642/x**2)-57269000/(1-74226000/x**2))**0.5"", ""core_chi2"": ""AlN"", ""h_core"": 400.0, ""w_core"": 600.0}",screened,4,TE10,A,,TM83,0.1045221642859878,30,220.91531212481837,,1.9436988971790872,1.9436988971790872,,0.0024124952052558,1899988.4585252288,0.0018408900327127,,,,,,,,,,,,0.0024124952052558,0.0018408900327127,TM83,,,,TM83
93b2e9cb174c,ridge,"{""sidewall_angle"": 5.0, ""substrate_height"": 1000.0, ""topclad_height"": 800.0, ""substrate_material"": ""Al2O3"", ""topclad_material"": ""SiO2"", ""core_eq_o"": ""(1+2.8032/(1-0.015287/x**2)+0.36335/(1-0.036095/x**2)-33508000/(1+367200000/x**2))**0.5"", ""core_eq_e"": ""(1+0.017061/(1-0.043855/x**2)+3.1976/(1-0.022642/x**2)-57269000/(1-74226000/x**2))**0.5"", ""core_chi2"": ""AlN"", ""h_core"": 400.0, ""w_core"": 600.0}",screened,4,TE10,A,,TM82,0.0384620546812581,43,232.34503233902245,,1.9187612071295936,1.9187612071295936,,0.0024043930770967,1791517.2076214042,0.0029921499012798,,,,,,,,,,,,0.0024043930770967,0.0029921499012798,TM82,,,,TM82
93b2e9cb174c,ridge,"{""sidewall_angle"": 5.0, ""substrate_height"": 1000.0, ""topclad_height"": 800.0, ""substrate_material"": ""Al2O3"", ""topclad_material"": ""SiO2"", ""core_eq_o"": ""(1+2.8032/(1-0.015287/x**2)+0.36335/(1-0.036095/x**2)-33508000/(1+367200000/x**2))**0.5"", ""core_eq_e"": ""(1+0.017061/(1-0.043855/x**2)+3.1976/(1-0.022642/x**2)-57269000/(1-74226000/x**2))**0.5"", ""core_chi2"": ""AlN"", ""h_core"": 400.0, ""w_core"": 600.0}",screened,4,TE10,A,,TM55,0.4637231324671013,45,233.22250828915935,,1.916893443807919,1.916893443807919,,0.0020923194835315,2049241.7022121053,0.0031941696363108,,,,,,,,,,,,0.0020923194835315,0.0031941696363108,TM55,,,,TM55
93b2e9cb174c,ridge,"{""sidewall_angle"": 5.0, ""substrate_height"": 1000.0, ""topclad_height"": 800.0, ""substrate_material"": ""Al2O3"", ""topclad_material"": ""SiO2"", ""core_eq_o"": ""(1+2.8032/(1-0.015287/x**2)+0.36335/(1-0.036095/x**2)-33508000/(1+367200000/x**2))**0.5"", ""core_eq_e"": ""(1+0.017061/(1-0.043855/x**2)+3.1976/(1-0.022642/x**2)-57269000/(1-74226000/x**2))**0.5"", ""core_chi2"": ""AlN"", ""h_core"": 400.0, ""w_core"": 600.0}",screened,2,TM01,A,,TE54,0.7620034024928334,44,234.6272899584784,,1.902948453909215,1.902948453909215,,0.0019128624715134,2263779.668363889,0.0004442312078861,,,,,,,,,,,,0.0019128624715134,0.0004442312078861,TE54,,,,TE54
93b2e9cb174c,ridge,"{""sidewall_angle"": 5.0, ""substrate_height"": 1000.0, ""topclad_height"": 800.0, ""substrate_material"": ""Al2O3"", ""topclad_material"": ""SiO2"", ""core_eq_o"": ""(1+2.8032/(1-0.015287/x**2)+0.36335/(1-0.036095/x**2)-33508000/(1+367200000/x**2))**0.5"", ""core_eq_e"": ""(1+0.017061/(1-0.043855/x**2)+3.1976/(1-0.022642/x**2)-57269000/(1-74226000/x**2))**0.5"", ""core_chi2"": ""AlN"", ""h_core"": 400.0, ""w_core"": 600.0}",screened,4,TE10,A,,TE55,0.8997815441150259,5,218.30411927076491,,1.9496315260117705,1.9496315260117705,,0.0018834224511321,2469601.061004823,0.0016202875615404,,,,,,,,,,,,0.0018834224511321,0.0016202875615404,TE55,,,,TE55
93b2e9cb174c,ridge,"{""sidewall_angle"": 5.0, ""substrate_height"": 1000.0, ""topclad_height"": 800.0, ""substrate_material"": ""Al2O3"", ""topclad_material"": ""SiO2"", ""core_eq_o"": ""(1+2.8032/(1-0.015287/x**2)+0.36335/(1-0.036095/x**2)-33508000/(1+367200000/x**2))**0.5"", ""core_eq_e"": ""(1+0.017061/(1-0.043855/x**2)+3.1976/(1-0.022642/x**2)-57269000/(1-74226000/x**2))**0.5"", ""core_chi2"": ""AlN"", ""h_core"": 400.0, ""w_core"": 600.0}",screened,4,TE10,A,,TE55,0.7134872622139934,1,220.1789696581025,,1.9453371702031448,1.9453371702031448,,0.0018432293782541,2497125.1857092213,0.0016376483377974,,,,,,,,,,,,0.0018432293782541,0.0016376483377974,TE55,,,,TE55
93b2e9cb174c,ridge,"{""sidewall_angle"": 5.0, ""substrate_height"": 1000.0, ""topclad_height"": 800.0, ""substrate_material"": ""Al2O3"", ""topclad_material"": ""SiO2"", ""core_eq_o"": ""(1+2.8032/(1-0.015287/x**2)+0.36335/(1-0.036095/x**2)-33508000/(1+367200000/x**2))**0.5"", ""core_eq_e"": ""(1+0.017061/(1-0.043855/x**2)+3.1976/(1-0.022642/x**2)-57269000/(1-74226000/x**2))**0.5"", ""core_chi2"": ""AlN"", ""h_core"": 400.0, ""w_core"": 600.0}",screened,1,TM10,S,,TM55,0.4054358181280859,16,215.15462734589943,,2.0352120537344183,2.0352120537344183,,0.0012617802348511,3336121.9971021465,0.0002260954266418,,,,,,,,,,,,0.0012617802348511,0.0002260954266418,TM55,,,,TM55
93b2e9cb174c,ridge,"{""sidewall_angle"": 5.0, ""substrate_height"": 1000.0, ""topclad_height"": 800.0, ""substrate_material"": ""Al2O3"", ""topclad_material"": ""SiO2"", ""core_eq_o"": ""(1+2.8032/(1-0.015287/x**2)+0.36335/(1-0.036095/x**2)-33508000/(1+367200000/x**2))**0.5"", ""core_eq_e"": ""(1+0.017061/(1-0.043855/x**2)+3.1976/(1-0.022642/x**2)-57269000/(1-74226000/x**2))**0.5"", ""core_chi2"": ""AlN"", ""h_core"": 400.0, ""w_core"": 600.0}",screened,4,TE10,A,,TE54,0.606957891876029,44,233.5500400814363,,1.91619627157408,1.91619627157408,,0.0012534911826802,3414718.2526724995,0.002500831995094,,,,,,,,,,,,0.0012534911826802,0.002500831995094,TE54,,,,TE54
93b2e9cb174c,ridge,"{""sidewall_angle"": 5.0, ""substrate_height"": 1000.0, ""topclad_height"": 800.0, ""substrate_material"": ""Al2O3"", ""topclad_material"": ""SiO2"", ""core_eq_o"": ""(1+2.8032/(1-0.015287/x**2)+0.36335/(1-0.036095/x**2)-33508000/(1+367200000/x**2))**0.5"", ""core_eq_e"": ""(1+0.017061/(1-0.043855/x**2)+3.1976/(1-0.022642/x**2)-57269000/(1-74226000/x**2))**0.5"", ""core_chi2"": ""AlN"", ""h_core"": 400.0, ""w_core"": 600.0}",screened,0,TM00,A,,TM65,0.0573558409190846,6,217.98224701773955,,2.10932283023358,2.10932283023358,,0.001219260759002,3021259.4203780955,0.0002358261595541,,,,,,,,,,,,0.001219260759002,0.0002358261595541,TM65,,,,TM65
93b2e9cb174c,ridge,"{""sidewall_angle"": 5.0, ""substrate_height"": 1000.0, ""topclad_height"": 800.0, ""substrate_material"": ""Al2O3"", ""topclad_material"": ""SiO2"", ""core_eq_o"": ""(1+2.8032/(1-0.015287/x**2)+0.36335/(1-0.036095/x**2)-33508000/(1+367200000/x**2))**0.5"", ""core_eq_e"": ""(1+0.017061/(1-0.043855/x**2)+3.1976/(1-0.022642/x**2)-57269000/(1-74226000/x**2))**0.5"", ""core_chi2"": ""AlN"", ""h_core"": 400.0, ""w_core"": 600.0}",screened,4,TE10,A,,TE55,0.9518422902899416,35,227.74958650819696,,1.9286398466471173,1.9286398466471173,,0.0011323003545322,3898753.527700339,0.0021004597600788,,,,,,,,,,,,0.0011323003545322,0.0021004597600788,TE55,,,,TE55
93b2e9cb174c,ridge,"{""sidewall_angle"": 5.0, ""substrate_height"": 1000.0, ""topclad_height"": 800.0, ""substrate_material"": ""Al2O3"", ""topclad_material"": ""SiO2"", ""core_eq_o"": ""(1+2.8032/(1-0.015287/x**2)+0.36335/(1-0.036095/x**2)-33508000/(1+367200000/x**2))**0.5"", ""core_eq_e"": ""(1+0.017061/(1-0.043855/x**2)+3.1976/(1-0.022642/x**2)-57269000/(1-74226000/x**2))**0.5"", ""core_chi2"": ""AlN"", ""h_core"": 400.0, ""w_core"": 600.0}",screened,4,TE10,A,,TE74,0.6323994172039445,36,228.8294693631068,,1.9262947292651067,1.9262947292651067,,0.0009772225443351,4491283.097294975,0.001889190664516,,,,,,,,,,,,0.0009772225443351,0.001889190664516,TE74,,,,TE74
93b2e9cb174c,ridge,"{""sidewall_angle"": 5.0, ""substrate_height"": 1000.0, ""topclad_height"": 800.0, ""substrate_material"": ""Al2O3"", ""topclad_material"": ""SiO2"", ""core_eq_o"": ""(1+2.8032/(1-0.015287/x**2)+0.36335/(1-0.036095/x**2)-33508000/(1+367200000/x**2))**0.5"", ""core_eq_e"": ""(1+0.017061/(1-0.043855/x**2)+3.1976/(1-0.022642/x**2)-57269000/(1-74226000/x**2))**0.5"", ""core_chi2"": ""AlN"", ""h_core"": 400.0, ""w_core"": 600.0}",screened,0,TM00,A,,TE34,0.8044808600830141,4,219.80756146989256,,2.106754424127732,2.106754424127732,,0.0009470096317714,3839499.608920368,0.0002068899015659,,,,,,,,,,,,0.0009470096317714,0.0002068899015659,TE34,,,,TE34
93b2e9cb174c,ridge,"{""sidewall_angle"": 5.0, ""substrate_height"": 1000.0, ""topclad_height"": 800.0, ""substrate_material"": ""Al2O3"", ""topclad_material"": ""SiO2"", ""core_eq_o"": ""(1+2.8032/(1-0.015287/x**2)+0.36335/(1-0.036095/x**2)-33508000/(1+367200000/x**2))**0.5"", ""core_eq_e"": ""(1+0.017061/(1-0.043855/x**2)+3.1976/(1-0.022642/x**2)-57269000/(1-74226000/x**2))**0.5"", ""core_chi2"": ""AlN"", ""h_core"": 400.0, ""w_core"": 600.0}",screened,2,TM01,A,,TE74,0.6365976049162764,39,230.10678175425568,,1.9138040795900968,1.9138040795900968,,0.0008274127368865,5349122.664608431,0.0002784940765107,,,,,,,,,,,,0.0008274127368865,0.0002784940765107,TE74,,,,TE74
93b2e9cb174c,ridge,"{""sidewall_angle"": 5.0, ""substrate_height"": 1000.0, ""topclad_height"": 800.0, ""substrate_material"": ""Al2O3"", ""topclad_material"": ""SiO2"", ""core_eq_o"": ""(1+2.8032/(1-0.015287/x**2)+0.36335/(1-0.036095/x**2)-33508000/(1+367200000/x**2))**0.5"", ""core_eq_e"": ""(1+0.017061/(1-0.043855/x**2)+3.1976/(1-0.022642/x**2)-57269000/(1-74226000/x**2))**0.5"", ""core_chi2"": ""AlN"", ""h_core"": 400.0, ""w_core"": 600.0}",screened,1,TM10,S,,TE53,0.9673512421590524,0,231.4392100647937,,2.002703028062312,2.002703028062312,,0.0006925040776565,5513281.266035668,0.0001798193747283,,,,,,,,,,,,0.0006925040776565,0.0001798193747283,TE53,,,,TE53
93b2e9cb174c,ridge,"{""sidewall_angle"": 5.0, ""substrate_height"": 1000.0, ""topclad_height"": 800.0, ""substrate_material"": ""Al2O3"", ""topclad_material"": ""SiO2"", ""core_eq_o"": ""(1+2.8032/(1-0.015287/x**2)+0.36335/(1-0.036095/x**2)-33508000/(1+367200000/x**2))**0.5"", ""core_eq_e"": ""(1+0.017061/(1-0.043855/x**2)+3.1976/(1-0.022642/x**2)-57269000/(1-74226000/x**2))**0.5"", ""core_chi2"": ""AlN"", ""h_core"": 400.0, ""w_core"": 600.0}",screened,4,TE10,A,,TM103,0.050956139289406,9,215.15263583862685,,1.9568718435708985,1.9568718435708985,,0.0005289919391173,8952131.94376702,0.0005702799361425,,,,,,,,,,,,0.0005289919391173,0.0005702799361425,TM103,,,,TM103
93b2e9cb174c,ridge,"{""sidewall_angle"": 5.0, ""substrate_height"": 1000.0, ""topclad_height"": 800.0, ""substrate_material"": ""Al2O3"", ""topclad_material"": ""SiO2"", ""core_eq_o"": ""(1+2.8032/(1-0.015287/x**2)+0.36335/(1-0.036095/x**2)-33508000/(1+367200000/x**2))**0.5"", ""core_eq_e"": ""(1+0.017061/(1-0.043855/x**2)+3.1976/(1-0.022642/x**2)-57269000/(1-74226000/x**2))**0.5"", ""core_chi2"": ""AlN"", ""h_core"": 400.0, ""w_core"": 600.0}",screened,4,TE10,A,,TM65,0.2313706409057613,4,218.62776649373063,,1.9488879686611251,1.9488879686611251,,0.0005055176209977,9184350.852665177,0.0008406496535515,,,,,,,,,,,,0.0005055176209977,0.0008406496535515,TM65,,,,TM65
93b2e9cb174c,ridge,"{""sidewall_angle"": 5.0, ""substrate_height"": 1000.0, ""topclad_height"": 800.0, ""substrate_material"": ""Al2O3"", ""topclad_material"": ""SiO2"", ""core_eq_o"": ""(1+2.8032/(1-0.015287/x**2)+0.36335/(1-0.036095/x**2)-33508000/(1+367200000/x**2))**0.5"", ""core_eq_e"": ""(1+0.017061/(1-0.043855/x**2)+3.1976/(1-0.022642/x**2)-57269000/(1-74226000/x**2))**0.5"", ""core_chi2"": ""AlN"", ""h_core"": 400.0, ""w_core"": 600.0}",screened,3,TE00,S,,TM81,0.2079526146949169,9,220.80536469032367,,2.0378533611752165,2.0378533611752165,,0.0003997948305047,9958199.39762722,0.0054187960727412,,,,,,,,,,,,0.0003997948305047,0.0054187960727412,TM81,,,,TM81
93b2e9cb174c,ridge,"{""sidewall_angle"": 5.0, ""substrate_height"": 1000.0, ""topclad_height"": 800.0, ""substrate_material"": ""Al2O3"", ""topclad_material"": ""SiO2"", ""core_eq_o"": ""(1+2.8032/(1-0.015287/x**2)+0.36335/(1-0.036095/x**2)-33508000/(1+367200000/x**2))**0.5"", ""core_eq_e"": ""(1+0.017061/(1-0.043855/x**2)+3.1976/(1-0.022642/x**2)-57269000/(1-74226000/x**2))**0.5"", ""core_chi2"": ""AlN"", ""h_core"": 400.0, ""w_core"": 600.0}",screened,4,TE10,A,,TE36,0.9495170563920122,8,215.3907224083428,,1.9563248559669888,1.9563248559669888,,0.0003889361279721,12159083.292691307,0.0005084769946007,,,,,,,,,,,,0.0003889361279721,0.0005084769946007,TE36,,,,TE36
93b2e9cb174c,ridge,"{""sidewall_angle"": 5.0, ""substrate_height"": 1000.0, ""topclad_height"": 800.0, ""substrate_material"": ""Al2O3"", ""topclad_material"": ""SiO2"", ""core_eq_o"": ""(1+2.8032/(1-0.015287/x**2)+0.36335/(1-0.036095/x**2)-33508000/(1+367200000/x**2))**0.5"", ""core_eq_e"": ""(1+0.017061/(1-0.043855/x**2)+3.1976/(1-0.022642/x**2)-57269000/(1-74226000/x**2))**0.5"", ""core_chi2"": ""AlN"", ""h_core"": 400.0, ""w_core"": 600.0}",screened,2,TM01,A,,TE74,0.5101504238644339,36,229.5893689611768,,1.9150711904244384,1.9150711904244384,,0.000193057976212,22983171.47025848,0.0001332387733335,,,,,,,,,,,,0.000193057976212,0.0001332387733335,TE74,,,,TE74
93b2e9cb174c,ridge,"{""sidewall_angle"": 5.0, ""substrate_height"": 1000.0, ""topclad_height"": 800.0, ""substrate_material"": ""Al2O3"", ""topclad_material"": ""SiO2"", ""core_eq_o"": ""(1+2.8032/(1-0.015287/x**2)+0.36335/(1-0.036095/x**2)-33508000/(1+367200000/x**2))**0.5"", ""core_eq_e"": ""(1+0.017061/(1-0.043855/x**2)+3.1976/(1-0.022642/x**2)-57269000/(1-74226000/x**2))**0.5"", ""core_chi2"": ""AlN"", ""h_core"": 400.0, ""w_core"": 600.0}",screened,1,TM10,S,,TE15,0.9901005847533048,10,221.37098128198755,,2.0224152070738186,2.0224152070738186,,0.0001762541476312,22991342.5203663,8.837572417167264e-05,,,,,,,,,,,,0.0001762541476312,8.837572417167264e-05,TE15,,,,TE15
93b2e9cb174c,ridge,"{""sidewall_angle"": 5.0, ""substrate_height"": 1000.0, ""topclad_height"": 800.0, ""substrate_material"": ""Al2O3"", ""topclad_material"": ""SiO2"", ""core_eq_o"": ""(1+2.8032/(1-0.015287/x**2)+0.36335/(1-0.036095/x**2)-33508000/(1+367200000/x**2))**0.5"", ""core_eq_e"": ""(1+0.017061/(1-0.043855/x**2)+3.1976/(1-0.022642/x**2)-57269000/(1-74226000/x**2))**0.5"", ""core_chi2"": ""AlN"", ""h_core"": 400.0, ""w_core"": 600.0}",screened,4,TE10,A,,TE54,0.832680433275055,38,228.03505809204376,,1.928019904983718,1.928019904983718,,0.0001716968542045,25671775.43277816,0.0007951148289694,,,,,,,,,,,,0.0001716968542045,0.0007951148289694,TE54,,,,TE54
93b2e9cb174c,ridge,"{""sidewall_angle"": 5.0, ""substrate_height"": 1000.0, ""topclad_height"": 800.0, ""substrate_material"": ""Al2O3"", ""topclad_material"": ""SiO2"", ""core_eq_o"": ""(1+2.8032/(1-0.015287/x**2)+0.36335/(1-0.036095/x**2)-33508000/(1+367200000/x**2))**0.5"", ""core_eq_e"": ""(1+0.017061/(1-0.043855/x**2)+3.1976/(1-0.022642/x**2)-57269000/(1-74226000/x**2))**0.5"", ""core_chi2"": ""AlN"", ""h_core"": 400.0, ""w_core"": 600.0}",screened,0,TM00,A,,TE73,0.8823474384376349,9,217.03459220625163,,2.110656278506666,2.110656278506666,,0.0001585315477039,23395367.050812542,8.285170779446552e-05,,,,,,,,,,,,0.0001585315477039,8.285170779446552e-05,TE73,,,,TE73
93b2e9cb174c,ridge,"{""sidewall_angle"": 5.0, ""substrate_height"": 1000.0, ""topclad_height"": 800.0, ""substrate_material"": ""Al2O3"", ""topclad_material"": ""SiO2"", ""core_eq_o"": ""(1+2.8032/(1-0.015287/x**2)+0.36335/(1-0.036095/x**2)-33508000/(1+367200000/x**2))**0.5"", ""core_eq_e"": ""(1+0.017061/(1-0.043855/x**2)+3.1976/(1-0.022642/x**2)-57269000/(1-74226000/x**2))**0.5"", ""core_chi2"": ""AlN"", ""h_core"": 400.0, ""w_core"": 600.0}",screened,0,TM00,A,,TE14,0.9828672554343793,34,227.4947510077397,,2.0966965517389493,2.0966965517389493,,0.0001519401768526,22663860.713727724,8.65166786399373e-05,,,,,,,,,,,,0.0001519401768526,8.65166786399373e-05,TE14,,,,TE14
93b2e9cb174c,ridge,"{""sidewall_angle"": 5.0, ""substrate_height"": 1000.0, ""topclad_height"": 800.0, ""substrate_material"": ""Al2O3"", ""topclad_material"": ""SiO2"", ""core_eq_o"": ""(1+2.8032/(1-0.015287/x**2)+0.36335/(1-0.036095/x**2)-33508000/(1+367200000/x**2))**0.5"", ""core_eq_e"": ""(1+0.017061/(1-0.043855/x**2)+3.1976/(1-0.022642/x**2)-57269000/(1-74226000/x**2))**0.5"", ""core_chi2"": ""AlN"", ""h_core"": 400.0, ""w_core"": 600.0}",screened,3,TE00,S,,TM82,0.0391603886916625,3,225.22498688238497,,2.0317431576666087,2.0317431576666087,,0.0001286176983566,30020348.69969009,0.0032361405381443,,,,,,,,,,,,0.0001286176983566,0.0032361405381443,TM82,,,,TM82
93b2e9cb174c,ridge,"{""sidewall_angle"": 5.0, ""substrate_height"": 1000.0, ""topclad_height"": 800.0, ""substrate_material"": ""Al2O3"", ""topclad_material"": ""SiO2"", ""core_eq_o"": ""(1+2.8032/(1-0.015287/x**2)+0.36335/(1-0.036095/x**2)-33508000/(1+367200000/x**2))**0.5"", ""core_eq_e"": ""(1+0.017061/(1-0.043855/x**2)+3.1976/(1-0.022642/x**2)-57269000/(1-74226000/x**2))**0.5"", ""core_chi2"": ""AlN"", ""h_core"": 400.0, ""w_core"": 600.0}",screened,2,TM01,A,,TE36,0.9495170563920122,8,215.6817296160409,,1.9500628141510152,1.9500628141510152,,0.0001213663849927,39236032.9179071,0.0001208771426792,,,,,,,,,,,,0.0001213663849927,0.0001208771426792,TE36,,,,TE36
93b2e9cb174c,ridge,"{""sidewall_angle"": 5.0, ""substrate_height"": 1000.0, ""topclad_height"": 800.0, ""substrate_material"": ""Al2O3"", ""topclad_material"": ""SiO2"", ""core_eq_o"": ""(1+2.8032/(1-0.015287/x**2)+0.36335/(1-0.036095/x**2)-33508000/(1+367200000/x**2))**0.5"", ""core_eq_e"": ""(1+0.017061/(1-0.043855/x**2)+3.1976/(1-0.022642/x**2)-57269000/(1-74226000/x**2))**0.5"", ""core_chi2"": ""AlN"", ""h_core"": 400.0, ""w_core"": 600.0}",screened,0,TM00,A,,TM64,0.301271718052028,5,218.88820332954285,,2.1080480560596717,2.1080480560596717,,0.0001047375965996,34943563.04134032,6.798825272647175e-05,,,,,,,,,,,,0.0001047375965996,6.798825272647175e-05,TM64,,,,TM64
93b2e9cb174c,ridge,"{""sidewall_angle"": 5.0, ""substrate_height"": 1000.0, ""topclad_height"": 800.0, ""substrate_material"": ""Al2O3"", ""topclad_material"": ""SiO2"", ""core_eq_o"": ""(1+2.8032/(1-0.015287/x**2)+0.36335/(1-0.036095/x**2)-33508000/(1+367200000/x**2))**0.5"", ""core_eq_e"": ""(1+0.017061/(1-0.043855/x**2)+3.1976/(1-0.022642/x**2)-57269000/(1-74226000/x**2))**0.5"", ""core_chi2"": ""AlN"", ""h_core"": 400.0, ""w_core"": 600.0}",screened,4,TE10,A,,TM103,0.1110411804593302,7,215.4044748788052,,1.9562932606070529,1.9562932606070529,,9.318099332946392e-05,50747817.51085347,0.0002403631830984,,,,,,,,,,,,9.318099332946392e-05,0.0002403631830984,TM103,,,,TM103
93b2e9cb174c,ridge,"{""sidewall_angle"": 5.0, ""substrate_height"": 1000.0, ""topclad_height"": 800.0, ""substrate_material"": ""Al2O3"", ""topclad_material"": ""SiO2"", ""core_eq_o"": ""(1+2.8032/(1-0.015287/x**2)+0.36335/(1-0.036095/x**2)-33508000/(1+367200000/x**2))**0.5"", ""core_eq_e"": ""(1+0.017061/(1-0.043855/x**2)+3.1976/(1-0.022642/x**2)-57269000/(1-74226000/x**2))**0.5"", ""core_chi2"": ""AlN"", ""h_core"": 400.0, ""w_core"": 600.0}",screened,3,TE00,S,,TM63,0.0646868689901105,33,232.14909460114052,,2.022578891351301,2.022578891351301,,9.027301314125976e-05,40808223.19065528,0.0028360919812527,,,,,,,,,,,,9.027301314125976e-05,0.0028360919812527,TM63,,,,TM63
93b2e9cb174c,ridge,"{""sidewall_angle"": 5.0, ""substrate_height"": 1000.0, ""topclad_height"": 800.0, ""substrate_material"": ""Al2O3"", ""topclad_material"": ""SiO2"", ""core_eq_o"": ""(1+2.8032/(1-0.015287/x**2)+0.36335/(1-0.036095/x**2)-33508000/(1+367200000/x**2))**0.5"", ""core_eq_e"": ""(1+0.017061/(1-0.043855/x**2)+3.1976/(1-0.022642/x**2)-57269000/(1-74226000/x**2))**0.5"", ""core_chi2"": ""AlN"", ""h_core"": 400.0, ""w_core"": 600.0}",screened,4,TE10,A,,TE72,0.9378264036423486,31,223.8491137262318,,1.9371715430758116,1.9371715430758116,,7.406533859445139e-05,60887201.16304352,0.0004300354913582,,,,,,,,,,,,7.406533859445139e-05,0.0004300354913582,TE72,,,,TE72
93b2e9cb174c,ridge,"{""sidewall_angle"": 5.0, ""substrate_height"": 1000.0, ""topclad_height"": 800.0, ""substrate_material"": ""Al2O3"", ""topclad_material"": ""SiO2"", ""core_eq_o"": ""(1+2.8032/(1-0.015287/x**2)+0.36335/(1-0.036095/x**2)-33508000/(1+367200000/x**2))**0.5"", ""core_eq_e"": ""(1+0.017061/(1-0.043855/x**2)+3.1976/(1-0.022642/x**2)-57269000/(1-74226000/x**2))**0.5"", ""core_chi2"": ""AlN"", ""h_core"": 400.0, ""w_core"": 600.0}",screened,4,TE10,A,,TE74,0.9298811485863216,3,218.71780391424969,,1.9486811138478923,1.9486811138478923,,7.257299260140795e-05,63942614.62601031,0.00031794363115,,,,,,,,,,,,7.257299260140795e-05,0.00031794363115,TE74,,,,TE74
93b2e9cb174c,ridge,"{""sidewall_angle"": 5.0, ""substrate_height"": 1000.0, ""topclad_height"": 800.0, ""substrate_material"": ""Al2O3"", ""topclad_material"": ""SiO2"", ""core_eq_o"": ""(1+2.8032/(1-0.015287/x**2)+0.36335/(1-0.036095/x**2)-33508000/(1+367200000/x**2))**0.5"", ""core_eq_e"": ""(1+0.017061/(1-0.043855/x**2)+3.1976/(1-0.022642/x**2)-57269000/(1-74226000/x**2))**0.5"", ""core_chi2"": ""AlN"", ""h_core"": 400.0, ""w_core"": 600.0}",screened,3,TE00,S,,TE54,0.8661848780866811,8,221.10762582116485,,2.0374347393547536,2.0374347393547536,,4.830492224847724e-05,82244350.18682343,0.0018933662419976,,,,,,,,,,,,4.830492224847724e-05,0.0018933662419976,TE54,,,,TE54
93b2e9cb174c,ridge,"{""sidewall_angle"": 5.0, ""substrate_height"": 1000.0, ""topclad_height"": 800.0, ""substrate_material"": ""Al2O3"", ""topclad_material"": ""SiO2"", ""core_eq_o"": ""(1+2.8032/(1-0.015287/x**2)+0.36335/(1-0.036095/x**2)-33508000/(1+367200000/x**2))**0.5"", ""core_eq_e"": ""(1+0.017061/(1-0.043855/x**2)+3.1976/(1-0.022642/x**2)-57269000/(1-74226000/x**2))**0.5"", ""core_chi2"": ""AlN"", ""h_core"": 400.0, ""w_core"": 600.0}",screened,2,TM01,A,,TM82,0.0578260801637521,34,227.1957121831356,,1.920962681112792,1.920962681112792,,3.13771244014214e-05,143082275.8992548,5.332421408439984e-05,,,,,,,,,,,,3.13771244014214e-05,5.332421408439984e-05,TM82,,,,TM82
93b2e9cb174c,ridge,"{""sidewall_angle"": 5.0, ""substrate_height"": 1000.0, ""topclad_height"": 800.0, ""substrate_material"": ""Al2O3"", ""topclad_material"": ""SiO2"", ""core_eq_o"": ""(1+2.8032/(1-0.015287/x**2)+0.36335/(1-0.036095/x**2)-33508000/(1+367200000/x**2))**0.5"", ""core_eq_e"": ""(1+0.017061/(1-0.043855/x**2)+3.1976/(1-0.022642/x**2)-57269000/(1-74226000/x**2))**0.5"", ""core_chi2"": ""AlN"", ""h_core"": 400.0, ""w_core"": 600.0}",screened,4,TE10,A,,TM85,0.2945805991335047,0,220.4871668187883,,1.944651468756786,1.944651468756786,,2.825581650523729e-05,162613351.45491242,0.0002037609822173,,,,,,,,,,,,2.825581650523729e-05,0.0002037609822173,TM85,,,,TM85
93b2e9cb174c,ridge,"{""sidewall_angle"": 5.0, ""substrate_height"": 1000.0, ""topclad_height"": 800.0, ""substrate_material"": ""Al2O3"", ""topclad_material"": ""SiO2"", ""core_eq_o"": ""(1+2.8032/(1-0.015287/x**2)+0.36335/(1-0.036095/x**2)-33508000/(1+367200000/x**2))**0.5"", ""core_eq_e"": ""(1+0.017061/(1-0.043855/x**2)+3.1976/(1-0.022642/x**2)-57269000/(1-74226000/x**2))**0.5"", ""core_chi2"": ""AlN"", ""h_core"": 400.0, ""w_core"": 600.0}",screened,3,TE00,S,,TE72,0.9231996889873808,11,218.041454283642,,2.041787755819054,2.041787755819054,,2.5467870196420817e-05,159387210.91387287,0.0013644638172067,,,,,,,,,,,,2.5467870196420817e-05,0.0013644638172067,TE72,,,,TE72
93b2e9cb174c,ridge,"{""sidewall_angle"": 5.0, ""substrate_height"": 1000.0, ""topclad_height"": 800.0, ""substrate_material"": ""Al2O3"", ""topclad_material"": ""SiO2"", ""core_eq_o"": ""(1+2.8032/(1-0.015287/x**2)+0.36335/(1-0.036095/x**2)-33508000/(1+367200000/x**2))**0.5"", ""core_eq_e"": ""(1+0.017061/(1-0.043855/x**2)+3.1976/(1-0.022642/x**2)-57269000/(1-74226000/x**2))**0.5"", ""core_chi2"": ""AlN"", ""h_core"": 400.0, ""w_core"": 600.0}",screened,3,TE00,S,,TM64,0.1659902476638408,5,222.709604440572,,2.035216051149186,2.035216051149186,,1.5591336131790042e-05,251978356.5390027,0.0011119776099192,,,,,,,,,,,,1.5591336131790042e-05,0.0011119776099192,TM64,,,,TM64
93b2e9cb174c,ridge,"{""sidewall_angle"": 5.0, ""substrate_height"": 1000.0, ""topclad_height"": 800.0, ""substrate_material"": ""Al2O3"", ""topclad_material"": ""SiO2"", ""core_eq_o"": ""(1+2.8032/(1-0.015287/x**2)+0.36335/(1-0.036095/x**2)-33508000/(1+367200000/x**2))**0.5"", ""core_eq_e"": ""(1+0.017061/(1-0.043855/x**2)+3.1976/(1-0.022642/x**2)-57269000/(1-74226000/x**2))**0.5"", ""core_chi2"": ""AlN"", ""h_core"": 400.0, ""w_core"": 600.0}",screened,3,TE00,S,,TM64,0.0573984121092392,2,225.66815926151324,,2.03115070951529,2.03115070951529,,1.4986755651563527e-05,256851069.34468535,0.0011198852018427,,,,,,,,,,,,1.4986755651563527e-05,0.0011198852018427,TM64,,,,TM64
93b2e9cb174c,ridge,"{""sidewall_angle"": 5.0, ""substrate_height"": 1000.0, ""topclad_height"": 800.0, ""substrate_material"": ""Al2O3"", ""topclad_material"": ""SiO2"", ""core_eq_o"": ""(1+2.8032/(1-0.015287/x**2)+0.36335/(1-0.036095/x**2)-33508000/(1+367200000/x**2))**0.5"", ""core_eq_e"": ""(1+0.017061/(1-0.043855/x**2)+3.1976/(1-0.022642/x**2)-57269000/(1-74226000/x**2))**0.5"", ""core_chi2"": ""AlN"", ""h_core"": 400.0, ""w_core"": 600.0}",screened,3,TE00,S,,TM45,0.011310994837315,1,226.35022406620536,,2.030238901713968,2.030238901713968,,1.487470269492622e-05,257575432.1876366,0.0011540725281821,,,,,,,,,,,,1.487470269492622e-05,0.0011540725281821,TM45,,,,TM45
93b2e9cb174c,ridge,"{""sidewall_angle"": 5.0, ""substrate_height"": 1000.0, ""topclad_height"": 800.0, ""substrate_material"": ""Al2O3"", ""topclad_material"": ""SiO2"", ""core_eq_o"": ""(1+2.8032/(1-0.015287/x**2)+0.36335/(1-0.036095/x**2)-33508000/(1+367200000/x**2))**0.5"", ""core_eq_e"": ""(1+0.017061/(1-0.043855/x**2)+3.1976/(1-0.022642/x**2)-57269000/(1-74226000/x**2))**0.5"", ""core_chi2"": ""AlN"", ""h_core"": 400.0, ""w_core"": 600.0}",screened,3,TE00,S,,TM83,0.0947623340021336,12,216.6264954563629,,2.043824346467344,2.043824346467344,,1.3790938465221536e-05,297309201.8470472,0.0009329254628896,,,,,,,,,,,,1.3790938465221536e-05,0.0009329254628896,TM83,,,,TM83
93b2e9cb174c,ridge,"{""sidewall_angle"": 5.0, ""substrate_height"": 1000.0, ""topclad_height"": 800.0, ""substrate_material"": ""Al2O3"", ""topclad_material"": ""SiO2"", ""core_eq_o"": ""(1+2.8032/(1-0.015287/x**2)+0.36335/(1-0.036095/x**2)-33508000/(1+367200000/x**2))**0.5"", ""core_eq_e"": ""(1+0.017061/(1-0.043855/x**2)+3.1976/(1-0.022642/x**2)-57269000/(1-74226000/x**2))**0.5"", ""core_chi2"": ""AlN"", ""h_core"": 400.0, ""w_core"": 600.0}",screened,3,TE00,S,,TE14,0.9893826839896656,34,234.45625566973067,,2.0195934943297043,2.0195934943297043,,1.176882679212863e-05,308253001.4582284,0.001070408004593,,,,,,,,,,,,1.176882679212863e-05,0.001070408004593,TE14,,,,TE14
93b2e9cb174c,ridge,"{""sidewall_angle"": 5.0, ""substrate_height"": 1000.0, ""topclad_height"": 800.0, ""substrate_material"": ""Al2O3"", ""topclad_material"": ""SiO2"", ""core_eq_o"": ""(1+2.8032/(1-0.015287/x**2)+0.36335/(1-0.036095/x**2)-33508000/(1+367200000/x**2))**0.5"", ""core_eq_e"": ""(1+0.017061/(1-0.043855/x**2)+3.1976/(1-0.022642/x**2)-57269000/(1-74226000/x**2))**0.5"", ""core_chi2"": ""AlN"", ""h_core"": 400.0, ""w_core"": 600.0}",screened,2,TM01,A,,TM84,0.3160410230156925,45,234.23157210809603,,1.9038987375200227,1.9038987375200227,,7.533258702094762e-06,575904852.5918179,2.7571510242570445e-05,,,,,,,,,,,,7.533258702094762e-06,2.7571510242570445e-05,TM84,,,,TM84
93b2e9cb174c,ridge,"{""sidewall_angle"": 5.0, ""substrate_height"": 1000.0, ""topclad_height"": 800.0, ""substrate_material"": ""Al2O3"", ""topclad_material"": ""SiO2"", ""core_eq_o"": ""(1+2.8032/(1-0.015287/x**2)+0.36335/(1-0.036095/x**2)-33508000/(1+367200000/x**2))**0.5"", ""core_eq_e"": ""(1+0.017061/(1-0.043855/x**2)+3.1976/(1-0.022642/x**2)-57269000/(1-74226000/x**2))**0.5"", ""core_chi2"": ""AlN"", ""h_core"": 400.0, ""w_core"": 600.0}",screened,3,TE00,S,,TM65,0.0988702248027433,13,216.13334290204307,,2.044534155022155,2.044534155022155,,6.443163882964697e-06,638601882.874288,0.0006462922541156,,,,,,,,,,,,6.443163882964697e-06,0.0006462922541156,TM65,,,,TM65
93b2e9cb174c,ridge,"{""sidewall_angle"": 5.0, ""substrate_height"": 1000.0, ""topclad_height"": 800.0, ""substrate_material"": ""Al2O3"", ""topclad_material"": ""SiO2"", ""core_eq_o"": ""(1+2.8032/(1-0.015287/x**2)+0.36335/(1-0.036095/x**2)-33508000/(1+367200000/x**2))**0.5"", ""core_eq_e"": ""(1+0.017061/(1-0.043855/x**2)+3.1976/(1-0.022642/x**2)-57269000/(1-74226000/x**2))**0.5"", ""core_chi2"": ""AlN"", ""h_core"": 400.0, ""w_core"": 600.0}",screened,0,TM00,A,,TE53,0.974811149769988,0,223.88516722019705,,2.101319635998793,2.101319635998793,,4.303005961938682e-06,820837286.8636981,1.4166936773215564e-05,,,,,,,,,,,,4.303005961938682e-06,1.4166936773215564e-05,TE53,,,,TE53
93b2e9cb174c,ridge,"{""sidewall_angle"": 5.0, ""substrate_height"": 1000.0, ""topclad_height"": 800.0, ""substrate_material"": ""Al2O3"", ""topclad_material"": ""SiO2"", ""core_eq_o"": ""(1+2.8032/(1-0.015287/x**2)+0.36335/(1-0.036095/x**2)-33508000/(1+367200000/x**2))**0.5"", ""core_eq_e"": ""(1+0.017061/(1-0.043855/x**2)+3.1976/(1-0.022642/x**2)-57269000/(1-74226000/x**2))**0.5"", ""core_chi2"": ""AlN"", ""h_core"": 400.0, ""w_core"": 600.0}",screened,4,TE10,A,,TE64,0.5079440140673309,39,229.33395723103047,,1.92519916296113,1.92519916296113,,3.729149473214315e-06,1173768662.0299268,0.0001172508835453,,,,,,,,,,,,3.729149473214315e-06,0.0001172508835453,TE64,,,,TE64
93b2e9cb174c,ridge,"{""sidewall_angle"": 5.0, ""substrate_height"": 1000.0, ""topclad_height"": 800.0, ""substrate_material"": ""Al2O3"", ""topclad_material"": ""SiO2"", ""core_eq_o"": ""(1+2.8032/(1-0.015287/x**2)+0.36335/(1-0.036095/x**2)-33508000/(1+367200000/x**2))**0.5"", ""core_eq_e"": ""(1+0.017061/(1-0.043855/x**2)+3.1976/(1-0.022642/x**2)-57269000/(1-74226000/x**2))**0.5"", ""core_chi2"": ""AlN"", ""h_core"": 400.0, ""w_core"": 600.0}",screened,3,TE00,S,,TE53,0.9701365486125948,0,229.54011421108936,,2.0259745463338663,2.0259745463338663,,3.62814002137633e-06,1033362848.2893918,0.0005643594072944,,,,,,,,,,,,3.62814002137633e-06,0.0005643594072944,TE53,,,,TE53
93b2e9cb174c,ridge,"{""sidewall_angle"": 5.0, ""substrate_height"": 1000.0, ""topclad_height"": 800.0, ""substrate_material"": ""Al2O3"", ""topclad_material"": ""SiO2"", ""core_eq_o"": ""(1+2.8032/(1-0.015287/x**2)+0.36335/(1-0.036095/x**2)-33508000/(1+367200000/x**2))**0.5"", ""core_eq_e"": ""(1+0.017061/(1-0.043855/x**2)+3.1976/(1-0.022642/x**2)-57269000/(1-74226000/x**2))**0.5"", ""core_chi2"": ""AlN"", ""h_core"": 400.0, ""w_core"": 600.0}",screened,3,TE00,S,,TE74,0.6199019352638758,6,221.73514020304404,,2.0365656523762925,2.0365656523762925,,2.6166309879153334e-06,1511643042.2602096,0.000446470957036,,,,,,,,,,,,2.6166309879153334e-06,0.000446470957036,TE74,,,,TE74
93b2e9cb174c,ridge,"{""sidewall_angle"": 5.0, ""substrate_height"": 1000.0, ""topclad_height"": 800.0, ""substrate_material"": ""Al2O3"", ""topclad_material"": ""SiO2"", ""core_eq_o"": ""(1+2.8032/(1-0.015287/x**2)+0.36335/(1-0.036095/x**2)-33508000/(1+367200000/x**2))**0.5"", ""core_eq_e"": ""(1+0.017061/(1-0.043855/x**2)+3.1976/(1-0.022642/x**2)-57269000/(1-74226000/x**2))**0.5"", ""core_chi2"": ""AlN"", ""h_core"": 400.0, ""w_core"": 600.0}",screened,3,TE00,S,,TM85,0.3170641457483883,7,221.67141194947143,,2.036653913931628,2.036653913931628,,2.2660124947308567e-06,1746315224.9347055,0.0004191845819729,,,,,,,,,,,,2.2660124947308567e-06,0.0004191845819729,TM85,,,,TM85
93b2e9cb174c,ridge,"{""sidewall_angle"": 5.0, ""substrate_height"": 1000.0, ""topclad_height"": 800.0, ""substrate_material"": ""Al2O3"", ""topclad_material"": ""SiO2"", ""core_eq_o"": ""(1+2.8032/(1-0.015287/x**2)+0.36335/(1-0.036095/x**2)-33508000/(1+367200000/x**2))**0.5"", ""core_eq_e"": ""(1+0.017061/(1-0.043855/x**2)+3.1976/(1-0.022642/x**2)-57269000/(1-74226000/x**2))**0.5"", ""core_chi2"": ""AlN"", ""h_core"": 400.0, ""w_core"": 600.0}",screened,3,TE00,S,,TE34,0.901850073202807,4,224.48440592509027,,2.032758008904913,2.032758008904913,,1.3040648334862382e-06,2975962421.3612337,0.0003285333355629,,,,,,,,,,,,1.3040648334862382e-06,0.0003285333355629,TE34,,,,TE34
93b2e9cb174c,ridge,"{""sidewall_angle"": 5.0, ""substrate_height"": 1000.0, ""topclad_height"": 800.0, ""substrate_material"": ""Al2O3"", ""topclad_material"": ""SiO2"", ""core_eq_o"": ""(1+2.8032/(1-0.015287/x**2)+0.36335/(1-0.036095/x**2)-33508000/(1+367200000/x**2))**0.5"", ""core_eq_e"": ""(1+0.017061/(1-0.043855/x**2)+3.1976/(1-0.022642/x**2)-57269000/(1-74226000/x**2))**0.5"", ""core_chi2"": ""AlN"", ""h_core"": 400.0, ""w_core"": 600.0}",screened,3,TE00,S,,TE15,0.9931192662374732,10,220.39591688739245,,2.038420433045061,2.038420433045061,,6.542420805706449e-07,6102800440.45001,0.0002243935845333,,,,,,,,,,,,6.542420805706449e-07,0.0002243935845333,TE15,,,,TE15
93b2e9cb174c,ridge,"{""sidewall_angle"": 5.0, ""substrate_height"": 1000.0, ""topclad_height"": 800.0, ""substrate_material"": ""Al2O3"", ""topclad_material"": ""SiO2"", ""core_eq_o"": ""(1+2.8032/(1-0.015287/x**2)+0.36335/(1-0.036095/x**2)-33508000/(1+367200000/x**2))**0.5"", ""core_eq_e"": ""(1+0.017061/(1-0.043855/x**2)+3.1976/(1-0.022642/x**2)-57269000/(1-74226000/x**2))**0.5"", ""core_chi2"": ""AlN"", ""h_core"": 400.0, ""w_core"": 600.0}",screened,0,TM00,A,,TE15,0.9955595196066248,10,216.3235850649929,,2.1116567390469068,2.1116567390469068,,4.107779042799052e-07,9075514134.728224,4.271732311368099e-06,,,,,,,,,,,,4.107779042799052e-07,4.271732311368099e-06,TE15,,,,TE15
93b2e9cb174c,ridge,"{""sidewall_angle"": 5.0, ""substrate_height"": 1000.0, ""topclad_height"": 800.0, ""substrate_material"": ""Al2O3"", ""topclad_material"": ""SiO2"", ""core_eq_o"": ""(1+2.8032/(1-0.015287/x**2)+0.36335/(1-0.036095/x**2)-33508000/(1+367200000/x**2))**0.5"", ""core_eq_e"": ""(1+0.017061/(1-0.043855/x**2)+3.1976/(1-0.022642/x**2)-57269000/(1-74226000/x**2))**0.5"", ""core_chi2"": ""AlN"", ""h_core"": 400.0, ""w_core"": 600.0}",screened,3,TE00,S,,TE65,0.6756423570508618,14,215.42883447807029,,2.045548174116028,2.045548174116028,,6.847188268172741e-08,60395830210.50153,6.661284935242039e-05,,,,,,,,,,,,6.847188268172741e-08,6.661284935242039e-05,TE65,,,,TE65
8719e9d5c176,ridge,"{""sidewall_angle"": 5.0, ""substrate_height"": 1000.0, ""topclad_height"": 800.0, ""substrate_material"": ""Al2O3"", ""topclad_material"": ""SiO2"", ""core_eq_o"": ""(1+2.8032/(1-0.015287/x**2)+0.36335/(1-0.036095/x**2)-33508000/(1+367200000/x**2))**0.5"", ""core_eq_e"": ""(1+0.017061/(1-0.043855/x**2)+3.1976/(1-0.022642/x**2)-57269000/(1-74226000/x**2))**0.5"", ""core_chi2"": ""AlN"", ""h_core"": 400.0, ""w_core"": 700.0}",refined,2,TM21,A,0.0150394623248545,TM25,0.1453322041886131,40,230.2298986168921,230.22755451015595,1.924529954117349,1.9245035857225563,2.636839479253084e-05,2.4084923230950506,1805.1747019745017,0.0125036760734761,0.0018881325256933,0.2036573033768145,0.241218300179306,946.7496869556544,1728.0682468223642,7028.101371113156,0.0,1.4109929499999998,0.5179010736300784,0.0064600947678769,False,2.3931412542764696,0.0124331163613552,TM65,runs\trial_grid\exports\8719e9d5c176_x00.npz,0.999990581184349,0.9999628500473418,TM65
8719e9d5c176,ridge,"{""sidewall_angle"": 5.0, ""substrate_height"": 1000.0, ""topclad_height"": 800.0, ""substrate_material"": ""Al2O3"", ""topclad_material"": ""SiO2"", ""core_eq_o"": ""(1+2.8032/(1-0.015287/x**2)+0.36335/(1-0.036095/x**2)-33508000/(1+367200000/x**2))**0.5"", ""core_eq_e"": ""(1+0.017061/(1-0.043855/x**2)+3.1976/(1-0.022642/x**2)-57269000/(1-74226000/x**2))**0.5"", ""core_chi2"": ""AlN"", ""h_core"": 400.0, ""w_core"": 700.0}",refined,2,TM21,A,0.0151099945152507,TM100,0.0192322390156987,39,227.05241442750352,227.0553135252765,1.9323878646433392,1.9324307084275132,-4.284378417418466e-05,1.2846863864499654,3437.273738482359,0.0082638187035482,0.0021822914050298,0.1962772288480821,0.1247234950103778,1050.8636567884598,1642.1184658751129,44172.08978821276,0.0,0.4709976500000001,0.1468119563283049,0.0002768980987119,False,1.558042914847111,0.0089861432882729,TM102,runs\trial_grid\exports\8719e9d5c176_x01.npz,0.9992243120252084,0.999999330450951,TM102
8719e9d5c176,ridge,"{""sidewall_angle"": 5.0, ""substrate_height"": 1000.0, ""topclad_height"": 800.0, ""substrate_material"": ""Al2O3"", ""topclad_material"": ""SiO2"", ""core_eq_o"": ""(1+2.8032/(1-0.015287/x**2)+0.36335/(1-0.036095/x**2)-33508000/(1+367200000/x**2))**0.5"", ""core_eq_e"": ""(1+0.017061/(1-0.043855/x**2)+3.1976/(1-0.022642/x**2)-57269000/(1-74226000/x**2))**0.5"", ""core_chi2"": ""AlN"", ""h_core"": 400.0, ""w_core"": 700.0}",refined,2,TM21,A,0.0153100272606599,TM06,0.0128534148988716,3,219.16207633318865,219.15853954971,1.9526283161749665,1.952570616096629,5.770007833749702e-05,1.37044220568195,3352.1123881499648,0.0087437809199751,0.0034899026488914,0.1824267109461035,0.222491752828348,1307.6958027409578,1424.0361234844293,1766.4476229265886,0.0,2.6509867500000004,0.92692988392373,0.0117748258598789,False,1.3622196151419244,0.0087310776096492,TM06,runs\trial_grid\exports\8719e9d5c176_x02.npz,0.9998861151659167,0.9999601049734572,TM06
8719e9d5c176,ridge,"{""sidewall_angle"": 5.0, ""substrate_height"": 1000.0, ""topclad_height"": 800.0, ""substrate_material"": ""Al2O3"", ""topclad_material"": ""SiO2"", ""core_eq_o"": ""(1+2.8032/(1-0.015287/x**2)+0.36335/(1-0.036095/x**2)-33508000/(1+367200000/x**2))**0.5"", ""core_eq_e"": ""(1+0.017061/(1-0.043855/x**2)+3.1976/(1-0.022642/x**2)-57269000/(1-74226000/x**2))**0.5"", ""core_chi2"": ""AlN"", ""h_core"": 400.0, ""w_core"": 700.0}",refined,1,TM10,S,0.0159417588331406,TM100,0.02492002103742,7,220.6844864618398,220.68154849674616,2.050986053836172,2.050931506000204,5.454783596814394e-05,0.6547583724569376,5971.106034162728,0.0057229788509597,1.841763426427664e-33,0.1790806928544062,0.123077227671733,760.4091865021259,842.1906799429821,35463.49139807045,0.0,0.6509967500000001,0.1928870897408182,0.0002436056639309,False,0.6841123440801405,0.0058294260065879,TM102,runs\trial_grid\exports\8719e9d5c176_x03.npz,0.9999638802061728,0.99989340118062,TM102
8719e9d5c176,ridge,"{""sidewall_angle"": 5.0, ""substrate_height"": 1000.0, ""topclad_height"": 800.0, ""substrate_material"": ""Al2O3"", ""topclad_material"": ""SiO2"", ""core_eq_o"": ""(1+2.8032/(1-0.015287/x**2)+0.36335/(1-0.036095/x**2)-33508000/(1+367200000/x**2))**0.5"", ""core_eq_e"": ""(1+0.017061/(1-0.043855/x**2)+3.1976/(1-0.022642/x**2)-57269000/(1-74226000/x**2))**0.5"", ""core_chi2"": ""AlN"", ""h_core"": 400.0, ""w_core"": 700.0}",refined,2,TM21,A,0.0150564033033844,TE72,0.8657833640227619,38,229.4543842349396,229.45315773944023,1.9264325990298128,1.9264185283876765,1.4070642136765343e-05,0.5924201255396172,7366.737851181625,0.0058283300354834,0.0002162122979936,0.2017693449200389,0.2149445653267037,971.7567017669916,1707.547684601212,36631.84321702433,0.0,0.53099735,0.170572215035945,0.0001723639278341,False,0.5407276211135063,0.0055919759198637,TE73,runs\trial_grid\exports\8719e9d5c176_x04.npz,0.9999465488429932,0.9998806212670084,TE73
8719e9d5c176,ridge,"{""sidewall_angle"": 5.0, ""substrate_height"": 1000.0, ""topclad_height"": 800.0, ""substrate_material"": ""Al2O3"", ""topclad_material"": ""SiO2"", ""core_eq_o"": ""(1+2.8032/(1-0.015287/x**2)+0.36335/(1-0.036095/x**2)-33508000/(1+367200000/x**2))**0.5"", ""core_eq_e"": ""(1+0.017061/(1-0.043855/x**2)+3.1976/(1-0.022642/x**2)-57269000/(1-74226000/x**2))**0.5"", ""core_chi2"": ""AlN"", ""h_core"": 400.0, ""w_core"": 700.0}",refined,2,TM21,A,0.0151349555984948,TM64,0.1038140232177363,37,225.94081972222483,225.94218520291844,1.9351759787001035,1.9351963015942035,-2.032289410025534e-05,0.2364479658438408,18778.681129462635,0.0035623606983461,3.265503751315469e-05,0.1939307795170802,0.1817396733927425,1087.9458847833878,1611.1888801368098,16162.820423035037,0.0,0.8809956000000001,0.3100662134208891,0.0002273235729201,False,0.2533699436852019,0.0036664162935115,TM84,runs\trial_grid\exports\8719e9d5c176_x05.npz,0.9998372407353924,0.9999980698199042,TM84
8719e9d5c176,ridge,"{""sidewall_angle"": 5.0, ""substrate_height"": 1000.0, ""topclad_height"": 800.0, ""substrate_material"": ""Al2O3"", ""topclad_material"": ""SiO2"", ""core_eq_o"": ""(1+2.8032/(1-0.015287/x**2)+0.36335/(1-0.036095/x**2)-33508000/(1+367200000/x**2))**0.5"", ""core_eq_e"": ""(1+0.017061/(1-0.043855/x**2)+3.1976/(1-0.022642/x**2)-57269000/(1-74226000/x**2))**0.5"", ""core_chi2"": ""AlN"", ""h_core"": 400.0, ""w_core"": 700.0}",refined,2,TM21,A,0.0153213984052628,TE91,0.862473258676522,4,218.84138912742264,218.8406655037328,1.953473372697408,1.953460219573334,1.3153124073683742e-05,0.1742620459347675,26404.30413437104,0.0028555027692507,2.403509181881018e-05,0.1819986833696216,0.2056336655671361,1317.4326513460514,1415.6028415593726,71740.46500237369,0.0,0.3409983000000001,0.0979083763768121,1.6704847141415205e-05,False,0.1660740472656174,0.0027992202504422,TE92,runs\trial_grid\exports\8719e9d5c176_x06.npz,0.9997835405736376,0.999977720133076,TE92
8719e9d5c176,ridge,"{""sidewall_angle"": 5.0, ""substrate_height"": 1000.0, ""topclad_height"": 800.0, ""substrate_material"": ""Al2O3"", ""topclad_material"": ""SiO2"", ""core_eq_o"": ""(1+2.8032/(1-0.015287/x**2)+0.36335/(1-0.036095/x**2)-33508000/(1+367200000/x**2))**0.5"", ""core_eq_e"": ""(1+0.017061/(1-0.043855/x**2)+3.1976/(1-0.022642/x**2)-57269000/(1-74226000/x**2))**0.5"", ""core_chi2"": ""AlN"", ""h_core"": 400.0, ""w_core"": 700.0}",refined,0,TM00,A,0.000621453697438,TM80,0.0149063289860459,38,232.2803048603109,232.28183267031324,2.098057727685407,2.098075499618928,-1.7771933520815963e-05,0.1143771515231809,28822.788399359884,0.0025779405669811,0.0004044695784451,0.1798802398927282,0.1286563518794681,180.17469337685716,843.1413706658116,19874.57518438364,0.0,1.11099445,0.3366500666475935,0.0001296273629503,False,0.1179056295083335,0.0026138845851115,TM81,runs\trial_grid\exports\8719e9d5c176_x07.npz,0.9999924055225796,0.999990324738318,TM81
8719e9d5c176,ridge,"{""sidewall_angle"": 5.0, ""substrate_height"": 1000.0, ""topclad_height"": 800.0, ""substrate_material"": ""Al2O3"", ""topclad_material"": ""SiO2"", ""core_eq_o"": ""(1+2.8032/(1-0.015287/x**2)+0.36335/(1-0.036095/x**2)-33508000/(1+367200000/x**2))**0.5"", ""core_eq_e"": ""(1+0.017061/(1-0.043855/x**2)+3.1976/(1-0.022642/x**2)-57269000/(1-74226000/x**2))**0.5"", ""core_chi2"": ""AlN"", ""h_core"": 400.0, ""w_core"": 700.0}",screened,0,TM00,A,,TM24,0.0470566807670816,37,231.57843348927383,,2.0988983070674925,2.0988983070674925,,0.0822301324091797,40286.043666325706,0.0022194781492061,,,,,,,,,,,,0.0822301324091797,0.0022194781492061,TM24,,,,TM24
8719e9d5c176,ridge,"{""sidewall_angle"": 5.0, ""substrate_height"": 1000.0, ""topclad_height"": 800.0, ""substrate_material"": ""Al2O3"", ""topclad_material"": ""SiO2"", ""core_eq_o"": ""(1+2.8032/(1-0.015287/x**2)+0.36335/(1-0.036095/x**2)-33508000/(1+367200000/x**2))**0.5"", ""core_eq_e"": ""(1+0.017061/(1-0.043855/x**2)+3.1976/(1-0.022642/x**2)-57269000/(1-74226000/x**2))**0.5"", ""core_chi2"": ""AlN"", ""h_core"": 400.0, ""w_core"": 700.0}",screened,1,TM10,S,,TM82,0.2154601382836129,33,231.9176892115752,,2.0324100536797363,2.0324100536797363,,0.0626320494291145,58084.15121277773,0.0029068540762596,,,,,,,,,,,,0.0626320494291145,0.0029068540762596,TM82,,,,TM82
8719e9d5c176,ridge,"{""sidewall_angle"": 5.0, ""substrate_height"": 1000.0, ""topclad_height"": 800.0, ""substrate_material"": ""Al2O3"", ""topclad_material"": ""SiO2"", ""core_eq_o"": ""(1+2.8032/(1-0.015287/x**2)+0.36335/(1-0.036095/x**2)-33508000/(1+367200000/x**2))**0.5"", ""core_eq_e"": ""(1+0.017061/(1-0.043855/x**2)+3.1976/(1-0.022642/x**2)-57269000/(1-74226000/x**2))**0.5"", ""core_chi2"": ""AlN"", ""h_core"": 400.0, ""w_core"": 700.0}",screened,1,TM10,S,,TM103,0.3979701322175024,11,217.4301718300033,,2.0570227533650693,2.0570227533650693,,0.0407241013366163,98027.42840333762,0.0013961234574015,,,,,,,,,,,,0.0407241013366163,0.0013961234574015,TM103,,,,TM103
8719e9d5c176,ridge,"{""sidewall_angle"": 5.0, ""substrate_height"": 1000.0, ""topclad_height"": 800.0, ""substrate_material"": ""Al2O3"", ""topclad_material"": ""SiO2"", ""core_eq_o"": ""(1+2.8032/(1-0.015287/x**2)+0.36335/(1-0.036095/x**2)-33508000/(1+367200000/x**2))**0.5"", ""core_eq_e"": ""(1+0.017061/(1-0.043855/x**2)+3.1976/(1-0.022642/x**2)-57269000/(1-74226000/x**2))**0.5"", ""core_chi2"": ""AlN"", ""h_core"": 400.0, ""w_core"": 700.0}",screened,2,TM21,A,,TM103,0.427781806474869,31,222.6841206597324,,1.9435161457528856,1.9435161457528856,,0.0393812843835805,114583.7921423722,0.0014058412787375,,,,,,,,,,,,0.0393812843835805,0.0014058412787375,TM103,,,,TM103
8719e9d5c176,ridge,"{""sidewall_angle"": 5.0, ""substrate_height"": 1000.0, ""topclad_height"": 800.0, ""substrate_material"": ""Al2O3"", ""topclad_material"": ""SiO2"", ""core_eq_o"": ""(1+2.8032/(1-0.015287/x**2)+0.36335/(1-0.036095/x**2)-33508000/(1+367200000/x**2))**0.5"", ""core_eq_e"": ""(1+0.017061/(1-0.043855/x**2)+3.1976/(1-0.022642/x**2)-57269000/(1-74226000/x**2))**0.5"", ""core_chi2"": ""AlN"", ""h_core"": 400.0, ""w_core"": 700.0}",screened,1,TM10,S,,TE74,0.8542265294048905,2,227.2329308181316,,2.0395915073614805,2.0395915073614805,,0.0265343692183236,141310.72722041904,0.0012299687270094,,,,,,,,,,,,0.0265343692183236,0.0012299687270094,TE74,,,,TE74
8719e9d5c176,ridge,"{""sidewall_angle"": 5.0, ""substrate_height"": 1000.0, ""topclad_height"": 800.0, ""substrate_material"": ""Al2O3"", ""topclad_material"": ""SiO2"", ""core_eq_o"": ""(1+2.8032/(1-0.015287/x**2)+0.36335/(1-0.036095/x**2)-33508000/(1+367200000/x**2))**0.5"", ""core_eq_e"": ""(1+0.017061/(1-0.043855/x**2)+3.1976/(1-0.022642/x**2)-57269000/(1-74226000/x**2))**0.5"", ""core_chi2"": ""AlN"", ""h_core"": 400.0, ""w_core"": 700.0}",screened,0,TM00,A,,TM102,0.2733987372876461,7,217.5816947698441,,2.1164146241114667,2.1164146241114667,,0.0246581568915862,148439.14385804554,0.0011147766405332,,,,,,,,,,,,0.0246581568915862,0.0011147766405332,TM102,,,,TM102
8719e9d5c176,ridge,"{""sidewall_angle"": 5.0, ""substrate_height"": 1000.0, ""topclad_height"": 800.0, ""substrate_material"": ""Al2O3"", ""topclad_material"": ""SiO2"", ""core_eq_o"": ""(1+2.8032/(1-0.015287/x**2)+0.36335/(1-0.036095/x**2)-33508000/(1+367200000/x**2))**0.5"", ""core_eq_e"": ""(1+0.017061/(1-0.043855/x**2)+3.1976/(1-0.022642/x**2)-57269000/(1-74226000/x**2))**0.5"", ""core_chi2"": ""AlN"", ""h_core"": 400.0, ""w_core"": 700.0}",screened,3,TE00,S,,TE71,0.7694060051077781,34,232.97359082375223,,2.029062984618706,2.029062984618706,,0.0224669816249712,161254.3066048898,0.0012206791513968,,,,,,,,,,,,0.0224669816249712,0.0012206791513968,TE71,,,,TE71
8719e9d5c176,ridge,"{""sidewall_angle"": 5.0, ""substrate_height"": 1000.0, ""topclad_height"": 800.0, ""substrate_material"": ""Al2O3"", ""topclad_material"": ""SiO2"", ""core_eq_o"": ""(1+2.8032/(1-0.015287/x**2)+0.36335/(1-0.036095/x**2)-33508000/(1+367200000/x**2))**0.5"", ""core_eq_e"": ""(1+0.017061/(1-0.043855/x**2)+3.1976/(1-0.022642/x**2)-57269000/(1-74226000/x**2))**0.5"", ""core_chi2"": ""AlN"", ""h_core"": 400.0, ""w_core"": 700.0}",screened,1,TM10,S,,TM64,0.0682250183559215,30,230.31426374694348,,2.0345665829332837,2.0345665829332837,,0.0209154782261997,175804.84235029996,0.0016841135544772,,,,,,,,,,,,0.0209154782261997,0.0016841135544772,TM64,,,,TM64
8719e9d5c176,ridge,"{""sidewall_angle"": 5.0, ""substrate_height"": 1000.0, ""topclad_height"": 800.0, ""substrate_material"": ""Al2O3"", ""topclad_material"": ""SiO2"", ""core_eq_o"": ""(1+2.8032/(1-0.015287/x**2)+0.36335/(1-0.036095/x**2)-33508000/(1+367200000/x**2))**0.5"", ""core_eq_e"": ""(1+0.017061/(1-0.043855/x**2)+3.1976/(1-0.022642/x**2)-57269000/(1-74226000/x**2))**0.5"", ""core_chi2"": ""AlN"", ""h_core"": 400.0, ""w_core"": 700.0}",screened,2,TM21,A,,TM65,0.190708584229866,32,222.32634550462413,,1.9444375478179672,1.9444375478179672,,0.0193410352156623,233728.920463028,0.0009880843863401,,,,,,,,,,,,0.0193410352156623,0.0009880843863401,TM65,,,,TM65
8719e9d5c176,ridge,"{""sidewall_angle"": 5.0, ""substrate_height"": 1000.0, ""topclad_height"": 800.0, ""substrate_material"": ""Al2O3"", ""topclad_material"": ""SiO2"", ""core_eq_o"": ""(1+2.8032/(1-0.015287/x**2)+0.36335/(1-0.036095/x**2)-33508000/(1+367200000/x**2))**0.5"", ""core_eq_e"": ""(1+0.017061/(1-0.043855/x**2)+3.1976/(1-0.022642/x**2)-57269000/(1-74226000/x**2))**0.5"", ""core_chi2"": ""AlN"", ""h_core"": 400.0, ""w_core"": 700.0}",screened,1,TM10,S,,TE74,0.8857700653568203,0,227.3782787986359,,2.0393497611590963,2.0393497611590963,,0.0184684519912946,202839.45308971705,0.0010271369784832,,,,,,,,,,,,0.0184684519912946,0.0010271369784832,TE74,,,,TE74
8719e9d5c176,ridge,"{""sidewall_angle"": 5.0, ""substrate_height"": 1000.0, ""topclad_height"": 800.0, ""substrate_material"": ""Al2O3"", ""topclad_material"": ""SiO2"", ""core_eq_o"": ""(1+2.8032/(1-0.015287/x**2)+0.36335/(1-0.036095/x**2)-33508000/(1+367200000/x**2))**0.5"", ""core_eq_e"": ""(1+0.017061/(1-0.043855/x**2)+3.1976/(1-0.022642/x**2)-57269000/(1-74226000/x**2))**0.5"", ""core_chi2"": ""AlN"", ""h_core"": 400.0, ""w_core"": 700.0}",screened,1,TM10,S,,TM64,0.2937329678027839,31,228.4557584220671,,2.0375576715393624,2.0375576715393624,,0.0181908700308035,204535.4566295693,0.0015713185019573,,,,,,,,,,,,0.0181908700308035,0.0015713185019573,TM64,,,,TM64
8719e9d5c176,ridge,"{""sidewall_angle"": 5.0, ""substrate_height"": 1000.0, ""topclad_height"": 800.0, ""substrate_material"": ""Al2O3"", ""topclad_material"": ""SiO2"", ""core_eq_o"": ""(1+2.8032/(1-0.015287/x**2)+0.36335/(1-0.036095/x**2)-33508000/(1+367200000/x**2))**0.5"", ""core_eq_e"": ""(1+0.017061/(1-0.043855/x**2)+3.1976/(1-0.022642/x**2)-57269000/(1-74226000/x**2))**0.5"", ""core_chi2"": ""AlN"", ""h_core"": 400.0, ""w_core"": 700.0}",screened,1,TM10,S,,TM83,0.1272336708911641,4,224.72444735656524,,2.043797309405753,2.043797309405753,,0.0152864321157048,249250.35221040525,0.0009153269868573,,,,,,,,,,,,0.0152864321157048,0.0009153269868573,TM83,,,,TM83
8719e9d5c176,ridge,"{""sidewall_angle"": 5.0, ""substrate_height"": 1000.0, ""topclad_height"": 800.0, ""substrate_material"": ""Al2O3"", ""topclad_material"": ""SiO2"", ""core_eq_o"": ""(1+2.8032/(1-0.015287/x**2)+0.36335/(1-0.036095/x**2)-33508000/(1+367200000/x**2))**0.5"", ""core_eq_e"": ""(1+0.017061/(1-0.043855/x**2)+3.1976/(1-0.022642/x**2)-57269000/(1-74226000/x**2))**0.5"", ""core_chi2"": ""AlN"", ""h_core"": 400.0, ""w_core"": 700.0}",screened,1,TM10,S,,TM84,0.1354572569933355,9,219.6445920322691,,2.05289436530645,2.05289436530645,,0.0145279543198727,270901.0702932283,0.0008527970304952,,,,,,,,,,,,0.0145279543198727,0.0008527970304952,TM84,,,,TM84
8719e9d5c176,ridge,"{""sidewall_angle"": 5.0, ""substrate_height"": 1000.0, ""topclad_height"": 800.0, ""substrate_material"": ""Al2O3"", ""topclad_material"": ""SiO2"", ""core_eq_o"": ""(1+2.8032/(1-0.015287/x**2)+0.36335/(1-0.036095/x**2)-33508000/(1+367200000/x**2))**0.5"", ""core_eq_e"": ""(1+0.017061/(1-0.043855/x**2)+3.1976/(1-0.022642/x**2)-57269000/(1-74226000/x**2))**0.5"", ""core_chi2"": ""AlN"", ""h_core"": 400.0, ""w_core"": 700.0}",screened,1,TM10,S,,TM103,0.1428272023390882,12,217.33635942563768,,2.057197649714704,2.057197649714704,,0.0122137109976159,327051.0518790387,0.0007637948386793,,,,,,,,,,,,0.0122137109976159,0.0007637948386793,TM103,,,,TM103
8719e9d5c176,ridge,"{""sidewall_angle"": 5.0, ""substrate_height"": 1000.0, ""topclad_height"": 800.0, ""substrate_material"": ""Al2O3"", ""topclad_material"": ""SiO2"", ""core_eq_o"": ""(1+2.8032/(1-0.015287/x**2)+0.36335/(1-0.036095/x**2)-33508000/(1+367200000/x**2))**0.5"", ""core_eq_e"": ""(1+0.017061/(1-0.043855/x**2)+3.1976/(1-0.022642/x**2)-57269000/(1-74226000/x**2))**0.5"", ""core_chi2"": ""AlN"", ""h_core"": 400.0, ""w_core"": 700.0}",screened,0,TM00,A,,TE73,0.5917178839269125,6,217.73443844758464,,2.116207424812441,2.116207424812441,,0.0109156491844962,334948.0871678564,0.0007435969745998,,,,,,,,,,,,0.0109156491844962,0.0007435969745998,TE73,,,,TE73
8719e9d5c176,ridge,"{""sidewall_angle"": 5.0, ""substrate_height"": 1000.0, ""topclad_height"": 800.0, ""substrate_material"": ""Al2O3"", ""topclad_material"": ""SiO2"", ""core_eq_o"": ""(1+2.8032/(1-0.015287/x**2)+0.36335/(1-0.036095/x**2)-33508000/(1+367200000/x**2))**0.5"", ""core_eq_e"": ""(1+0.017061/(1-0.043855/x**2)+3.1976/(1-0.022642/x**2)-57269000/(1-74226000/x**2))**0.5"", ""core_chi2"": ""AlN"", ""h_core"": 400.0, ""w_core"": 700.0}",screened,0,TM00,A,,TM85,0.3823753904267115,1,221.39662978981195,,2.1113490367840257,2.1113490367840257,,0.0105488005611242,337544.3385189443,0.0007636330082751,,,,,,,,,,,,0.0105488005611242,0.0007636330082751,TM85,,,,TM85
8719e9d5c176,ridge,"{""sidewall_angle"": 5.0, ""substrate_height"": 1000.0, ""topclad_height"": 800.0, ""substrate_material"": ""Al2O3"", ""topclad_material"": ""SiO2"", ""core_eq_o"": ""(1+2.8032/(1-0.015287/x**2)+0.36335/(1-0.036095/x**2)-33508000/(1+367200000/x**2))**0.5"", ""core_eq_e"": ""(1+0.017061/(1-0.043855/x**2)+3.1976/(1-0.022642/x**2)-57269000/(1-74226000/x**2))**0.5"", ""core_chi2"": ""AlN"", ""h_core"": 400.0, ""w_core"": 700.0}",screened,1,TM10,S,,TM65,0.1771947389960011,13,216.93530773357767,,2.0579453384391364,2.0579453384391364,,0.0090183649653041,444085.1259316315,0.0006637189088874,,,,,,,,,,,,0.0090183649653041,0.0006637189088874,TM65,,,,TM65
8719e9d5c176,ridge,"{""sidewall_angle"": 5.0, ""substrate_height"": 1000.0, ""topclad_height"": 800.0, ""substrate_material"": ""Al2O3"", ""topclad_material"": ""SiO2"", ""core_eq_o"": ""(1+2.8032/(1-0.015287/x**2)+0.36335/(1-0.036095/x**2)-33508000/(1+367200000/x**2))**0.5"", ""core_eq_e"": ""(1+0.017061/(1-0.043855/x**2)+3.1976/(1-0.022642/x**2)-57269000/(1-74226000/x**2))**0.5"", ""core_chi2"": ""AlN"", ""h_core"": 400.0, ""w_core"": 700.0}",screened,2,TM21,A,,TM83,0.0808739701917927,43,232.65092141168356,,1.91870143251162,1.91870143251162,,0.0084752912522882,506955.2667831336,0.0007262617020938,,,,,,,,,,,,0.0084752912522882,0.0007262617020938,TM83,,,,TM83
8719e9d5c176,ridge,"{""sidewall_angle"": 5.0, ""substrate_height"": 1000.0, ""topclad_height"": 800.0, ""substrate_material"": ""Al2O3"", ""topclad_material"": ""SiO2"", ""core_eq_o"": ""(1+2.8032/(1-0.015287/x**2)+0.36335/(1-0.036095/x**2)-33508000/(1+367200000/x**2))**0.5"", ""core_eq_e"": ""(1+0.017061/(1-0.043855/x**2)+3.1976/(1-0.022642/x**2)-57269000/(1-74226000/x**2))**0.5"", ""core_chi2"": ""AlN"", ""h_core"": 400.0, ""w_core"": 700.0}",screened,3,TE00,S,,TM64,0.2937329678027839,31,228.59634334743825,,2.0355749492569104,2.0355749492569104,,0.0070286733339017,530252.6085665951,0.0016150280173427,,,,,,,,,,,,0.0070286733339017,0.0016150280173427,TM64,,,,TM64
8719e9d5c176,ridge,"{""sidewall_angle"": 5.0, ""substrate_height"": 1000.0, ""topclad_height"": 800.0, ""substrate_material"": ""Al2O3"", ""topclad_material"": ""SiO2"", ""core_eq_o"": ""(1+2.8032/(1-0.015287/x**2)+0.36335/(1-0.036095/x**2)-33508000/(1+367200000/x**2))**0.5"", ""core_eq_e"": ""(1+0.017061/(1-0.043855/x**2)+3.1976/(1-0.022642/x**2)-57269000/(1-74226000/x**2))**0.5"", ""core_chi2"": ""AlN"", ""h_core"": 400.0, ""w_core"": 700.0}",screened,0,TM00,A,,TE53,0.9271052228238494,36,233.83739487344727,,2.096313381496403,2.096313381496403,,0.0069030073454437,472412.2392654678,0.0006432343340656,,,,,,,,,,,,0.0069030073454437,0.0006432343340656,TE53,,,,TE53
8719e9d5c176,ridge,"{""sidewall_angle"": 5.0, ""substrate_height"": 1000.0, ""topclad_height"": 800.0, ""substrate_material"": ""Al2O3"", ""topclad_material"": ""SiO2"", ""core_eq_o"": ""(1+2.8032/(1-0.015287/x**2)+0.36335/(1-0.036095/x**2)-33508000/(1+367200000/x**2))**0.5"", ""core_eq_e"": ""(1+0.017061/(1-0.043855/x**2)+3.1976/(1-0.022642/x**2)-57269000/(1-74226000/x**2))**0.5"", ""core_chi2"": ""AlN"", ""h_core"": 400.0, ""w_core"": 700.0}",screened,2,TM21,A,,TM66,0.0524159815279843,6,216.6653920759009,,1.9593025610132275,1.9593025610132275,,0.0065593404475578,709271.0584081281,0.0005730953621622,,,,,,,,,,,,0.0065593404475578,0.0005730953621622,TM66,,,,TM66
8719e9d5c176,ridge,"{""sidewall_angle"": 5.0, ""substrate_height"": 1000.0, ""topclad_height"": 800.0, ""substrate_material"": ""Al2O3"", ""topclad_material"": ""SiO2"", ""core_eq_o"": ""(1+2.8032/(1-0.015287/x**2)+0.36335/(1-0.036095/x**2)-33508000/(1+367200000/x**2))**0.5"", ""core_eq_e"": ""(1+0.017061/(1-0.043855/x**2)+3.1976/(1-0.022642/x**2)-57269000/(1-74226000/x**2))**0.5"", ""core_chi2"": ""AlN"", ""h_core"": 400.0, ""w_core"": 700.0}",screened,3,TE00,S,,TM64,0.0682250183559215,30,230.42375682266623,,2.033034984658249,2.033034984658249,,0.0054769951814065,672240.3905954901,0.0014270069564684,,,,,,,,,,,,0.0054769951814065,0.0014270069564684,TM64,,,,TM64
8719e9d5c176,ridge,"{""sidewall_angle"": 5.0, ""substrate_height"": 1000.0, ""topclad_height"": 800.0, ""substrate_material"": ""Al2O3"", ""topclad_material"": ""SiO2"", ""core_eq_o"": ""(1+2.8032/(1-0.015287/x**2)+0.36335/(1-0.036095/x**2)-33508000/(1+367200000/x**2))**0.5"", ""core_eq_e"": ""(1+0.017061/(1-0.043855/x**2)+3.1976/(1-0.022642/x**2)-57269000/(1-74226000/x**2))**0.5"", ""core_chi2"": ""AlN"", ""h_core"": 400.0, ""w_core"": 700.0}",screened,0,TM00,A,,TM82,0.2331993701749224,34,227.1822661812038,,2.104107678109215,2.104107678109215,,0.0054596532171664,625803.8455324953,0.0005486861099736,,,,,,,,,,,,0.0054596532171664,0.0005486861099736,TM82,,,,TM82
8719e9d5c176,ridge,"{""sidewall_angle"": 5.0, ""substrate_height"": 1000.0, ""topclad_height"": 800.0, ""substrate_material"": ""Al2O3"", ""topclad_material"": ""SiO2"", ""core_eq_o"": ""(1+2.8032/(1-0.015287/x**2)+0.36335/(1-0.036095/x**2)-33508000/(1+367200000/x**2))**0.5"", ""core_eq_e"": ""(1+0.017061/(1-0.043855/x**2)+3.1976/(1-0.022642/x**2)-57269000/(1-74226000/x**2))**0.5"", ""core_chi2"": ""AlN"", ""h_core"": 400.0, ""w_core"": 700.0}",screened,2,TM21,A,,TE76,0.6692897510040651,9,215.44400316930088,,1.9625528343101664,1.9625528343101664,,0.0053870829582001,869099.4367269239,0.0004934387915673,,,,,,,,,,,,0.0053870829582001,0.0004934387915673,TE76,,,,TE76
8719e9d5c176,ridge,"{""sidewall_angle"": 5.0, ""substrate_height"": 1000.0, ""topclad_height"": 800.0, ""substrate_material"": ""Al2O3"", ""topclad_material"": ""SiO2"", ""core_eq_o"": ""(1+2.8032/(1-0.015287/x**2)+0.36335/(1-0.036095/x**2)-33508000/(1+367200000/x**2))**0.5"", ""core_eq_e"": ""(1+0.017061/(1-0.043855/x**2)+3.1976/(1-0.022642/x**2)-57269000/(1-74226000/x**2))**0.5"", ""core_chi2"": ""AlN"", ""h_core"": 400.0, ""w_core"": 700.0}",screened,2,TM21,A,,TM102,0.2346624159134348,0,222.1564929183289,,1.944874980438811,1.944874980438811,,0.0047564615462745,951215.5562987248,0.0004760023890965,,,,,,,,,,,,0.0047564615462745,0.0004760023890965,TM102,,,,TM102
8719e9d5c176,ridge,"{""sidewall_angle"": 5.0, ""substrate_height"": 1000.0, ""topclad_height"": 800.0, ""substrate_material"": ""Al2O3"", ""topclad_material"": ""SiO2"", ""core_eq_o"": ""(1+2.8032/(1-0.015287/x**2)+0.36335/(1-0.036095/x**2)-33508000/(1+367200000/x**2))**0.5"", ""core_eq_e"": ""(1+0.017061/(1-0.043855/x**2)+3.1976/(1-0.022642/x**2)-57269000/(1-74226000/x**2))**0.5"", ""core_chi2"": ""AlN"", ""h_core"": 400.0, ""w_core"": 700.0}",screened,1,TM10,S,,TE54,0.6374900473939342,10,218.2160915839032,,2.055557547383064,2.055557547383064,,0.0046044103883871,862620.0210248958,0.0004778619440511,,,,,,,,,,,,0.0046044103883871,0.0004778619440511,TE54,,,,TE54
8719e9d5c176,ridge,"{""sidewall_angle"": 5.0, ""substrate_height"": 1000.0, ""topclad_height"": 800.0, ""substrate_material"": ""Al2O3"", ""topclad_material"": ""SiO2"", ""core_eq_o"": ""(1+2.8032/(1-0.015287/x**2)+0.36335/(1-0.036095/x**2)-33508000/(1+367200000/x**2))**0.5"", ""core_eq_e"": ""(1+0.017061/(1-0.043855/x**2)+3.1976/(1-0.022642/x**2)-57269000/(1-74226000/x**2))**0.5"", ""core_chi2"": ""AlN"", ""h_core"": 400.0, ""w_core"": 700.0}",screened,1,TM10,S,,TE73,0.9367746164978396,6,221.3762148990193,,2.049774842068346,2.049774842068346,,0.0043519841888073,894310.489216405,0.000469396659697,,,,,,,,,,,,0.0043519841888073,0.000469396659697,TE73,,,,TE73
8719e9d5c176,ridge,"{""sidewall_angle"": 5.0, ""substrate_height"": 1000.0, ""topclad_height"": 800.0, ""substrate_material"": ""Al2O3"", ""topclad_material"": ""SiO2"", ""core_eq_o"": ""(1+2.8032/(1-0.015287/x**2)+0.36335/(1-0.036095/x**2)-33508000/(1+367200000/x**2))**0.5"", ""core_eq_e"": ""(1+0.017061/(1-0.043855/x**2)+3.1976/(1-0.022642/x**2)-57269000/(1-74226000/x**2))**0.5"", ""core_chi2"": ""AlN"", ""h_core"": 400.0, ""w_core"": 700.0}",screened,2,TM21,A,,TE55,0.9257782088038538,1,221.59724430869048,,1.946315250442073,1.946315250442073,,0.0037595223987883,1206854.960718971,0.0004313126098486,,,,,,,,,,,,0.0037595223987883,0.0004313126098486,TE55,,,,TE55
8719e9d5c176,ridge,"{""sidewall_angle"": 5.0, ""substrate_height"": 1000.0, ""topclad_height"": 800.0, ""substrate_material"": ""Al2O3"", ""topclad_material"": ""SiO2"", ""core_eq_o"": ""(1+2.8032/(1-0.015287/x**2)+0.36335/(1-0.036095/x**2)-33508000/(1+367200000/x**2))**0.5"", ""core_eq_e"": ""(1+0.017061/(1-0.043855/x**2)+3.1976/(1-0.022642/x**2)-57269000/(1-74226000/x**2))**0.5"", ""core_chi2"": ""AlN"", ""h_core"": 400.0, ""w_core"": 700.0}",screened,1,TM10,S,,TE15,0.9662424813944768,8,220.23810312633745,,2.051806690328928,2.051806690328928,,0.0033021247865627,1187321.4189560364,0.0004149765520615,,,,,,,,,,,,0.0033021247865627,0.0004149765520615,TE15,,,,TE15
8719e9d5c176,ridge,"{""sidewall_angle"": 5.0, ""substrate_height"": 1000.0, ""topclad_height"": 800.0, ""substrate_material"": ""Al2O3"", ""topclad_material"": ""SiO2"", ""core_eq_o"": ""(1+2.8032/(1-0.015287/x**2)+0.36335/(1-0.036095/x**2)-33508000/(1+367200000/x**2))**0.5"", ""core_eq_e"": ""(1+0.017061/(1-0.043855/x**2)+3.1976/(1-0.022642/x**2)-57269000/(1-74226000/x**2))**0.5"", ""core_chi2"": ""AlN"", ""h_core"": 400.0, ""w_core"": 700.0}",screened,2,TM21,A,,TE54,0.857739503514742,33,224.8270006163065,,1.9379974450018185,1.9379974450018185,,0.00318330306209,1402560.1755038097,0.0004101254499651,,,,,,,,,,,,0.00318330306209,0.0004101254499651,TE54,,,,TE54
8719e9d5c176,ridge,"{""sidewall_angle"": 5.0, ""substrate_height"": 1000.0, ""topclad_height"": 800.0, ""substrate_material"": ""Al2O3"", ""topclad_material"": ""SiO2"", ""core_eq_o"": ""(1+2.8032/(1-0.015287/x**2)+0.36335/(1-0.036095/x**2)-33508000/(1+367200000/x**2))**0.5"", ""core_eq_e"": ""(1+0.017061/(1-0.043855/x**2)+3.1976/(1-0.022642/x**2)-57269000/(1-74226000/x**2))**0.5"", ""core_chi2"": ""AlN"", ""h_core"": 400.0, ""w_core"": 700.0}",screened,0,TM00,A,,TM103,0.0687324508161073,11,215.0881371419756,,2.1197971758492398,2.1197971758492398,,0.0031806096542695,1172005.9249203722,0.0003942514867686,,,,,,,,,,,,0.0031806096542695,0.0003942514867686,TM103,,,,TM103
8719e9d5c176,ridge,"{""sidewall_angle"": 5.0, ""substrate_height"": 1000.0, ""topclad_height"": 800.0, ""substrate_material"": ""Al2O3"", ""topclad_material"": ""SiO2"", ""core_eq_o"": ""(1+2.8032/(1-0.015287/x**2)+0.36335/(1-0.036095/x**2)-33508000/(1+367200000/x**2))**0.5"", ""core_eq_e"": ""(1+0.017061/(1-0.043855/x**2)+3.1976/(1-0.022642/x**2)-57269000/(1-74226000/x**2))**0.5"", ""core_chi2"": ""AlN"", ""h_core"": 400.0, ""w_core"": 700.0}",screened,3,TE00,S,,TM82,0.1547426482469579,33,232.0636053858006,,2.030480513051532,2.030480513051532,,0.0026593219726871,1370170.314896976,0.0009919609180588,,,,,,,,,,,,0.0026593219726871,0.0009919609180588,TM82,,,,TM82
8719e9d5c176,ridge,"{""sidewall_angle"": 5.0, ""substrate_height"": 1000.0, ""topclad_height"": 800.0, ""substrate_material"": ""Al2O3"", ""topclad_material"": ""SiO2"", ""core_eq_o"": ""(1+2.8032/(1-0.015287/x**2)+0.36335/(1-0.036095/x**2)-33508000/(1+367200000/x**2))**0.5"", ""core_eq_e"": ""(1+0.017061/(1-0.043855/x**2)+3.1976/(1-0.022642/x**2)-57269000/(1-74226000/x**2))**0.5"", ""core_chi2"": ""AlN"", ""h_core"": 400.0, ""w_core"": 700.0}",screened,1,TM10,S,,TE91,0.91785095512406,14,216.4875704878819,,2.0587800639788685,2.0587800639788685,,0.0025538590637242,1572763.0652100877,0.0003501718372237,,,,,,,,,,,,0.0025538590637242,0.0003501718372237,TE91,,,,TE91
8719e9d5c176,ridge,"{""sidewall_angle"": 5.0, ""substrate_height"": 1000.0, ""topclad_height"": 800.0, ""substrate_material"": ""Al2O3"", ""topclad_material"": ""SiO2"", ""core_eq_o"": ""(1+2.8032/(1-0.015287/x**2)+0.36335/(1-0.036095/x**2)-33508000/(1+367200000/x**2))**0.5"", ""core_eq_e"": ""(1+0.017061/(1-0.043855/x**2)+3.1976/(1-0.022642/x**2)-57269000/(1-74226000/x**2))**0.5"", ""core_chi2"": ""AlN"", ""h_core"": 400.0, ""w_core"": 700.0}",screened,1,TM10,S,,TM05,0.0390656695132136,3,225.6545963881046,,2.0422166305536136,2.0422166305536136,,0.0019338610247162,1958560.401676482,0.0003432182190709,,,,,,,,,,,,0.0019338610247162,0.0003432182190709,TM05,,,,TM05
8719e9d5c176,ridge,"{""sidewall_angle"": 5.0, ""substrate_height"": 1000.0, ""topclad_height"": 800.0, ""substrate_material"": ""Al2O3"", ""topclad_material"": ""SiO2"", ""core_eq_o"": ""(1+2.8032/(1-0.015287/x**2)+0.36335/(1-0.036095/x**2)-33508000/(1+367200000/x**2))**0.5"", ""core_eq_e"": ""(1+0.017061/(1-0.043855/x**2)+3.1976/(1-0.022642/x**2)-57269000/(1-74226000/x**2))**0.5"", ""core_chi2"": ""AlN"", ""h_core"": 400.0, ""w_core"": 700.0}",screened,0,TM00,A,,TE73,0.9559707582061884,0,222.41847393994595,,2.1100429561967347,2.1100429561967347,,0.0018481081477276,1912551.0618532652,0.0003129951623824,,,,,,,,,,,,0.0018481081477276,0.0003129951623824,TE73,,,,TE73
8719e9d5c176,ridge,"{""sidewall_angle"": 5.0, ""substrate_height"": 1000.0, ""topclad_height"": 800.0, ""substrate_material"": ""Al2O3"", ""topclad_material"": ""SiO2"", ""core_eq_o"": ""(1+2.8032/(1-0.015287/x**2)+0.36335/(1-0.036095/x**2)-33508000/(1+367200000/x**2))**0.5"", ""core_eq_e"": ""(1+0.017061/(1-0.043855/x**2)+3.1976/(1-0.022642/x**2)-57269000/(1-74226000/x**2))**0.5"", ""core_chi2"": ""AlN"", ""h_core"": 400.0, ""w_core"": 700.0}",screened,0,TM00,A,,TM65,0.0353245189761013,5,218.68289685188785,,2.1149208254622494,2.1149208254622494,,0.0016308954233109,2226475.5612268145,0.0002951902772249,,,,,,,,,,,,0.0016308954233109,0.0002951902772249,TM65,,,,TM65
8719e9d5c176,ridge,"{""sidewall_angle"": 5.0, ""substrate_height"": 1000.0, ""topclad_height"": 800.0, ""substrate_material"": ""Al2O3"", ""topclad_material"": ""SiO2"", ""core_eq_o"": ""(1+2.8032/(1-0.015287/x**2)+0.36335/(1-0.036095/x**2)-33508000/(1+367200000/x**2))**0.5"", ""core_eq_e"": ""(1+0.017061/(1-0.043855/x**2)+3.1976/(1-0.022642/x**2)-57269000/(1-74226000/x**2))**0.5"", ""core_chi2"": ""AlN"", ""h_core"": 400.0, ""w_core"": 700.0}",screened,2,TM21,A,,TE74,0.9287715974942374,2,220.8877040469258,,1.9481425764961997,1.9481425764961997,,0.0015002819387682,3035133.842132591,0.0002663732618828,,,,,,,,,,,,0.0015002819387682,0.0002663732618828,TE74,,,,TE74
8719e9d5c176,ridge,"{""sidewall_angle"": 5.0, ""substrate_height"": 1000.0, ""topclad_height"": 800.0, ""substrate_material"": ""Al2O3"", ""topclad_material"": ""SiO2"", ""core_eq_o"": ""(1+2.8032/(1-0.015287/x**2)+0.36335/(1-0.036095/x**2)-33508000/(1+367200000/x**2))**0.5"", ""core_eq_e"": ""(1+0.017061/(1-0.043855/x**2)+3.1976/(1-0.022642/x**2)-57269000/(1-74226000/x**2))**0.5"", ""core_chi2"": ""AlN"", ""h_core"": 400.0, ""w_core"": 700.0}",screened,3,TE00,S,,TE74,0.8857700653568203,0,227.5553040772989,,2.036969169168956,2.036969169168956,,0.001379753230707,2720365.8321781005,0.0007058169718781,,,,,,,,,,,,0.001379753230707,0.0007058169718781,TE74,,,,TE74
8719e9d5c176,ridge,"{""sidewall_angle"": 5.0, ""substrate_height"": 1000.0, ""topclad_height"": 800.0, ""substrate_material"": ""Al2O3"", ""topclad_material"": ""SiO2"", ""core_eq_o"": ""(1+2.8032/(1-0.015287/x**2)+0.36335/(1-0.036095/x**2)-33508000/(1+367200000/x**2))**0.5"", ""core_eq_e"": ""(1+0.017061/(1-0.043855/x**2)+3.1976/(1-0.022642/x**2)-57269000/(1-74226000/x**2))**0.5"", ""core_chi2"": ""AlN"", ""h_core"": 400.0, ""w_core"": 700.0}",screened,4,TE10,A,,TM83,0.0834730996191577,43,230.0572493632263,,1.9580273750388515,1.9580273750388515,,0.0011951823829526,3459343.732801344,0.0104351954530731,,,,,,,,,,,,0.0011951823829526,0.0104351954530731,TM83,,,,TM83
8719e9d5c176,ridge,"{""sidewall_angle"": 5.0, ""substrate_height"": 1000.0, ""topclad_height"": 800.0, ""substrate_material"": ""Al2O3"", ""topclad_material"": ""SiO2"", ""core_eq_o"": ""(1+2.8032/(1-0.015287/x**2)+0.36335/(1-0.036095/x**2)-33508000/(1+367200000/x**2))**0.5"", ""core_eq_e"": ""(1+0.017061/(1-0.043855/x**2)+3.1976/(1-0.022642/x**2)-57269000/(1-74226000/x**2))**0.5"", ""core_chi2"": ""AlN"", ""h_core"": 400.0, ""w_core"": 700.0}",screened,0,TM00,A,,TM64,0.1003948655984105,31,223.77664694761555,,2.1083069934285694,2.1083069934285694,,0.0011871698467996,2948574.4263073658,0.0002545776841437,,,,,,,,,,,,0.0011871698467996,0.0002545776841437,TM64,,,,TM64
8719e9d5c176,ridge,"{""sidewall_angle"": 5.0, ""substrate_height"": 1000.0, ""topclad_height"": 800.0, ""substrate_material"": ""Al2O3"", ""topclad_material"": ""SiO2"", ""core_eq_o"": ""(1+2.8032/(1-0.015287/x**2)+0.36335/(1-0.036095/x**2)-33508000/(1+367200000/x**2))**0.5"", ""core_eq_e"": ""(1+0.017061/(1-0.043855/x**2)+3.1976/(1-0.022642/x**2)-57269000/(1-74226000/x**2))**0.5"", ""core_chi2"": ""AlN"", ""h_core"": 400.0, ""w_core"": 700.0}",screened,1,TM10,S,,TE74,0.9287784054937396,16,215.38646007853075,,2.06083288623028,2.06083288623028,,0.0011796948935129,3429424.128620837,0.0002361881805091,,,,,,,,,,,,0.0011796948935129,0.0002361881805091,TE74,,,,TE74
8719e9d5c176,ridge,"{""sidewall_angle"": 5.0, ""substrate_height"": 1000.0, ""topclad_height"": 800.0, ""substrate_material"": ""Al2O3"", ""topclad_material"": ""SiO2"", ""core_eq_o"": ""(1+2.8032/(1-0.015287/x**2)+0.36335/(1-0.036095/x**2)-33508000/(1+367200000/x**2))**0.5"", ""core_eq_e"": ""(1+0.017061/(1-0.043855/x**2)+3.1976/(1-0.022642/x**2)-57269000/(1-74226000/x**2))**0.5"", ""core_chi2"": ""AlN"", ""h_core"": 400.0, ""w_core"": 700.0}",screened,2,TM21,A,,TM103,0.4782175461228441,30,223.02893580425504,,1.942628120461866,1.942628120461866,,0.0010962183899848,4109296.736214011,0.0002365941208522,,,,,,,,,,,,0.0010962183899848,0.0002365941208522,TM103,,,,TM103
8719e9d5c176,ridge,"{""sidewall_angle"": 5.0, ""substrate_height"": 1000.0, ""topclad_height"": 800.0, ""substrate_material"": ""Al2O3"", ""topclad_material"": ""SiO2"", ""core_eq_o"": ""(1+2.8032/(1-0.015287/x**2)+0.36335/(1-0.036095/x**2)-33508000/(1+367200000/x**2))**0.5"", ""core_eq_e"": ""(1+0.017061/(1-0.043855/x**2)+3.1976/(1-0.022642/x**2)-57269000/(1-74226000/x**2))**0.5"", ""core_chi2"": ""AlN"", ""h_core"": 400.0, ""w_core"": 700.0}",screened,4,TE10,A,,TM102,0.4923752988315741,0,220.55111767711296,,1.976249390553521,1.976249390553521,,0.0009454773419171,4627656.614423118,0.0086680237633928,,,,,,,,,,,,0.0009454773419171,0.0086680237633928,TM102,,,,TM102
8719e9d5c176,ridge,"{""sidewall_angle"": 5.0, ""substrate_height"": 1000.0, ""topclad_height"": 800.0, ""substrate_material"": ""Al2O3"", ""topclad_material"": ""SiO2"", ""core_eq_o"": ""(1+2.8032/(1-0.015287/x**2)+0.36335/(1-0.036095/x**2)-33508000/(1+367200000/x**2))**0.5"", ""core_eq_e"": ""(1+0.017061/(1-0.043855/x**2)+3.1976/(1-0.022642/x**2)-57269000/(1-74226000/x**2))**0.5"", ""core_chi2"": ""AlN"", ""h_core"": 400.0, ""w_core"": 700.0}",screened,1,TM10,S,,TE14,0.9960875359656268,32,234.74201974973627,,2.0286114664915065,2.0286114664915065,,0.0007913920854083,4512175.879697346,0.0021205981403651,,,,,,,,,,,,0.0007913920854083,0.0021205981403651,TE14,,,,TE14
8719e9d5c176,ridge,"{""sidewall_angle"": 5.0, ""substrate_height"": 1000.0, ""topclad_height"": 800.0, ""substrate_material"": ""Al2O3"", ""topclad_material"": ""SiO2"", ""core_eq_o"": ""(1+2.8032/(1-0.015287/x**2)+0.36335/(1-0.036095/x**2)-33508000/(1+367200000/x**2))**0.5"", ""core_eq_e"": ""(1+0.017061/(1-0.043855/x**2)+3.1976/(1-0.022642/x**2)-57269000/(1-74226000/x**2))**0.5"", ""core_chi2"": ""AlN"", ""h_core"": 400.0, ""w_core"": 700.0}",screened,0,TM00,A,,TE54,0.5653257756082422,3,221.27368387464853,,2.111506181367239,2.111506181367239,,0.0007718656349832,4617189.66047538,0.0002026421068943,,,,,,,,,,,,0.0007718656349832,0.0002026421068943,TE54,,,,TE54
8719e9d5c176,ridge,"{""sidewall_angle"": 5.0, ""substrate_height"": 1000.0, ""topclad_height"": 800.0, ""substrate_material"": ""Al2O3"", ""topclad_material"": ""SiO2"", ""core_eq_o"": ""(1+2.8032/(1-0.015287/x**2)+0.36335/(1-0.036095/x**2)-33508000/(1+367200000/x**2))**0.5"", ""core_eq_e"": ""(1+0.017061/(1-0.043855/x**2)+3.1976/(1-0.022642/x**2)-57269000/(1-74226000/x**2))**0.5"", ""core_chi2"": ""AlN"", ""h_core"": 400.0, ""w_core"": 700.0}",screened,0,TM00,A,,TM84,0.2605378104563738,8,216.8227395415468,,2.117444159301541,2.117444159301541,,0.0007614233107857,4833751.30859951,0.0001958581025589,,,,,,,,,,,,0.0007614233107857,0.0001958581025589,TM84,,,,TM84
8719e9d5c176,ridge,"{""sidewall_angle"": 5.0, ""substrate_height"": 1000.0, ""topclad_height"": 800.0, ""substrate_material"": ""Al2O3"", ""topclad_material"": ""SiO2"", ""core_eq_o"": ""(1+2.8032/(1-0.015287/x**2)+0.36335/(1-0.036095/x**2)-33508000/(1+367200000/x**2))**0.5"", ""core_eq_e"": ""(1+0.017061/(1-0.043855/x**2)+3.1976/(1-0.022642/x**2)-57269000/(1-74226000/x**2))**0.5"", ""core_chi2"": ""AlN"", ""h_core"": 400.0, ""w_core"": 700.0}",screened,0,TM00,A,,TE71,0.8050513851164814,33,226.39029306282717,,2.1050641989144268,2.1050641989144268,,0.0007314110489055,4697673.92795088,0.0002005106183457,,,,,,,,,,,,0.0007314110489055,0.0002005106183457,TE71,,,,TE71
8719e9d5c176,ridge,"{""sidewall_angle"": 5.0, ""substrate_height"": 1000.0, ""topclad_height"": 800.0, ""substrate_material"": ""Al2O3"", ""topclad_material"": ""SiO2"", ""core_eq_o"": ""(1+2.8032/(1-0.015287/x**2)+0.36335/(1-0.036095/x**2)-33508000/(1+367200000/x**2))**0.5"", ""core_eq_e"": ""(1+0.017061/(1-0.043855/x**2)+3.1976/(1-0.022642/x**2)-57269000/(1-74226000/x**2))**0.5"", ""core_chi2"": ""AlN"", ""h_core"": 400.0, ""w_core"": 700.0}",screened,0,TM00,A,,TE74,0.8803807183876973,2,222.312762005752,,2.1101780729903057,2.1101780729903057,,0.0006799140187228,5202545.916029519,0.0001900071211467,,,,,,,,,,,,0.0006799140187228,0.0001900071211467,TE74,,,,TE74
8719e9d5c176,ridge,"{""sidewall_angle"": 5.0, ""substrate_height"": 1000.0, ""topclad_height"": 800.0, ""substrate_material"": ""Al2O3"", ""topclad_material"": ""SiO2"", ""core_eq_o"": ""(1+2.8032/(1-0.015287/x**2)+0.36335/(1-0.036095/x**2)-33508000/(1+367200000/x**2))**0.5"", ""core_eq_e"": ""(1+0.017061/(1-0.043855/x**2)+3.1976/(1-0.022642/x**2)-57269000/(1-74226000/x**2))**0.5"", ""core_chi2"": ""AlN"", ""h_core"": 400.0, ""w_core"": 700.0}",screened,2,TM21,A,,TM103,0.1140435753081864,5,217.5433116358153,,1.956966303915238,1.956966303915238,,0.0006282071618003,7372446.447039148,0.0001683927887215,,,,,,,,,,,,0.0006282071618003,0.0001683927887215,TM103,,,,TM103
8719e9d5c176,ridge,"{""sidewall_angle"": 5.0, ""substrate_height"": 1000.0, ""topclad_height"": 800.0, ""substrate_material"": ""Al2O3"", ""topclad_material"": ""SiO2"", ""core_eq_o"": ""(1+2.8032/(1-0.015287/x**2)+0.36335/(1-0.036095/x**2)-33508000/(1+367200000/x**2))**0.5"", ""core_eq_e"": ""(1+0.017061/(1-0.043855/x**2)+3.1976/(1-0.022642/x**2)-57269000/(1-74226000/x**2))**0.5"", ""core_chi2"": ""AlN"", ""h_core"": 400.0, ""w_core"": 700.0}",screened,0,TM00,A,,TM83,0.3533418333180353,4,220.80653713316875,,2.1121032697690105,2.1121032697690105,,0.0006088532446768,5873190.652704365,0.0001773202242781,,,,,,,,,,,,0.0006088532446768,0.0001773202242781,TM83,,,,TM83
8719e9d5c176,ridge,"{""sidewall_angle"": 5.0, ""substrate_height"": 1000.0, ""topclad_height"": 800.0, ""substrate_material"": ""Al2O3"", ""topclad_material"": ""SiO2"", ""core_eq_o"": ""(1+2.8032/(1-0.015287/x**2)+0.36335/(1-0.036095/x**2)-33508000/(1+367200000/x**2))**0.5"", ""core_eq_e"": ""(1+0.017061/(1-0.043855/x**2)+3.1976/(1-0.022642/x**2)-57269000/(1-74226000/x**2))**0.5"", ""core_chi2"": ""AlN"", ""h_core"": 400.0, ""w_core"": 700.0}",screened,3,TE00,S,,TM102,0.0249515817593909,7,220.9412023145328,,2.045785137130337,2.045785137130337,,0.0005967053282557,6586620.248959295,0.0056293253059052,,,,,,,,,,,,0.0005967053282557,0.0056293253059052,TM102,,,,TM102
8719e9d5c176,ridge,"{""sidewall_angle"": 5.0, ""substrate_height"": 1000.0, ""topclad_height"": 800.0, ""substrate_material"": ""Al2O3"", ""topclad_material"": ""SiO2"", ""core_eq_o"": ""(1+2.8032/(1-0.015287/x**2)+0.36335/(1-0.036095/x**2)-33508000/(1+367200000/x**2))**0.5"", ""core_eq_e"": ""(1+0.017061/(1-0.043855/x**2)+3.1976/(1-0.022642/x**2)-57269000/(1-74226000/x**2))**0.5"", ""core_chi2"": ""AlN"", ""h_core"": 400.0, ""w_core"": 700.0}",screened,2,TM21,A,,TE76,0.971689652016056,8,215.6018175460652,,1.962132869913979,1.962132869913979,,0.0005545784182528,8435347.617846897,0.0001628355366976,,,,,,,,,,,,0.0005545784182528,0.0001628355366976,TE76,,,,TE76
8719e9d5c176,ridge,"{""sidewall_angle"": 5.0, ""substrate_height"": 1000.0, ""topclad_height"": 800.0, ""substrate_material"": ""Al2O3"", ""topclad_material"": ""SiO2"", ""core_eq_o"": ""(1+2.8032/(1-0.015287/x**2)+0.36335/(1-0.036095/x**2)-33508000/(1+367200000/x**2))**0.5"", ""core_eq_e"": ""(1+0.017061/(1-0.043855/x**2)+3.1976/(1-0.022642/x**2)-57269000/(1-74226000/x**2))**0.5"", ""core_chi2"": ""AlN"", ""h_core"": 400.0, ""w_core"": 700.0}",screened,4,TE10,A,,TM84,0.1000607186090291,37,223.9868325440755,,1.9695911588964317,1.9695911588964317,,0.0004789550979977,8947217.375940625,0.0064508019238318,,,,,,,,,,,,0.0004789550979977,0.0064508019238318,TM84,,,,TM84
8719e9d5c176,ridge,"{""sidewall_angle"": 5.0, ""substrate_height"": 1000.0, ""topclad_height"": 800.0, ""substrate_material"": ""Al2O3"", ""topclad_material"": ""SiO2"", ""core_eq_o"": ""(1+2.8032/(1-0.015287/x**2)+0.36335/(1-0.036095/x**2)-33508000/(1+367200000/x**2))**0.5"", ""core_eq_e"": ""(1+0.017061/(1-0.043855/x**2)+3.1976/(1-0.022642/x**2)-57269000/(1-74226000/x**2))**0.5"", ""core_chi2"": ""AlN"", ""h_core"": 400.0, ""w_core"": 700.0}",screened,0,TM00,A,,TM64,0.0605591947412037,30,225.4452991625621,,2.10620553351964,2.10620553351964,,0.0004706546939934,7349689.858961471,0.000160634395035,,,,,,,,,,,,0.0004706546939934,0.000160634395035,TM64,,,,TM64
8719e9d5c176,ridge,"{""sidewall_angle"": 5.0, ""substrate_height"": 1000.0, ""topclad_height"": 800.0, ""substrate_material"": ""Al2O3"", ""topclad_material"": ""SiO2"", ""core_eq_o"": ""(1+2.8032/(1-0.015287/x**2)+0.36335/(1-0.036095/x**2)-33508000/(1+367200000/x**2))**0.5"", ""core_eq_e"": ""(1+0.017061/(1-0.043855/x**2)+3.1976/(1-0.022642/x**2)-57269000/(1-74226000/x**2))**0.5"", ""core_chi2"": ""AlN"", ""h_core"": 400.0, ""w_core"": 700.0}",screened,0,TM00,A,,TM84,0.2836481048550918,10,215.4997740399658,,2.1192387836592745,2.1192387836592745,,0.0003756475102625,9893323.068664009,0.0001363646209717,,,,,,,,,,,,0.0003756475102625,0.0001363646209717,TM84,,,,TM84
8719e9d5c176,ridge,"{""sidewall_angle"": 5.0, ""substrate_height"": 1000.0, ""topclad_height"": 800.0, ""substrate_material"": ""Al2O3"", ""topclad_material"": ""SiO2"", ""core_eq_o"": ""(1+2.8032/(1-0.015287/x**2)+0.36335/(1-0.036095/x**2)-33508000/(1+367200000/x**2))**0.5"", ""core_eq_e"": ""(1+0.017061/(1-0.043855/x**2)+3.1976/(1-0.022642/x**2)-57269000/(1-74226000/x**2))**0.5"", ""core_chi2"": ""AlN"", ""h_core"": 400.0, ""w_core"": 700.0}",screened,4,TE10,A,,TM103,0.1393812867609211,5,216.51711158741733,,1.984223628829482,1.984223628829482,,0.0003412658269818,13143375.67301637,0.0049364040271111,,,,,,,,,,,,0.0003412658269818,0.0049364040271111,TM103,,,,TM103
8719e9d5c176,ridge,"{""sidewall_angle"": 5.0, ""substrate_height"": 1000.0, ""topclad_height"": 800.0, ""substrate_material"": ""Al2O3"", ""topclad_material"": ""SiO2"", ""core_eq_o"": ""(1+2.8032/(1-0.015287/x**2)+0.36335/(1-0.036095/x**2)-33508000/(1+367200000/x**2))**0.5"", ""core_eq_e"": ""(1+0.017061/(1-0.043855/x**2)+3.1976/(1-0.022642/x**2)-57269000/(1-74226000/x**2))**0.5"", ""core_chi2"": ""AlN"", ""h_core"": 400.0, ""w_core"": 700.0}",screened,1,TM10,S,,TM65,0.0564723720185331,5,222.2420895835548,,2.048229013254442,2.048229013254442,,0.0003399151076432,11386687.246958144,0.0001354680161229,,,,,,,,,,,,0.0003399151076432,0.0001354680161229,TM65,,,,TM65
8719e9d5c176,ridge,"{""sidewall_angle"": 5.0, ""substrate_height"": 1000.0, ""topclad_height"": 800.0, ""substrate_material"": ""Al2O3"", ""topclad_material"": ""SiO2"", ""core_eq_o"": ""(1+2.8032/(1-0.015287/x**2)+0.36335/(1-0.036095/x**2)-33508000/(1+367200000/x**2))**0.5"", ""core_eq_e"": ""(1+0.017061/(1-0.043855/x**2)+3.1976/(1-0.022642/x**2)-57269000/(1-74226000/x**2))**0.5"", ""core_chi2"": ""AlN"", ""h_core"": 400.0, ""w_core"": 700.0}",screened,1,TM10,S,,TE54,0.9282908030464112,1,226.03305628508875,,2.041587167092661,2.041587167092661,,0.000319550126466,11824133.762598813,0.0001351557378268,,,,,,,,,,,,0.000319550126466,0.0001351557378268,TE54,,,,TE54
8719e9d5c176,ridge,"{""sidewall_angle"": 5.0, ""substrate_height"": 1000.0, ""topclad_height"": 800.0, ""substrate_material"": ""Al2O3"", ""topclad_material"": ""SiO2"", ""core_eq_o"": ""(1+2.8032/(1-0.015287/x**2)+0.36335/(1-0.036095/x**2)-33508000/(1+367200000/x**2))**0.5"", ""core_eq_e"": ""(1+0.017061/(1-0.043855/x**2)+3.1976/(1-0.022642/x**2)-57269000/(1-74226000/x**2))**0.5"", ""core_chi2"": ""AlN"", ""h_core"": 400.0, ""w_core"": 700.0}",screened,4,TE10,A,,TM103,0.3727859885824254,31,221.0486793082263,,1.9752851427239095,1.9752851427239095,,0.000314831273034,13855203.795541596,0.0050035159552947,,,,,,,,,,,,0.000314831273034,0.0050035159552947,TM103,,,,TM103
8719e9d5c176,ridge,"{""sidewall_angle"": 5.0, ""substrate_height"": 1000.0, ""topclad_height"": 800.0, ""substrate_material"": ""Al2O3"", ""topclad_material"": ""SiO2"", ""core_eq_o"": ""(1+2.8032/(1-0.015287/x**2)+0.36335/(1-0.036095/x**2)-33508000/(1+367200000/x**2))**0.5"", ""core_eq_e"": ""(1+0.017061/(1-0.043855/x**2)+3.1976/(1-0.022642/x**2)-57269000/(1-74226000/x**2))**0.5"", ""core_chi2"": ""AlN"", ""h_core"": 400.0, ""w_core"": 700.0}",screened,4,TE10,A,,TM102,0.0190566210168886,39,225.0728514683894,,1.9674893702089973,1.9674893702089973,,0.000306526662869,13890067.519068465,0.0051186256577149,,,,,,,,,,,,0.000306526662869,0.0051186256577149,TM102,,,,TM102
8719e9d5c176,ridge,"{""sidewall_angle"": 5.0, ""substrate_height"": 1000.0, ""topclad_height"": 800.0, ""substrate_material"": ""Al2O3"", ""topclad_material"": ""SiO2"", ""core_eq_o"": ""(1+2.8032/(1-0.015287/x**2)+0.36335/(1-0.036095/x**2)-33508000/(1+367200000/x**2))**0.5"", ""core_eq_e"": ""(1+0.017061/(1-0.043855/x**2)+3.1976/(1-0.022642/x**2)-57269000/(1-74226000/x**2))**0.5"", ""core_chi2"": ""AlN"", ""h_core"": 400.0, ""w_core"": 700.0}",screened,4,TE10,A,,TM103,0.3513466793863716,30,221.34502778848463,,1.974710835219012,1.974710835219012,,0.0002465727209347,17658789.427495837,0.0044588288982569,,,,,,,,,,,,0.0002465727209347,0.0044588288982569,TM103,,,,TM103
8719e9d5c176,ridge,"{""sidewall_angle"": 5.0, ""substrate_height"": 1000.0, ""topclad_height"": 800.0, ""substrate_material"": ""Al2O3"", ""topclad_material"": ""SiO2"", ""core_eq_o"": ""(1+2.8032/(1-0.015287/x**2)+0.36335/(1-0.036095/x**2)-33508000/(1+367200000/x**2))**0.5"", ""core_eq_e"": ""(1+0.017061/(1-0.043855/x**2)+3.1976/(1-0.022642/x**2)-57269000/(1-74226000/x**2))**0.5"", ""core_chi2"": ""AlN"", ""h_core"": 400.0, ""w_core"": 700.0}",screened,3,TE00,S,,TM83,0.1272336708911641,4,224.91977302617812,,2.040497994000769,2.040497994000769,,0.0001893012911282,20190108.76003568,0.0016761656486459,,,,,,,,,,,,0.0001893012911282,0.0016761656486459,TM83,,,,TM83
8719e9d5c176,ridge,"{""sidewall_angle"": 5.0, ""substrate_height"": 1000.0, ""topclad_height"": 800.0, ""substrate_material"": ""Al2O3"", ""topclad_material"": ""SiO2"", ""core_eq_o"": ""(1+2.8032/(1-0.015287/x**2)+0.36335/(1-0.036095/x**2)-33508000/(1+367200000/x**2))**0.5"", ""core_eq_e"": ""(1+0.017061/(1-0.043855/x**2)+3.1976/(1-0.022642/x**2)-57269000/(1-74226000/x**2))**0.5"", ""core_chi2"": ""AlN"", ""h_core"": 400.0, ""w_core"": 700.0}",screened,4,TE10,A,,TE92,0.8418005947191145,4,217.4815127223376,,1.9823113227311249,1.9823113227311249,,0.0001838197310198,24255130.897400364,0.0037023980696806,,,,,,,,,,,,0.0001838197310198,0.0037023980696806,TE92,,,,TE92
8719e9d5c176,ridge,"{""sidewall_angle"": 5.0, ""substrate_height"": 1000.0, ""topclad_height"": 800.0, ""substrate_material"": ""Al2O3"", ""topclad_material"": ""SiO2"", ""core_eq_o"": ""(1+2.8032/(1-0.015287/x**2)+0.36335/(1-0.036095/x**2)-33508000/(1+367200000/x**2))**0.5"", ""core_eq_e"": ""(1+0.017061/(1-0.043855/x**2)+3.1976/(1-0.022642/x**2)-57269000/(1-74226000/x**2))**0.5"", ""core_chi2"": ""AlN"", ""h_core"": 400.0, ""w_core"": 700.0}",screened,1,TM10,S,,TE71,0.7694060051077781,34,232.78869906210392,,2.031238587799827,2.031238587799827,,0.0001371707547419,26368649.920313336,0.0008580451245297,,,,,,,,,,,,0.0001371707547419,0.0008580451245297,TE71,,,,TE71
8719e9d5c176,ridge,"{""sidewall_angle"": 5.0, ""substrate_height"": 1000.0, ""topclad_height"": 800.0, ""substrate_material"": ""Al2O3"", ""topclad_material"": ""SiO2"", ""core_eq_o"": ""(1+2.8032/(1-0.015287/x**2)+0.36335/(1-0.036095/x**2)-33508000/(1+367200000/x**2))**0.5"", ""core_eq_e"": ""(1+0.017061/(1-0.043855/x**2)+3.1976/(1-0.022642/x**2)-57269000/(1-74226000/x**2))**0.5"", ""core_chi2"": ""AlN"", ""h_core"": 400.0, ""w_core"": 700.0}",screened,3,TE00,S,,TE74,0.8542265294048905,2,227.4135693757429,,2.0371589884666568,2.0371589884666568,,0.0001108443271157,33894952.51662375,0.0013080705173618,,,,,,,,,,,,0.0001108443271157,0.0013080705173618,TE74,,,,TE74
8719e9d5c176,ridge,"{""sidewall_angle"": 5.0, ""substrate_height"": 1000.0, ""topclad_height"": 800.0, ""substrate_material"": ""Al2O3"", ""topclad_material"": ""SiO2"", ""core_eq_o"": ""(1+2.8032/(1-0.015287/x**2)+0.36335/(1-0.036095/x**2)-33508000/(1+367200000/x**2))**0.5"", ""core_eq_e"": ""(1+0.017061/(1-0.043855/x**2)+3.1976/(1-0.022642/x**2)-57269000/(1-74226000/x**2))**0.5"", ""core_chi2"": ""AlN"", ""h_core"": 400.0, ""w_core"": 700.0}",screened,2,TM21,A,,TM86,0.2518491925526417,7,216.25050716246204,,1.960406623239572,1.960406623239572,,9.96432887926211e-05,46790234.11273539,6.722783751505953e-05,,,,,,,,,,,,9.96432887926211e-05,6.722783751505953e-05,TM86,,,,TM86
8719e9d5c176,ridge,"{""sidewall_angle"": 5.0, ""substrate_height"": 1000.0, ""topclad_height"": 800.0, ""substrate_material"": ""Al2O3"", ""topclad_material"": ""SiO2"", ""core_eq_o"": ""(1+2.8032/(1-0.015287/x**2)+0.36335/(1-0.036095/x**2)-33508000/(1+367200000/x**2))**0.5"", ""core_eq_e"": ""(1+0.017061/(1-0.043855/x**2)+3.1976/(1-0.022642/x**2)-57269000/(1-74226000/x**2))**0.5"", ""core_chi2"": ""AlN"", ""h_core"": 400.0, ""w_core"": 700.0}",screened,2,TM21,A,,TE55,0.9923476713743132,36,228.6981536858036,,1.928336866206225,1.928336866206225,,8.987553690281565e-05,48734946.83304858,7.485238695947643e-05,,,,,,,,,,,,8.987553690281565e-05,7.485238695947643e-05,TE55,,,,TE55
8719e9d5c176,ridge,"{""sidewall_angle"": 5.0, ""substrate_height"": 1000.0, ""topclad_height"": 800.0, ""substrate_material"": ""Al2O3"", ""topclad_material"": ""SiO2"", ""core_eq_o"": ""(1+2.8032/(1-0.015287/x**2)+0.36335/(1-0.036095/x**2)-33508000/(1+367200000/x**2))**0.5"", ""core_eq_e"": ""(1+0.017061/(1-0.043855/x**2)+3.1976/(1-0.022642/x**2)-57269000/(1-74226000/x**2))**0.5"", ""core_chi2"": ""AlN"", ""h_core"": 400.0, ""w_core"": 700.0}",screened,4,TE10,A,,TE15,0.9899752857877504,36,225.88049333353655,,1.9659558865993267,1.9659558865993267,,8.099610113923449e-05,52313424.33901515,0.0027477049468727,,,,,,,,,,,,8.099610113923449e-05,0.0027477049468727,TE15,,,,TE15
8719e9d5c176,ridge,"{""sidewall_angle"": 5.0, ""substrate_height"": 1000.0, ""topclad_height"": 800.0, ""substrate_material"": ""Al2O3"", ""topclad_material"": ""SiO2"", ""core_eq_o"": ""(1+2.8032/(1-0.015287/x**2)+0.36335/(1-0.036095/x**2)-33508000/(1+367200000/x**2))**0.5"", ""core_eq_e"": ""(1+0.017061/(1-0.043855/x**2)+3.1976/(1-0.022642/x**2)-57269000/(1-74226000/x**2))**0.5"", ""core_chi2"": ""AlN"", ""h_core"": 400.0, ""w_core"": 700.0}",screened,4,TE10,A,,TM86,0.1680746436614899,7,215.32945796464867,,1.9865786211488807,1.9865786211488807,,7.843796957544304e-05,57611013.35077349,0.0024175903889715,,,,,,,,,,,,7.843796957544304e-05,0.0024175903889715,TM86,,,,TM86
8719e9d5c176,ridge,"{""sidewall_angle"": 5.0, ""substrate_height"": 1000.0, ""topclad_height"": 800.0, ""substrate_material"": ""Al2O3"", ""topclad_material"": ""SiO2"", ""core_eq_o"": ""(1+2.8032/(1-0.015287/x**2)+0.36335/(1-0.036095/x**2)-33508000/(1+367200000/x**2))**0.5"", ""core_eq_e"": ""(1+0.017061/(1-0.043855/x**2)+3.1976/(1-0.022642/x**2)-57269000/(1-74226000/x**2))**0.5"", ""core_chi2"": ""AlN"", ""h_core"": 400.0, ""w_core"": 700.0}",screened,4,TE10,A,,TM45,0.1141644639240311,40,227.55802843790684,,1.962770721616912,1.962770721616912,,7.830107467523378e-05,53579081.3980646,0.0027952335635358,,,,,,,,,,,,7.830107467523378e-05,0.0027952335635358,TM45,,,,TM45
8719e9d5c176,ridge,"{""sidewall_angle"": 5.0, ""substrate_height"": 1000.0, ""topclad_height"": 800.0, ""substrate_material"": ""Al2O3"", ""topclad_material"": ""SiO2"", ""core_eq_o"": ""(1+2.8032/(1-0.015287/x**2)+0.36335/(1-0.036095/x**2)-33508000/(1+367200000/x**2))**0.5"", ""core_eq_e"": ""(1+0.017061/(1-0.043855/x**2)+3.1976/(1-0.022642/x**2)-57269000/(1-74226000/x**2))**0.5"", ""core_chi2"": ""AlN"", ""h_core"": 400.0, ""w_core"": 700.0}",screened,4,TE10,A,,TE73,0.8985512453402943,38,226.8252425891044,,1.9641620748107345,1.9641620748107345,,6.747775884370043e-05,62442551.7883401,0.0024369099051489,,,,,,,,,,,,6.747775884370043e-05,0.0024369099051489,TE73,,,,TE73
8719e9d5c176,ridge,"{""sidewall_angle"": 5.0, ""substrate_height"": 1000.0, ""topclad_height"": 800.0, ""substrate_material"": ""Al2O3"", ""topclad_material"": ""SiO2"", ""core_eq_o"": ""(1+2.8032/(1-0.015287/x**2)+0.36335/(1-0.036095/x**2)-33508000/(1+367200000/x**2))**0.5"", ""core_eq_e"": ""(1+0.017061/(1-0.043855/x**2)+3.1976/(1-0.022642/x**2)-57269000/(1-74226000/x**2))**0.5"", ""core_chi2"": ""AlN"", ""h_core"": 400.0, ""w_core"": 700.0}",screened,0,TM00,A,,TE53,0.9664929352580308,35,230.9307140058194,,2.099639491342445,2.099639491342445,,6.49440455171317e-05,51241176.3220842,6.113720718055575e-05,,,,,,,,,,,,6.49440455171317e-05,6.113720718055575e-05,TE53,,,,TE53
8719e9d5c176,ridge,"{""sidewall_angle"": 5.0, ""substrate_height"": 1000.0, ""topclad_height"": 800.0, ""substrate_material"": ""Al2O3"", ""topclad_material"": ""SiO2"", ""core_eq_o"": ""(1+2.8032/(1-0.015287/x**2)+0.36335/(1-0.036095/x**2)-33508000/(1+367200000/x**2))**0.5"", ""core_eq_e"": ""(1+0.017061/(1-0.043855/x**2)+3.1976/(1-0.022642/x**2)-57269000/(1-74226000/x**2))**0.5"", ""core_chi2"": ""AlN"", ""h_core"": 400.0, ""w_core"": 700.0}",screened,4,TE10,A,,TE73,0.932918718160855,49,234.46824124624007,,1.9498037429629604,1.9498037429629604,,3.966942027865851e-05,101615373.88443744,0.0019719618951106,,,,,,,,,,,,3.966942027865851e-05,0.0019719618951106,TE73,,,,TE73
8719e9d5c176,ridge,"{""sidewall_angle"": 5.0, ""substrate_height"": 1000.0, ""topclad_height"": 800.0, ""substrate_material"": ""Al2O3"", ""topclad_material"": ""SiO2"", ""core_eq_o"": ""(1+2.8032/(1-0.015287/x**2)+0.36335/(1-0.036095/x**2)-33508000/(1+367200000/x**2))**0.5"", ""core_eq_e"": ""(1+0.017061/(1-0.043855/x**2)+3.1976/(1-0.022642/x**2)-57269000/(1-74226000/x**2))**0.5"", ""core_chi2"": ""AlN"", ""h_core"": 400.0, ""w_core"": 700.0}",screened,0,TM00,A,,TE14,0.9918433230101216,32,227.83869146094145,,2.103314867819867,2.103314867819867,,2.907815307262774e-05,116955695.25908554,4.097930884440236e-05,,,,,,,,,,,,2.907815307262774e-05,4.097930884440236e-05,TE14,,,,TE14
8719e9d5c176,ridge,"{""sidewall_angle"": 5.0, ""substrate_height"": 1000.0, ""topclad_height"": 800.0, ""substrate_material"": ""Al2O3"", ""topclad_material"": ""SiO2"", ""core_eq_o"": ""(1+2.8032/(1-0.015287/x**2)+0.36335/(1-0.036095/x**2)-33508000/(1+367200000/x**2))**0.5"", ""core_eq_e"": ""(1+0.017061/(1-0.043855/x**2)+3.1976/(1-0.022642/x**2)-57269000/(1-74226000/x**2))**0.5"", ""core_chi2"": ""AlN"", ""h_core"": 400.0, ""w_core"": 700.0}",screened,3,TE00,S,,TM05,0.0390656695132136,3,225.85098964356897,,2.0392516854851506,2.0392516854851506,,2.4994343739509795e-05,151934989.5230647,0.0006420901645333,,,,,,,,,,,,2.4994343739509795e-05,0.0006420901645333,TM05,,,,TM05
8719e9d5c176,ridge,"{""sidewall_angle"": 5.0, ""substrate_height"": 1000.0, ""topclad_height"": 800.0, ""substrate_material"": ""Al2O3"", ""topclad_material"": ""SiO2"", ""core_eq_o"": ""(1+2.8032/(1-0.015287/x**2)+0.36335/(1-0.036095/x**2)-33508000/(1+367200000/x**2))**0.5"", ""core_eq_e"": ""(1+0.017061/(1-0.043855/x**2)+3.1976/(1-0.022642/x**2)-57269000/(1-74226000/x**2))**0.5"", ""core_chi2"": ""AlN"", ""h_core"": 400.0, ""w_core"": 700.0}",screened,0,TM00,A,,TE15,0.8592206474883511,9,216.45316304951112,,2.1179454958623665,2.1179454958623665,,2.164069147500934e-05,170534667.47524452,3.34127394381893e-05,,,,,,,,,,,,2.164069147500934e-05,3.34127394381893e-05,TE15,,,,TE15
8719e9d5c176,ridge,"{""sidewall_angle"": 5.0, ""substrate_height"": 1000.0, ""topclad_height"": 800.0, ""substrate_material"": ""Al2O3"", ""topclad_material"": ""SiO2"", ""core_eq_o"": ""(1+2.8032/(1-0.015287/x**2)+0.36335/(1-0.036095/x**2)-33508000/(1+367200000/x**2))**0.5"", ""core_eq_e"": ""(1+0.017061/(1-0.043855/x**2)+3.1976/(1-0.022642/x**2)-57269000/(1-74226000/x**2))**0.5"", ""core_chi2"": ""AlN"", ""h_core"": 400.0, ""w_core"": 700.0}",screened,3,TE00,S,,TM103,0.1428272023390882,12,217.6280587157767,,2.050298072372244,2.050298072372244,,2.0499969149002727e-05,196300782.27847427,0.0010252273568848,,,,,,,,,,,,2.0499969149002727e-05,0.0010252273568848,TM103,,,,TM103
8719e9d5c176,ridge,"{""sidewall_angle"": 5.0, ""substrate_height"": 1000.0, ""topclad_height"": 800.0, ""substrate_material"": ""Al2O3"", ""topclad_material"": ""SiO2"", ""core_eq_o"": ""(1+2.8032/(1-0.015287/x**2)+0.36335/(1-0.036095/x**2)-33508000/(1+367200000/x**2))**0.5"", ""core_eq_e"": ""(1+0.017061/(1-0.043855/x**2)+3.1976/(1-0.022642/x**2)-57269000/(1-74226000/x**2))**0.5"", ""core_chi2"": ""AlN"", ""h_core"": 400.0, ""w_core"": 700.0}",screened,4,TE10,A,,TE74,0.932108590322223,2,219.2942736318756,,1.9787168083567093,1.9787168083567093,,1.874148150514193e-05,235259188.25868264,0.001217854957767,,,,,,,,,,,,1.874148150514193e-05,0.001217854957767,TE74,,,,TE74
8719e9d5c176,ridge,"{""sidewall_angle"": 5.0, ""substrate_height"": 1000.0, ""topclad_height"": 800.0, ""substrate_material"": ""Al2O3"", ""topclad_material"": ""SiO2"", ""core_eq_o"": ""(1+2.8032/(1-0.015287/x**2)+0.36335/(1-0.036095/x**2)-33508000/(1+367200000/x**2))**0.5"", ""core_eq_e"": ""(1+0.017061/(1-0.043855/x**2)+3.1976/(1-0.022642/x**2)-57269000/(1-74226000/x**2))**0.5"", ""core_chi2"": ""AlN"", ""h_core"": 400.0, ""w_core"": 700.0}",screened,4,TE10,A,,TM66,0.0504911274373577,6,215.6204037129081,,1.9860017063065587,1.9860017063065587,,1.8457780134336623e-05,244375686.1252318,0.0012137432899985,,,,,,,,,,,,1.8457780134336623e-05,0.0012137432899985,TM66,,,,TM66
8719e9d5c176,ridge,"{""sidewall_angle"": 5.0, ""substrate_height"": 1000.0, ""topclad_height"": 800.0, ""substrate_material"": ""Al2O3"", ""topclad_material"": ""SiO2"", ""core_eq_o"": ""(1+2.8032/(1-0.015287/x**2)+0.36335/(1-0.036095/x**2)-33508000/(1+367200000/x**2))**0.5"", ""core_eq_e"": ""(1+0.017061/(1-0.043855/x**2)+3.1976/(1-0.022642/x**2)-57269000/(1-74226000/x**2))**0.5"", ""core_chi2"": ""AlN"", ""h_core"": 400.0, ""w_core"": 700.0}",screened,4,TE10,A,,TM06,0.0139057127569627,3,217.73540468220023,,1.981807881657085,1.981807881657085,,1.8438714396907857e-05,241425215.15455797,0.0012939652474386,,,,,,,,,,,,1.8438714396907857e-05,0.0012939652474386,TM06,,,,TM06
8719e9d5c176,ridge,"{""sidewall_angle"": 5.0, ""substrate_height"": 1000.0, ""topclad_height"": 800.0, ""substrate_material"": ""Al2O3"", ""topclad_material"": ""SiO2"", ""core_eq_o"": ""(1+2.8032/(1-0.015287/x**2)+0.36335/(1-0.036095/x**2)-33508000/(1+367200000/x**2))**0.5"", ""core_eq_e"": ""(1+0.017061/(1-0.043855/x**2)+3.1976/(1-0.022642/x**2)-57269000/(1-74226000/x**2))**0.5"", ""core_chi2"": ""AlN"", ""h_core"": 400.0, ""w_core"": 700.0}",screened,4,TE10,A,,TM05,0.0170234844876903,47,232.0286295831088,,1.954352032612484,1.954352032612484,,1.483387629100109e-05,275555977.7696613,0.0012714148432329,,,,,,,,,,,,1.483387629100109e-05,0.0012714148432329,TM05,,,,TM05
8719e9d5c176,ridge,"{""sidewall_angle"": 5.0, ""substrate_height"": 1000.0, ""topclad_height"": 800.0, ""substrate_material"": ""Al2O3"", ""topclad_material"": ""SiO2"", ""core_eq_o"": ""(1+2.8032/(1-0.015287/x**2)+0.36335/(1-0.036095/x**2)-33508000/(1+367200000/x**2))**0.5"", ""core_eq_e"": ""(1+0.017061/(1-0.043855/x**2)+3.1976/(1-0.022642/x**2)-57269000/(1-74226000/x**2))**0.5"", ""core_chi2"": ""AlN"", ""h_core"": 400.0, ""w_core"": 700.0}",screened,1,TM10,S,,TE55,0.9790618132263016,15,215.6665182206443,,2.0603107682111084,2.0603107682111084,,1.2806780107940008e-05,315320655.10353327,2.4846065918344705e-05,,,,,,,,,,,,1.2806780107940008e-05,2.4846065918344705e-05,TE55,,,,TE55
8719e9d5c176,ridge,"{""sidewall_angle"": 5.0, ""substrate_height"": 1000.0, ""topclad_height"": 800.0, ""substrate_material"": ""Al2O3"", ""topclad_material"": ""SiO2"", ""core_eq_o"": ""(1+2.8032/(1-0.015287/x**2)+0.36335/(1-0.036095/x**2)-33508000/(1+367200000/x**2))**0.5"", ""core_eq_e"": ""(1+0.017061/(1-0.043855/x**2)+3.1976/(1-0.022642/x**2)-57269000/(1-74226000/x**2))**0.5"", ""core_chi2"": ""AlN"", ""h_core"": 400.0, ""w_core"": 700.0}",screened,3,TE00,S,,TM84,0.1354572569933355,9,219.92444095928644,,2.0471398232269924,2.0471398232269924,,1.2232263985965512e-05,323638116.8156665,0.0008092062904897,,,,,,,,,,,,1.2232263985965512e-05,0.0008092062904897,TM84,,,,TM84
8719e9d5c176,ridge,"{""sidewall_angle"": 5.0, ""substrate_height"": 1000.0, ""topclad_height"": 800.0, ""substrate_material"": ""Al2O3"", ""topclad_material"": ""SiO2"", ""core_eq_o"": ""(1+2.8032/(1-0.015287/x**2)+0.36335/(1-0.036095/x**2)-33508000/(1+367200000/x**2))**0.5"", ""core_eq_e"": ""(1+0.017061/(1-0.043855/x**2)+3.1976/(1-0.022642/x**2)-57269000/(1-74226000/x**2))**0.5"", ""core_chi2"": ""AlN"", ""h_core"": 400.0, ""w_core"": 700.0}",screened,3,TE00,S,,TE91,0.91785095512406,14,216.8335636556908,,2.051390753415008,2.051390753415008,,7.084716478519797e-06,571262022.7037683,0.0007343401049778,,,,,,,,,,,,7.084716478519797e-06,0.0007343401049778,TE91,,,,TE91
8719e9d5c176,ridge,"{""sidewall_angle"": 5.0, ""substrate_height"": 1000.0, ""topclad_height"": 800.0, ""substrate_material"": ""Al2O3"", ""topclad_material"": ""SiO2"", ""core_eq_o"": ""(1+2.8032/(1-0.015287/x**2)+0.36335/(1-0.036095/x**2)-33508000/(1+367200000/x**2))**0.5"", ""core_eq_e"": ""(1+0.017061/(1-0.043855/x**2)+3.1976/(1-0.022642/x**2)-57269000/(1-74226000/x**2))**0.5"", ""core_chi2"": ""AlN"", ""h_core"": 400.0, ""w_core"": 700.0}",screened,3,TE00,S,,TE15,0.9662424813944768,8,220.5714259305362,,2.0462765348733507,2.0462765348733507,,5.165985516752154e-06,762801197.052919,0.0005365031201608,,,,,,,,,,,,5.165985516752154e-06,0.0005365031201608,TE15,,,,TE15
8719e9d5c176,ridge,"{""sidewall_angle"": 5.0, ""substrate_height"": 1000.0, ""topclad_height"": 800.0, ""substrate_material"": ""Al2O3"", ""topclad_material"": ""SiO2"", ""core_eq_o"": ""(1+2.8032/(1-0.015287/x**2)+0.36335/(1-0.036095/x**2)-33508000/(1+367200000/x**2))**0.5"", ""core_eq_e"": ""(1+0.017061/(1-0.043855/x**2)+3.1976/(1-0.022642/x**2)-57269000/(1-74226000/x**2))**0.5"", ""core_chi2"": ""AlN"", ""h_core"": 400.0, ""w_core"": 700.0}",screened,4,TE10,A,,TE54,0.9410308190256366,46,233.0426687007955,,1.9524615089308317,1.9524615089308317,,2.966412075454166e-06,1369954713.855182,0.0005413660471235,,,,,,,,,,,,2.966412075454166e-06,0.0005413660471235,TE54,,,,TE54
8719e9d5c176,ridge,"{""sidewall_angle"": 5.0, ""substrate_height"": 1000.0, ""topclad_height"": 800.0, ""substrate_material"": ""Al2O3"", ""topclad_material"": ""SiO2"", ""core_eq_o"": ""(1+2.8032/(1-0.015287/x**2)+0.36335/(1-0.036095/x**2)-33508000/(1+367200000/x**2))**0.5"", ""core_eq_e"": ""(1+0.017061/(1-0.043855/x**2)+3.1976/(1-0.022642/x**2)-57269000/(1-74226000/x**2))**0.5"", ""core_chi2"": ""AlN"", ""h_core"": 400.0, ""w_core"": 700.0}",screened,4,TE10,A,,TE55,0.9568505877699236,1,219.8485532617448,,1.977617730101807,1.977617730101807,,2.5518646855662574e-06,1721964195.53908,0.0004576775141944,,,,,,,,,,,,2.5518646855662574e-06,0.0004576775141944,TE55,,,,TE55
8719e9d5c176,ridge,"{""sidewall_angle"": 5.0, ""substrate_height"": 1000.0, ""topclad_height"": 800.0, ""substrate_material"": ""Al2O3"", ""topclad_material"": ""SiO2"", ""core_eq_o"": ""(1+2.8032/(1-0.015287/x**2)+0.36335/(1-0.036095/x**2)-33508000/(1+367200000/x**2))**0.5"", ""core_eq_e"": ""(1+0.017061/(1-0.043855/x**2)+3.1976/(1-0.022642/x**2)-57269000/(1-74226000/x**2))**0.5"", ""core_chi2"": ""AlN"", ""h_core"": 400.0, ""w_core"": 700.0}",screened,4,TE10,A,,TE54,0.822501318873941,33,222.74532547471225,,1.9719971331963428,1.9719971331963428,,1.4432951039781546e-06,2991333609.3294973,0.0003530491863281,,,,,,,,,,,,1.4432951039781546e-06,0.0003530491863281,TE54,,,,TE54
8719e9d5c176,ridge,"{""sidewall_angle"": 5.0, ""substrate_height"": 1000.0, ""topclad_height"": 800.0, ""substrate_material"": ""Al2O3"", ""topclad_material"": ""SiO2"", ""core_eq_o"": ""(1+2.8032/(1-0.015287/x**2)+0.36335/(1-0.036095/x**2)-33508000/(1+367200000/x**2))**0.5"", ""core_eq_e"": ""(1+0.017061/(1-0.043855/x**2)+3.1976/(1-0.022642/x**2)-57269000/(1-74226000/x**2))**0.5"", ""core_chi2"": ""AlN"", ""h_core"": 400.0, ""w_core"": 700.0}",screened,4,TE10,A,,TM64,0.3754686340462878,48,234.05994964753208,,1.9505649413456605,1.9505649413456605,,1.2455467603931476e-06,3243848260.333476,0.0003518417013386,,,,,,,,,,,,1.2455467603931476e-06,0.0003518417013386,TM64,,,,TM64
8719e9d5c176,ridge,"{""sidewall_angle"": 5.0, ""substrate_height"": 1000.0, ""topclad_height"": 800.0, ""substrate_material"": ""Al2O3"", ""topclad_material"": ""SiO2"", ""core_eq_o"": ""(1+2.8032/(1-0.015287/x**2)+0.36335/(1-0.036095/x**2)-33508000/(1+367200000/x**2))**0.5"", ""core_eq_e"": ""(1+0.017061/(1-0.043855/x**2)+3.1976/(1-0.022642/x**2)-57269000/(1-74226000/x**2))**0.5"", ""core_chi2"": ""AlN"", ""h_core"": 400.0, ""w_core"": 700.0}",screened,3,TE00,S,,TM103,0.3979701322175024,11,217.72979003888423,,2.0501581597487437,2.0501581597487437,,1.0815552576884588e-06,3718001028.0769687,0.0002372655822224,,,,,,,,,,,,1.0815552576884588e-06,0.0002372655822224,TM103,,,,TM103
8719e9d5c176,ridge,"{""sidewall_angle"": 5.0, ""substrate_height"": 1000.0, ""topclad_height"": 800.0, ""substrate_material"": ""Al2O3"", ""topclad_material"": ""SiO2"", ""core_eq_o"": ""(1+2.8032/(1-0.015287/x**2)+0.36335/(1-0.036095/x**2)-33508000/(1+367200000/x**2))**0.5"", ""core_eq_e"": ""(1+0.017061/(1-0.043855/x**2)+3.1976/(1-0.022642/x**2)-57269000/(1-74226000/x**2))**0.5"", ""core_chi2"": ""AlN"", ""h_core"": 400.0, ""w_core"": 700.0}",screened,3,TE00,S,,TM65,0.1498212111637847,13,217.23823942925924,,2.050834196718234,2.050834196718234,,1.0356582458064767e-06,3896506063.257552,0.0002842784558404,,,,,,,,,,,,1.0356582458064767e-06,0.0002842784558404,TM65,,,,TM65
8719e9d5c176,ridge,"{""sidewall_angle"": 5.0, ""substrate_height"": 1000.0, ""topclad_height"": 800.0, ""substrate_material"": ""Al2O3"", ""topclad_material"": ""SiO2"", ""core_eq_o"": ""(1+2.8032/(1-0.015287/x**2)+0.36335/(1-0.036095/x**2)-33508000/(1+367200000/x**2))**0.5"", ""core_eq_e"": ""(1+0.017061/(1-0.043855/x**2)+3.1976/(1-0.022642/x**2)-57269000/(1-74226000/x**2))**0.5"", ""core_chi2"": ""AlN"", ""h_core"": 400.0, ""w_core"": 700.0}",screened,3,TE00,S,,TE73,0.9367746164978396,6,221.6717732226492,,2.044814277684204,2.044814277684204,,9.434987351803754e-07,4144119825.878199,0.0002253936305201,,,,,,,,,,,,9.434987351803754e-07,0.0002253936305201,TE73,,,,TE73
8719e9d5c176,ridge,"{""sidewall_angle"": 5.0, ""substrate_height"": 1000.0, ""topclad_height"": 800.0, ""substrate_material"": ""Al2O3"", ""topclad_material"": ""SiO2"", ""core_eq_o"": ""(1+2.8032/(1-0.015287/x**2)+0.36335/(1-0.036095/x**2)-33508000/(1+367200000/x**2))**0.5"", ""core_eq_e"": ""(1+0.017061/(1-0.043855/x**2)+3.1976/(1-0.022642/x**2)-57269000/(1-74226000/x**2))**0.5"", ""core_chi2"": ""AlN"", ""h_core"": 400.0, ""w_core"": 700.0}",screened,4,TE10,A,,TM65,0.1581714255658794,32,220.70397086168327,,1.975953169256993,1.975953169256993,,7.880150581631726e-07,5547167391.003941,0.0002564213045705,,,,,,,,,,,,7.880150581631726e-07,0.0002564213045705,TM65,,,,TM65
8719e9d5c176,ridge,"{""sidewall_angle"": 5.0, ""substrate_height"": 1000.0, ""topclad_height"": 800.0, ""substrate_material"": ""Al2O3"", ""topclad_material"": ""SiO2"", ""core_eq_o"": ""(1+2.8032/(1-0.015287/x**2)+0.36335/(1-0.036095/x**2)-33508000/(1+367200000/x**2))**0.5"", ""core_eq_e"": ""(1+0.017061/(1-0.043855/x**2)+3.1976/(1-0.022642/x**2)-57269000/(1-74226000/x**2))**0.5"", ""core_chi2"": ""AlN"", ""h_core"": 400.0, ""w_core"": 700.0}",screened,3,TE00,S,,TE54,0.6374900473939342,10,218.53737551458929,,2.049047475259881,2.049047475259881,,1.9021177772825536e-07,21018954525.095337,0.0001002681007686,,,,,,,,,,,,1.9021177772825536e-07,0.0001002681007686,TE54,,,,TE54
8719e9d5c176,ridge,"{""sidewall_angle"": 5.0, ""substrate_height"": 1000.0, ""topclad_height"": 800.0, ""substrate_material"": ""Al2O3"", ""topclad_material"": ""SiO2"", ""core_eq_o"": ""(1+2.8032/(1-0.015287/x**2)+0.36335/(1-0.036095/x**2)-33508000/(1+367200000/x**2))**0.5"", ""core_eq_e"": ""(1+0.017061/(1-0.043855/x**2)+3.1976/(1-0.022642/x**2)-57269000/(1-74226000/x**2))**0.5"", ""core_chi2"": ""AlN"", ""h_core"": 400.0, ""w_core"": 700.0}",screened,3,TE00,S,,TE55,0.9761068589746316,15,216.0307204769098,,2.052494915751362,2.052494915751362,,9.029897893412468e-08,45081243458.61402,8.341060248979281e-05,,,,,,,,,,,,9.029897893412468e-08,8.341060248979281e-05,TE55,,,,TE55
8719e9d5c176,ridge,"{""sidewall_angle"": 5.0, ""substrate_height"": 1000.0, ""topclad_height"": 800.0, ""substrate_material"": ""Al2O3"", ""topclad_material"": ""SiO2"", ""core_eq_o"": ""(1+2.8032/(1-0.015287/x**2)+0.36335/(1-0.036095/x**2)-33508000/(1+367200000/x**2))**0.5"", ""core_eq_e"": ""(1+0.017061/(1-0.043855/x**2)+3.1976/(1-0.022642/x**2)-57269000/(1-74226000/x**2))**0.5"", ""core_chi2"": ""AlN"", ""h_core"": 400.0, ""w_core"": 700.0}",screened,3,TE00,S,,TM65,0.0564723720185331,5,222.5032399610704,,2.043709337249027,2.043709337249027,,6.775405963649305e-08,57370764354.46113,3.259366998537461e-05,,,,,,,,,,,,6.775405963649305e-08,3.259366998537461e-05,TM65,,,,TM65
8719e9d5c176,ridge,"{""sidewall_angle"": 5.0, ""substrate_height"": 1000.0, ""topclad_height"": 800.0, ""substrate_material"": ""Al2O3"", ""topclad_material"": ""SiO2"", ""core_eq_o"": ""(1+2.8032/(1-0.015287/x**2)+0.36335/(1-0.036095/x**2)-33508000/(1+367200000/x**2))**0.5"", ""core_eq_e"": ""(1+0.017061/(1-0.043855/x**2)+3.1976/(1-0.022642/x**2)-57269000/(1-74226000/x**2))**0.5"", ""core_chi2"": ""AlN"", ""h_core"": 400.0, ""w_core"": 700.0}",screened,3,TE00,S,,TE54,0.9282908030464112,1,226.24352511312057,,2.038725979314854,2.038725979314854,,5.025760419223855e-08,75357304087.36551,2.789393051695724e-05,,,,,,,,,,,,5.025760419223855e-08,2.789393051695724e-05,TE54,,,,TE54
8719e9d5c176,ridge,"{""sidewall_angle"": 5.0, ""substrate_height"": 1000.0, ""topclad_height"": 800.0, ""substrate_material"": ""Al2O3"", ""topclad_material"": ""SiO2"", ""core_eq_o"": ""(1+2.8032/(1-0.015287/x**2)+0.36335/(1-0.036095/x**2)-33508000/(1+367200000/x**2))**0.5"", ""core_eq_e"": ""(1+0.017061/(1-0.043855/x**2)+3.1976/(1-0.022642/x**2)-57269000/(1-74226000/x**2))**0.5"", ""core_chi2"": ""AlN"", ""h_core"": 400.0, ""w_core"": 700.0}",screened,3,TE00,S,,TE74,0.9287784054937396,16,215.73778227200415,,2.052897798084157,2.052897798084157,,2.3919330404374598e-08,170550343939.93433,4.2326064273994616e-05,,,,,,,,,,,,2.3919330404374598e-08,4.2326064273994616e-05,TE74,,,,TE74
e5520e5aabf0,ridge,"{""sidewall_angle"": 5.0, ""substrate_height"": 1000.0, ""topclad_height"": 800.0, ""substrate_material"": ""Al2O3"", ""topclad_material"": ""SiO2"", ""core_eq_o"": ""(1+2.8032/(1-0.015287/x**2)+0.36335/(1-0.036095/x**2)-33508000/(1+367200000/x**2))**0.5"", ""core_eq_e"": ""(1+0.017061/(1-0.043855/x**2)+3.1976/(1-0.022642/x**2)-57269000/(1-74226000/x**2))**0.5"", ""core_chi2"": ""AlN"", ""h_core"": 400.0, ""w_core"": 800.0}",refined,2,TM20,A,0.0197369788172319,TM120,0.0251812989901175,31,221.382959649429,221.3802509336886,1.9863989060914988,1.98634934858666,4.955750483870425e-05,1.395702871564758,3063.9812735309224,0.0086034860325936,0.00182590978663,0.2070830499692904,0.1404484788749688,1295.8425312072693,906.2984483248696,39165.91938127906,0.0,0.5509972500000001,0.1681325382844878,0.000394544970101,False,1.3998209765375202,0.0086397804423313,TM121,runs\trial_grid\exports\e5520e5aabf0_x00.npz,0.999958555078064,0.999900901654198,TM121
e5520e5aabf0,ridge,"{""sidewall_angle"": 5.0, ""substrate_height"": 1000.0, ""topclad_height"": 800.0, ""substrate_material"": ""Al2O3"", ""topclad_material"": ""SiO2"", ""core_eq_o"": ""(1+2.8032/(1-0.015287/x**2)+0.36335/(1-0.036095/x**2)-33508000/(1+367200000/x**2))**0.5"", ""core_eq_e"": ""(1+0.017061/(1-0.043855/x**2)+3.1976/(1-0.022642/x**2)-57269000/(1-74226000/x**2))**0.5"", ""core_chi2"": ""AlN"", ""h_core"": 400.0, ""w_core"": 800.0}",refined,1,TM10,S,0.0034803732408701,TM100,0.0137333156363625,34,230.1401065947504,230.13929597749276,2.053760395120049,2.0537501063698533,1.0288750195819318e-05,0.5565528935897999,6433.063096345606,0.0058362379724749,2.519378561544634e-34,0.2051423447352577,0.1477100387977089,517.5894401376071,858.7646634924622,21876.43324733522,0.0,0.9409953,0.2946176538983333,0.0004830854738705,False,0.5546983210152439,0.0058275884263633,TM102,runs\trial_grid\exports\e5520e5aabf0_x01.npz,0.999999947924092,0.9999827378370862,TM102
e5520e5aabf0,ridge,"{""sidewall_angle"": 5.0, ""substrate_height"": 1000.0, ""topclad_height"": 800.0, ""substrate_material"": ""Al2O3"", ""topclad_material"": ""SiO2"", ""core_eq_o"": ""(1+2.8032/(1-0.015287/x**2)+0.36335/(1-0.036095/x**2)-33508000/(1+367200000/x**2))**0.5"", ""core_eq_e"": ""(1+0.017061/(1-0.043855/x**2)+3.1976/(1-0.022642/x**2)-57269000/(1-74226000/x**2))**0.5"", ""core_chi2"": ""AlN"", ""h_core"": 400.0, ""w_core"": 800.0}",refined,2,TM20,A,0.0272720779327294,TM06,0.0149660601008233,5,217.1297190008422,217.12676394765975,1.9965736600476829,1.9965163317897607,5.732825792215124e-05,0.2591658297773546,16892.588429666015,0.0039509247182401,6.224985664118206e-06,0.2055469852437434,0.2508641799469118,1296.5898040522322,897.6217606435096,1655.1343303648837,0.0,3.1009845000000005,1.0966590051353176,0.0031168862914947,False,0.2592638995776126,0.0039781801106605,TM26,runs\trial_grid\exports\e5520e5aabf0_x02.npz,0.9996371470263264,0.9999684137581536,TM26
e5520e5aabf0,ridge,"{""sidewall_angle"": 5.0, ""substrate_height"": 1000.0, ""topclad_height"": 800.0, ""substrate_material"": ""Al2O3"", ""topclad_material"": ""SiO2"", ""core_eq_o"": ""(1+2.8032/(1-0.015287/x**2)+0.36335/(1-0.036095/x**2)-33508000/(1+367200000/x**2))**0.5"", ""core_eq_e"": ""(1+0.017061/(1-0.043855/x**2)+3.1976/(1-0.022642/x**2)-57269000/(1-74226000/x**2))**0.5"", ""core_chi2"": ""AlN"", ""h_core"": 400.0, ""w_core"": 800.0}",refined,1,TM10,S,0.0023950053004069,TM120,0.0149479993127935,12,217.4569823291729,217.45012285449067,2.0745348810059707,2.074377271636212,0.0001576093697588,0.2205851504147478,17640.212365446856,0.0034544625221127,1.0924395038802629e-33,0.1980652129148319,0.1370855577588809,521.5512849276746,823.343456363231,32882.041903643025,0.0,0.7209964,0.2113462252659396,9.852926971881645e-05,False,0.2225847099646591,0.0034725705779594,TM121,runs\trial_grid\exports\e5520e5aabf0_x03.npz,0.9999861597417692,0.9999473751777151,TM121
e5520e5aabf0,ridge,"{""sidewall_angle"": 5.0, ""substrate_height"": 1000.0, ""topclad_height"": 800.0, ""substrate_material"": ""Al2O3"", ""topclad_material"": ""SiO2"", ""core_eq_o"": ""(1+2.8032/(1-0.015287/x**2)+0.36335/(1-0.036095/x**2)-33508000/(1+367200000/x**2))**0.5"", ""core_eq_e"": ""(1+0.017061/(1-0.043855/x**2)+3.1976/(1-0.022642/x**2)-57269000/(1-74226000/x**2))**0.5"", ""core_chi2"": ""AlN"", ""h_core"": 400.0, ""w_core"": 800.0}",refined,1,TM10,S,0.0034476310308837,TM44,0.2028904644846123,32,229.86000851641649,229.85953375335893,2.054197056377539,2.0541913360647275,5.7203128114302615e-06,0.1499204402361454,23924.520377292552,0.0030718966115546,1.4479188687409922e-34,0.2049807630400403,0.2460611635570364,517.7144918982153,858.0087159586022,5198.940164180751,0.0,2.2609887000000004,0.8170059640599984,0.0010007170575389,False,0.1550144074832993,0.0031234661845933,TM104,runs\trial_grid\exports\e5520e5aabf0_x04.npz,0.9999999441966336,0.9999361838968096,TM104
e5520e5aabf0,ridge,"{""sidewall_angle"": 5.0, ""substrate_height"": 1000.0, ""topclad_height"": 800.0, ""substrate_material"": ""Al2O3"", ""topclad_material"": ""SiO2"", ""core_eq_o"": ""(1+2.8032/(1-0.015287/x**2)+0.36335/(1-0.036095/x**2)-33508000/(1+367200000/x**2))**0.5"", ""core_eq_e"": ""(1+0.017061/(1-0.043855/x**2)+3.1976/(1-0.022642/x**2)-57269000/(1-74226000/x**2))**0.5"", ""core_chi2"": ""AlN"", ""h_core"": 400.0, ""w_core"": 800.0}",refined,2,TM20,A,0.0161865127738065,TE91?,0.8772020953518317,35,226.3788733392309,226.37801339754117,1.97470341280614,1.9746926450590092,1.0767747130602244e-05,0.0766487923412154,54309.481568676376,0.0020782244618071,1.167268285519642e-06,0.2097585382523218,0.2148143643203723,1294.072122257166,919.0337793796332,32419.227668534,0.0,0.6209969000000001,0.195556119947631,2.931218143629725e-05,False,0.0792442699011596,0.0021142066107889,TE94,runs\trial_grid\exports\e5520e5aabf0_x05.npz,0.9999819448291192,0.9995306194399968,TE94
e5520e5aabf0,ridge,"{""sidewall_angle"": 5.0, ""substrate_height"": 1000.0, ""topclad_height"": 800.0, ""substrate_material"": ""Al2O3"", ""topclad_material"": ""SiO2"", ""core_eq_o"": ""(1+2.8032/(1-0.015287/x**2)+0.36335/(1-0.036095/x**2)-33508000/(1+367200000/x**2))**0.5"", ""core_eq_e"": ""(1+0.017061/(1-0.043855/x**2)+3.1976/(1-0.022642/x**2)-57269000/(1-74226000/x**2))**0.5"", ""core_chi2"": ""AlN"", ""h_core"": 400.0, ""w_core"": 800.0}",refined,0,TM00,A,0.000527354765443,TM24,0.0213228544301744,40,232.4289995937524,232.429888205687,2.102776713200217,2.102786411749165,-9.698548947945085e-06,0.0689763524777363,47412.59148820352,0.002183936734803,2.1488069502572004e-05,0.2032894846504995,0.2357018950452311,124.92333764937992,839.4096462333302,1639.2359016285195,0.0,4.8809756,1.7931398476058171,0.0022178315032911,False,0.0713364908292803,0.002217178563466,TM44,runs\trial_grid\exports\e5520e5aabf0_x06.npz,0.9999918058821632,0.9999871925763107,TM44
e5520e5aabf0,ridge,"{""sidewall_angle"": 5.0, ""substrate_height"": 1000.0, ""topclad_height"": 800.0, ""substrate_material"": ""Al2O3"", ""topclad_material"": ""SiO2"", ""core_eq_o"": ""(1+2.8032/(1-0.015287/x**2)+0.36335/(1-0.036095/x**2)-33508000/(1+367200000/x**2))**0.5"", ""core_eq_e"": ""(1+0.017061/(1-0.043855/x**2)+3.1976/(1-0.022642/x**2)-57269000/(1-74226000/x**2))**0.5"", ""core_chi2"": ""AlN"", ""h_core"": 400.0, ""w_core"": 800.0}",refined,2,TM20,A,0.015810853926533,TM64,0.2429404959461407,38,227.30923138958545,227.30788219498007,1.9725540523164444,1.9725364731734136,1.7579143030799216e-05,0.0658860615637149,62870.28974070832,0.0019596425924296,0.0001090789829064,0.2103112240962768,0.2341371581024744,1293.624700217552,921.5499120510278,11251.94038934457,0.0,1.19099405,0.4213954784328634,0.0001169966132919,False,0.0667500374860132,0.00197350136875,TM85,runs\trial_grid\exports\e5520e5aabf0_x07.npz,0.999951886845586,0.9997221678687694,TM85
e5520e5aabf0,ridge,"{""sidewall_angle"": 5.0, ""substrate_height"": 1000.0, ""topclad_height"": 800.0, ""substrate_material"": ""Al2O3"", ""topclad_material"": ""SiO2"", ""core_eq_o"": ""(1+2.8032/(1-0.015287/x**2)+0.36335/(1-0.036095/x**2)-33508000/(1+367200000/x**2))**0.5"", ""core_eq_e"": ""(1+0.017061/(1-0.043855/x**2)+3.1976/(1-0.022642/x**2)-57269000/(1-74226000/x**2))**0.5"", ""core_chi2"": ""AlN"", ""h_core"": 400.0, ""w_core"": 800.0}",screened,2,TM20,A,,TM84,0.0820224301666807,41,229.34757860151893,,1.9678883034523895,1.9678883034523895,,0.058857968253464,69624.34232587315,0.0018429515771581,,,,,,,,,,,,0.058857968253464,0.0018429515771581,TM84,,,,TM84
e5520e5aabf0,ridge,"{""sidewall_angle"": 5.0, ""substrate_height"": 1000.0, ""topclad_height"": 800.0, ""substrate_material"": ""Al2O3"", ""topclad_material"": ""SiO2"", ""core_eq_o"": ""(1+2.8032/(1-0.015287/x**2)+0.36335/(1-0.036095/x**2)-33508000/(1+367200000/x**2))**0.5"", ""core_eq_e"": ""(1+0.017061/(1-0.043855/x**2)+3.1976/(1-0.022642/x**2)-57269000/(1-74226000/x**2))**0.5"", ""core_chi2"": ""AlN"", ""h_core"": 400.0, ""w_core"": 800.0}",screened,2,TM20,A,,TE94,0.8558274783429209,36,226.17607287384592,,1.975195470868672,1.975195470868672,,0.051609649880043,80742.38058173806,0.0017064944273867,,,,,,,,,,,,0.051609649880043,0.0017064944273867,TE94,,,,TE94
e5520e5aabf0,ridge,"{""sidewall_angle"": 5.0, ""substrate_height"": 1000.0, ""topclad_height"": 800.0, ""substrate_material"": ""Al2O3"", ""topclad_material"": ""SiO2"", ""core_eq_o"": ""(1+2.8032/(1-0.015287/x**2)+0.36335/(1-0.036095/x**2)-33508000/(1+367200000/x**2))**0.5"", ""core_eq_e"": ""(1+0.017061/(1-0.043855/x**2)+3.1976/(1-0.022642/x**2)-57269000/(1-74226000/x**2))**0.5"", ""core_chi2"": ""AlN"", ""h_core"": 400.0, ""w_core"": 800.0}",screened,2,TM20,A,,TM102,0.3808398825094912,45,231.90864788923105,,1.9620760585101824,1.9620760585101824,,0.0444157554063286,91041.11504302108,0.0016054422900362,,,,,,,,,,,,0.0444157554063286,0.0016054422900362,TM102,,,,TM102
e5520e5aabf0,ridge,"{""sidewall_angle"": 5.0, ""substrate_height"": 1000.0, ""topclad_height"": 800.0, ""substrate_material"": ""Al2O3"", ""topclad_material"": ""SiO2"", ""core_eq_o"": ""(1+2.8032/(1-0.015287/x**2)+0.36335/(1-0.036095/x**2)-33508000/(1+367200000/x**2))**0.5"", ""core_eq_e"": ""(1+0.017061/(1-0.043855/x**2)+3.1976/(1-0.022642/x**2)-57269000/(1-74226000/x**2))**0.5"", ""core_chi2"": ""AlN"", ""h_core"": 400.0, ""w_core"": 800.0}",screened,1,TM10,S,,TM83,0.1039489249986354,36,234.888203496945,,2.046493660665406,2.046493660665406,,0.0414216046004496,83863.9824269112,0.0016412030300461,,,,,,,,,,,,0.0414216046004496,0.0016412030300461,TM83,,,,TM83
e5520e5aabf0,ridge,"{""sidewall_angle"": 5.0, ""substrate_height"": 1000.0, ""topclad_height"": 800.0, ""substrate_material"": ""Al2O3"", ""topclad_material"": ""SiO2"", ""core_eq_o"": ""(1+2.8032/(1-0.015287/x**2)+0.36335/(1-0.036095/x**2)-33508000/(1+367200000/x**2))**0.5"", ""core_eq_e"": ""(1+0.017061/(1-0.043855/x**2)+3.1976/(1-0.022642/x**2)-57269000/(1-74226000/x**2))**0.5"", ""core_chi2"": ""AlN"", ""h_core"": 400.0, ""w_core"": 800.0}",screened,2,TM20,A,,TM124,0.0940914491619015,3,217.9928609345716,,1.9945266173018052,1.9945266173018052,,0.0408208444181339,106725.93995319206,0.0014538983016541,,,,,,,,,,,,0.0408208444181339,0.0014538983016541,TM124,,,,TM124
e5520e5aabf0,ridge,"{""sidewall_angle"": 5.0, ""substrate_height"": 1000.0, ""topclad_height"": 800.0, ""substrate_material"": ""Al2O3"", ""topclad_material"": ""SiO2"", ""core_eq_o"": ""(1+2.8032/(1-0.015287/x**2)+0.36335/(1-0.036095/x**2)-33508000/(1+367200000/x**2))**0.5"", ""core_eq_e"": ""(1+0.017061/(1-0.043855/x**2)+3.1976/(1-0.022642/x**2)-57269000/(1-74226000/x**2))**0.5"", ""core_chi2"": ""AlN"", ""h_core"": 400.0, ""w_core"": 800.0}",screened,0,TM00,A,,TM101,0.0165742187871604,34,226.3531977337447,,2.10978122805378,2.10978122805378,,0.0345474999345854,98822.05014446824,0.0014637477130522,,,,,,,,,,,,0.0345474999345854,0.0014637477130522,TM101,,,,TM101
e5520e5aabf0,ridge,"{""sidewall_angle"": 5.0, ""substrate_height"": 1000.0, ""topclad_height"": 800.0, ""substrate_material"": ""Al2O3"", ""topclad_material"": ""SiO2"", ""core_eq_o"": ""(1+2.8032/(1-0.015287/x**2)+0.36335/(1-0.036095/x**2)-33508000/(1+367200000/x**2))**0.5"", ""core_eq_e"": ""(1+0.017061/(1-0.043855/x**2)+3.1976/(1-0.022642/x**2)-57269000/(1-74226000/x**2))**0.5"", ""core_chi2"": ""AlN"", ""h_core"": 400.0, ""w_core"": 800.0}",screened,1,TM10,S,,TE73,0.8114424070306475,35,230.67526598887537,,2.0529447049257663,2.0529447049257663,,0.0286759919988177,124423.88494530316,0.0013385180034747,,,,,,,,,,,,0.0286759919988177,0.0013385180034747,TE73,,,,TE73
e5520e5aabf0,ridge,"{""sidewall_angle"": 5.0, ""substrate_height"": 1000.0, ""topclad_height"": 800.0, ""substrate_material"": ""Al2O3"", ""topclad_material"": ""SiO2"", ""core_eq_o"": ""(1+2.8032/(1-0.015287/x**2)+0.36335/(1-0.036095/x**2)-33508000/(1+367200000/x**2))**0.5"", ""core_eq_e"": ""(1+0.017061/(1-0.043855/x**2)+3.1976/(1-0.022642/x**2)-57269000/(1-74226000/x**2))**0.5"", ""core_chi2"": ""AlN"", ""h_core"": 400.0, ""w_core"": 800.0}",screened,2,TM20,A,,TM91,0.4882666789005436,40,231.10110971160924,,1.9638991985090404,1.9638991985090404,,0.0246322099247893,164850.78005027058,0.0011909202714521,,,,,,,,,,,,0.0246322099247893,0.0011909202714521,TM91,,,,TM91
e5520e5aabf0,ridge,"{""sidewall_angle"": 5.0, ""substrate_height"": 1000.0, ""topclad_height"": 800.0, ""substrate_material"": ""Al2O3"", ""topclad_material"": ""SiO2"", ""core_eq_o"": ""(1+2.8032/(1-0.015287/x**2)+0.36335/(1-0.036095/x**2)-33508000/(1+367200000/x**2))**0.5"", ""core_eq_e"": ""(1+0.017061/(1-0.043855/x**2)+3.1976/(1-0.022642/x**2)-57269000/(1-74226000/x**2))**0.5"", ""core_chi2"": ""AlN"", ""h_core"": 400.0, ""w_core"": 800.0}",screened,1,TM10,S,,TE93,0.8667790818183956,6,220.4709355295849,,2.069414187519073,2.069414187519073,,0.0221318801630151,172302.96766864645,0.0011169770498975,,,,,,,,,,,,0.0221318801630151,0.0011169770498975,TE93,,,,TE93
e5520e5aabf0,ridge,"{""sidewall_angle"": 5.0, ""substrate_height"": 1000.0, ""topclad_height"": 800.0, ""substrate_material"": ""Al2O3"", ""topclad_material"": ""SiO2"", ""core_eq_o"": ""(1+2.8032/(1-0.015287/x**2)+0.36335/(1-0.036095/x**2)-33508000/(1+367200000/x**2))**0.5"", ""core_eq_e"": ""(1+0.017061/(1-0.043855/x**2)+3.1976/(1-0.022642/x**2)-57269000/(1-74226000/x**2))**0.5"", ""core_chi2"": ""AlN"", ""h_core"": 400.0, ""w_core"": 800.0}",screened,1,TM10,S,,TM102,0.0951775133179125,0,225.366762586175,,2.061341437521626,2.061341437521626,,0.0196197946768984,188205.37959064275,0.0010706347219726,,,,,,,,,,,,0.0196197946768984,0.0010706347219726,TM102,,,,TM102
e5520e5aabf0,ridge,"{""sidewall_angle"": 5.0, ""substrate_height"": 1000.0, ""topclad_height"": 800.0, ""substrate_material"": ""Al2O3"", ""topclad_material"": ""SiO2"", ""core_eq_o"": ""(1+2.8032/(1-0.015287/x**2)+0.36335/(1-0.036095/x**2)-33508000/(1+367200000/x**2))**0.5"", ""core_eq_e"": ""(1+0.017061/(1-0.043855/x**2)+3.1976/(1-0.022642/x**2)-57269000/(1-74226000/x**2))**0.5"", ""core_chi2"": ""AlN"", ""h_core"": 400.0, ""w_core"": 800.0}",screened,2,TM20,A,,TM66,0.1769954340184101,9,215.46854511014533,,2.0006162604236857,2.0006162604236857,,0.0172313799292683,256434.7190783744,0.0010008070440958,,,,,,,,,,,,0.0172313799292683,0.0010008070440958,TM66,,,,TM66
e5520e5aabf0,ridge,"{""sidewall_angle"": 5.0, ""substrate_height"": 1000.0, ""topclad_height"": 800.0, ""substrate_material"": ""Al2O3"", ""topclad_material"": ""SiO2"", ""core_eq_o"": ""(1+2.8032/(1-0.015287/x**2)+0.36335/(1-0.036095/x**2)-33508000/(1+367200000/x**2))**0.5"", ""core_eq_e"": ""(1+0.017061/(1-0.043855/x**2)+3.1976/(1-0.022642/x**2)-57269000/(1-74226000/x**2))**0.5"", ""core_chi2"": ""AlN"", ""h_core"": 400.0, ""w_core"": 800.0}",screened,2,TM20,A,,TE93,0.9268041224046104,1,220.58493929459732,,1.988306554408259,1.988306554408259,,0.0151669742680429,283175.27270580456,0.0009007504653345,,,,,,,,,,,,0.0151669742680429,0.0009007504653345,TE93,,,,TE93
e5520e5aabf0,ridge,"{""sidewall_angle"": 5.0, ""substrate_height"": 1000.0, ""topclad_height"": 800.0, ""substrate_material"": ""Al2O3"", ""topclad_material"": ""SiO2"", ""core_eq_o"": ""(1+2.8032/(1-0.015287/x**2)+0.36335/(1-0.036095/x**2)-33508000/(1+367200000/x**2))**0.5"", ""core_eq_e"": ""(1+0.017061/(1-0.043855/x**2)+3.1976/(1-0.022642/x**2)-57269000/(1-74226000/x**2))**0.5"", ""core_chi2"": ""AlN"", ""h_core"": 400.0, ""w_core"": 800.0}",screened,0,TM00,A,,TM121,0.015126675182044,12,215.63369610572772,,2.12335216839099,2.12335216839099,,0.0125779540579439,293390.92465310486,0.0008357154390949,,,,,,,,,,,,0.0125779540579439,0.0008357154390949,TM121,,,,TM121
e5520e5aabf0,ridge,"{""sidewall_angle"": 5.0, ""substrate_height"": 1000.0, ""topclad_height"": 800.0, ""substrate_material"": ""Al2O3"", ""topclad_material"": ""SiO2"", ""core_eq_o"": ""(1+2.8032/(1-0.015287/x**2)+0.36335/(1-0.036095/x**2)-33508000/(1+367200000/x**2))**0.5"", ""core_eq_e"": ""(1+0.017061/(1-0.043855/x**2)+3.1976/(1-0.022642/x**2)-57269000/(1-74226000/x**2))**0.5"", ""core_chi2"": ""AlN"", ""h_core"": 400.0, ""w_core"": 800.0}",screened,2,TM20,A,,TM85,0.1178297634751579,39,228.0118119076024,,1.97096591758891,1.97096591758891,,0.0125299691805308,329347.2083533989,0.0008784688543406,,,,,,,,,,,,0.0125299691805308,0.0008784688543406,TM85,,,,TM85
e5520e5aabf0,ridge,"{""sidewall_angle"": 5.0, ""substrate_height"": 1000.0, ""topclad_height"": 800.0, ""substrate_material"": ""Al2O3"", ""topclad_material"": ""SiO2"", ""core_eq_o"": ""(1+2.8032/(1-0.015287/x**2)+0.36335/(1-0.036095/x**2)-33508000/(1+367200000/x**2))**0.5"", ""core_eq_e"": ""(1+0.017061/(1-0.043855/x**2)+3.1976/(1-0.022642/x**2)-57269000/(1-74226000/x**2))**0.5"", ""core_chi2"": ""AlN"", ""h_core"": 400.0, ""w_core"": 800.0}",screened,0,TM00,A,,TM05,0.0033645931102209,1,221.18311600257064,,2.1161112642238984,2.1161112642238984,,0.0109375173615377,323979.7214216566,0.0008303283988042,,,,,,,,,,,,0.0109375173615377,0.0008303283988042,TM05,,,,TM05
e5520e5aabf0,ridge,"{""sidewall_angle"": 5.0, ""substrate_height"": 1000.0, ""topclad_height"": 800.0, ""substrate_material"": ""Al2O3"", ""topclad_material"": ""SiO2"", ""core_eq_o"": ""(1+2.8032/(1-0.015287/x**2)+0.36335/(1-0.036095/x**2)-33508000/(1+367200000/x**2))**0.5"", ""core_eq_e"": ""(1+0.017061/(1-0.043855/x**2)+3.1976/(1-0.022642/x**2)-57269000/(1-74226000/x**2))**0.5"", ""core_chi2"": ""AlN"", ""h_core"": 400.0, ""w_core"": 800.0}",screened,2,TM20,A,,TM104,0.1078935025614452,2,219.12237314583427,,1.9918017893694848,1.9918017893694848,,0.010622907331475,407568.70645078056,0.0007511166319891,,,,,,,,,,,,0.010622907331475,0.0007511166319891,TM104,,,,TM104
e5520e5aabf0,ridge,"{""sidewall_angle"": 5.0, ""substrate_height"": 1000.0, ""topclad_height"": 800.0, ""substrate_material"": ""Al2O3"", ""topclad_material"": ""SiO2"", ""core_eq_o"": ""(1+2.8032/(1-0.015287/x**2)+0.36335/(1-0.036095/x**2)-33508000/(1+367200000/x**2))**0.5"", ""core_eq_e"": ""(1+0.017061/(1-0.043855/x**2)+3.1976/(1-0.022642/x**2)-57269000/(1-74226000/x**2))**0.5"", ""core_chi2"": ""AlN"", ""h_core"": 400.0, ""w_core"": 800.0}",screened,2,TM20,A,,TM103,0.3170778408668429,34,224.0581782891205,,1.980123979480239,1.980123979480239,,0.0080587962406277,522982.4295480066,0.0006597110892124,,,,,,,,,,,,0.0080587962406277,0.0006597110892124,TM103,,,,TM103
e5520e5aabf0,ridge,"{""sidewall_angle"": 5.0, ""substrate_height"": 1000.0, ""topclad_height"": 800.0, ""substrate_material"": ""Al2O3"", ""topclad_material"": ""SiO2"", ""core_eq_o"": ""(1+2.8032/(1-0.015287/x**2)+0.36335/(1-0.036095/x**2)-33508000/(1+367200000/x**2))**0.5"", ""core_eq_e"": ""(1+0.017061/(1-0.043855/x**2)+3.1976/(1-0.022642/x**2)-57269000/(1-74226000/x**2))**0.5"", ""core_chi2"": ""AlN"", ""h_core"": 400.0, ""w_core"": 800.0}",screened,1,TM10,S,,TM85,0.0734426527728557,11,217.83201707662283,,2.073935403966844,2.073935403966844,,0.0079653074715175,487219.1805056365,0.0006741812694079,,,,,,,,,,,,0.0079653074715175,0.0006741812694079,TM85,,,,TM85
e5520e5aabf0,ridge,"{""sidewall_angle"": 5.0, ""substrate_height"": 1000.0, ""topclad_height"": 800.0, ""substrate_material"": ""Al2O3"", ""topclad_material"": ""SiO2"", ""core_eq_o"": ""(1+2.8032/(1-0.015287/x**2)+0.36335/(1-0.036095/x**2)-33508000/(1+367200000/x**2))**0.5"", ""core_eq_e"": ""(1+0.017061/(1-0.043855/x**2)+3.1976/(1-0.022642/x**2)-57269000/(1-74226000/x**2))**0.5"", ""core_chi2"": ""AlN"", ""h_core"": 400.0, ""w_core"": 800.0}",screened,2,TM20,A,,TE75,0.9770900773988532,0,220.8793656328789,,1.987612917840902,1.987612917840902,,0.0068451340950409,626423.9291032716,0.0006198137535621,,,,,,,,,,,,0.0068451340950409,0.0006198137535621,TE75,,,,TE75
e5520e5aabf0,ridge,"{""sidewall_angle"": 5.0, ""substrate_height"": 1000.0, ""topclad_height"": 800.0, ""substrate_material"": ""Al2O3"", ""topclad_material"": ""SiO2"", ""core_eq_o"": ""(1+2.8032/(1-0.015287/x**2)+0.36335/(1-0.036095/x**2)-33508000/(1+367200000/x**2))**0.5"", ""core_eq_e"": ""(1+0.017061/(1-0.043855/x**2)+3.1976/(1-0.022642/x**2)-57269000/(1-74226000/x**2))**0.5"", ""core_chi2"": ""AlN"", ""h_core"": 400.0, ""w_core"": 800.0}",screened,2,TM20,A,,TM05,0.0069544782124481,42,231.4873990678418,,1.9630270916588668,1.9630270916588668,,0.0049712976908139,815178.3993175424,0.0005770612091119,,,,,,,,,,,,0.0049712976908139,0.0005770612091119,TM05,,,,TM05
e5520e5aabf0,ridge,"{""sidewall_angle"": 5.0, ""substrate_height"": 1000.0, ""topclad_height"": 800.0, ""substrate_material"": ""Al2O3"", ""topclad_material"": ""SiO2"", ""core_eq_o"": ""(1+2.8032/(1-0.015287/x**2)+0.36335/(1-0.036095/x**2)-33508000/(1+367200000/x**2))**0.5"", ""core_eq_e"": ""(1+0.017061/(1-0.043855/x**2)+3.1976/(1-0.022642/x**2)-57269000/(1-74226000/x**2))**0.5"", ""core_chi2"": ""AlN"", ""h_core"": 400.0, ""w_core"": 800.0}",screened,2,TM20,A,,TM105,0.2907288903185184,8,216.3835195392905,,1.998408982045432,1.998408982045432,,0.0048628901291252,903982.6326051285,0.0005121718484901,,,,,,,,,,,,0.0048628901291252,0.0005121718484901,TM105,,,,TM105
e5520e5aabf0,ridge,"{""sidewall_angle"": 5.0, ""substrate_height"": 1000.0, ""topclad_height"": 800.0, ""substrate_material"": ""Al2O3"", ""topclad_material"": ""SiO2"", ""core_eq_o"": ""(1+2.8032/(1-0.015287/x**2)+0.36335/(1-0.036095/x**2)-33508000/(1+367200000/x**2))**0.5"", ""core_eq_e"": ""(1+0.017061/(1-0.043855/x**2)+3.1976/(1-0.022642/x**2)-57269000/(1-74226000/x**2))**0.5"", ""core_chi2"": ""AlN"", ""h_core"": 400.0, ""w_core"": 800.0}",screened,2,TM20,A,,TM85,0.0867037946221345,30,222.2911997283252,,1.984286789610124,1.984286789610124,,0.0043465119811543,978942.7181004388,0.0005005653057425,,,,,,,,,,,,0.0043465119811543,0.0005005653057425,TM85,,,,TM85
e5520e5aabf0,ridge,"{""sidewall_angle"": 5.0, ""substrate_height"": 1000.0, ""topclad_height"": 800.0, ""substrate_material"": ""Al2O3"", ""topclad_material"": ""SiO2"", ""core_eq_o"": ""(1+2.8032/(1-0.015287/x**2)+0.36335/(1-0.036095/x**2)-33508000/(1+367200000/x**2))**0.5"", ""core_eq_e"": ""(1+0.017061/(1-0.043855/x**2)+3.1976/(1-0.022642/x**2)-57269000/(1-74226000/x**2))**0.5"", ""core_chi2"": ""AlN"", ""h_core"": 400.0, ""w_core"": 800.0}",screened,2,TM20,A,,TE95,0.8855850412622512,10,215.14371406463252,,2.001399880730994,2.001399880730994,,0.002999131851248,1476051.5765120836,0.0004004596817188,,,,,,,,,,,,0.002999131851248,0.0004004596817188,TE95,,,,TE95
e5520e5aabf0,ridge,"{""sidewall_angle"": 5.0, ""substrate_height"": 1000.0, ""topclad_height"": 800.0, ""substrate_material"": ""Al2O3"", ""topclad_material"": ""SiO2"", ""core_eq_o"": ""(1+2.8032/(1-0.015287/x**2)+0.36335/(1-0.036095/x**2)-33508000/(1+367200000/x**2))**0.5"", ""core_eq_e"": ""(1+0.017061/(1-0.043855/x**2)+3.1976/(1-0.022642/x**2)-57269000/(1-74226000/x**2))**0.5"", ""core_chi2"": ""AlN"", ""h_core"": 400.0, ""w_core"": 800.0}",screened,1,TM10,S,,TM84,0.0774204706934681,3,223.41358759824905,,2.0645477878849863,2.0645477878849863,,0.0025258114317226,1480679.67437389,0.0003830719748456,,,,,,,,,,,,0.0025258114317226,0.0003830719748456,TM84,,,,TM84
e5520e5aabf0,ridge,"{""sidewall_angle"": 5.0, ""substrate_height"": 1000.0, ""topclad_height"": 800.0, ""substrate_material"": ""Al2O3"", ""topclad_material"": ""SiO2"", ""core_eq_o"": ""(1+2.8032/(1-0.015287/x**2)+0.36335/(1-0.036095/x**2)-33508000/(1+367200000/x**2))**0.5"", ""core_eq_e"": ""(1+0.017061/(1-0.043855/x**2)+3.1976/(1-0.022642/x**2)-57269000/(1-74226000/x**2))**0.5"", ""core_chi2"": ""AlN"", ""h_core"": 400.0, ""w_core"": 800.0}",screened,1,TM10,S,,TM104,0.1902726629749052,15,215.6284925825333,,2.0777391650364727,2.0777391650364727,,0.0024896517643115,1582093.1368509138,0.0003649237745965,,,,,,,,,,,,0.0024896517643115,0.0003649237745965,TM104,,,,TM104
e5520e5aabf0,ridge,"{""sidewall_angle"": 5.0, ""substrate_height"": 1000.0, ""topclad_height"": 800.0, ""substrate_material"": ""Al2O3"", ""topclad_material"": ""SiO2"", ""core_eq_o"": ""(1+2.8032/(1-0.015287/x**2)+0.36335/(1-0.036095/x**2)-33508000/(1+367200000/x**2))**0.5"", ""core_eq_e"": ""(1+0.017061/(1-0.043855/x**2)+3.1976/(1-0.022642/x**2)-57269000/(1-74226000/x**2))**0.5"", ""core_chi2"": ""AlN"", ""h_core"": 400.0, ""w_core"": 800.0}",screened,2,TM20,A,,TE74,0.720713385078289,33,224.96717614954477,,1.9779824789632692,1.9779824789632692,,0.0024542325090145,1708970.96727677,0.0003694885168602,,,,,,,,,,,,0.0024542325090145,0.0003694885168602,TE74,,,,TE74
e5520e5aabf0,ridge,"{""sidewall_angle"": 5.0, ""substrate_height"": 1000.0, ""topclad_height"": 800.0, ""substrate_material"": ""Al2O3"", ""topclad_material"": ""SiO2"", ""core_eq_o"": ""(1+2.8032/(1-0.015287/x**2)+0.36335/(1-0.036095/x**2)-33508000/(1+367200000/x**2))**0.5"", ""core_eq_e"": ""(1+0.017061/(1-0.043855/x**2)+3.1976/(1-0.022642/x**2)-57269000/(1-74226000/x**2))**0.5"", ""core_chi2"": ""AlN"", ""h_core"": 400.0, ""w_core"": 800.0}",screened,2,TM20,A,,TE115,0.680348569089527,6,216.8994714159291,,1.9971643030847444,1.9971643030847444,,0.00220488463359,1987978.948592938,0.000345133629577,,,,,,,,,,,,0.00220488463359,0.000345133629577,TE115,,,,TE115
e5520e5aabf0,ridge,"{""sidewall_angle"": 5.0, ""substrate_height"": 1000.0, ""topclad_height"": 800.0, ""substrate_material"": ""Al2O3"", ""topclad_material"": ""SiO2"", ""core_eq_o"": ""(1+2.8032/(1-0.015287/x**2)+0.36335/(1-0.036095/x**2)-33508000/(1+367200000/x**2))**0.5"", ""core_eq_e"": ""(1+0.017061/(1-0.043855/x**2)+3.1976/(1-0.022642/x**2)-57269000/(1-74226000/x**2))**0.5"", ""core_chi2"": ""AlN"", ""h_core"": 400.0, ""w_core"": 800.0}",screened,2,TM20,A,,TE115,0.821587445121876,7,216.65685049840184,,1.9977496002125237,1.9977496002125237,,0.0018742369174734,2341874.0138723487,0.0003164556835873,,,,,,,,,,,,0.0018742369174734,0.0003164556835873,TE115,,,,TE115
e5520e5aabf0,ridge,"{""sidewall_angle"": 5.0, ""substrate_height"": 1000.0, ""topclad_height"": 800.0, ""substrate_material"": ""Al2O3"", ""topclad_material"": ""SiO2"", ""core_eq_o"": ""(1+2.8032/(1-0.015287/x**2)+0.36335/(1-0.036095/x**2)-33508000/(1+367200000/x**2))**0.5"", ""core_eq_e"": ""(1+0.017061/(1-0.043855/x**2)+3.1976/(1-0.022642/x**2)-57269000/(1-74226000/x**2))**0.5"", ""core_chi2"": ""AlN"", ""h_core"": 400.0, ""w_core"": 800.0}",screened,0,TM00,A,,TE84,0.5601386365417009,35,226.2092381655282,,2.109949968562495,2.109949968562495,,0.0017469129063422,1956354.818434191,0.0003332212574053,,,,,,,,,,,,0.0017469129063422,0.0003332212574053,TE84,,,,TE84
e5520e5aabf0,ridge,"{""sidewall_angle"": 5.0, ""substrate_height"": 1000.0, ""topclad_height"": 800.0, ""substrate_material"": ""Al2O3"", ""topclad_material"": ""SiO2"", ""core_eq_o"": ""(1+2.8032/(1-0.015287/x**2)+0.36335/(1-0.036095/x**2)-33508000/(1+367200000/x**2))**0.5"", ""core_eq_e"": ""(1+0.017061/(1-0.043855/x**2)+3.1976/(1-0.022642/x**2)-57269000/(1-74226000/x**2))**0.5"", ""core_chi2"": ""AlN"", ""h_core"": 400.0, ""w_core"": 800.0}",screened,1,TM10,S,,TE91,0.9332678106008492,2,224.015828922463,,2.06355183359226,2.06355183359226,,0.0014281291265056,2608464.8426294,0.0002884323747261,,,,,,,,,,,,0.0014281291265056,0.0002884323747261,TE91,,,,TE91
e5520e5aabf0,ridge,"{""sidewall_angle"": 5.0, ""substrate_height"": 1000.0, ""topclad_height"": 800.0, ""substrate_material"": ""Al2O3"", ""topclad_material"": ""SiO2"", ""core_eq_o"": ""(1+2.8032/(1-0.015287/x**2)+0.36335/(1-0.036095/x**2)-33508000/(1+367200000/x**2))**0.5"", ""core_eq_e"": ""(1+0.017061/(1-0.043855/x**2)+3.1976/(1-0.022642/x**2)-57269000/(1-74226000/x**2))**0.5"", ""core_chi2"": ""AlN"", ""h_core"": 400.0, ""w_core"": 800.0}",screened,0,TM00,A,,TM102,0.0906503207524762,0,222.2186841782452,,2.1148241846739877,2.1148241846739877,,0.0013835453559065,2542018.313671144,0.0002865828502896,,,,,,,,,,,,0.0013835453559065,0.0002865828502896,TM102,,,,TM102
e5520e5aabf0,ridge,"{""sidewall_angle"": 5.0, ""substrate_height"": 1000.0, ""topclad_height"": 800.0, ""substrate_material"": ""Al2O3"", ""topclad_material"": ""SiO2"", ""core_eq_o"": ""(1+2.8032/(1-0.015287/x**2)+0.36335/(1-0.036095/x**2)-33508000/(1+367200000/x**2))**0.5"", ""core_eq_e"": ""(1+0.017061/(1-0.043855/x**2)+3.1976/(1-0.022642/x**2)-57269000/(1-74226000/x**2))**0.5"", ""core_chi2"": ""AlN"", ""h_core"": 400.0, ""w_core"": 800.0}",screened,1,TM10,S,,TE73,0.9529888082660942,30,227.4428350519763,,2.0580423254098923,2.0580423254098923,,0.0013236583510655,2752153.7569164536,0.0002818658803809,,,,,,,,,,,,0.0013236583510655,0.0002818658803809,TE73,,,,TE73
e5520e5aabf0,ridge,"{""sidewall_angle"": 5.0, ""substrate_height"": 1000.0, ""topclad_height"": 800.0, ""substrate_material"": ""Al2O3"", ""topclad_material"": ""SiO2"", ""core_eq_o"": ""(1+2.8032/(1-0.015287/x**2)+0.36335/(1-0.036095/x**2)-33508000/(1+367200000/x**2))**0.5"", ""core_eq_e"": ""(1+0.017061/(1-0.043855/x**2)+3.1976/(1-0.022642/x**2)-57269000/(1-74226000/x**2))**0.5"", ""core_chi2"": ""AlN"", ""h_core"": 400.0, ""w_core"": 800.0}",screened,0,TM00,A,,TE73,0.6333449688846572,32,225.78128853900083,,2.110451584666096,2.110451584666096,,0.0013200096993945,2597029.1631481354,0.0002873206722901,,,,,,,,,,,,0.0013200096993945,0.0002873206722901,TE73,,,,TE73
e5520e5aabf0,ridge,"{""sidewall_angle"": 5.0, ""substrate_height"": 1000.0, ""topclad_height"": 800.0, ""substrate_material"": ""Al2O3"", ""topclad_material"": ""SiO2"", ""core_eq_o"": ""(1+2.8032/(1-0.015287/x**2)+0.36335/(1-0.036095/x**2)-33508000/(1+367200000/x**2))**0.5"", ""core_eq_e"": ""(1+0.017061/(1-0.043855/x**2)+3.1976/(1-0.022642/x**2)-57269000/(1-74226000/x**2))**0.5"", ""core_chi2"": ""AlN"", ""h_core"": 400.0, ""w_core"": 800.0}",screened,0,TM00,A,,TE73,0.5892397186744169,36,230.0675614280407,,2.105431791063954,2.105431791063954,,0.0012443488572588,2672265.2452017567,0.0002836057614428,,,,,,,,,,,,0.0012443488572588,0.0002836057614428,TE73,,,,TE73
e5520e5aabf0,ridge,"{""sidewall_angle"": 5.0, ""substrate_height"": 1000.0, ""topclad_height"": 800.0, ""substrate_material"": ""Al2O3"", ""topclad_material"": ""SiO2"", ""core_eq_o"": ""(1+2.8032/(1-0.015287/x**2)+0.36335/(1-0.036095/x**2)-33508000/(1+367200000/x**2))**0.5"", ""core_eq_e"": ""(1+0.017061/(1-0.043855/x**2)+3.1976/(1-0.022642/x**2)-57269000/(1-74226000/x**2))**0.5"", ""core_chi2"": ""AlN"", ""h_core"": 400.0, ""w_core"": 800.0}",screened,1,TM10,S,,TE95,0.9632016693379624,13,216.1558996125953,,2.076828746144294,2.076828746144294,,0.0011827372962538,3318421.023904836,0.00025346236125,,,,,,,,,,,,0.0011827372962538,0.00025346236125,TE95,,,,TE95
e5520e5aabf0,ridge,"{""sidewall_angle"": 5.0, ""substrate_height"": 1000.0, ""topclad_height"": 800.0, ""substrate_material"": ""Al2O3"", ""topclad_material"": ""SiO2"", ""core_eq_o"": ""(1+2.8032/(1-0.015287/x**2)+0.36335/(1-0.036095/x**2)-33508000/(1+367200000/x**2))**0.5"", ""core_eq_e"": ""(1+0.017061/(1-0.043855/x**2)+3.1976/(1-0.022642/x**2)-57269000/(1-74226000/x**2))**0.5"", ""core_chi2"": ""AlN"", ""h_core"": 400.0, ""w_core"": 800.0}",screened,1,TM10,S,,TE14,0.985495247574136,33,233.43516554603067,,2.0487186194062788,2.0487186194062788,,0.0011472959215916,3055632.145561286,0.0002764221216577,,,,,,,,,,,,0.0011472959215916,0.0002764221216577,TE14,,,,TE14
e5520e5aabf0,ridge,"{""sidewall_angle"": 5.0, ""substrate_height"": 1000.0, ""topclad_height"": 800.0, ""substrate_material"": ""Al2O3"", ""topclad_material"": ""SiO2"", ""core_eq_o"": ""(1+2.8032/(1-0.015287/x**2)+0.36335/(1-0.036095/x**2)-33508000/(1+367200000/x**2))**0.5"", ""core_eq_e"": ""(1+0.017061/(1-0.043855/x**2)+3.1976/(1-0.022642/x**2)-57269000/(1-74226000/x**2))**0.5"", ""core_chi2"": ""AlN"", ""h_core"": 400.0, ""w_core"": 800.0}",screened,0,TM00,A,,TM103,0.4669408779914534,6,217.795293367115,,2.1204954340229247,2.1204954340229247,,0.0011050264417321,3286808.098916988,0.000251847300485,,,,,,,,,,,,0.0011050264417321,0.000251847300485,TM103,,,,TM103
e5520e5aabf0,ridge,"{""sidewall_angle"": 5.0, ""substrate_height"": 1000.0, ""topclad_height"": 800.0, ""substrate_material"": ""Al2O3"", ""topclad_material"": ""SiO2"", ""core_eq_o"": ""(1+2.8032/(1-0.015287/x**2)+0.36335/(1-0.036095/x**2)-33508000/(1+367200000/x**2))**0.5"", ""core_eq_e"": ""(1+0.017061/(1-0.043855/x**2)+3.1976/(1-0.022642/x**2)-57269000/(1-74226000/x**2))**0.5"", ""core_chi2"": ""AlN"", ""h_core"": 400.0, ""w_core"": 800.0}",screened,1,TM10,S,,TM85,0.0794046587835314,4,222.0597186395989,,2.066786743511149,2.066786743511149,,0.001067633141874,3534332.505451584,0.0002514798581587,,,,,,,,,,,,0.001067633141874,0.0002514798581587,TM85,,,,TM85
e5520e5aabf0,ridge,"{""sidewall_angle"": 5.0, ""substrate_height"": 1000.0, ""topclad_height"": 800.0, ""substrate_material"": ""Al2O3"", ""topclad_material"": ""SiO2"", ""core_eq_o"": ""(1+2.8032/(1-0.015287/x**2)+0.36335/(1-0.036095/x**2)-33508000/(1+367200000/x**2))**0.5"", ""core_eq_e"": ""(1+0.017061/(1-0.043855/x**2)+3.1976/(1-0.022642/x**2)-57269000/(1-74226000/x**2))**0.5"", ""core_chi2"": ""AlN"", ""h_core"": 400.0, ""w_core"": 800.0}",screened,1,TM10,S,,TM83,0.1900360842165781,37,232.31897520894023,,2.050427781541669,2.050427781541669,,0.0008783934064546,4019427.113620503,0.0002346867065957,,,,,,,,,,,,0.0008783934064546,0.0002346867065957,TM83,,,,TM83
e5520e5aabf0,ridge,"{""sidewall_angle"": 5.0, ""substrate_height"": 1000.0, ""topclad_height"": 800.0, ""substrate_material"": ""Al2O3"", ""topclad_material"": ""SiO2"", ""core_eq_o"": ""(1+2.8032/(1-0.015287/x**2)+0.36335/(1-0.036095/x**2)-33508000/(1+367200000/x**2))**0.5"", ""core_eq_e"": ""(1+0.017061/(1-0.043855/x**2)+3.1976/(1-0.022642/x**2)-57269000/(1-74226000/x**2))**0.5"", ""core_chi2"": ""AlN"", ""h_core"": 400.0, ""w_core"": 800.0}",screened,2,TM20,A,,TE75,0.9602808174531208,32,225.50572186261888,,1.976739963449584,1.976739963449584,,0.0007723069594217,5415048.07483376,0.0002130169730471,,,,,,,,,,,,0.0007723069594217,0.0002130169730471,TE75,,,,TE75
e5520e5aabf0,ridge,"{""sidewall_angle"": 5.0, ""substrate_height"": 1000.0, ""topclad_height"": 800.0, ""substrate_material"": ""Al2O3"", ""topclad_material"": ""SiO2"", ""core_eq_o"": ""(1+2.8032/(1-0.015287/x**2)+0.36335/(1-0.036095/x**2)-33508000/(1+367200000/x**2))**0.5"", ""core_eq_e"": ""(1+0.017061/(1-0.043855/x**2)+3.1976/(1-0.022642/x**2)-57269000/(1-74226000/x**2))**0.5"", ""core_chi2"": ""AlN"", ""h_core"": 400.0, ""w_core"": 800.0}",screened,4,TE10,A,,TM124,0.0940914491619015,3,217.65658894982013,,2.0031063623167675,2.0031063623167675,,0.0007495653666933,5755603.175242649,0.0059999947169094,,,,,,,,,,,,0.0007495653666933,0.0059999947169094,TM124,,,,TM124
e5520e5aabf0,ridge,"{""sidewall_angle"": 5.0, ""substrate_height"": 1000.0, ""topclad_height"": 800.0, ""substrate_material"": ""Al2O3"", ""topclad_material"": ""SiO2"", ""core_eq_o"": ""(1+2.8032/(1-0.015287/x**2)+0.36335/(1-0.036095/x**2)-33508000/(1+367200000/x**2))**0.5"", ""core_eq_e"": ""(1+0.017061/(1-0.043855/x**2)+3.1976/(1-0.022642/x**2)-57269000/(1-74226000/x**2))**0.5"", ""core_chi2"": ""AlN"", ""h_core"": 400.0, ""w_core"": 800.0}",screened,0,TM00,A,,TM85,0.0401985567810449,5,218.93702936177343,,2.1189865329369257,2.1189865329369257,,0.0006935504140101,5193438.06617632,0.0002039712704705,,,,,,,,,,,,0.0006935504140101,0.0002039712704705,TM85,,,,TM85
e5520e5aabf0,ridge,"{""sidewall_angle"": 5.0, ""substrate_height"": 1000.0, ""topclad_height"": 800.0, ""substrate_material"": ""Al2O3"", ""topclad_material"": ""SiO2"", ""core_eq_o"": ""(1+2.8032/(1-0.015287/x**2)+0.36335/(1-0.036095/x**2)-33508000/(1+367200000/x**2))**0.5"", ""core_eq_e"": ""(1+0.017061/(1-0.043855/x**2)+3.1976/(1-0.022642/x**2)-57269000/(1-74226000/x**2))**0.5"", ""core_chi2"": ""AlN"", ""h_core"": 400.0, ""w_core"": 800.0}",screened,0,TM00,A,,TM85,0.0835115960857084,11,215.77472434459827,,2.123165787595619,2.123165787595619,,0.0006555443188201,5623427.533283344,0.0001946644524833,,,,,,,,,,,,0.0006555443188201,0.0001946644524833,TM85,,,,TM85
e5520e5aabf0,ridge,"{""sidewall_angle"": 5.0, ""substrate_height"": 1000.0, ""topclad_height"": 800.0, ""substrate_material"": ""Al2O3"", ""topclad_material"": ""SiO2"", ""core_eq_o"": ""(1+2.8032/(1-0.015287/x**2)+0.36335/(1-0.036095/x**2)-33508000/(1+367200000/x**2))**0.5"", ""core_eq_e"": ""(1+0.017061/(1-0.043855/x**2)+3.1976/(1-0.022642/x**2)-57269000/(1-74226000/x**2))**0.5"", ""core_chi2"": ""AlN"", ""h_core"": 400.0, ""w_core"": 800.0}",screened,4,TE10,A,,TE91,0.7253005550956593,40,229.78076252565063,,1.981849551812662,1.981849551812662,,0.0006442889731289,6203487.972776238,0.0074704818558675,,,,,,,,,,,,0.0006442889731289,0.0074704818558675,TE91,,,,TE91
e5520e5aabf0,ridge,"{""sidewall_angle"": 5.0, ""substrate_height"": 1000.0, ""topclad_height"": 800.0, ""substrate_material"": ""Al2O3"", ""topclad_material"": ""SiO2"", ""core_eq_o"": ""(1+2.8032/(1-0.015287/x**2)+0.36335/(1-0.036095/x**2)-33508000/(1+367200000/x**2))**0.5"", ""core_eq_e"": ""(1+0.017061/(1-0.043855/x**2)+3.1976/(1-0.022642/x**2)-57269000/(1-74226000/x**2))**0.5"", ""core_chi2"": ""AlN"", ""h_core"": 400.0, ""w_core"": 800.0}",screened,4,TE10,A,,TM102,0.2841086900877377,45,230.6092469866156,,1.980449024929761,1.980449024929761,,0.0006019883792192,6605770.413012355,0.0072333155302049,,,,,,,,,,,,0.0006019883792192,0.0072333155302049,TM102,,,,TM102
e5520e5aabf0,ridge,"{""sidewall_angle"": 5.0, ""substrate_height"": 1000.0, ""topclad_height"": 800.0, ""substrate_material"": ""Al2O3"", ""topclad_material"": ""SiO2"", ""core_eq_o"": ""(1+2.8032/(1-0.015287/x**2)+0.36335/(1-0.036095/x**2)-33508000/(1+367200000/x**2))**0.5"", ""core_eq_e"": ""(1+0.017061/(1-0.043855/x**2)+3.1976/(1-0.022642/x**2)-57269000/(1-74226000/x**2))**0.5"", ""core_chi2"": ""AlN"", ""h_core"": 400.0, ""w_core"": 800.0}",screened,1,TM10,S,,TM05,0.0037243835956876,1,224.41730297130175,,2.062887897415377,2.062887897415377,,0.000479215808893,7753277.463599593,0.0001741610089085,,,,,,,,,,,,0.000479215808893,0.0001741610089085,TM05,,,,TM05
e5520e5aabf0,ridge,"{""sidewall_angle"": 5.0, ""substrate_height"": 1000.0, ""topclad_height"": 800.0, ""substrate_material"": ""Al2O3"", ""topclad_material"": ""SiO2"", ""core_eq_o"": ""(1+2.8032/(1-0.015287/x**2)+0.36335/(1-0.036095/x**2)-33508000/(1+367200000/x**2))**0.5"", ""core_eq_e"": ""(1+0.017061/(1-0.043855/x**2)+3.1976/(1-0.022642/x**2)-57269000/(1-74226000/x**2))**0.5"", ""core_chi2"": ""AlN"", ""h_core"": 400.0, ""w_core"": 800.0}",screened,1,TM10,S,,TE75,0.8632768770534297,10,218.95580012653505,,2.071995510751483,2.071995510751483,,0.0004575068449969,8419360.186647862,0.0001594852759369,,,,,,,,,,,,0.0004575068449969,0.0001594852759369,TE75,,,,TE75
e5520e5aabf0,ridge,"{""sidewall_angle"": 5.0, ""substrate_height"": 1000.0, ""topclad_height"": 800.0, ""substrate_material"": ""Al2O3"", ""topclad_material"": ""SiO2"", ""core_eq_o"": ""(1+2.8032/(1-0.015287/x**2)+0.36335/(1-0.036095/x**2)-33508000/(1+367200000/x**2))**0.5"", ""core_eq_e"": ""(1+0.017061/(1-0.043855/x**2)+3.1976/(1-0.022642/x**2)-57269000/(1-74226000/x**2))**0.5"", ""core_chi2"": ""AlN"", ""h_core"": 400.0, ""w_core"": 800.0}",screened,0,TM00,A,,TM83,0.3960097276574643,38,230.3808508075737,,2.1050845611935243,2.1050845611935243,,0.0004333357796263,7656496.367626664,0.0001682383475477,,,,,,,,,,,,0.0004333357796263,0.0001682383475477,TM83,,,,TM83
e5520e5aabf0,ridge,"{""sidewall_angle"": 5.0, ""substrate_height"": 1000.0, ""topclad_height"": 800.0, ""substrate_material"": ""Al2O3"", ""topclad_material"": ""SiO2"", ""core_eq_o"": ""(1+2.8032/(1-0.015287/x**2)+0.36335/(1-0.036095/x**2)-33508000/(1+367200000/x**2))**0.5"", ""core_eq_e"": ""(1+0.017061/(1-0.043855/x**2)+3.1976/(1-0.022642/x**2)-57269000/(1-74226000/x**2))**0.5"", ""core_chi2"": ""AlN"", ""h_core"": 400.0, ""w_core"": 800.0}",screened,4,TE10,A,,TE114,0.821587445121876,7,216.31573903020276,,2.005535418139198,2.005535418139198,,0.0004176363176671,10420547.04430849,0.0031834626693207,,,,,,,,,,,,0.0004176363176671,0.0031834626693207,TE114,,,,TE114
e5520e5aabf0,ridge,"{""sidewall_angle"": 5.0, ""substrate_height"": 1000.0, ""topclad_height"": 800.0, ""substrate_material"": ""Al2O3"", ""topclad_material"": ""SiO2"", ""core_eq_o"": ""(1+2.8032/(1-0.015287/x**2)+0.36335/(1-0.036095/x**2)-33508000/(1+367200000/x**2))**0.5"", ""core_eq_e"": ""(1+0.017061/(1-0.043855/x**2)+3.1976/(1-0.022642/x**2)-57269000/(1-74226000/x**2))**0.5"", ""core_chi2"": ""AlN"", ""h_core"": 400.0, ""w_core"": 800.0}",screened,4,TE10,A,,TM121,0.0226246560257439,31,220.85883341302144,,1.9973494140716377,1.9973494140716377,,0.0003785396122972,11164852.85794764,0.0043233085914889,,,,,,,,,,,,0.0003785396122972,0.0043233085914889,TM121,,,,TM121
e5520e5aabf0,ridge,"{""sidewall_angle"": 5.0, ""substrate_height"": 1000.0, ""topclad_height"": 800.0, ""substrate_material"": ""Al2O3"", ""topclad_material"": ""SiO2"", ""core_eq_o"": ""(1+2.8032/(1-0.015287/x**2)+0.36335/(1-0.036095/x**2)-33508000/(1+367200000/x**2))**0.5"", ""core_eq_e"": ""(1+0.017061/(1-0.043855/x**2)+3.1976/(1-0.022642/x**2)-57269000/(1-74226000/x**2))**0.5"", ""core_chi2"": ""AlN"", ""h_core"": 400.0, ""w_core"": 800.0}",screened,1,TM10,S,,TM85,0.0725002091184422,5,221.63696230590023,,2.06748587518544,2.06748587518544,,0.0003708756404966,10202713.29515754,0.0001472346300896,,,,,,,,,,,,0.0003708756404966,0.0001472346300896,TM85,,,,TM85
e5520e5aabf0,ridge,"{""sidewall_angle"": 5.0, ""substrate_height"": 1000.0, ""topclad_height"": 800.0, ""substrate_material"": ""Al2O3"", ""topclad_material"": ""SiO2"", ""core_eq_o"": ""(1+2.8032/(1-0.015287/x**2)+0.36335/(1-0.036095/x**2)-33508000/(1+367200000/x**2))**0.5"", ""core_eq_e"": ""(1+0.017061/(1-0.043855/x**2)+3.1976/(1-0.022642/x**2)-57269000/(1-74226000/x**2))**0.5"", ""core_chi2"": ""AlN"", ""h_core"": 400.0, ""w_core"": 800.0}",screened,0,TM00,A,,TM83,0.1118981381907349,37,228.1053086551792,,2.1077275119175654,2.1077275119175654,,0.0003705519041695,9098981.80098159,0.0001534896388481,,,,,,,,,,,,0.0003705519041695,0.0001534896388481,TM83,,,,TM83
e5520e5aabf0,ridge,"{""sidewall_angle"": 5.0, ""substrate_height"": 1000.0, ""topclad_height"": 800.0, ""substrate_material"": ""Al2O3"", ""topclad_material"": ""SiO2"", ""core_eq_o"": ""(1+2.8032/(1-0.015287/x**2)+0.36335/(1-0.036095/x**2)-33508000/(1+367200000/x**2))**0.5"", ""core_eq_e"": ""(1+0.017061/(1-0.043855/x**2)+3.1976/(1-0.022642/x**2)-57269000/(1-74226000/x**2))**0.5"", ""core_chi2"": ""AlN"", ""h_core"": 400.0, ""w_core"": 800.0}",screened,0,TM00,A,,TM85,0.0664851203116898,4,219.29636315683956,,2.1185116428080804,2.1185116428080804,,0.0003210296334973,11190654.231390812,0.0001386133446432,,,,,,,,,,,,0.0003210296334973,0.0001386133446432,TM85,,,,TM85
e5520e5aabf0,ridge,"{""sidewall_angle"": 5.0, ""substrate_height"": 1000.0, ""topclad_height"": 800.0, ""substrate_material"": ""Al2O3"", ""topclad_material"": ""SiO2"", ""core_eq_o"": ""(1+2.8032/(1-0.015287/x**2)+0.36335/(1-0.036095/x**2)-33508000/(1+367200000/x**2))**0.5"", ""core_eq_e"": ""(1+0.017061/(1-0.043855/x**2)+3.1976/(1-0.022642/x**2)-57269000/(1-74226000/x**2))**0.5"", ""core_chi2"": ""AlN"", ""h_core"": 400.0, ""w_core"": 800.0}",screened,1,TM10,S,,TE54,0.9878673979715136,31,226.9625678810032,,2.058805523837079,2.058805523837079,,0.0002850255560931,12820878.221502349,0.0001320961556429,,,,,,,,,,,,0.0002850255560931,0.0001320961556429,TE54,,,,TE54
e5520e5aabf0,ridge,"{""sidewall_angle"": 5.0, ""substrate_height"": 1000.0, ""topclad_height"": 800.0, ""substrate_material"": ""Al2O3"", ""topclad_material"": ""SiO2"", ""core_eq_o"": ""(1+2.8032/(1-0.015287/x**2)+0.36335/(1-0.036095/x**2)-33508000/(1+367200000/x**2))**0.5"", ""core_eq_e"": ""(1+0.017061/(1-0.043855/x**2)+3.1976/(1-0.022642/x**2)-57269000/(1-74226000/x**2))**0.5"", ""core_chi2"": ""AlN"", ""h_core"": 400.0, ""w_core"": 800.0}",screened,4,TE10,A,,TM104,0.1088281281210182,2,218.7101340050349,,2.0011977820102618,2.0011977820102618,,0.0002637188759926,16248263.598505598,0.0036029812442805,,,,,,,,,,,,0.0002637188759926,0.0036029812442805,TM104,,,,TM104
e5520e5aabf0,ridge,"{""sidewall_angle"": 5.0, ""substrate_height"": 1000.0, ""topclad_height"": 800.0, ""substrate_material"": ""Al2O3"", ""topclad_material"": ""SiO2"", ""core_eq_o"": ""(1+2.8032/(1-0.015287/x**2)+0.36335/(1-0.036095/x**2)-33508000/(1+367200000/x**2))**0.5"", ""core_eq_e"": ""(1+0.017061/(1-0.043855/x**2)+3.1976/(1-0.022642/x**2)-57269000/(1-74226000/x**2))**0.5"", ""core_chi2"": ""AlN"", ""h_core"": 400.0, ""w_core"": 800.0}",screened,4,TE10,A,,TM26,0.0155984263559805,5,216.7770337622698,,2.004699746198297,2.004699746198297,,0.0002466654462727,17590296.61777155,0.0026014685262668,,,,,,,,,,,,0.0002466654462727,0.0026014685262668,TM26,,,,TM26
e5520e5aabf0,ridge,"{""sidewall_angle"": 5.0, ""substrate_height"": 1000.0, ""topclad_height"": 800.0, ""substrate_material"": ""Al2O3"", ""topclad_material"": ""SiO2"", ""core_eq_o"": ""(1+2.8032/(1-0.015287/x**2)+0.36335/(1-0.036095/x**2)-33508000/(1+367200000/x**2))**0.5"", ""core_eq_e"": ""(1+0.017061/(1-0.043855/x**2)+3.1976/(1-0.022642/x**2)-57269000/(1-74226000/x**2))**0.5"", ""core_chi2"": ""AlN"", ""h_core"": 400.0, ""w_core"": 800.0}",screened,1,TM10,S,,TE74,0.8109521386535505,7,220.32405542011435,,2.0696570899398496,2.0696570899398496,,0.0002060537204373,18524928.62105672,0.0001080375868333,,,,,,,,,,,,0.0002060537204373,0.0001080375868333,TE74,,,,TE74
e5520e5aabf0,ridge,"{""sidewall_angle"": 5.0, ""substrate_height"": 1000.0, ""topclad_height"": 800.0, ""substrate_material"": ""Al2O3"", ""topclad_material"": ""SiO2"", ""core_eq_o"": ""(1+2.8032/(1-0.015287/x**2)+0.36335/(1-0.036095/x**2)-33508000/(1+367200000/x**2))**0.5"", ""core_eq_e"": ""(1+0.017061/(1-0.043855/x**2)+3.1976/(1-0.022642/x**2)-57269000/(1-74226000/x**2))**0.5"", ""core_chi2"": ""AlN"", ""h_core"": 400.0, ""w_core"": 800.0}",screened,4,TE10,A,,TM84,0.0799967096836005,41,228.27977009092555,,1.9844274555735095,1.9844274555735095,,0.0001620689673662,24889468.63008799,0.0037482919535416,,,,,,,,,,,,0.0001620689673662,0.0037482919535416,TM84,,,,TM84
e5520e5aabf0,ridge,"{""sidewall_angle"": 5.0, ""substrate_height"": 1000.0, ""topclad_height"": 800.0, ""substrate_material"": ""Al2O3"", ""topclad_material"": ""SiO2"", ""core_eq_o"": ""(1+2.8032/(1-0.015287/x**2)+0.36335/(1-0.036095/x**2)-33508000/(1+367200000/x**2))**0.5"", ""core_eq_e"": ""(1+0.017061/(1-0.043855/x**2)+3.1976/(1-0.022642/x**2)-57269000/(1-74226000/x**2))**0.5"", ""core_chi2"": ""AlN"", ""h_core"": 400.0, ""w_core"": 800.0}",screened,0,TM00,A,,TE94,0.8868518476781452,7,217.53770209769195,,2.120835862763014,2.120835862763014,,0.00014388649465,25289820.248339176,9.107847450123378e-05,,,,,,,,,,,,0.00014388649465,9.107847450123378e-05,TE94,,,,TE94
e5520e5aabf0,ridge,"{""sidewall_angle"": 5.0, ""substrate_height"": 1000.0, ""topclad_height"": 800.0, ""substrate_material"": ""Al2O3"", ""topclad_material"": ""SiO2"", ""core_eq_o"": ""(1+2.8032/(1-0.015287/x**2)+0.36335/(1-0.036095/x**2)-33508000/(1+367200000/x**2))**0.5"", ""core_eq_e"": ""(1+0.017061/(1-0.043855/x**2)+3.1976/(1-0.022642/x**2)-57269000/(1-74226000/x**2))**0.5"", ""core_chi2"": ""AlN"", ""h_core"": 400.0, ""w_core"": 800.0}",screened,4,TE10,A,,TM103,0.3940488580609946,34,223.32853581978077,,1.9930023734146056,1.9930023734146056,,0.0001222624523736,34029144.92871168,0.002911965569209,,,,,,,,,,,,0.0001222624523736,0.002911965569209,TM103,,,,TM103
e5520e5aabf0,ridge,"{""sidewall_angle"": 5.0, ""substrate_height"": 1000.0, ""topclad_height"": 800.0, ""substrate_material"": ""Al2O3"", ""topclad_material"": ""SiO2"", ""core_eq_o"": ""(1+2.8032/(1-0.015287/x**2)+0.36335/(1-0.036095/x**2)-33508000/(1+367200000/x**2))**0.5"", ""core_eq_e"": ""(1+0.017061/(1-0.043855/x**2)+3.1976/(1-0.022642/x**2)-57269000/(1-74226000/x**2))**0.5"", ""core_chi2"": ""AlN"", ""h_core"": 400.0, ""w_core"": 800.0}",screened,4,TE10,A,,TE94,0.8864013889397955,35,225.40421288043564,,1.989366127865228,1.989366127865228,,0.0001034284612955,39705232.66511679,0.0027263032626193,,,,,,,,,,,,0.0001034284612955,0.0027263032626193,TE94,,,,TE94
e5520e5aabf0,ridge,"{""sidewall_angle"": 5.0, ""substrate_height"": 1000.0, ""topclad_height"": 800.0, ""substrate_material"": ""Al2O3"", ""topclad_material"": ""SiO2"", ""core_eq_o"": ""(1+2.8032/(1-0.015287/x**2)+0.36335/(1-0.036095/x**2)-33508000/(1+367200000/x**2))**0.5"", ""core_eq_e"": ""(1+0.017061/(1-0.043855/x**2)+3.1976/(1-0.022642/x**2)-57269000/(1-74226000/x**2))**0.5"", ""core_chi2"": ""AlN"", ""h_core"": 400.0, ""w_core"": 800.0}",screened,0,TM00,A,,TE73,0.9346283778779192,30,223.4407989254116,,2.113305251458703,2.113305251458703,,9.797979569363668e-05,35580155.90784782,7.73409868999217e-05,,,,,,,,,,,,9.797979569363668e-05,7.73409868999217e-05,TE73,,,,TE73
e5520e5aabf0,ridge,"{""sidewall_angle"": 5.0, ""substrate_height"": 1000.0, ""topclad_height"": 800.0, ""substrate_material"": ""Al2O3"", ""topclad_material"": ""SiO2"", ""core_eq_o"": ""(1+2.8032/(1-0.015287/x**2)+0.36335/(1-0.036095/x**2)-33508000/(1+367200000/x**2))**0.5"", ""core_eq_e"": ""(1+0.017061/(1-0.043855/x**2)+3.1976/(1-0.022642/x**2)-57269000/(1-74226000/x**2))**0.5"", ""core_chi2"": ""AlN"", ""h_core"": 400.0, ""w_core"": 800.0}",screened,4,TE10,A,,TM85,0.226137059067284,38,226.33883624727216,,1.9877609438305823,1.9877609438305823,,8.897746196780795e-05,45884435.57498775,0.0025730434687107,,,,,,,,,,,,8.897746196780795e-05,0.0025730434687107,TM85,,,,TM85
e5520e5aabf0,ridge,"{""sidewall_angle"": 5.0, ""substrate_height"": 1000.0, ""topclad_height"": 800.0, ""substrate_material"": ""Al2O3"", ""topclad_material"": ""SiO2"", ""core_eq_o"": ""(1+2.8032/(1-0.015287/x**2)+0.36335/(1-0.036095/x**2)-33508000/(1+367200000/x**2))**0.5"", ""core_eq_e"": ""(1+0.017061/(1-0.043855/x**2)+3.1976/(1-0.022642/x**2)-57269000/(1-74226000/x**2))**0.5"", ""core_chi2"": ""AlN"", ""h_core"": 400.0, ""w_core"": 800.0}",screened,4,TE10,A,,TE74,0.720713385078289,33,224.1205195604046,,1.9916083651686007,1.9916083651686007,,8.777987481888372e-05,47161325.26522434,0.0024984164052382,,,,,,,,,,,,8.777987481888372e-05,0.0024984164052382,TE74,,,,TE74
e5520e5aabf0,ridge,"{""sidewall_angle"": 5.0, ""substrate_height"": 1000.0, ""topclad_height"": 800.0, ""substrate_material"": ""Al2O3"", ""topclad_material"": ""SiO2"", ""core_eq_o"": ""(1+2.8032/(1-0.015287/x**2)+0.36335/(1-0.036095/x**2)-33508000/(1+367200000/x**2))**0.5"", ""core_eq_e"": ""(1+0.017061/(1-0.043855/x**2)+3.1976/(1-0.022642/x**2)-57269000/(1-74226000/x**2))**0.5"", ""core_chi2"": ""AlN"", ""h_core"": 400.0, ""w_core"": 800.0}",screened,0,TM00,A,,TE92,0.836535573556026,2,220.6596616854866,,2.116761851372729,2.116761851372729,,8.106489276598693e-05,43879464.17433302,6.912801420689923e-05,,,,,,,,,,,,8.106489276598693e-05,6.912801420689923e-05,TE92,,,,TE92
e5520e5aabf0,ridge,"{""sidewall_angle"": 5.0, ""substrate_height"": 1000.0, ""topclad_height"": 800.0, ""substrate_material"": ""Al2O3"", ""topclad_material"": ""SiO2"", ""core_eq_o"": ""(1+2.8032/(1-0.015287/x**2)+0.36335/(1-0.036095/x**2)-33508000/(1+367200000/x**2))**0.5"", ""core_eq_e"": ""(1+0.017061/(1-0.043855/x**2)+3.1976/(1-0.022642/x**2)-57269000/(1-74226000/x**2))**0.5"", ""core_chi2"": ""AlN"", ""h_core"": 400.0, ""w_core"": 800.0}",screened,3,TE00,S,,TM104,0.0203101487631639,34,231.21376045774,,2.038543553492764,2.038543553492764,,8.029358238293425e-05,45173927.57428237,0.0031142329955948,,,,,,,,,,,,8.029358238293425e-05,0.0031142329955948,TM104,,,,TM104
e5520e5aabf0,ridge,"{""sidewall_angle"": 5.0, ""substrate_height"": 1000.0, ""topclad_height"": 800.0, ""substrate_material"": ""Al2O3"", ""topclad_material"": ""SiO2"", ""core_eq_o"": ""(1+2.8032/(1-0.015287/x**2)+0.36335/(1-0.036095/x**2)-33508000/(1+367200000/x**2))**0.5"", ""core_eq_e"": ""(1+0.017061/(1-0.043855/x**2)+3.1976/(1-0.022642/x**2)-57269000/(1-74226000/x**2))**0.5"", ""core_chi2"": ""AlN"", ""h_core"": 400.0, ""w_core"": 800.0}",screened,4,TE10,A,,TM85,0.1021755154565642,39,226.95936897372235,,1.986695199851974,1.986695199851974,,6.653813375231354e-05,61121703.58869761,0.0022752933951929,,,,,,,,,,,,6.653813375231354e-05,0.0022752933951929,TM85,,,,TM85
e5520e5aabf0,ridge,"{""sidewall_angle"": 5.0, ""substrate_height"": 1000.0, ""topclad_height"": 800.0, ""substrate_material"": ""Al2O3"", ""topclad_material"": ""SiO2"", ""core_eq_o"": ""(1+2.8032/(1-0.015287/x**2)+0.36335/(1-0.036095/x**2)-33508000/(1+367200000/x**2))**0.5"", ""core_eq_e"": ""(1+0.017061/(1-0.043855/x**2)+3.1976/(1-0.022642/x**2)-57269000/(1-74226000/x**2))**0.5"", ""core_chi2"": ""AlN"", ""h_core"": 400.0, ""w_core"": 800.0}",screened,4,TE10,A,,TM05,0.0046999278303553,42,230.07925451036783,,1.981339811576209,1.981339811576209,,6.562661073961322e-05,60791691.43611078,0.0025527384141035,,,,,,,,,,,,6.562661073961322e-05,0.0025527384141035,TM05,,,,TM05
e5520e5aabf0,ridge,"{""sidewall_angle"": 5.0, ""substrate_height"": 1000.0, ""topclad_height"": 800.0, ""substrate_material"": ""Al2O3"", ""topclad_material"": ""SiO2"", ""core_eq_o"": ""(1+2.8032/(1-0.015287/x**2)+0.36335/(1-0.036095/x**2)-33508000/(1+367200000/x**2))**0.5"", ""core_eq_e"": ""(1+0.017061/(1-0.043855/x**2)+3.1976/(1-0.022642/x**2)-57269000/(1-74226000/x**2))**0.5"", ""core_chi2"": ""AlN"", ""h_core"": 400.0, ""w_core"": 800.0}",screened,0,TM00,A,,TE94,0.632072577507538,8,217.16240621517775,,2.121331848146102,2.121331848146102,,6.072125827879473e-05,60092480.99513122,5.888069878771398e-05,,,,,,,,,,,,6.072125827879473e-05,5.888069878771398e-05,TE94,,,,TE94
e5520e5aabf0,ridge,"{""sidewall_angle"": 5.0, ""substrate_height"": 1000.0, ""topclad_height"": 800.0, ""substrate_material"": ""Al2O3"", ""topclad_material"": ""SiO2"", ""core_eq_o"": ""(1+2.8032/(1-0.015287/x**2)+0.36335/(1-0.036095/x**2)-33508000/(1+367200000/x**2))**0.5"", ""core_eq_e"": ""(1+0.017061/(1-0.043855/x**2)+3.1976/(1-0.022642/x**2)-57269000/(1-74226000/x**2))**0.5"", ""core_chi2"": ""AlN"", ""h_core"": 400.0, ""w_core"": 800.0}",screened,4,TE10,A,,TE54,0.9874527672209016,48,234.0844190810872,,1.9746081176818315,1.9746081176818315,,5.074559234793189e-05,76730835.73221393,0.0022896278856619,,,,,,,,,,,,5.074559234793189e-05,0.0022896278856619,TE54,,,,TE54
e5520e5aabf0,ridge,"{""sidewall_angle"": 5.0, ""substrate_height"": 1000.0, ""topclad_height"": 800.0, ""substrate_material"": ""Al2O3"", ""topclad_material"": ""SiO2"", ""core_eq_o"": ""(1+2.8032/(1-0.015287/x**2)+0.36335/(1-0.036095/x**2)-33508000/(1+367200000/x**2))**0.5"", ""core_eq_e"": ""(1+0.017061/(1-0.043855/x**2)+3.1976/(1-0.022642/x**2)-57269000/(1-74226000/x**2))**0.5"", ""core_chi2"": ""AlN"", ""h_core"": 400.0, ""w_core"": 800.0}",screened,3,TE00,S,,TM121,0.0166022516870413,12,218.2770580160636,,2.054718839612091,2.054718839612091,,2.8889149768675164e-05,137577645.13704205,0.0017875811383708,,,,,,,,,,,,2.8889149768675164e-05,0.0017875811383708,TM121,,,,TM121
e5520e5aabf0,ridge,"{""sidewall_angle"": 5.0, ""substrate_height"": 1000.0, ""topclad_height"": 800.0, ""substrate_material"": ""Al2O3"", ""topclad_material"": ""SiO2"", ""core_eq_o"": ""(1+2.8032/(1-0.015287/x**2)+0.36335/(1-0.036095/x**2)-33508000/(1+367200000/x**2))**0.5"", ""core_eq_e"": ""(1+0.017061/(1-0.043855/x**2)+3.1976/(1-0.022642/x**2)-57269000/(1-74226000/x**2))**0.5"", ""core_chi2"": ""AlN"", ""h_core"": 400.0, ""w_core"": 800.0}",screened,4,TE10,A,,TM124,0.3530156231692086,4,217.3621202035511,,2.0036398157720603,2.0036398157720603,,2.8065388130339158e-05,154013321.92713112,0.0008231894985662,,,,,,,,,,,,2.8065388130339158e-05,0.0008231894985662,TM124,,,,TM124
e5520e5aabf0,ridge,"{""sidewall_angle"": 5.0, ""substrate_height"": 1000.0, ""topclad_height"": 800.0, ""substrate_material"": ""Al2O3"", ""topclad_material"": ""SiO2"", ""core_eq_o"": ""(1+2.8032/(1-0.015287/x**2)+0.36335/(1-0.036095/x**2)-33508000/(1+367200000/x**2))**0.5"", ""core_eq_e"": ""(1+0.017061/(1-0.043855/x**2)+3.1976/(1-0.022642/x**2)-57269000/(1-74226000/x**2))**0.5"", ""core_chi2"": ""AlN"", ""h_core"": 400.0, ""w_core"": 800.0}",screened,1,TM10,S,,TE95,0.911657796254576,14,216.10150929889676,,2.076922635619254,2.076922635619254,,2.7859221467631823e-05,140932283.69942626,3.921214158527858e-05,,,,,,,,,,,,2.7859221467631823e-05,3.921214158527858e-05,TE95,,,,TE95
e5520e5aabf0,ridge,"{""sidewall_angle"": 5.0, ""substrate_height"": 1000.0, ""topclad_height"": 800.0, ""substrate_material"": ""Al2O3"", ""topclad_material"": ""SiO2"", ""core_eq_o"": ""(1+2.8032/(1-0.015287/x**2)+0.36335/(1-0.036095/x**2)-33508000/(1+367200000/x**2))**0.5"", ""core_eq_e"": ""(1+0.017061/(1-0.043855/x**2)+3.1976/(1-0.022642/x**2)-57269000/(1-74226000/x**2))**0.5"", ""core_chi2"": ""AlN"", ""h_core"": 400.0, ""w_core"": 800.0}",screened,0,TM00,A,,TM84,0.1684583062154514,3,220.50061891920063,,2.1169595213058696,2.1169595213058696,,2.2957121281769726e-05,155124826.29960644,3.669731301739464e-05,,,,,,,,,,,,2.2957121281769726e-05,3.669731301739464e-05,TM84,,,,TM84
e5520e5aabf0,ridge,"{""sidewall_angle"": 5.0, ""substrate_height"": 1000.0, ""topclad_height"": 800.0, ""substrate_material"": ""Al2O3"", ""topclad_material"": ""SiO2"", ""core_eq_o"": ""(1+2.8032/(1-0.015287/x**2)+0.36335/(1-0.036095/x**2)-33508000/(1+367200000/x**2))**0.5"", ""core_eq_e"": ""(1+0.017061/(1-0.043855/x**2)+3.1976/(1-0.022642/x**2)-57269000/(1-74226000/x**2))**0.5"", ""core_chi2"": ""AlN"", ""h_core"": 400.0, ""w_core"": 800.0}",screened,4,TE10,A,,TM105,0.2907288903185184,8,216.08643263490816,,2.005950824834952,2.005950824834952,,2.1791001394699e-05,200015194.70505252,0.0007270552088511,,,,,,,,,,,,2.1791001394699e-05,0.0007270552088511,TM105,,,,TM105
e5520e5aabf0,ridge,"{""sidewall_angle"": 5.0, ""substrate_height"": 1000.0, ""topclad_height"": 800.0, ""substrate_material"": ""Al2O3"", ""topclad_material"": ""SiO2"", ""core_eq_o"": ""(1+2.8032/(1-0.015287/x**2)+0.36335/(1-0.036095/x**2)-33508000/(1+367200000/x**2))**0.5"", ""core_eq_e"": ""(1+0.017061/(1-0.043855/x**2)+3.1976/(1-0.022642/x**2)-57269000/(1-74226000/x**2))**0.5"", ""core_chi2"": ""AlN"", ""h_core"": 400.0, ""w_core"": 800.0}",screened,0,TM00,A,,TE54,0.9778725314439162,31,222.8894058856722,,2.113990562886847,2.113990562886847,,1.8342569002796698e-05,190812963.54892465,3.36871151262131e-05,,,,,,,,,,,,1.8342569002796698e-05,3.36871151262131e-05,TE54,,,,TE54
e5520e5aabf0,ridge,"{""sidewall_angle"": 5.0, ""substrate_height"": 1000.0, ""topclad_height"": 800.0, ""substrate_material"": ""Al2O3"", ""topclad_material"": ""SiO2"", ""core_eq_o"": ""(1+2.8032/(1-0.015287/x**2)+0.36335/(1-0.036095/x**2)-33508000/(1+367200000/x**2))**0.5"", ""core_eq_e"": ""(1+0.017061/(1-0.043855/x**2)+3.1976/(1-0.022642/x**2)-57269000/(1-74226000/x**2))**0.5"", ""core_chi2"": ""AlN"", ""h_core"": 400.0, ""w_core"": 800.0}",screened,0,TM00,A,,TE75,0.9374523007531688,10,216.3521694055684,,2.12240264490442,2.12240264490442,,1.6451738304194327e-05,223119941.97084936,3.069748477162126e-05,,,,,,,,,,,,1.6451738304194327e-05,3.069748477162126e-05,TE75,,,,TE75
e5520e5aabf0,ridge,"{""sidewall_angle"": 5.0, ""substrate_height"": 1000.0, ""topclad_height"": 800.0, ""substrate_material"": ""Al2O3"", ""topclad_material"": ""SiO2"", ""core_eq_o"": ""(1+2.8032/(1-0.015287/x**2)+0.36335/(1-0.036095/x**2)-33508000/(1+367200000/x**2))**0.5"", ""core_eq_e"": ""(1+0.017061/(1-0.043855/x**2)+3.1976/(1-0.022642/x**2)-57269000/(1-74226000/x**2))**0.5"", ""core_chi2"": ""AlN"", ""h_core"": 400.0, ""w_core"": 800.0}",screened,4,TE10,A,,TE94,0.8492764219049214,36,225.21672871719127,,1.9896881255771053,1.9896881255771053,,1.599831362203347e-05,256995489.7492217,0.0010725969986736,,,,,,,,,,,,1.599831362203347e-05,0.0010725969986736,TE94,,,,TE94
e5520e5aabf0,ridge,"{""sidewall_angle"": 5.0, ""substrate_height"": 1000.0, ""topclad_height"": 800.0, ""substrate_material"": ""Al2O3"", ""topclad_material"": ""SiO2"", ""core_eq_o"": ""(1+2.8032/(1-0.015287/x**2)+0.36335/(1-0.036095/x**2)-33508000/(1+367200000/x**2))**0.5"", ""core_eq_e"": ""(1+0.017061/(1-0.043855/x**2)+3.1976/(1-0.022642/x**2)-57269000/(1-74226000/x**2))**0.5"", ""core_chi2"": ""AlN"", ""h_core"": 400.0, ""w_core"": 800.0}",screened,3,TE00,S,,TE14,0.9791408553156804,33,234.86757831402235,,2.034240171866603,2.034240171866603,,1.5906793889569955e-05,222392712.1709633,0.0014260277311622,,,,,,,,,,,,1.5906793889569955e-05,0.0014260277311622,TE14,,,,TE14
e5520e5aabf0,ridge,"{""sidewall_angle"": 5.0, ""substrate_height"": 1000.0, ""topclad_height"": 800.0, ""substrate_material"": ""Al2O3"", ""topclad_material"": ""SiO2"", ""core_eq_o"": ""(1+2.8032/(1-0.015287/x**2)+0.36335/(1-0.036095/x**2)-33508000/(1+367200000/x**2))**0.5"", ""core_eq_e"": ""(1+0.017061/(1-0.043855/x**2)+3.1976/(1-0.022642/x**2)-57269000/(1-74226000/x**2))**0.5"", ""core_chi2"": ""AlN"", ""h_core"": 400.0, ""w_core"": 800.0}",screened,4,TE10,A,,TE115,0.680348569089527,6,216.5589100047167,,2.005094894660137,2.005094894660137,,1.4540329222216356e-05,298830469.3130676,0.0005942319899714,,,,,,,,,,,,1.4540329222216356e-05,0.0005942319899714,TE115,,,,TE115
e5520e5aabf0,ridge,"{""sidewall_angle"": 5.0, ""substrate_height"": 1000.0, ""topclad_height"": 800.0, ""substrate_material"": ""Al2O3"", ""topclad_material"": ""SiO2"", ""core_eq_o"": ""(1+2.8032/(1-0.015287/x**2)+0.36335/(1-0.036095/x**2)-33508000/(1+367200000/x**2))**0.5"", ""core_eq_e"": ""(1+0.017061/(1-0.043855/x**2)+3.1976/(1-0.022642/x**2)-57269000/(1-74226000/x**2))**0.5"", ""core_chi2"": ""AlN"", ""h_core"": 400.0, ""w_core"": 800.0}",screened,4,TE10,A,,TE93,0.9268041224046104,1,220.0165177127292,,1.9988320139934768,1.9988320139934768,,1.3323905381511517e-05,318922398.0299789,0.0008150777171264,,,,,,,,,,,,1.3323905381511517e-05,0.0008150777171264,TE93,,,,TE93
e5520e5aabf0,ridge,"{""sidewall_angle"": 5.0, ""substrate_height"": 1000.0, ""topclad_height"": 800.0, ""substrate_material"": ""Al2O3"", ""topclad_material"": ""SiO2"", ""core_eq_o"": ""(1+2.8032/(1-0.015287/x**2)+0.36335/(1-0.036095/x**2)-33508000/(1+367200000/x**2))**0.5"", ""core_eq_e"": ""(1+0.017061/(1-0.043855/x**2)+3.1976/(1-0.022642/x**2)-57269000/(1-74226000/x**2))**0.5"", ""core_chi2"": ""AlN"", ""h_core"": 400.0, ""w_core"": 800.0}",screened,3,TE00,S,,TM104,0.1300074046920226,32,231.0023334081056,,2.038792567350722,2.038792567350722,,1.2761572320236942e-05,284642653.624291,0.0012601748152448,,,,,,,,,,,,1.2761572320236942e-05,0.0012601748152448,TM104,,,,TM104
e5520e5aabf0,ridge,"{""sidewall_angle"": 5.0, ""substrate_height"": 1000.0, ""topclad_height"": 800.0, ""substrate_material"": ""Al2O3"", ""topclad_material"": ""SiO2"", ""core_eq_o"": ""(1+2.8032/(1-0.015287/x**2)+0.36335/(1-0.036095/x**2)-33508000/(1+367200000/x**2))**0.5"", ""core_eq_e"": ""(1+0.017061/(1-0.043855/x**2)+3.1976/(1-0.022642/x**2)-57269000/(1-74226000/x**2))**0.5"", ""core_chi2"": ""AlN"", ""h_core"": 400.0, ""w_core"": 800.0}",screened,3,TE00,S,,TM102,0.1080949538985403,0,226.41708319195007,,2.044350030677475,2.044350030677475,,1.1360499451058536e-05,330121982.9388908,0.0011553084733473,,,,,,,,,,,,1.1360499451058536e-05,0.0011553084733473,TM102,,,,TM102
e5520e5aabf0,ridge,"{""sidewall_angle"": 5.0, ""substrate_height"": 1000.0, ""topclad_height"": 800.0, ""substrate_material"": ""Al2O3"", ""topclad_material"": ""SiO2"", ""core_eq_o"": ""(1+2.8032/(1-0.015287/x**2)+0.36335/(1-0.036095/x**2)-33508000/(1+367200000/x**2))**0.5"", ""core_eq_e"": ""(1+0.017061/(1-0.043855/x**2)+3.1976/(1-0.022642/x**2)-57269000/(1-74226000/x**2))**0.5"", ""core_chi2"": ""AlN"", ""h_core"": 400.0, ""w_core"": 800.0}",screened,3,TE00,S,,TM83,0.2336815917176339,37,233.4491340466566,,2.0359107825095006,2.0359107825095006,,1.113895412894454e-05,320664473.20956326,0.0011612737857976,,,,,,,,,,,,1.113895412894454e-05,0.0011612737857976,TM83,,,,TM83
e5520e5aabf0,ridge,"{""sidewall_angle"": 5.0, ""substrate_height"": 1000.0, ""topclad_height"": 800.0, ""substrate_material"": ""Al2O3"", ""topclad_material"": ""SiO2"", ""core_eq_o"": ""(1+2.8032/(1-0.015287/x**2)+0.36335/(1-0.036095/x**2)-33508000/(1+367200000/x**2))**0.5"", ""core_eq_e"": ""(1+0.017061/(1-0.043855/x**2)+3.1976/(1-0.022642/x**2)-57269000/(1-74226000/x**2))**0.5"", ""core_chi2"": ""AlN"", ""h_core"": 400.0, ""w_core"": 800.0}",screened,4,TE10,A,,TE75,0.967279136496693,32,224.52525364080265,,1.9908959734658755,1.9908959734658755,,1.0011889725459751e-05,412442936.7406426,0.000865101993719,,,,,,,,,,,,1.0011889725459751e-05,0.000865101993719,TE75,,,,TE75
e5520e5aabf0,ridge,"{""sidewall_angle"": 5.0, ""substrate_height"": 1000.0, ""topclad_height"": 800.0, ""substrate_material"": ""Al2O3"", ""topclad_material"": ""SiO2"", ""core_eq_o"": ""(1+2.8032/(1-0.015287/x**2)+0.36335/(1-0.036095/x**2)-33508000/(1+367200000/x**2))**0.5"", ""core_eq_e"": ""(1+0.017061/(1-0.043855/x**2)+3.1976/(1-0.022642/x**2)-57269000/(1-74226000/x**2))**0.5"", ""core_chi2"": ""AlN"", ""h_core"": 400.0, ""w_core"": 800.0}",screened,1,TM10,S,,TE75,0.9548025374685069,9,219.3967591982849,,2.0712343197799643,2.0712343197799643,,8.601501143662695e-06,446512535.1397832,2.233747078469208e-05,,,,,,,,,,,,8.601501143662695e-06,2.233747078469208e-05,TE75,,,,TE75
e5520e5aabf0,ridge,"{""sidewall_angle"": 5.0, ""substrate_height"": 1000.0, ""topclad_height"": 800.0, ""substrate_material"": ""Al2O3"", ""topclad_material"": ""SiO2"", ""core_eq_o"": ""(1+2.8032/(1-0.015287/x**2)+0.36335/(1-0.036095/x**2)-33508000/(1+367200000/x**2))**0.5"", ""core_eq_e"": ""(1+0.017061/(1-0.043855/x**2)+3.1976/(1-0.022642/x**2)-57269000/(1-74226000/x**2))**0.5"", ""core_chi2"": ""AlN"", ""h_core"": 400.0, ""w_core"": 800.0}",screened,3,TE00,S,,TM124,0.0652516147041575,16,215.64281417639825,,2.0582112329656663,2.0582112329656663,,7.848719648764122e-06,516199278.9535667,0.0009191343797203,,,,,,,,,,,,7.848719648764122e-06,0.0009191343797203,TM124,,,,TM124
e5520e5aabf0,ridge,"{""sidewall_angle"": 5.0, ""substrate_height"": 1000.0, ""topclad_height"": 800.0, ""substrate_material"": ""Al2O3"", ""topclad_material"": ""SiO2"", ""core_eq_o"": ""(1+2.8032/(1-0.015287/x**2)+0.36335/(1-0.036095/x**2)-33508000/(1+367200000/x**2))**0.5"", ""core_eq_e"": ""(1+0.017061/(1-0.043855/x**2)+3.1976/(1-0.022642/x**2)-57269000/(1-74226000/x**2))**0.5"", ""core_chi2"": ""AlN"", ""h_core"": 400.0, ""w_core"": 800.0}",screened,4,TE10,A,,TE74,0.9556929217523338,47,234.28158242500191,,1.974276734724904,1.974276734724904,,5.88852884437909e-06,660463522.7886863,0.0007673423254299,,,,,,,,,,,,5.88852884437909e-06,0.0007673423254299,TE74,,,,TE74
e5520e5aabf0,ridge,"{""sidewall_angle"": 5.0, ""substrate_height"": 1000.0, ""topclad_height"": 800.0, ""substrate_material"": ""Al2O3"", ""topclad_material"": ""SiO2"", ""core_eq_o"": ""(1+2.8032/(1-0.015287/x**2)+0.36335/(1-0.036095/x**2)-33508000/(1+367200000/x**2))**0.5"", ""core_eq_e"": ""(1+0.017061/(1-0.043855/x**2)+3.1976/(1-0.022642/x**2)-57269000/(1-74226000/x**2))**0.5"", ""core_chi2"": ""AlN"", ""h_core"": 400.0, ""w_core"": 800.0}",screened,2,TM20,A,,TM124,0.3530156231692086,4,217.7148721482771,,1.995197235646799,1.995197235646799,,5.17184656698658e-06,843677942.8729019,1.6424592359734652e-05,,,,,,,,,,,,5.17184656698658e-06,1.6424592359734652e-05,TM124,,,,TM124
e5520e5aabf0,ridge,"{""sidewall_angle"": 5.0, ""substrate_height"": 1000.0, ""topclad_height"": 800.0, ""substrate_material"": ""Al2O3"", ""topclad_material"": ""SiO2"", ""core_eq_o"": ""(1+2.8032/(1-0.015287/x**2)+0.36335/(1-0.036095/x**2)-33508000/(1+367200000/x**2))**0.5"", ""core_eq_e"": ""(1+0.017061/(1-0.043855/x**2)+3.1976/(1-0.022642/x**2)-57269000/(1-74226000/x**2))**0.5"", ""core_chi2"": ""AlN"", ""h_core"": 400.0, ""w_core"": 800.0}",screened,4,TE10,A,,TM66,0.1769954340184101,9,215.20438127786744,,2.007548730725206,2.007548730725206,,3.839575814652225e-06,1141753288.413901,0.0003168518003018,,,,,,,,,,,,3.839575814652225e-06,0.0003168518003018,TM66,,,,TM66
e5520e5aabf0,ridge,"{""sidewall_angle"": 5.0, ""substrate_height"": 1000.0, ""topclad_height"": 800.0, ""substrate_material"": ""Al2O3"", ""topclad_material"": ""SiO2"", ""core_eq_o"": ""(1+2.8032/(1-0.015287/x**2)+0.36335/(1-0.036095/x**2)-33508000/(1+367200000/x**2))**0.5"", ""core_eq_e"": ""(1+0.017061/(1-0.043855/x**2)+3.1976/(1-0.022642/x**2)-57269000/(1-74226000/x**2))**0.5"", ""core_chi2"": ""AlN"", ""h_core"": 400.0, ""w_core"": 800.0}",screened,4,TE10,A,,TE95,0.9770900773988532,0,220.25898722540725,,1.9984052318731624,1.9984052318731624,,3.8260461498522e-06,1108888475.4468334,0.0004461198035299,,,,,,,,,,,,3.8260461498522e-06,0.0004461198035299,TE95,,,,TE95
e5520e5aabf0,ridge,"{""sidewall_angle"": 5.0, ""substrate_height"": 1000.0, ""topclad_height"": 800.0, ""substrate_material"": ""Al2O3"", ""topclad_material"": ""SiO2"", ""core_eq_o"": ""(1+2.8032/(1-0.015287/x**2)+0.36335/(1-0.036095/x**2)-33508000/(1+367200000/x**2))**0.5"", ""core_eq_e"": ""(1+0.017061/(1-0.043855/x**2)+3.1976/(1-0.022642/x**2)-57269000/(1-74226000/x**2))**0.5"", ""core_chi2"": ""AlN"", ""h_core"": 400.0, ""w_core"": 800.0}",screened,3,TE00,S,,TE74,0.8040657737081722,35,231.967632770624,,2.0376556602295137,2.0376556602295137,,3.269022165234483e-06,1103801530.9307458,0.0006351464501716,,,,,,,,,,,,3.269022165234483e-06,0.0006351464501716,TE74,,,,TE74
e5520e5aabf0,ridge,"{""sidewall_angle"": 5.0, ""substrate_height"": 1000.0, ""topclad_height"": 800.0, ""substrate_material"": ""Al2O3"", ""topclad_material"": ""SiO2"", ""core_eq_o"": ""(1+2.8032/(1-0.015287/x**2)+0.36335/(1-0.036095/x**2)-33508000/(1+367200000/x**2))**0.5"", ""core_eq_e"": ""(1+0.017061/(1-0.043855/x**2)+3.1976/(1-0.022642/x**2)-57269000/(1-74226000/x**2))**0.5"", ""core_chi2"": ""AlN"", ""h_core"": 400.0, ""w_core"": 800.0}",screened,3,TE00,S,,TM104,0.1303246255473954,15,216.40769661078053,,2.0571971771330664,2.0571971771330664,,3.16295403576356e-06,1273766958.5762906,0.0005915431241588,,,,,,,,,,,,3.16295403576356e-06,0.0005915431241588,TM104,,,,TM104
e5520e5aabf0,ridge,"{""sidewall_angle"": 5.0, ""substrate_height"": 1000.0, ""topclad_height"": 800.0, ""substrate_material"": ""Al2O3"", ""topclad_material"": ""SiO2"", ""core_eq_o"": ""(1+2.8032/(1-0.015287/x**2)+0.36335/(1-0.036095/x**2)-33508000/(1+367200000/x**2))**0.5"", ""core_eq_e"": ""(1+0.017061/(1-0.043855/x**2)+3.1976/(1-0.022642/x**2)-57269000/(1-74226000/x**2))**0.5"", ""core_chi2"": ""AlN"", ""h_core"": 400.0, ""w_core"": 800.0}",screened,3,TE00,S,,TE74,0.7075306845835894,10,220.01559751131603,,2.0524148004781155,2.0524148004781155,,2.1506258097771736e-06,1825109042.1285331,0.0004930369777367,,,,,,,,,,,,2.1506258097771736e-06,0.0004930369777367,TE74,,,,TE74
e5520e5aabf0,ridge,"{""sidewall_angle"": 5.0, ""substrate_height"": 1000.0, ""topclad_height"": 800.0, ""substrate_material"": ""Al2O3"", ""topclad_material"": ""SiO2"", ""core_eq_o"": ""(1+2.8032/(1-0.015287/x**2)+0.36335/(1-0.036095/x**2)-33508000/(1+367200000/x**2))**0.5"", ""core_eq_e"": ""(1+0.017061/(1-0.043855/x**2)+3.1976/(1-0.022642/x**2)-57269000/(1-74226000/x**2))**0.5"", ""core_chi2"": ""AlN"", ""h_core"": 400.0, ""w_core"": 800.0}",screened,3,TE00,S,,TE75,0.5994410569912777,8,220.73685502120952,,2.051498304049675,2.051498304049675,,1.8281690403250212e-06,2135878214.8465345,0.0004581709694789,,,,,,,,,,,,1.8281690403250212e-06,0.0004581709694789,TE75,,,,TE75
e5520e5aabf0,ridge,"{""sidewall_angle"": 5.0, ""substrate_height"": 1000.0, ""topclad_height"": 800.0, ""substrate_material"": ""Al2O3"", ""topclad_material"": ""SiO2"", ""core_eq_o"": ""(1+2.8032/(1-0.015287/x**2)+0.36335/(1-0.036095/x**2)-33508000/(1+367200000/x**2))**0.5"", ""core_eq_e"": ""(1+0.017061/(1-0.043855/x**2)+3.1976/(1-0.022642/x**2)-57269000/(1-74226000/x**2))**0.5"", ""core_chi2"": ""AlN"", ""h_core"": 400.0, ""w_core"": 800.0}",screened,3,TE00,S,,TE75,0.8739274874457023,9,220.5444846883548,,2.051742747567532,2.051742747567532,,1.528007635897219e-06,2558994636.200488,0.0004236456184162,,,,,,,,,,,,1.528007635897219e-06,0.0004236456184162,TE75,,,,TE75
e5520e5aabf0,ridge,"{""sidewall_angle"": 5.0, ""substrate_height"": 1000.0, ""topclad_height"": 800.0, ""substrate_material"": ""Al2O3"", ""topclad_material"": ""SiO2"", ""core_eq_o"": ""(1+2.8032/(1-0.015287/x**2)+0.36335/(1-0.036095/x**2)-33508000/(1+367200000/x**2))**0.5"", ""core_eq_e"": ""(1+0.017061/(1-0.043855/x**2)+3.1976/(1-0.022642/x**2)-57269000/(1-74226000/x**2))**0.5"", ""core_chi2"": ""AlN"", ""h_core"": 400.0, ""w_core"": 800.0}",screened,3,TE00,S,,TE54,0.9889019291587868,31,228.29357840713345,,2.042057679404496,2.042057679404496,,1.3538642436163383e-06,2733943278.517052,0.0004066909928277,,,,,,,,,,,,1.3538642436163383e-06,0.0004066909928277,TE54,,,,TE54
e5520e5aabf0,ridge,"{""sidewall_angle"": 5.0, ""substrate_height"": 1000.0, ""topclad_height"": 800.0, ""substrate_material"": ""Al2O3"", ""topclad_material"": ""SiO2"", ""core_eq_o"": ""(1+2.8032/(1-0.015287/x**2)+0.36335/(1-0.036095/x**2)-33508000/(1+367200000/x**2))**0.5"", ""core_eq_e"": ""(1+0.017061/(1-0.043855/x**2)+3.1976/(1-0.022642/x**2)-57269000/(1-74226000/x**2))**0.5"", ""core_chi2"": ""AlN"", ""h_core"": 400.0, ""w_core"": 800.0}",screened,3,TE00,S,,TE73,0.9548442252963604,30,228.7172653155849,,2.0415400978961205,2.0415400978961205,,1.1042982361802445e-06,3341935035.1920824,0.0003624934641071,,,,,,,,,,,,1.1042982361802445e-06,0.0003624934641071,TE73,,,,TE73
e5520e5aabf0,ridge,"{""sidewall_angle"": 5.0, ""substrate_height"": 1000.0, ""topclad_height"": 800.0, ""substrate_material"": ""Al2O3"", ""topclad_material"": ""SiO2"", ""core_eq_o"": ""(1+2.8032/(1-0.015287/x**2)+0.36335/(1-0.036095/x**2)-33508000/(1+367200000/x**2))**0.5"", ""core_eq_e"": ""(1+0.017061/(1-0.043855/x**2)+3.1976/(1-0.022642/x**2)-57269000/(1-74226000/x**2))**0.5"", ""core_chi2"": ""AlN"", ""h_core"": 400.0, ""w_core"": 800.0}",screened,3,TE00,S,,TM05,0.0038614030705435,1,225.55715877897228,,2.045400525667713,2.045400525667713,,1.082962665609235e-06,3484128938.9553337,0.0003731422713727,,,,,,,,,,,,1.082962665609235e-06,0.0003731422713727,TM05,,,,TM05
e5520e5aabf0,ridge,"{""sidewall_angle"": 5.0, ""substrate_height"": 1000.0, ""topclad_height"": 800.0, ""substrate_material"": ""Al2O3"", ""topclad_material"": ""SiO2"", ""core_eq_o"": ""(1+2.8032/(1-0.015287/x**2)+0.36335/(1-0.036095/x**2)-33508000/(1+367200000/x**2))**0.5"", ""core_eq_e"": ""(1+0.017061/(1-0.043855/x**2)+3.1976/(1-0.022642/x**2)-57269000/(1-74226000/x**2))**0.5"", ""core_chi2"": ""AlN"", ""h_core"": 400.0, ""w_core"": 800.0}",screened,3,TE00,S,,TE93,0.9053186644644652,6,221.572973312601,,2.0504358549003725,2.0504358549003725,,9.863683655699207e-07,3935000166.6833897,0.0003362724605003,,,,,,,,,,,,9.863683655699207e-07,0.0003362724605003,TE93,,,,TE93
e5520e5aabf0,ridge,"{""sidewall_angle"": 5.0, ""substrate_height"": 1000.0, ""topclad_height"": 800.0, ""substrate_material"": ""Al2O3"", ""topclad_material"": ""SiO2"", ""core_eq_o"": ""(1+2.8032/(1-0.015287/x**2)+0.36335/(1-0.036095/x**2)-33508000/(1+367200000/x**2))**0.5"", ""core_eq_e"": ""(1+0.017061/(1-0.043855/x**2)+3.1976/(1-0.022642/x**2)-57269000/(1-74226000/x**2))**0.5"", ""core_chi2"": ""AlN"", ""h_core"": 400.0, ""w_core"": 800.0}",screened,3,TE00,S,,TE74,0.819287874522967,7,221.42731239856792,,2.0506209451152317,2.0506209451152317,,9.451686737996876e-07,4110817157.753748,0.0003306195255332,,,,,,,,,,,,9.451686737996876e-07,0.0003306195255332,TE74,,,,TE74
e5520e5aabf0,ridge,"{""sidewall_angle"": 5.0, ""substrate_height"": 1000.0, ""topclad_height"": 800.0, ""substrate_material"": ""Al2O3"", ""topclad_material"": ""SiO2"", ""core_eq_o"": ""(1+2.8032/(1-0.015287/x**2)+0.36335/(1-0.036095/x**2)-33508000/(1+367200000/x**2))**0.5"", ""core_eq_e"": ""(1+0.017061/(1-0.043855/x**2)+3.1976/(1-0.022642/x**2)-57269000/(1-74226000/x**2))**0.5"", ""core_chi2"": ""AlN"", ""h_core"": 400.0, ""w_core"": 800.0}",screened,3,TE00,S,,TE91,0.9184373301336266,2,225.21548703372056,,2.0458179163723798,2.0458179163723798,,7.533297521839839e-07,5020806313.057213,0.0002973392672456,,,,,,,,,,,,7.533297521839839e-07,0.0002973392672456,TE91,,,,TE91
e5520e5aabf0,ridge,"{""sidewall_angle"": 5.0, ""substrate_height"": 1000.0, ""topclad_height"": 800.0, ""substrate_material"": ""Al2O3"", ""topclad_material"": ""SiO2"", ""core_eq_o"": ""(1+2.8032/(1-0.015287/x**2)+0.36335/(1-0.036095/x**2)-33508000/(1+367200000/x**2))**0.5"", ""core_eq_e"": ""(1+0.017061/(1-0.043855/x**2)+3.1976/(1-0.022642/x**2)-57269000/(1-74226000/x**2))**0.5"", ""core_chi2"": ""AlN"", ""h_core"": 400.0, ""w_core"": 800.0}",screened,3,TE00,S,,TM124,0.2022064661547586,17,215.29321781975585,,2.0586747162522125,2.0586747162522125,,5.116168589767905e-07,7939392763.075769,0.0002354751424458,,,,,,,,,,,,5.116168589767905e-07,0.0002354751424458,TM124,,,,TM124
e5520e5aabf0,ridge,"{""sidewall_angle"": 5.0, ""substrate_height"": 1000.0, ""topclad_height"": 800.0, ""substrate_material"": ""Al2O3"", ""topclad_material"": ""SiO2"", ""core_eq_o"": ""(1+2.8032/(1-0.015287/x**2)+0.36335/(1-0.036095/x**2)-33508000/(1+367200000/x**2))**0.5"", ""core_eq_e"": ""(1+0.017061/(1-0.043855/x**2)+3.1976/(1-0.022642/x**2)-57269000/(1-74226000/x**2))**0.5"", ""core_chi2"": ""AlN"", ""h_core"": 400.0, ""w_core"": 800.0}",screened,3,TE00,S,,TE95,0.9723744519816548,13,217.1560952483744,,2.056204974973038,2.056204974973038,,4.697572658012843e-07,8529807958.354181,0.0002307087138303,,,,,,,,,,,,4.697572658012843e-07,0.0002307087138303,TE95,,,,TE95
e5520e5aabf0,ridge,"{""sidewall_angle"": 5.0, ""substrate_height"": 1000.0, ""topclad_height"": 800.0, ""substrate_material"": ""Al2O3"", ""topclad_material"": ""SiO2"", ""core_eq_o"": ""(1+2.8032/(1-0.015287/x**2)+0.36335/(1-0.036095/x**2)-33508000/(1+367200000/x**2))**0.5"", ""core_eq_e"": ""(1+0.017061/(1-0.043855/x**2)+3.1976/(1-0.022642/x**2)-57269000/(1-74226000/x**2))**0.5"", ""core_chi2"": ""AlN"", ""h_core"": 400.0, ""w_core"": 800.0}",screened,3,TE00,S,,TM84,0.07568763801241,3,224.4481277650918,,2.046782418019955,2.046782418019955,,4.506290571877062e-07,8438977415.78673,0.0002295252106468,,,,,,,,,,,,4.506290571877062e-07,0.0002295252106468,TM84,,,,TM84
e5520e5aabf0,ridge,"{""sidewall_angle"": 5.0, ""substrate_height"": 1000.0, ""topclad_height"": 800.0, ""substrate_material"": ""Al2O3"", ""topclad_material"": ""SiO2"", ""core_eq_o"": ""(1+2.8032/(1-0.015287/x**2)+0.36335/(1-0.036095/x**2)-33508000/(1+367200000/x**2))**0.5"", ""core_eq_e"": ""(1+0.017061/(1-0.043855/x**2)+3.1976/(1-0.022642/x**2)-57269000/(1-74226000/x**2))**0.5"", ""core_chi2"": ""AlN"", ""h_core"": 400.0, ""w_core"": 800.0}",screened,1,TM10,S,,TM124,0.4988790051474043,8,219.71278959936868,,2.070688782782447,2.070688782782447,,4.344047278146798e-07,8822797509.769424,4.925277318791811e-06,,,,,,,,,,,,4.344047278146798e-07,4.925277318791811e-06,TM124,,,,TM124
e5520e5aabf0,ridge,"{""sidewall_angle"": 5.0, ""substrate_height"": 1000.0, ""topclad_height"": 800.0, ""substrate_material"": ""Al2O3"", ""topclad_material"": ""SiO2"", ""core_eq_o"": ""(1+2.8032/(1-0.015287/x**2)+0.36335/(1-0.036095/x**2)-33508000/(1+367200000/x**2))**0.5"", ""core_eq_e"": ""(1+0.017061/(1-0.043855/x**2)+3.1976/(1-0.022642/x**2)-57269000/(1-74226000/x**2))**0.5"", ""core_chi2"": ""AlN"", ""h_core"": 400.0, ""w_core"": 800.0}",screened,3,TE00,S,,TM85,0.0842859795239176,4,223.1148030052032,,2.048476663644614,2.048476663644614,,3.7922476937870633e-07,10123006017.290648,0.0002139983844081,,,,,,,,,,,,3.7922476937870633e-07,0.0002139983844081,TM85,,,,TM85
e5520e5aabf0,ridge,"{""sidewall_angle"": 5.0, ""substrate_height"": 1000.0, ""topclad_height"": 800.0, ""substrate_material"": ""Al2O3"", ""topclad_material"": ""SiO2"", ""core_eq_o"": ""(1+2.8032/(1-0.015287/x**2)+0.36335/(1-0.036095/x**2)-33508000/(1+367200000/x**2))**0.5"", ""core_eq_e"": ""(1+0.017061/(1-0.043855/x**2)+3.1976/(1-0.022642/x**2)-57269000/(1-74226000/x**2))**0.5"", ""core_chi2"": ""AlN"", ""h_core"": 400.0, ""w_core"": 800.0}",screened,3,TE00,S,,TM85,0.0898619728148609,5,222.6685865321192,,2.049043667520876,2.049043667520876,,2.039339096947724e-07,18884045262.82924,0.0001553890160575,,,,,,,,,,,,2.039339096947724e-07,0.0001553890160575,TM85,,,,TM85
e5520e5aabf0,ridge,"{""sidewall_angle"": 5.0, ""substrate_height"": 1000.0, ""topclad_height"": 800.0, ""substrate_material"": ""Al2O3"", ""topclad_material"": ""SiO2"", ""core_eq_o"": ""(1+2.8032/(1-0.015287/x**2)+0.36335/(1-0.036095/x**2)-33508000/(1+367200000/x**2))**0.5"", ""core_eq_e"": ""(1+0.017061/(1-0.043855/x**2)+3.1976/(1-0.022642/x**2)-57269000/(1-74226000/x**2))**0.5"", ""core_chi2"": ""AlN"", ""h_core"": 400.0, ""w_core"": 800.0}",screened,0,TM00,A,,TE75,0.984895040358577,9,216.59521085075687,,2.122081444992792,2.122081444992792,,1.837514698561936e-07,19940744042.29298,3.272990845962049e-06,,,,,,,,,,,,1.837514698561936e-07,3.272990845962049e-06,TE75,,,,TE75
e5520e5aabf0,ridge,"{""sidewall_angle"": 5.0, ""substrate_height"": 1000.0, ""topclad_height"": 800.0, ""substrate_material"": ""Al2O3"", ""topclad_material"": ""SiO2"", ""core_eq_o"": ""(1+2.8032/(1-0.015287/x**2)+0.36335/(1-0.036095/x**2)-33508000/(1+367200000/x**2))**0.5"", ""core_eq_e"": ""(1+0.017061/(1-0.043855/x**2)+3.1976/(1-0.022642/x**2)-57269000/(1-74226000/x**2))**0.5"", ""core_chi2"": ""AlN"", ""h_core"": 400.0, ""w_core"": 800.0}",screened,4,TE10,A,,TM85,0.0823856636298828,30,221.6665912856149,,1.995927641025788,1.995927641025788,,1.640838663391938e-07,25624492899.315067,9.354589738220652e-05,,,,,,,,,,,,1.640838663391938e-07,9.354589738220652e-05,TM85,,,,TM85
e5520e5aabf0,ridge,"{""sidewall_angle"": 5.0, ""substrate_height"": 1000.0, ""topclad_height"": 800.0, ""substrate_material"": ""Al2O3"", ""topclad_material"": ""SiO2"", ""core_eq_o"": ""(1+2.8032/(1-0.015287/x**2)+0.36335/(1-0.036095/x**2)-33508000/(1+367200000/x**2))**0.5"", ""core_eq_e"": ""(1+0.017061/(1-0.043855/x**2)+3.1976/(1-0.022642/x**2)-57269000/(1-74226000/x**2))**0.5"", ""core_chi2"": ""AlN"", ""h_core"": 400.0, ""w_core"": 800.0}",screened,3,TE00,S,,TM85,0.0740891344004965,11,218.7465700795884,,2.0540963760476374,2.0540963760476374,,8.887240616649693e-08,44570153751.89938,0.0001018079838026,,,,,,,,,,,,8.887240616649693e-08,0.0001018079838026,TM85,,,,TM85
e5520e5aabf0,ridge,"{""sidewall_angle"": 5.0, ""substrate_height"": 1000.0, ""topclad_height"": 800.0, ""substrate_material"": ""Al2O3"", ""topclad_material"": ""SiO2"", ""core_eq_o"": ""(1+2.8032/(1-0.015287/x**2)+0.36335/(1-0.036095/x**2)-33508000/(1+367200000/x**2))**0.5"", ""core_eq_e"": ""(1+0.017061/(1-0.043855/x**2)+3.1976/(1-0.022642/x**2)-57269000/(1-74226000/x**2))**0.5"", ""core_chi2"": ""AlN"", ""h_core"": 400.0, ""w_core"": 800.0}",screened,3,TE00,S,,TE95,0.9239896898798992,14,217.0894373272439,,2.0562933478401253,2.0562933478401253,,8.077948388330478e-08,49627494781.50964,9.527089659334108e-05,,,,,,,,,,,,8.077948388330478e-08,9.527089659334108e-05,TE95,,,,TE95
e5520e5aabf0,ridge,"{""sidewall_angle"": 5.0, ""substrate_height"": 1000.0, ""topclad_height"": 800.0, ""substrate_material"": ""Al2O3"", ""topclad_material"": ""SiO2"", ""core_eq_o"": ""(1+2.8032/(1-0.015287/x**2)+0.36335/(1-0.036095/x**2)-33508000/(1+367200000/x**2))**0.5"", ""core_eq_e"": ""(1+0.017061/(1-0.043855/x**2)+3.1976/(1-0.022642/x**2)-57269000/(1-74226000/x**2))**0.5"", ""core_chi2"": ""AlN"", ""h_core"": 400.0, ""w_core"": 800.0}",screened,0,TM00,A,,TE14,0.9871404888064012,33,227.99761721088973,,2.1078537411728964,2.1078537411728964,,1.4366168934765437e-08,234872959270.04044,9.720223527834957e-07,,,,,,,,,,,,1.4366168934765437e-08,9.720223527834957e-07,TE14,,,,TE14
